,Ck,Ca,Ke,Ge
decay,-4.823009756039872,1.9415050895317958,603354.79571515,4.405847575579916
intensification,-4.0124272578044335,1.771855038764797,516856.47624119325,1.709169392945412
