,Az,Ae,Kz,Ke,Cz,Ca,Ck,Ce,BAz,BAe,BKz,BKe,BΦZ,BΦE,Gz,Ge,∂Az/∂t (finite diff.),∂Ae/∂t (finite diff.),∂Kz/∂t (finite diff.),∂Ke/∂t (finite diff.),RGz,RKz,RGe,RKe
incipient,200845.07097381982,140496.49702515465,1343695.2550205314,316463.9454812571,-2.2625001985934188,-0.37444256271211507,6.015970035666189,3.3307260965014844,6.462256194064964,4.708417942416058,26.752745090349773,6.481096495562445,-36.00443612209875,26.36100299311006,-0.08259183805284845,-1.2251598034271989,4.380603730073611,0.1436391324874825,6.619942841733832,-5.742035060426101,-4.7185952252968875,-23.88627208568871,-0.8596101507149756,-9.537887616823841
intensification,304365.6126550991,112472.55612133916,1648044.1764631197,176900.46016564436,-0.30206631695621006,-0.2670057637578185,0.725256868040728,1.0543339282613644,7.010462935758157,0.31426791784833924,29.59553465881948,4.256359314452857,-100.05203543913805,-56.90001052137295,-0.6634247348931871,0.4659647790431712,0.7441142995638031,-0.4618511563266359,5.719581398188841,-1.8650802074441002,-6.83542071690838,-24.299143811715158,0.5452206178442076,-6.4505165821175945
mature,304771.3683406536,116083.88694276917,1859295.8777604576,109792.0966794385,0.12274951711437959,-0.20243389954943317,-0.04603570752442663,-1.2464652311336273,4.514011108054017,-1.7293360878180142,25.735891885341008,2.9249683812617846,-138.41034022629972,-98.12671056110356,-0.42828919136563154,-0.2648314661421412,-0.289442978143835,0.6601843196040421,4.27555103981087,-0.6017778092557017,-4.883138468632905,-21.53705465512009,1.3454890758378621,-2.3263166669082858
decay,284735.26107288426,165753.67905798202,2060877.80864338,148444.56631431644,-1.2857490629657158,-0.15247487958689387,-0.28271506139172276,0.29108867514309517,0.9519751067033988,-0.485118034183756,39.2776183100692,0.5181704304708293,-118.03465020739003,-64.67952420090036,-0.7376809291150704,0.3880519458617098,-0.11942637047189326,0.3799112833085352,3.7164659372650957,0.7810132204491151,-2.5096254197279015,-33.99268824844666,1.3085928722222802,-0.3109609465565321
