,Az,Ae,Kz,Ke,Cz,Ca,Ck,Ce,BAz,BAe,BKz,BKe,BΦZ,BΦE,Gz,Ge,∂Az/∂t (finite diff.),∂Ae/∂t (finite diff.),∂Kz/∂t (finite diff.),∂Ke/∂t (finite diff.),RGz,RKz,RGe,RKe
incipient,241457.4084793459,103229.93641326058,1386753.699770295,136486.17607415127,0.43319687982104976,-0.30962796552587646,-1.177308223583628,0.785138084216887,-2.1768671554619323,1.92472007490168,2.845096576981391,0.06570571672997574,108.7534035960258,98.35283037372336,1.3971766405455193,0.596811327511658,1.4762875241283158,0.3853723328944254,10.255616888843834,0.6210067300628785,3.7767235938854213,8.154631655625021,-0.4445816922644912,-1.4071452944676122
intensification,430808.54413860734,120932.34889940984,1753445.8389553982,206898.2762731217,2.505229426852406,0.5662545865446275,-3.4520609773353548,2.9726468370258403,2.4625852744852903,-1.4068119960339638,-24.54502874596563,0.17106831471960765,118.25808627037263,125.32409091402012,1.0733211883707068,2.2231297942196546,0.4017445067727793,0.009787769994296711,-1.1605007451429423,0.26698643856936055,1.0106432456845222,24.33135955130564,3.822992016509473,-6.328789690511443
mature,278588.0944791234,102213.61589724965,1399861.2067163999,253006.33822233963,-5.151836742523855,0.9404887885729986,0.7097354894582116,2.948023463878862,-3.003622283161735,0.08779556887769097,-3.615460549482921,2.736342875000469,83.73009595159232,100.793323349702,-1.6617150472340103,0.20622189640025326,-3.0680887638333187,-0.7518850351361825,-2.6297149576720353,-1.053064917547766,-4.275814434622442,5.42784684487653,1.1678540712919896,-6.027695766968885
decay,376372.1793417232,43033.48853063167,1696722.7845896997,114918.58989679081,2.0384463137096045,0.16084856338600495,-0.7480494730011714,-0.48125750925795036,4.627446588250834,-0.6070417208134725,1.048888257698591,1.3721065998376056,4.236176291982516,-62.334686218918044,-0.12286841418002181,0.1473460517668204,1.5561033322736875,0.4847688959810555,3.222606265587394,0.9665926836277895,-0.8720483788815371,0.8833211671803725,0.44970454415057276,-0.6723058799530374
