,Az,Ae,Kz,Ke,Cz,Ca,Ck,Ce,BAz,BAe,BKz,BKe,BΦZ,BΦE,Gz,Ge,∂Az/∂t (finite diff.),∂Ae/∂t (finite diff.),∂Kz/∂t (finite diff.),∂Ke/∂t (finite diff.),RGz,RKz,RGe,RKe
intensification,651040.1079866784,206683.06901092874,3271716.1071502925,232427.43768606582,3.5464082888044555,0.7768184641263663,4.763485343119291,3.879710717438448,10.151185998747033,1.7400172701055,-33.755819450244424,-1.7816630562713927,149.32148772201438,163.5126698589111,2.6709780101370435,1.9261227970790173,3.3436365419773604,2.185651104295586,-5.245938859729838,0.9242693886319313,-2.4843227038388522,20.199986958590838,3.548526087502168,3.589707070584167
decay,684781.2073216041,274151.8656746322,3570104.852082038,308773.930385257,-0.02491873817140879,2.0805483487769783,0.48809283676092763,10.209938736329141,13.372645163579806,-3.16497428369112,-44.546008068835945,-0.6323792363802282,196.61560847952578,188.34198994919217,-1.7911956982138768,5.731521805010163,1.3116677573576077,1.617904410833413,20.363091667188336,0.564952236568444,-10.00534779561663,64.44592563743475,12.912269082076696,-8.52451442661954
