,Az,Ae,Kz,Ke,Cz,Ca,Ck,Ce,BAz,BAe,BKz,BKe,BΦZ,BΦE,Gz,Ge,∂Az/∂t (finite diff.),∂Ae/∂t (finite diff.),∂Kz/∂t (finite diff.),∂Ke/∂t (finite diff.),RGz,RKz,RGe,RKe
incipient,194813.91366141208,68405.56230141515,576578.244749029,152673.0036901626,-1.1390010089763545,0.6083250888820606,-2.024410336176036,3.781358576687444,1.4916871878287148,0.13583262862474346,-1.1187546057368527,1.0281466000930901,-7.20299741833808,-4.269463398836191,0.9022475710383978,2.3019581432589353,1.2416227212811222,0.7786784460391445,-0.0758452394348857,0.7762493353434499,-0.7807403866418872,4.206320711454357,3.8158793052197844,-6.057666177613119
intensification,162917.51980211682,78267.46649773112,628543.453640723,195154.34204433483,-1.4017013840916126,0.4721119863581763,-1.146982848846674,2.8453027490672693,1.0461652354548632,-0.15693954340621138,-2.559262314586715,2.159230979462642,9.707801393670445,11.1881744043034,-0.9017042833733515,1.7718636781627142,-0.4546063471622041,0.0700666206101398,1.5520552359675424,0.9070438735483511,-2.4303609803505037,6.660001783492545,2.6001969267254443,-5.244472703828234
mature,158983.73618947063,72617.52580341717,768943.4522445463,250227.0689646766,-1.2953124026198863,0.636719108271548,-0.6656434853417471,3.6186554985307273,1.9542884848458657,-1.1369056571834846,-4.841758432096695,2.772937912407267,20.022137930241513,15.688320802226634,-0.8161841400129843,2.2531931768373896,0.10573859116490189,-0.4030841886210449,3.9120626144524273,0.44741943168013476,-2.5071431880293025,10.714776934510757,3.715757858821619,-6.609817464599606
decay,143163.21221927152,75790.9095483606,842527.2672276393,253734.6063464432,-0.1047088880497521,0.7292475853944429,-1.0192570935985124,4.06454053431929,2.496874203169426,-1.4635953412141132,-8.138895150705176,2.461380512279145,31.44642434597961,28.27178481895871,-0.1616953225841362,4.307740171169358,-2.1004263700250645,0.7942467479200355,4.231105728468402,0.1749294429598942,-3.9727618758498,13.493966860821844,5.593135038058996,-7.370248697237053
