,Az,Ae,Kz,Ke,Cz,Ca,Ck,Ce,BAz,BAe,BKz,BKe,BΦZ,BΦE,Gz,Ge,∂Az/∂t (finite diff.),∂Ae/∂t (finite diff.),∂Kz/∂t (finite diff.),∂Ke/∂t (finite diff.),RGz,RKz,RGe,RKe
incipient,209287.8260142688,289234.08983404265,969367.5213497372,139183.55426933328,0.1958910655314797,0.0009495718824138,0.4526999559063876,5.032069212384719,0.4046201536600954,1.373745196303973,-10.328883919374563,0.7392306043602519,33.87953212394009,18.35286224987454,1.28887994850925,8.930926838987943,2.387522007568849,7.288668720712233,-1.8707478348567168,0.3348944073456961,2.1797424913226475,7.809545063079978,10.946043164910565,-4.983705453492886
intensification,291769.96776849695,251003.33289368422,997228.2709133802,136086.61791779325,1.9196632905461268,0.15412049525672353,-0.1664689991915324,2.6943276215280743,1.9981797964135704,0.5927465159108166,-10.825775544071384,-1.2809470028502732,28.741539107809164,22.069080734126207,0.05941343312807714,2.5000400936779226,0.22541392853151884,-0.2613243661445535,-0.5056217864651387,0.0028032653807425123,0.301017917920799,8.566959466251653,1.6861362442159804,-1.5770463524885903
mature,244650.47762462235,191178.0625600543,769276.1881112376,158521.43694197905,0.8383956781040073,0.18893571634262443,0.39396568926708225,0.31817775074679905,-0.5434043180262484,-1.3323410327670913,-11.353514610665073,-0.14266554821139404,14.753713789061726,21.79935100101528,-0.19852084438591971,-0.5680002386392549,-1.658484458568282,-2.0934403058032394,-1.2285820089074255,0.829398605036306,-0.08774874609540191,8.892571234386557,-0.6318572386319732,1.047852091767983
decay,232055.50790111016,135431.75056872552,838585.7007697029,162353.8332441452,-2.219630889107428,0.07062352790547292,0.9949822760672618,1.6414011427335733,-1.962186847032409,0.188721002101503,-3.1877241883197933,0.17035293968891085,17.27029145491244,22.178342614933474,-0.29548384603624467,1.191429332883878,0.5761595615371211,-0.4724422581798019,1.7701728992225854,-0.5990755038864435,0.3893390473675752,6.182545700582546,0.9096143545467954,-1.4158473102416655
