,Az,Ae,Kz,Ke,Cz,Ca,Ck,Ce,BAz,BAe,BKz,BKe,BΦZ,BΦE,Gz,Ge,∂Az/∂t (finite diff.),∂Ae/∂t (finite diff.),∂Kz/∂t (finite diff.),∂Ke/∂t (finite diff.),RGz,RKz,RGe,RKe
intensification,1362998.7749542885,96421.3586456054,4159852.116255815,189069.01480622482,9.699535946637397,0.4162929370784972,-4.435148976517184,2.2819837097444595,10.732424198715055,2.495983571800228,-61.00257011570505,-3.7709128931667197,-29.640379945932526,-106.98646154985474,-4.413077066406085,-1.1837651440111585,6.283199165621681,-2.171948317474172,10.316039585938979,-1.3982052668087381,5.666603850622519,66.05422273152381,-2.8022411166084376,-4.344425059903663
decay,1384629.8770308257,132920.50613761425,5166956.4848227585,258515.82275125364,10.46956284386458,1.9188151416988817,-3.9947896014974393,2.982919129468282,15.966662290732968,1.2365891128010074,-56.34547343157482,0.5614026128626373,168.5730768755635,22.666199067947662,-0.48208089497692824,1.5047586373432038,-1.3637935241729753,0.050527052741331145,31.881209634825385,0.18285564470961604,-4.942077829342481,81.75190982403306,-0.12195807229027637,-7.356255699118743
