,Az,Ae,Kz,Ke,Cz,Ca,Ck,Ce,BAz,BAe,BKz,BKe,BΦZ,BΦE,Gz,Ge,∂Az/∂t (finite diff.),∂Ae/∂t (finite diff.),∂Kz/∂t (finite diff.),∂Ke/∂t (finite diff.),RGz,RKz,RGe,RKe
decay,228388.07269385428,432913.7301463244,1654869.561919067,1469636.2140132696,4.717550856128701,3.289112407876498,-60.10283119181331,3.3406836785332046,6.271241203983798,-6.6802959816807315,9.244353282365015,-12.31296522935135,36.9495654836729,-3.623826325451252,3.2337949276392743,1.6364498677236496,-3.2346785699169183,2.809480115325612,-12.48861663567408,10.131874824160398,-1.4992565098955162,33.652310417645516,9.541347367663048,-40.998674816834765
intensification,166156.03341506157,546211.1142430693,1349076.9993563902,1403832.4235908713,1.7557897768311588,0.5518357032659582,-36.927560139870614,6.916574644774607,5.611150084100487,-7.15874219028938,17.179437070005203,-9.885159961836667,36.70144581645072,23.39527285816838,-0.2613571985700164,7.267189768676535,0.7436475334478603,-1.629185648112181,-6.423938431824832,-3.1884547985236225,-2.5598770705555096,11.568394861209423,11.894295483685848,-37.147429621332186
mature,183758.89481509547,289872.7764623863,886851.6476463143,1556826.8431866176,3.2839856835723347,0.0896314670569892,-21.527646015796066,2.157681693973586,1.567051086800749,-3.3802606312414265,16.23105426794875,-4.293766341136609,11.506820268500102,-5.5598705713156,-0.37792197561657653,1.996749124798858,-2.2962764447797777,-3.7017656219791792,1.998446951991011,3.2487881631434234,-0.4897103809512026,4.011053016265991,1.746545236178844,-16.142773205489615
decay 2,187923.36250486787,232067.11485314253,2009323.2884870213,1189961.628533325,-1.196625090348147,-0.1026278813464071,-0.18862294335135504,4.301293879435366,1.0300058716290101,-4.890001966161281,-19.666354728515387,1.223524231337779,97.8734578616336,90.11356940893178,-1.4367854218953418,6.302060350741838,0.10102280871777816,-0.48509040319315566,22.111843463181337,-7.937135301380105,-2.228236034605786,43.16344622539623,8.808833323749898,-13.650576355504606
