,Az,Ae,Kz,Ke,Cz,Ca,Ck,Ce,BAz,BAe,BKz,BKe,BΦZ,BΦE,Gz,Ge,∂Az/∂t (finite diff.),∂Ae/∂t (finite diff.),∂Kz/∂t (finite diff.),∂Ke/∂t (finite diff.),RGz,RKz,RGe,RKe
intensification,448136.05433109845,232539.60370941032,3138316.0893288725,771633.514322502,0.8461466393256335,1.808078948341829,-0.3429927709396892,7.523410095793502,6.9483085629311825,0.21714862360403608,-20.99544081398317,19.646630244421576,101.62181045624355,49.30712027128421,-1.1504464214835743,2.8678990984380697,-5.516292484181052,1.60846923013265,7.456185285208767,-0.1626588801385548,-9.810375459444773,27.948472230805987,7.106651753980287,-27.675691991293323
