,Az,Ae,Kz,Ke,Cz,Ca,Ck,Ce,BAz,BAe,BKz,BKe,BΦZ,BΦE,Gz,Ge,∂Az/∂t (finite diff.),∂Ae/∂t (finite diff.),∂Kz/∂t (finite diff.),∂Ke/∂t (finite diff.),RGz,RKz,RGe,RKe
incipient,175610.67701584822,160756.8719187181,1721623.7412000434,228161.894866007,-1.938313347144947,-0.2053363239891629,0.2774923532056219,-0.3811555580833248,7.778809106395372,2.1536534837527648,-7.5149520208321,3.456732220487976,81.64100900446971,123.9354913871298,-0.9252532333826712,-5.873554415197525,9.984362307413615,1.7171499707843327,13.237293257450046,3.260634736989911,0.0619035298841339,22.41306627222147,-0.6123227470625938,0.4625504277908816
intensification,607252.4634344645,117416.7892606291,1790538.475916924,305695.6785864453,0.6350364996393894,1.6865703963170702,-3.9964054206245088,3.001619752270987,8.990802357216545,-2.4664061989566646,-4.030893978116042,0.13079970773181204,5.003417417182752,-14.934783074746804,-2.5002913298384706,0.21463186902274192,0.7876914153270775,0.021412194209003158,2.726837549564092,0.5423861103347419,-5.881504045933008,10.119100448665254,3.802867749119584,-6.586438770292567
mature,500845.31055132137,184816.72744713284,3025874.2675080025,448914.1245050823,-1.113315812950134,2.8074226503670783,-8.753457988382177,5.794741294662894,9.39555516364078,-3.1598871261218853,-20.957956582974855,-1.3075986077193134,114.0629917979259,33.869383016525305,-2.366578957860019,1.542499778792828,0.7225827829291132,0.1382440469368036,7.386255244853696,0.2568551967768297,-6.978865543294724,38.21098562916086,6.285449817354505,-12.983745478548927
decay,556593.5382415508,214875.79807887907,3111825.1053002556,359770.59931782505,0.5541906062660584,2.920039322216178,-4.368528589446651,6.68963623127093,7.964486413691195,-3.2903771170594265,-23.87601697723626,-0.28654926112073537,111.36644200841134,19.91903206690955,-0.132269631673001,2.381232008978545,-0.18491379735997973,0.6804590642748485,-3.722514888785292,-1.3313250504906065,-4.6751702825689385,23.96784007163156,7.740433090389028,-12.102940610087451
