,Az,Ae,Kz,Ke,Cz,Ca,Ck,Ce,BAz,BAe,BKz,BKe,BΦZ,BΦE,Gz,Ge,∂Az/∂t (finite diff.),∂Ae/∂t (finite diff.),∂Kz/∂t (finite diff.),∂Ke/∂t (finite diff.),RGz,RKz,RGe,RKe
intensification,193568.6606130347,74753.09873010959,1103349.8595981067,254256.01991281364,-4.6087572715812986,0.16370289532183718,0.19983542274436772,1.6641979671022256,-2.4627506638185817,1.4345270519127584,-2.8688056397109443,0.7734498163695284,57.85165615837618,71.39102417709832,-1.7739402072749202,-0.5292826982189881,-0.6428299593240997,0.1606039864143113,9.246718592234236,-1.616862146338012,-2.6251336717649796,16.52444608078211,0.22657200628194177,-3.8546745070653983
mature,204018.77911503543,96091.57413342837,1348710.1645393642,235432.86457141416,-9.374778376951086,-0.08436690468205925,1.0980310598310428,-0.0756348608416279,-1.683547452361734,2.0202140986713957,-4.427213020324662,1.2911858813600392,90.0831127788561,110.8674654555249,-4.888160302813703,0.6190313729221784,1.771676027841536,1.92408590830405,14.218099915172708,0.5622679625510386,-6.003921801429874,26.922060252617413,-0.08739614652691391,0.44474800186367036
decay,226828.32762067654,118568.33264381242,1833610.1087583343,224385.17182241613,-3.772235213178132,-0.1627916912276639,0.8118873099751744,4.571008994434308,1.9626184587715465,3.574553603928916,-1.2801676188814957,-0.659041715227274,126.24196480286646,139.52641029559425,-3.045414499677389,2.2959013948051874,0.082754216123756,-0.2712389791335397,3.182579313710323,-0.7485542341948906,-5.814891147053586,7.423094835794775,0.8880081025995168,-3.8486342034267493
residual,243431.5315360548,90719.04247522792,1992181.0054085192,156117.08986869987,-3.8340011424002634,-0.0541437240402839,1.0255225144378637,3.9167162803339175,1.976667110006994,1.923120099720695,12.41755748017377,1.2286469166626908,115.76514975660427,144.74958502829526,-2.1783883817327467,6.212629227708214,1.0007756798291936,0.7391030166612674,13.137330601084829,-0.68113812742332,-4.864036296618347,3.528251748873455,2.786842921314774,-4.800978809982065
