,Az,Ae,Kz,Ke,Cz,Ca,Ck,Ce,BAz,BAe,BKz,BKe,BΦZ,BΦE,Gz,Ge,∂Az/∂t (finite diff.),∂Ae/∂t (finite diff.),∂Kz/∂t (finite diff.),∂Ke/∂t (finite diff.),RGz,RKz,RGe,RKe
intensification,1776025.4739321345,231514.02608207293,2863104.752126523,410161.2484412016,0.7156509389383291,1.4688874383092725,-10.699781932644523,2.9730106942975283,6.731416431419148,2.3928707012486434,-36.48859150700771,5.011547166151591,-5.5957493178980595,-73.72778417913615,-2.26448824858838,1.2632089407125695,-0.5074014763343081,0.9396464944460595,2.3606419454002334,3.760735982585335,-5.0542795305058545,48.83336444611414,0.05089904918567292,-14.923603810508311
residual,826862.7289620754,657098.5484499487,4075821.5161015308,1539151.9808255879,0.998506131585233,10.575913843370532,-51.745020789361114,22.938138123025006,19.012249086661733,-2.090676445974,-73.09304628113395,33.920361406867706,323.5589825726744,192.90905572304052,2.625207403977786,11.397335026377613,-4.7176628021613665,5.415813202493938,10.725906250610091,12.878979894373298,-12.155491913867333,134.56546718951992,19.86871392812241,-95.72454042488052
