,Az,Ae,Kz,Ke,Cz,Ca,Ck,Ce,BAz,BAe,BKz,BKe,BΦZ,BΦE,Gz,Ge,∂Az/∂t (finite diff.),∂Ae/∂t (finite diff.),∂Kz/∂t (finite diff.),∂Ke/∂t (finite diff.),RGz,RKz,RGe,RKe
incipient,413665.4478769607,95807.32669063876,747862.3301872516,1055751.537783505,8.434133593724011,1.0541617186136163,-32.27034763922067,4.080529444921544,7.623695757434062,-0.9047118488327798,-2.436762653437416,-29.316376527914315,-2.508268272627564,-51.46922281097776,0.07838656901366,-1.2930706724915917,-0.99713394251243,-0.3714088954670526,-4.02546708539594,-5.090099517525211,0.8674656123911362,22.24750961353813,3.5596706796736552,-12.124600073753108
intensification,372445.86197632825,92800.78385555102,684314.1662359906,861350.2612958575,4.652613175401546,1.0139997895884323,-17.42466298522941,3.7896401994767963,5.793768089078567,-0.7303433991171551,-11.36914080406535,-17.642607553288986,1.5725609691770441,-27.302527337559944,-1.0077164102157772,2.0433346853120264,-1.4880855820433205,0.04270386903734864,-0.2034034061157016,-5.730091461441339,-1.615240706131908,23.93778720777751,3.548687678042868,-9.301787092858559
mature,326254.06708164315,92980.96297170798,784190.2025746389,634501.1952946502,1.9315604798347037,1.1153622575571558,-10.899273212224445,2.909674212892047,3.1589456899437165,-0.6845501345019844,-16.44016984925325,-11.752778600669453,18.08866357903094,-0.8669258469613319,-0.6543769409666242,0.5727952639429551,-0.2679031557786611,-0.18119396034957252,7.764618515055929,-6.9454943722767615,-0.37992610833051804,33.17250109669892,2.2976681294873034,-9.0016631967238
decay,378340.81635483674,83174.36211280254,1659653.8415478668,505179.7625463572,-0.614914736390366,1.1152515079386485,-6.973993453719072,2.6127300114559486,5.295030663590491,-1.2912225956866739,-38.30569593258336,-1.277618240984739,74.82037414155641,29.223254968310652,-0.23343261084467654,1.0728827504834209,5.659558488079147,-0.2309049428605719,30.416212031335995,-2.054719148537267,0.8648645960369391,76.31081615402879,2.5577961563434024,-10.36382437272755
