,Az,Ae,Kz,Ke,Cz,Ca,Ck,Ce,BAz,BAe,BKz,BKe,BΦZ,BΦE,Gz,Ge,∂Az/∂t (finite diff.),∂Ae/∂t (finite diff.),∂Kz/∂t (finite diff.),∂Ke/∂t (finite diff.),RGz,RKz,RGe,RKe
incipient,193879.65527962148,69599.21247661854,585631.0494501007,140230.0349076034,-0.4086692949910491,0.04641107882133801,-0.03724823987841586,1.9783860926321495,0.8170354616357115,0.196910282421663,-2.7994348534470617,-1.484440345736323,-3.9441308527321475,-6.329828462820735,0.8207427169471951,1.5968833941231522,1.745949484146701,-0.21970029918715028,2.022451003765575,0.02636356060116088,0.5666558063412782,5.267803392082102,1.5153644322019986,-0.5048304261730818
intensification,264020.61913249886,45922.641274131434,905247.8593298671,149437.56818924195,3.3656400081926194,0.3249162874075291,-1.6993551439949506,2.3759615796506903,1.9831908663348181,-0.3437185419288777,-12.553604195700625,-2.383829583973504,-15.597382991173514,-28.11246888128193,2.181017250095944,2.210498948409047,0.2702936947305492,-0.05563634709626621,4.768509931642097,0.6833669387402939,1.977659123995879,15.655829263145053,2.339127487075773,-1.008120200931843
mature,257193.71977593054,59828.152276316214,1295940.4335178153,258763.0468699669,0.15682679485880713,0.41142808433252354,-3.794805163554558,5.6323806967207375,1.9885377546183094,0.32710484433134723,-33.00863224371516,-2.3832200295293986,1.7163629557852182,-17.68643386579495,-0.983512047057749,4.923143838472715,-0.5503241071243606,0.6173790670711558,7.084026682306316,2.3687037342643147,-1.9706069825513393,43.73063729471723,5.511226835128023,-4.675262096481583
decay,367520.2422868036,77987.3474980662,2105401.941052342,344374.4819482223,1.1890014313504482,0.7814398557036553,-6.195051849356852,6.484807417903348,7.228892103320285,1.0554427799371664,-55.9253182512208,1.5392268135044194,52.71573080288465,5.491672427581964,-1.5091274890648696,5.25595391250329,10.113820747276522,0.5227943852394229,54.910549682873125,3.2998113696662372,4.855369931010341,115.84191835210032,5.17071916750195,-10.919274711098382
