,Az,Ae,Kz,Ke,Cz,Ca,Ck,Ce,BAz,BAe,BKz,BKe,BΦZ,BΦE,Gz,Ge,∂Az/∂t (finite diff.),∂Ae/∂t (finite diff.),∂Kz/∂t (finite diff.),∂Ke/∂t (finite diff.),RGz,RKz,RGe,RKe
incipient,1366269.5614149398,67091.09538261613,3787012.0760293575,92196.32808331389,4.46911966335328,-0.09268955667720251,-0.7154344339975751,-0.11248374806775568,3.32768247597756,-1.1137387514685075,4.706598075592527,0.22089944314680707,-47.31167662783643,-75.21344049534983,-1.0183502945126448,-1.5907701599418664,-5.266219086867157,-1.0562807445148978,2.2145793481255964,-0.13091732810227566,-4.217471456168638,-6.245703956822636,0.037663815563057035,-0.9547674571789022
intensification,1103325.5926924378,35299.64249274152,3747683.3418005942,93110.42029497692,2.888058876023883,0.128313715924357,-1.388537304896169,0.3867557566315675,5.162736089292068,-0.5450619779444427,9.65605660024903,-0.7731829848750635,-86.13254841411091,-144.9961793335854,-0.3983512579115417,0.055808412625701194,-5.329202965656038,-0.12575563472703027,-6.732288042732232,1.178159704885606,-7.475566462999867,-17.88786621410898,0.677748383924623,0.176049628232933
mature,789033.182563285,54028.064806406226,3223116.2634491664,211524.8247067019,3.4759606069673534,0.9219812323737726,-2.4140764436605204,2.0094764704566836,2.245664859732937,-3.0590864192425835,7.415825893360933,6.549464029001394,-2.371807077322668,-50.130173071561735,-0.6251689591822689,0.6142328214690311,-6.497741634579356,0.8904402628826238,-9.152157703962736,2.906041822676661,-4.345464654971166,-17.629867760630503,5.037021920208117,-8.066975120441935
decay,593205.0004026828,80532.99460561968,2944462.86077825,232408.67678428759,-0.6557935800631297,1.1753607504652577,-1.229384734553874,2.611762633821631,0.3721333864262246,-4.7883198636964375,-0.009168515364268437,10.655173667443444,59.80376926163736,54.49536306329168,-1.0152474625672,2.8771055342382907,-9.154364279175008,1.3406654562234344,-19.038713520759927,-0.4078355365798752,-9.006930495199104,-17.144366690778657,7.565387203276245,-14.904156572398824
