,Az,Ae,Kz,Ke,Cz,Ca,Ck,Ce,BAz,BAe,BKz,BKe,BΦZ,BΦE,Gz,Ge,∂Az/∂t (finite diff.),∂Ae/∂t (finite diff.),∂Kz/∂t (finite diff.),∂Ke/∂t (finite diff.),RGz,RKz,RGe,RKe
incipient,229646.3707965007,483894.9939523686,2194901.6288883914,797552.5953824958,-1.1830240489199717,3.258127879765906,-4.296088996959913,18.783541528130474,3.4855457011059676,11.926711799710553,-5.420195583985465,9.40758238994322,122.25776706757784,135.37322310497413,-2.8945157813614717,8.136285421180212,-5.169525752729357,2.955133517234892,-0.5330353805598372,10.423480192808315,-6.579967622989391,10.366273249305515,6.5538353658889115,-22.063732722225296
intensification,199106.034105101,342580.0714270386,2684425.843004322,1278128.9096518809,-3.2665139345899727,0.047489551072929896,34.11762680495757,11.635419225852711,-8.252010430518762,4.535352249398199,-31.387511053602307,38.620168512491844,50.66718878017332,81.87127121441172,1.048753080878549,7.468038291020908,1.7924842626856778,-4.045044175344874,13.143583373113,-2.751051233364481,6.825470309687397,13.679981556347705,3.0075332500367087,-18.889012166751467
mature,373376.4683188249,107984.85795136895,3388459.1745357267,614372.4032864243,-2.865440532621251,1.3888622758086093,-9.804925214778002,3.8365339888861167,-2.522129936131062,-0.9334444490805903,-0.08351904787358559,-6.14200341843802,51.234946195845055,-2.785196616760549,0.2370422843543709,0.9455183899089166,0.6978209452605549,-0.5007591189045913,3.0724986373359138,-2.490489365784534,1.743372624578975,15.826383432608756,2.880357043253506,-9.989945151010636
decay,402359.24434140493,134025.23104286907,4393663.650648609,363007.7187009795,-1.28890585826868,1.4440067416295892,-10.611884750853374,0.9979014628306896,10.787430537341844,1.4259387235298095,-7.399394883081546,-5.722092793738114,173.34522108445427,83.50448956651073,-5.420882432800616,-1.9510091892525494,-0.6055239135880075,-0.11322340734008826,12.859015467465136,-3.927316568468781,-11.237853567568942,32.15920095966874,-1.9852674096687977,-9.81500998841473
