,Az,Ae,Kz,Ke,Cz,Ca,Ck,Ce,BAz,BAe,BKz,BKe,BΦZ,BΦE,Gz,Ge,∂Az/∂t (finite diff.),∂Ae/∂t (finite diff.),∂Kz/∂t (finite diff.),∂Ke/∂t (finite diff.),RGz,RKz,RGe,RKe
intensification,518024.3272840738,153894.9236010986,2924948.671180124,295195.07230903266,1.5224818996067868,1.802603439707644,-0.8688000252635394,10.18192201976116,13.758780109157415,2.8585491380662265,-15.32902240617514,0.12685687490043884,144.0713048467357,135.82824277447824,-0.22483816204178203,2.9427328248855567,1.08332220845414,0.9627574511096357,8.170649982501324,-0.4065830859813408,-9.350372561388845,22.845990514333216,6.483526893096926,-11.58416200590648
mature,564509.7890295712,155960.6845014097,2990579.051811658,284091.3624708131,1.6697335570817673,1.2219240159019895,0.06408703813334915,9.342371377293057,17.732156180943882,1.3566137319567533,-12.750086764422818,-0.19668658976987052,153.35280098886832,145.77003800445226,-0.49030025564622676,4.722474882582897,3.1143413448717423,-0.6058721315573934,8.213017729576817,-0.8768337677936122,-11.726157263088385,19.229283898784516,6.157961497876921,-9.958431517183449
decay,733263.1991152196,105785.13686385546,3480219.2631262303,255277.90271113467,8.198749456756113,1.1405211268332205,2.146132329830047,5.430739632342575,20.40263813740421,-0.8049361268527487,-14.117193700054111,1.5199920526095898,119.63926787731619,104.72515802520641,1.739753856868883,1.717852849134596,-0.14348425126506179,-1.2421171118447931,-1.887896702751707,-0.9961013332956147,-11.206851805079939,1.8844152107162448,3.8530375205173093,-5.800700688417733
