,Az,Ae,Kz,Ke,Cz,Ca,Ck,Ce,BAz,BAe,BKz,BKe,BΦZ,BΦE,Gz,Ge,∂Az/∂t (finite diff.),∂Ae/∂t (finite diff.),∂Kz/∂t (finite diff.),∂Ke/∂t (finite diff.),RGz,RKz,RGe,RKe
incipient,365526.42388267437,224531.2057019001,2278279.2932483763,427705.8092605276,2.099878972865395,2.2704067031534625,1.8729815894170614,13.322356698823123,3.651164529600757,3.8007903304806683,-56.72849696128774,-6.354964188466468,154.6800473984014,145.63972511528814,2.948932986537011,4.582058159986534,0.29456847650097967,0.7090251403442789,9.359337710299856,1.9596831099823973,1.01368962291908,62.11497410930514,7.96018480553327,-3.134727810957195
intensification,395337.08042827377,293139.80791625066,2754155.9969794587,729405.8350719688,-6.232228934514893,3.0442313048253236,-2.8898152274649993,25.259101256476534,3.593873081955775,6.243871085742862,-57.8015172617296,2.5015754463141335,170.87248452894275,129.61047319127084,-4.460460669267654,16.184231002903854,-0.4229075887764385,1.636512519586527,6.597005070018112,6.936481012960895,-7.204778300421784,73.52056649372761,17.607511385494877,-23.714010917294768
mature,400285.99385426287,332364.84948672145,2796303.5784341805,1076846.164305981,-4.039556733017295,3.911942544148056,-7.623661974598266,26.602834314085428,9.969004274624247,3.3547406469572003,-99.19181293078697,8.394755299156413,168.7305839624596,115.32787300849485,-1.8930332368777791,11.882767746729362,1.3979387647852484,-1.8208131552775202,-9.624470139784417,2.84244561415437,-8.698679698708236,101.23056149861814,17.51533796770265,-39.778805973685735
decay,338947.2041363176,80577.94378010236,1420454.860065642,350422.75069666945,4.155510114301509,0.7427225309916284,-7.2271387296946505,3.956297837282639,6.904208507606525,-1.616243605044283,-25.39567060762457,-9.503579867100838,-21.434465508095318,-41.784874527903284,-0.16253569073620272,1.6601798819582831,-1.183287692900592,-1.435704551896053,-9.328534910067054,-5.630468491498988,-3.189263555213981,19.13876431295066,3.3941143594392407,-7.31032519137544
