,Az,Ae,Kz,Ke,Cz,Ca,Ck,Ce,BAz,BAe,BKz,BKe,BΦZ,BΦE,Gz,Ge,∂Az/∂t (finite diff.),∂Ae/∂t (finite diff.),∂Kz/∂t (finite diff.),∂Ke/∂t (finite diff.),RGz,RKz,RGe,RKe
intensification,768181.5546918527,108490.93851327473,2705078.5655402583,127865.8905653368,3.155776447417921,0.29953175677396626,-0.7525032573080903,-2.5144398717441327,-2.5301487384042622,-2.2395467919678524,34.60424164379358,-0.050187371845923145,-62.04559039621976,-64.01426979650147,-0.7999080825161858,-2.2728054625534635,-3.260690418074327,-0.5070036841548916,10.631354103527594,0.24042527709681713,2.724766524521822,-26.37616073037582,-1.0814285207051373,2.0525492633787823
decay,808623.6256637697,114193.94426752506,2852566.597301035,125879.02618414974,-1.3079318065445862,0.4867008876677893,-1.2438552008335066,0.49637418566179986,-1.9507348088062897,-1.356965906434826,26.512114541127186,1.9310382026479282,-46.734381232655025,-46.06796574357693,1.533251795337426,-0.04259477673861354,3.57703277849715,0.1347090909011389,7.125326365368158,-0.017220009125739472,4.706536668426642,-16.83500116838093,1.5013482953299755,-3.688487598268974
