,Az,Ae,Kz,Ke,Cz,Ca,Ck,Ce,BAz,BAe,BKz,BKe,BΦZ,BΦE,Gz,Ge,∂Az/∂t (finite diff.),∂Ae/∂t (finite diff.),∂Kz/∂t (finite diff.),∂Ke/∂t (finite diff.),RGz,RKz,RGe,RKe
decay,1026683.9727481579,150628.56419683737,4497450.008817209,215367.74424876962,15.293608085542925,0.6930275806047965,0.9618883797634368,2.764479693144605,15.892725163554552,1.6200430764348193,-11.445619241888322,-2.92420695123295,296.3408520688656,243.41026871714467,4.28754967604835,0.13721037354122995,-4.155434353163798,-1.1257623553860865,-11.213668677380698,-2.192543647343181,-4.061523850570628,-16.02354590079874,-0.6743533192810964,-1.0709280094913993
