,Az,Ae,Kz,Ke,Cz,Ca,Ck,Ce,BAz,BAe,BKz,BKe,BΦZ,BΦE,Gz,Ge,∂Az/∂t (finite diff.),∂Ae/∂t (finite diff.),∂Kz/∂t (finite diff.),∂Ke/∂t (finite diff.),RGz,RKz,RGe,RKe
incipient,287824.28061648563,194903.95329965043,1622343.2116147138,259029.21448317557,-1.2699570677217868,0.9885070619083328,-0.6306608056722198,3.3333913825089967,3.106921193683398,-0.5137250325887522,-37.434568461885085,2.5170343976949074,94.99950879847036,93.8095561580264,1.4533342356905758,-0.7052989034372474,4.501280740791909,0.2912300588975415,12.980917720401369,1.331743316219751,1.112909541295057,52.316104055680455,3.149839412086957,-5.149343269656373
intensification,459371.41559205594,214054.05405369328,2354710.116101178,314907.53095418913,-1.3099289031866457,1.735486601786851,-1.4317389806157932,12.194752164288706,7.582211035551935,3.8695974832814737,-52.73713611754034,0.1377182482341292,164.46588893084302,160.38802866281694,0.5331545922188617,6.675912556153976,4.288704295080972,0.612966813814131,23.08972088825465,1.2859521002364367,-2.8679490418707565,78.56852488959741,7.202634893034514,-12.478257292902192
mature,645848.143916609,201845.0237932703,3563412.31940416,330830.42181926453,-3.5612804908578717,1.3442986799948282,-0.24500027320966822,11.416775732483485,10.47707160924935,6.97710157938347,-42.160157864897116,-0.23439249835809806,195.89847434057117,179.43579097279962,-1.5204409351535624,6.783886823641707,5.568604494552907,-2.5765093245114916,33.009444702661796,-1.8655068398521553,-7.1254489255594855,78.97588333162645,0.5188661485936955,-13.29289034718721
decay,1073355.8646588535,149438.03564409507,4849493.089665174,311374.23394208215,-0.014319157710334667,0.7694782500992083,-0.78485449364932,5.416263121622616,16.377030996976142,3.020163659357799,-13.705172610803155,8.129224926531078,109.20108526722731,-7.411254076484945,1.7448286035653287,3.2074457749039027,9.881718222568278,-0.6501509062260119,20.5520206005024,-0.21669434210840063,-5.740153682018992,35.056366862665215,0.9764703059395955,-14.547036883911415
