,Az,Ae,Kz,Ke,Cz,Ca,Ck,Ce,BAz,BAe,BKz,BKe,BΦZ,BΦE,Gz,Ge,∂Az/∂t (finite diff.),∂Ae/∂t (finite diff.),∂Kz/∂t (finite diff.),∂Ke/∂t (finite diff.),RGz,RKz,RGe,RKe
incipient,432904.4615760101,323557.8117371312,3621621.624821334,500311.34311471635,15.800317304332324,1.929733658479575,1.8025681155422841,4.104543175330241,17.408476462307327,-0.5852717642663938,-89.13590670602616,12.074712005329893,246.95445695496545,194.95147058944465,2.675492926691624,-5.219256695054133,-1.9414659411822544,-1.2685289293598974,-102.65930487297558,11.289197447159403,-1.6198914406776854,-31.126283586824023,1.4915523517571623,-3.0874896179584455
intensification,397612.3053706564,262646.9266210991,1869936.2095183225,660864.891855697,-0.39078205814613853,3.388499951539556,-1.916285736937327,8.389062588882096,8.638072200029496,-4.442173477025218,-43.79869214899841,12.13516139920681,97.0020480490978,73.07538680418998,-3.831735029363826,1.030352310647613,-2.8697705145212336,-2.5380371651612865,-19.036993381854103,0.16557897641747674,-8.510124821157312,27.068766562227772,6.9046989492064705,-22.274930748608757
mature,276860.5057570863,176182.5519517465,1791015.8658740842,595180.436777423,-2.248488542417234,2.2340927890024056,-0.8323710616780414,5.973393228506017,5.437222089321623,-4.339436481071328,-34.54181062480867,14.396446914478563,103.90609907430343,97.593372180676,-3.0754533405882154,0.47027416386196746,-1.8238471062014652,-2.0339488357373963,-1.1025912527968198,-3.7674966860824117,-7.275464948937916,36.52007897610712,6.044788084837543,-24.96970789074504
decay,286031.59705742355,109322.38846761457,2449975.6792294225,302532.85941292456,-1.620416627067862,0.8979983405913132,-0.14699315197520865,2.992788142237195,4.084913472849375,-0.37609657540096564,-23.257768354820058,0.3646747196903611,148.35465840717643,159.06706056810037,-1.3242356302516864,0.7664856313172838,0.21598028293870145,-0.05084458032332162,18.604028321283337,-4.297318336146116,-4.5913514763872225,43.62920645514648,2.420041796723526,-7.80177435004888
residual,279536.5927677347,160564.37400334165,3558819.1746407263,170667.3848762288,1.2489383277130397,0.6601054917421324,-1.0019961471978174,3.802481342900807,4.278737438609185,7.610952836143361,-35.76047401935403,3.030275890138737,241.09234972802088,260.5418124173472,-0.1139877130692185,5.082003536796568,-0.744321846030507,1.6028723448377988,32.14968213439048,-0.5243680938092465,-3.11401546518452,67.66321397322929,-2.8657046401468875,-8.359121474046608
