,Az,Ae,Kz,Ke,Cz,Ca,Ck,Ce,BAz,BAe,BKz,BKe,BΦZ,BΦE,Gz,Ge,∂Az/∂t (finite diff.),∂Ae/∂t (finite diff.),∂Kz/∂t (finite diff.),∂Ke/∂t (finite diff.),RGz,RKz,RGe,RKe
incipient,168621.91852563288,66277.35170231426,936954.3307093307,175401.98688821393,1.811229423791495,0.0940267978661567,-0.8089684965323083,0.14900570300351346,-0.5893177427427507,0.48265480708302294,5.88361371807546,-1.014418609330516,31.111899336644637,27.85966132453262,1.0051332196419143,-0.11054075856745688,-0.9872166848780555,0.626786977631067,-0.5650821523722684,0.7591298788248628,1.5073572795223464,-7.450956797706914,0.19911107568540085,0.8155742886195572
intensification,457423.4474463454,129906.26924142415,2764472.85542114,338925.52884565503,4.541527718878718,0.6702442067235899,-6.220473700817702,5.098312324860867,8.581010355214929,1.3418797678077437,-29.3376667770811,-2.1030084548775054,56.37780471006844,-36.880044839455714,2.8340270975687982,3.4519347043961313,5.310879679987121,0.17982674156228629,22.03597217332688,0.7639590602160069,1.9416412503745035,53.052584932346974,3.266015091891821,-8.451818510585056
mature,1043306.8425051556,215406.32685461256,6094779.68403906,487556.35210300685,-0.4608185705287961,2.5018922716372445,-15.657116243962605,11.04869192853994,2.4594265762355905,-1.351994343648527,27.008296378305705,4.95253387134033,251.5630550888012,30.45133331277186,3.5611156478164485,5.189581101517995,-8.588103250599229,-0.07395629522892729,2.4108144203022146,1.1771469714753224,-9.006456125726373,-8.479547143512091,9.824837705322297,-30.48119507236756
decay,551442.6841509377,67412.81639995356,5060816.120242885,197625.9156481813,-7.947424251143162,0.2913743415046466,-3.485159830889369,1.534072997441329,-2.1949624654253737,-0.08896688143693222,13.341411716916662,-0.08210656781933719,71.31277940384284,-10.01649557916769,-1.902985372814299,0.6510688160548995,-2.684105460778916,-0.5332446098092604,-23.672177212706966,-2.8074591304219396,-8.145192904992058,-25.5810048475911,0.7984209275643543,-7.744585390933296
