,Az,Ae,Kz,Ke,Cz,Ca,Ck,Ce,BAz,BAe,BKz,BKe,BΦZ,BΦE,Gz,Ge,∂Az/∂t (finite diff.),∂Ae/∂t (finite diff.),∂Kz/∂t (finite diff.),∂Ke/∂t (finite diff.),RGz,RKz,RGe,RKe
intensification,201995.96410137395,77885.55122800084,698655.5817919396,237513.81791876117,0.6073542123641018,0.2419081539063724,-1.6070692474572477,5.90171384850813,1.271695970925492,0.23152914103504071,-16.037509115997313,-0.6939574415738266,13.10968584755772,14.974823620614425,0.6452804992830193,4.580614835200767,2.2770849513887765,0.3088290547508115,1.7468687535875354,0.8937966351609051,1.8546513467337584,18.784092904677994,5.7371056083175285,-5.921029019230645
mature,251703.88713125858,73803.33805625098,781234.5666091462,222894.65443280048,0.0176877643365223,0.3623429621421516,-2.1743589647539214,4.305948551836765,1.1833193703662412,-0.37224000939408963,-13.892202273378778,-1.2973136396134384,12.631987284804195,13.120809516687856,-0.6536571139930897,3.122963947159505,0.6639019671997026,-0.15910438659417803,1.4408601672451562,-0.7458205414419276,-0.13938667668786478,17.489733641041333,4.156741212494524,-5.928814418419176
decay,281012.47820034274,54372.324133354836,693272.1765998891,173211.57286126944,2.0228304618213944,0.12104126691702898,-1.2995552970220423,1.8086767252698193,0.736033188001263,-0.24062597552519938,-2.5224781742139344,-0.41371619650430924,-6.554197400141845,0.9925542082373736,0.500757719775379,1.3203804959063368,-0.589275477291444,-0.12575036076261042,-0.6072297980848284,-0.3185927926871157,0.8185630634457157,1.1919732113297539,1.8025110731153793,-3.0131086184746683
residual,145182.628735539,46535.72342893759,782920.1232380385,173020.15425591604,0.5417998893276559,-0.01023327231622329,0.3844917953427856,0.20426685216271467,-0.9982104554548161,0.2161204677940324,8.298943556778788,2.202571116363202,-8.742160925204246,-11.418134943265288,0.969476564786872,0.3969000445211729,-0.5487882778723903,0.2850629614799921,0.46815371682956597,0.16907469356753105,0.9809887945938582,-8.757081524619663,0.2834426181648975,-1.8532714796155996
