,Az,Ae,Kz,Ke,Cz,Ca,Ck,Ce,BAz,BAe,BKz,BKe,BΦZ,BΦE,Gz,Ge,∂Az/∂t (finite diff.),∂Ae/∂t (finite diff.),∂Kz/∂t (finite diff.),∂Ke/∂t (finite diff.),RGz,RKz,RGe,RKe
decay,329116.5239959607,59618.097641260465,1610689.4525199637,145647.63690502528,2.368664675047948,0.2653466337039657,2.2210547816676858,1.4525374815106544,0.47754883269516846,-0.1630732366707915,-21.850726203798736,1.0452825645781245,50.88787573509272,56.85864206940472,2.7688233978041588,0.300478179500065,-1.6080899523574501,-0.00817815527430395,1.5311473496757335,-0.5915004983007983,0.5483725236992953,18.79215409675884,1.3420859292031762,-0.8682657627218914
intensification,362904.795215336,75388.62313954609,2163301.32668071,200584.9388145087,-1.1531157819011189,0.28774702964252424,1.3240066388490077,3.68822112869977,0.6553645002183676,0.592802844835184,-22.137002025740344,2.3624454680038007,60.00702003681764,69.1126933821826,-0.36040518016423556,2.96564763813075,2.890554319427845,0.4753397477925211,15.600518044488007,1.8520568473929468,1.3698210669508821,37.56662921328047,3.283011002014583,-2.8746031104616163
