,Az,Ae,Kz,Ke,Cz,Ca,Ck,Ce,BAz,BAe,BKz,BKe,BΦZ,BΦE,Gz,Ge,∂Az/∂t (finite diff.),∂Ae/∂t (finite diff.),∂Kz/∂t (finite diff.),∂Ke/∂t (finite diff.),RGz,RKz,RGe,RKe
incipient,979436.8933976728,107898.18370310352,3085095.9748618817,373065.97229256906,22.84990800862034,-0.2947288876605948,-6.150166514710255,-1.155672222603986,20.036047329859592,0.6220242427709402,-75.61536766048442,-13.608566477599547,-40.95846393760441,-117.34419391015146,1.056104065489966,-3.956129271192275,-21.685511097087367,-1.8288812889963677,-35.85146304169765,-0.6603823987745919,-19.166379305987213,23.064163124876693,-3.311848866710699,7.953689786718687
intensification,630675.2845567717,85959.710106501,2328572.747539611,343257.09864633816,9.654643606042697,0.4603594996436624,-8.162474390225166,3.1351768574864187,14.734384374047332,1.1802388443193523,-49.16637894434558,-7.555656964368047,-10.973689467557874,-29.628255349878714,-3.643458503614943,0.7945468315109968,-3.8941441539081167,-0.32690003194784273,-12.232796694750519,-0.6140666223443421,-8.513525422269096,35.44141303377753,1.1676784815755614,-4.35606090568788
mature,620579.0020131334,75994.18663124327,1886724.840021532,316591.8301727153,7.010259585537259,0.5669563209210919,-8.749920025357987,0.9731478289517927,13.801766984173259,0.5570571927770577,-24.91456293984292,-8.347260164494095,-33.11977004534739,-45.22152180338766,-4.325614556474928,-0.7832586409007166,2.082598778343462,-0.016838714794830945,-14.696963100105048,-1.8614606686705693,-4.141952299371447,11.957260279558604,-0.16770439954118782,-3.2372683584862534
decay,613370.4047150507,76158.90626410193,1620265.2407685162,243143.7906154776,7.1923958454184085,0.13247748675220156,-6.514597892003361,-0.9315884154788796,11.286275662070356,0.47282718151993786,-2.3758113043619735,-8.677185011517977,-46.44720106669323,-62.621988375413686,-4.423398202888333,-0.8557081956856181,-2.1868028578316885,0.13853090628998987,-5.402896837762011,-1.9805639490936826,-6.148205187731433,-3.704883486815085,-1.398362177461029,1.1136115858998146
