,Az,Ae,Kz,Ke,Cz,Ca,Ck,Ce,BAz,BAe,BKz,BKe,BΦZ,BΦE,Gz,Ge,∂Az/∂t (finite diff.),∂Ae/∂t (finite diff.),∂Kz/∂t (finite diff.),∂Ke/∂t (finite diff.),RGz,RKz,RGe,RKe
incipient,652106.2154695226,238274.89285184786,2412170.5169731416,328917.1293057491,-3.8885368558092765,1.9432315509892373,-4.014341916645466,13.00585358155791,13.348761370740537,-0.7057557950064144,-51.404039129182976,7.420651321236134,101.63755525727557,102.72476568186373,-3.8046098399579384,5.748407177884385,-0.025571414142775944,1.023085957877433,13.118846507052,2.090969279758384,-15.319638089703352,72.42576440868972,12.791463783452517,-22.349877539681124
intensification,742256.071932259,312392.8474893785,3350242.9745529196,430135.0685373601,-2.76059356924091,4.308803784524781,-7.4463787765827645,18.979913375006955,19.0474897481084,2.4453903180319663,-68.05676462485026,2.2067320889189195,170.76157834415255,168.42726872970454,-2.1999933728337235,9.676680014250705,2.850097979998162,2.211080651705752,28.67171933421675,2.0490936939201148,-14.649181552826365,106.93545630489068,14.436799924155958,-26.583930546588523
mature,882123.5742652421,407473.289950095,4878492.27594392,503237.87945563695,-1.6777155223450857,4.645557901899624,-8.720112333653159,23.65317527829963,19.716874770769408,6.357398192722934,-83.84424528143973,-4.99729399207802,270.3667015235667,241.3309992860183,-1.1393430150478743,11.274249715932523,4.962893338593107,0.21054573891020145,41.83244911500419,1.3136835824064124,-11.786139052621763,136.07452225244216,12.860764922587277,-26.062310037468357
decay,1040000.5156324295,279249.245678005,6092795.803787517,416579.0600079804,-0.09441486092613964,2.77688613956078,-6.143926596777878,13.857979423183702,16.977327917411866,5.590832276831613,-51.41880063236663,-3.927888366712418,253.11711452971005,189.63924765387563,0.03929391050616726,4.334804617067623,4.44930289995899,-4.4876394541454445,19.381494283429024,-4.116205084902524,-9.845553738818232,77.03863637349967,1.0026215526458662,-20.190222738151686
