,Az,Ae,Kz,Ke,Cz,Ca,Ck,Ce,BAz,BAe,BKz,BKe,BΦZ,BΦE,Gz,Ge,∂Az/∂t (finite diff.),∂Ae/∂t (finite diff.),∂Kz/∂t (finite diff.),∂Ke/∂t (finite diff.),RGz,RKz,RGe,RKe
intensification,98358.40580239336,227863.4797142018,1447808.88495463,280476.5361571205,-3.6165781608014402,0.14319633691030137,-3.2830405256190986,4.761736520698035,-3.6023902058443653,6.146372799585617,20.029195278780747,-9.102952672995562,78.89081740869102,79.49043833340758,-1.49847143392849,0.7820670911659968,1.4474645591989437,0.5616197362444635,14.342984130096436,-1.8671727566842553,1.5764729411521705,1.2134075377362272,-0.966212879553419,-0.8089971300058267
mature,169468.70605724517,199811.49286059177,1713999.0028894467,257697.64616579696,-3.158243304650121,0.2283131927852216,-3.8002216950755203,5.02802587848546,-2.5724165764137785,4.09274238718824,16.705981907241814,-8.504116418259889,96.6347477999898,85.33626038819742,-1.450610194132489,2.670094980459682,3.848138280665487,-2.5019920697974385,5.983166193769451,-0.9966159825848357,3.490624745214366,-3.7643507137467234,-1.7950217712854393,-1.3207471378859275
decay,510407.32427167293,81371.63332250615,2037897.5964454417,251988.58553745146,2.3938190903582672,0.23882736413977165,-5.951809553603536,0.032862726147298855,2.414594586166356,-0.9754090825046404,-11.73661107034109,-5.449307981387758,74.04684856608179,15.056191326476453,1.2656740626105116,0.6331120684144308,5.284674143165659,-0.29268769650712756,10.142182724205604,0.5669708595756218,5.502726011497342,25.436784257791963,0.4767567480050401,0.03160656121254414
