,Az,Ae,Kz,Ke,Cz,Ca,Ck,Ce,BAz,BAe,BKz,BKe,BΦZ,BΦE,Gz,Ge,∂Az/∂t (finite diff.),∂Ae/∂t (finite diff.),∂Kz/∂t (finite diff.),∂Ke/∂t (finite diff.),RGz,RKz,RGe,RKe
incipient,605109.8978868283,82238.7505613784,2769012.9656933337,168126.31274828294,6.399411788952864,0.6771452019331878,-2.793600946948174,0.4327011094791595,4.518682773801498,-0.31196207614476695,-7.638764557415176,-0.9391851377553894,-30.164992778617346,-120.80966905849402,0.32239011622148045,-0.6912842417266688,-1.6986223597283423,-0.35372071604269584,-1.946151108652444,-0.6588672681001467,0.8592518573562122,2.086802606758043,-0.2862027323519571,-2.945984186772091
decay,569375.4525853356,69617.59188998428,2766882.752759289,143007.7537156762,5.768364617608569,0.2827090772114811,-2.511492049851935,0.08782278993132715,4.606804550018659,-0.849323733165585,-7.8912595450422005,-0.42490917385767185,-46.004685734319615,-129.42834443747796,0.3404460215729019,0.3704629303872892,0.1686370499358842,-0.48880639941994697,1.830095478122724,-0.8418506273500581,1.6129061947372747,6.464482455408293,0.1656310464654841,-3.0162562932756485
intensification,562761.2298304884,52357.3362334184,2795421.3938070973,112334.4432468096,6.690852206364671,0.1273149371114045,-1.6568813874930193,0.4951879547641521,2.073005171041538,-0.7439871242824488,-6.891974708901825,-1.010154813255302,-48.324407973156966,-145.25773172108148,1.6288014497248986,3.5363402480108794,-2.487514758253647,-0.8419099658747062,-3.4269843347288704,-1.6180511561207391,2.25764721418089,-1.568980444698698,0.2699501760604902,-2.7599656851226086
