,Az,Ae,Kz,Ke,Cz,Ca,Ck,Ce,BAz,BAe,BKz,BKe,BΦZ,BΦE,Gz,Ge,∂Az/∂t (finite diff.),∂Ae/∂t (finite diff.),∂Kz/∂t (finite diff.),∂Ke/∂t (finite diff.),RGz,RKz,RGe,RKe
incipient,933463.7393064629,217150.3935588688,4298195.476607543,327358.44565314637,9.6058217540652,0.23309864946497005,1.3851632393258184,6.530952604914826,6.168667474814211,4.927479013624882,-68.84102641535752,-2.6169422334230936,213.5393266919838,161.77164180784936,0.20965978174009883,1.802201052082438,-3.3354288166295967,-1.8005683864511097,7.463422666602168,-0.9464559380870438,0.3348241120863616,65.31346408856867,-0.430193444626137,-3.4753030702529557
intensification,1093465.9644499782,90664.29649016263,5566375.74582261,324034.6425175251,3.125540465154523,0.7662141677979857,-0.5940568033247734,2.1808140529644584,11.015976431151731,-1.067436140462903,12.66618145483535,-1.6339272699108875,45.186291240253034,-32.34195020158918,1.3088486792476068,1.2363572130447023,0.8816804521297751,-0.6648004240145396,15.803070769484794,0.5515635684780907,-6.24254134606945,0.6054056528196952,1.8172356016148363,-0.589380017900254
mature,998640.084282332,125250.51270697471,6002855.44776358,411664.8826153662,0.06783315866290374,0.5668566367091677,-1.2924765465181363,0.1658375171802321,16.764594279687547,-6.669337592990231,86.81276622479339,1.0751515490997166,-256.2982686642052,-308.7031689567645,0.5021353074290337,1.4206258407764611,-2.1029642811460465,0.6796037546421653,-12.181781585825922,1.782231410559783,-18.23286876546152,-97.76990442276407,6.947922228103461,-0.7512342022383017
decay,793653.3802741901,144956.16848909145,5142369.912252021,403384.32090306375,-3.5131043626117937,-0.6632180815292711,2.2819832263987774,-0.36473317329342325,8.947814629831766,-2.5293988284500766,134.3945191165463,9.462942783173787,-268.4430855220268,-233.56425245500094,-0.004953430966955952,0.2594552146579346,-1.9677078025016985,-0.3630238801622506,-11.636170825293572,-1.095775197452926,-15.091844876474534,-144.79956880562685,2.464859856523674,-7.91200158093451
residual,398628.2386519931,214495.50593189624,4260851.465724137,290069.3665486623,0.6937985248945306,0.8456310302868082,-2.530511812828373,5.199827732690578,7.424977074132715,6.177784832331316,72.38694887061975,0.0028845575040276376,196.78612581724335,252.37387180764145,1.2207606694102813,2.6704627708351376,-3.36978531733874,1.7574123363260588,-3.877445513021193,0.447965073559104,-9.255332836290115,-74.42768109570711,-0.06617579360148763,-7.285259029463876
