,Az,Ae,Kz,Ke,Cz,Ca,Ck,Ce,BAz,BAe,BKz,BKe,BΦZ,BΦE,Gz,Ge,∂Az/∂t (finite diff.),∂Ae/∂t (finite diff.),∂Kz/∂t (finite diff.),∂Ke/∂t (finite diff.),RGz,RKz,RGe,RKe
intensification,311767.1827357712,196363.63390135934,1573713.0946480636,201539.50105709233,-0.31691160932168916,-0.21706545895533974,1.5917038398378558,2.3626606520999203,1.9541629924185515,8.476208340848117,0.6032371164546675,-1.3878253604470738,131.15746636959295,161.50220274768606,-0.6427078782225848,-0.38915102821954933,1.086724268936664,0.9356297749129443,15.801993201983112,0.897346181980987,-1.401415791758916,13.923963855012275,-4.960852454879914,1.5142147301659963
decay,377866.3477340168,227619.7491952084,2152423.139528133,242946.92894752618,-0.09909710386193603,-0.04894500170984584,1.5834359116376735,4.316601541223586,4.548856428716175,8.671173841002044,-3.798262847748763,-3.4717620986763342,164.0453020282554,135.93086202027905,-1.4356320891258383,2.800623097699838,1.5768055011999331,1.7003819712781878,2.3065563953418455,0.4921644086523605,-3.120093033088024,4.62048043531487,-2.6052453267904254,1.2307608777427832
