,Az,Ae,Kz,Ke,Cz,Ca,Ck,Ce,BAz,BAe,BKz,BKe,BΦZ,BΦE,Gz,Ge,∂Az/∂t (finite diff.),∂Ae/∂t (finite diff.),∂Kz/∂t (finite diff.),∂Ke/∂t (finite diff.),RGz,RKz,RGe,RKe
decay,226474.6476118645,155036.77888479727,865359.007614777,558332.2615111051,1.0815463232491878,1.7226449427463635,-7.602150582012152,4.0924839730283065,1.8767135080759056,-2.1566948633724277,-6.985618717867554,8.816418272553834,19.317002422868846,-7.084349592798398,1.034616987140812,-0.3081276415754392,0.9118840032681275,0.39657779266856846,-0.03327166730535991,3.3770067011715943,1.8393617611877728,13.47295130932516,4.923111686322939,-17.1340461264227
intensification,250945.96544633072,190848.4396414534,876521.4129410288,659323.3659924783,1.385567610467152,2.1143310607066987,-9.805915521312786,5.047007582473864,3.822370168738958,-2.1027198966244454,-11.856790413041095,2.803976004360531,38.90126606479143,23.603744554183173,0.9543016866490268,1.4841895062840844,1.5936169550407921,1.0122247116073906,1.0366609814647032,3.09560783369081,1.2711454574756849,21.313799305351434,6.047621129999001,-14.56129127445637
decay 2,274887.0018416949,201810.88247136193,841464.760463555,709817.5741436086,1.0537302673640287,3.0336825985285336,-8.689760038546874,8.193752424183447,6.697421058251656,-1.7054483701753445,-19.673874343427183,0.4433626525774523,41.911381925168534,28.959751009956637,1.2929739063131698,3.0604285129533526,0.4842602504151653,0.3348763350755924,-0.8040557038076512,0.03968030891357581,-2.1257479419439287,26.505848410802383,7.200394530905851,-17.287194806394197
