,Az,Ae,Kz,Ke,Cz,Ca,Ck,Ce,BAz,BAe,BKz,BKe,BΦZ,BΦE,Gz,Ge,∂Az/∂t (finite diff.),∂Ae/∂t (finite diff.),∂Kz/∂t (finite diff.),∂Ke/∂t (finite diff.),RGz,RKz,RGe,RKe
incipient,344688.3977818493,85345.22513943992,1755570.9088270415,155294.28539611725,-0.2637913825566607,0.3121177292951771,-0.9787130288591068,0.4607103914527901,2.3001698419610226,0.4868438448917525,-4.38831343422025,7.144919946500865,-30.602683921179164,-84.76509293424067,-2.068773109785413,-4.423129791182159,-0.0892612540131139,0.0927176493580743,-1.9994304062894557,5.152816879920566,-2.34110474923562,3.631387439346562,-0.2455335333760651,-3.4315264868921957
intensification,304036.074660587,89825.24980409355,1698735.3053457176,252769.4504865237,0.4806113674210277,0.48552719929310056,-3.842104559835532,0.12853959624824066,1.1882951918183986,-1.6569922331802511,-2.536068222829613,12.897267850768875,-45.0376561759237,-130.42276645482556,-1.5376517608202087,0.3769184219258057,-2.4729819424528725,0.15795696045481009,-2.5183470745147045,3.4211448212542392,-2.695138567557143,3.3792143407294133,1.4579615905902015,-13.446767185598409
mature,248115.1073627958,91671.74835698902,1660441.911568272,295780.1190068235,2.9869941561873543,0.5261797495268983,-8.710617517846043,-0.16403056579282804,1.5298462634640875,-2.1373219828876913,-3.2807189915926083,6.157580620661061,-39.328182624260485,-133.52708255016617,0.1839408301792291,0.006053552119575062,-1.5834847325411048,-0.1542467307056039,-0.7901421831037818,1.1009391539478743,0.39984290970906067,8.214200170147516,1.2928649368623608,-13.603228418766403
decay,232668.5962189912,98243.91003973165,1525686.6055586936,338425.9760841414,3.19532660094104,0.70598036906158,-17.675436472597642,0.4711553973913752,6.050326712394264,-1.6729846406148412,6.426615695573765,-12.891918040216337,-7.049552934609947,-50.96888662955111,0.6316009532852859,0.2721541688597568,1.6298898372026986,0.16409250410029777,-1.985238579111082,-0.4419313494614895,-0.5191299051889453,6.068255596971756,1.602252173044934,-5.696605179234172
