,Az,Ae,Kz,Ke,Cz,Ca,Ck,Ce,BAz,BAe,BKz,BKe,BΦZ,BΦE,Gz,Ge,∂Az/∂t (finite diff.),∂Ae/∂t (finite diff.),∂Kz/∂t (finite diff.),∂Ke/∂t (finite diff.),RGz,RKz,RGe,RKe
incipient,415170.26422725123,170208.71552217397,1845886.5902682822,611088.3356651065,7.326246878960844,2.0219582479004603,-12.791638843328714,1.2863377815449129,10.216624238512244,-1.1723022917591224,-19.531285782619282,-16.464724178198043,5.945099900605733,-36.98084872016326,-3.137231528211096,-2.433821787507088,-4.849617712151918,-0.25231504609505767,-26.406645219324997,-5.341160981399792,-5.718036823802858,-1.4099674723378408,0.18436677930851747,-2.954413428075376
intensification,223103.75871814493,130760.162214983,834184.4960454473,569278.0073981503,-0.437831549828374,1.116261151350727,-1.8843581402025857,3.095305475577175,2.4793201773438933,-1.2755649207261592,-13.58899369983152,5.582423037653077,23.434142829831565,29.406333755245026,-1.3125830681998099,1.511714035295822,-0.5409650036994704,-0.3225948834372438,-2.195097480839888,-0.1394871685738041,-2.3418555795210105,13.716085909022597,2.932014361515365,-10.701573822006642
mature,195202.67628209665,78468.73729821856,1158779.3371293307,405898.86284993833,-2.2957786198101706,0.12310435221102553,3.2142118952928804,1.9065997597079754,-2.1317796856194438,0.5275903315711616,-3.423341151765777,2.5849359731375996,32.889067539188396,53.45877086584725,-1.1710553742802934,1.1508737947296654,-0.1382528540813507,-0.2513195610564975,10.937449566109759,-3.5137679039399607,-0.17914743606105166,13.442357442392828,1.0045855148692904,-4.791091741492655
decay,245680.582120287,90890.31084426845,2002562.1748045706,261999.70557471795,-4.4245184436198715,-0.018445290163196043,-0.532136061039802,2.260331505912376,-3.834318462582287,2.42535095219847,7.630275239027772,-2.223209474668801,32.38266947378618,63.76015290153944,-2.241834504977164,1.6303245935681636,1.2397412339709135,0.654709974998489,10.380817878198295,-0.6211927246523895,0.6310959627701327,7.707197143830195,0.508135818875591,-1.1904508169357668
