,Az,Ae,Kz,Ke,Cz,Ca,Ck,Ce,BAz,BAe,BKz,BKe,BΦZ,BΦE,Gz,Ge,∂Az/∂t (finite diff.),∂Ae/∂t (finite diff.),∂Kz/∂t (finite diff.),∂Ke/∂t (finite diff.),RGz,RKz,RGe,RKe
intensification,364923.96307103283,94086.73475531634,2109188.741449097,252984.64379875595,-2.277020097041274,0.0374034666707617,0.8167959187243408,3.0928830648883565,-4.249270321209195,4.634100438005026,11.889673153908825,-3.204520166317893,180.0461392428628,250.89712398428907,0.253950993167239,-1.490435335424753,-1.8937399750082573,0.7613407920068113,-9.731551473048661,-1.430165217024744,0.11591371583042584,-20.161000448640554,-0.8172800477806199,-0.5017321968708671
decay,378005.92040640267,62521.37253700626,1421515.7799455447,159381.96338005352,0.7057909011801149,0.014138152989135115,0.28804207034967333,1.8095319979007773,-0.8338927889970267,1.5995793750904954,-3.025791055808371,-3.735210638185986,90.94325637822422,131.7216963046924,1.1368183607969042,0.4351789603666355,0.2532015225611711,-0.4918291690052778,-11.775855614519001,-1.0638204970951053,1.8070233657274477,-9.74389753024042,-0.2960146991841311,1.1499002135397776
residual,375120.9475275375,53317.63284447264,1001422.9924367864,142641.5079884135,-0.7514080213349417,0.0190673829496864,0.986510650969892,0.7500297116666401,-1.2970932286133567,0.4701957991280485,8.142310880245759,0.5635956591454521,33.554534255582475,49.926169162698805,-0.1547955564957465,1.6609792385101017,-0.1736075746103058,-0.3354222573638799,2.2516972852932047,0.5524233817975134,0.3911450156177957,-6.125716224587505,-0.0746557277749747,0.2253086619553131
