,Az,Ae,Kz,Ke,Cz,Ca,Ck,Ce,BAz,BAe,BKz,BKe,BΦZ,BΦE,Gz,Ge,∂Az/∂t (finite diff.),∂Ae/∂t (finite diff.),∂Kz/∂t (finite diff.),∂Ke/∂t (finite diff.),RGz,RKz,RGe,RKe
incipient,313782.80067231174,102640.38670091216,1186633.2262905603,285698.8865669313,1.5466053177919852,-0.5855410435865841,-1.3140780990379866,-0.6509717875212598,-3.369236564669816,2.1229179379941763,3.16514238907952,-2.803531240431457,-43.38905396694323,-28.345706683664165,0.25304275013981337,-0.4513273477282342,-0.6250934296253235,-0.5693121391176188,-1.4901422191001232,-1.7274922239956625,3.705207409249894,-4.887811826933642,-2.7576608210464704,0.412932704919068
intensification,741625.9592510544,63211.283553965484,2228695.993127349,195070.8071907117,3.4714015071388693,0.5658029810696729,-5.269305305003064,1.2889533595549403,3.9092155010103653,0.09786567512181213,-16.88400897516477,-0.7271153469089483,56.5215304002868,2.0426957042465803,0.8943832428441979,0.7486202102109817,0.6054842715810704,0.3356967409134734,3.4439686656928648,0.03754605679287636,0.7334732587792478,22.125881438721827,0.9609814442769286,-5.7935972608561785
mature,189993.60964883503,140860.78811726312,1290037.210294064,284520.85993982333,0.9947591430023291,0.49338041961080353,3.7873163796959233,3.0113628652390627,-1.4244030049841756,0.7184623112427915,10.815602379695978,2.018323000034092,-0.9532385281169995,-14.554105834347828,-0.08271451497706814,0.8553297968669578,-4.336712192805397,-1.055756642653822,-7.393155779217395,-0.21569308873724266,-1.4241696252080898,-22.990833681611623,0.7437634917316458,-1.458062574314474
decay,154164.49477775543,46908.397441992085,1506997.1630527198,213798.6613922832,-0.2852761284716992,0.21207962611255057,-5.578035854347929,0.4126563018365702,-0.4194690735652971,-0.25340886105309657,-6.432337963129593,-4.829388308867818,46.66784927124914,36.233374809422315,0.5760504369320686,0.20755328734579942,1.4184979406286184,-0.03161416983311014,6.4978717466898575,-0.1898044315929817,1.7647705118347667,18.79352169263907,0.4223713669440058,-1.3511082789096598
