,Az,Ae,Kz,Ke,Cz,Ca,Ck,Ce,BAz,BAe,BKz,BKe,BΦZ,BΦE,Gz,Ge,∂Az/∂t (finite diff.),∂Ae/∂t (finite diff.),∂Kz/∂t (finite diff.),∂Ke/∂t (finite diff.),RGz,RKz,RGe,RKe
intensification,325207.04024818673,91770.29483305522,2093916.818643591,152255.52774587923,0.078872898263667,0.32970216574200883,-0.8315250082782731,2.643495352400255,-0.24658494452252033,2.2583012196071572,-6.460714829007115,1.4736800166233224,59.02266546519432,60.132652125258,1.324466550997101,2.2063510336042227,1.2514587448892058,0.5375601668375232,10.203399804183338,0.6156829102191573,1.9066187534174022,17.416766743205056,0.5930521338886123,-4.333017467082693
