,Az,Ae,Kz,Ke,Cz,Ca,Ck,Ce,BAz,BAe,BKz,BKe,BΦZ,BΦE,Gz,Ge,∂Az/∂t (finite diff.),∂Ae/∂t (finite diff.),∂Kz/∂t (finite diff.),∂Ke/∂t (finite diff.),RGz,RKz,RGe,RKe
intensification,216596.14709185672,122335.14000688646,1427665.9397447468,308808.91562540224,-0.91509760854697,0.2987718557646981,-4.045907615404434,1.178889833548852,0.3146311880526942,0.8943530869303582,-8.548782715248665,7.543800526486744,-7.209827496167159,-73.45461631477478,-0.7066892828285705,-0.9500903930838974,-0.1943230816821395,0.45877429380985446,11.172917601552262,2.6476310105171272,-1.1252800225171056,24.68270554075233,0.44453918466365006,-10.120966964922903
mature,218501.87959106948,130749.03074865701,1819167.2067024251,394657.70630849304,-0.8398336206102962,0.023413061311854052,-3.6211636750931095,1.3209051762226611,-1.2930620629642542,-0.339485855991476,-15.231132906486994,1.3660019148227702,27.91563943504202,-6.30228001557944,-0.1593433117422816,0.26423496768105276,-0.23749948258850123,-0.5586262137949113,15.211287537574723,0.6678049269508753,0.23914202107731095,34.903417739765125,1.078351757107372,-5.640265839187666
decay,322591.3545382749,74674.76380191608,2884960.791555629,197191.9381327651,-1.3095054021453787,-0.09473362417180278,-1.795633141745579,0.15349380375325855,-1.745980504795429,-0.6679720573781467,-7.78734158253343,-3.1151771996807187,98.41799153441976,70.55502982885265,0.5104369771960545,0.55727734325079,1.3763837227043931,-0.47901223684800953,7.63064085656628,-2.0429945553730167,1.7181252011826413,18.523120982990665,0.4371872484551987,-0.876944301191136
