,Az,Ae,Kz,Ke,Cz,Ca,Ck,Ce,BAz,BAe,BKz,BKe,BΦZ,BΦE,Gz,Ge,∂Az/∂t (finite diff.),∂Ae/∂t (finite diff.),∂Kz/∂t (finite diff.),∂Ke/∂t (finite diff.),RGz,RKz,RGe,RKe
decay,759380.6205482234,146898.9573312804,4014970.4863824025,241980.57196242438,1.2236046385152923,1.6531495831423821,-0.12866725945454513,5.898891427735088,12.226074988240436,-1.2792842697803721,-3.346794999491203,-1.7997686344270512,81.35568733456405,67.9417924108354,-0.29077408794327847,2.087763255888853,3.0538564542695172,-0.7739804010047238,6.543017526879207,0.0459547351667605,-6.2954643123132445,8.794875147309666,4.751045713368354,-4.181835317595821
intensification,794245.3204496731,97109.97636862348,4155677.6971640303,207614.23484846973,5.493991076692585,1.1687494551439574,-0.07306667934357071,4.537901751805511,6.362375101507536,-0.19449744627874502,-18.02188000771069,0.5518790290320431,68.21761888652784,53.95868145648303,2.9756459231192536,2.2819472865200954,-0.6382162304355615,0.18794146651118618,2.90330327840117,0.5897844046767352,-0.33785080010655494,15.504258888762841,3.751591209451485,-4.57306305550439
mature,742938.5428219369,121205.44410038328,4341579.031304994,243797.39902377935,5.537654224262215,1.067577828256974,0.34472429062749504,7.078830120572133,7.413770550857886,-0.3040984116367721,-24.339175263260113,-0.10578216046679047,89.61100190404231,70.36787062402355,4.227197327340998,3.977791398579258,0.6201346373962499,-0.3112236520813488,5.085209086702757,-0.35235203297448514,-0.18840386094244752,23.54200583507316,6.004127051870582,-6.980675702452332
decay 2,856616.5676018761,61476.0227029691,4413178.641736248,164927.66636912743,5.121818951903255,0.5042958056224432,-0.6258661148235153,3.9514156847990036,3.7246552685360212,-1.2973981533320273,-15.288490870771819,-2.030394008659017,43.06375760218017,26.931863260023327,3.7288035344154418,2.9755314791698395,1.0066519507875717,-1.0521717885189612,-4.027904271385256,-1.7124555551081317,2.9081114397772483,6.76463376230682,3.692346243989627,-4.259343346071634
