,Az,Ae,Kz,Ke,Cz,Ca,Ck,Ce,BAz,BAe,BKz,BKe,BΦZ,BΦE,Gz,Ge,∂Az/∂t (finite diff.),∂Ae/∂t (finite diff.),∂Kz/∂t (finite diff.),∂Ke/∂t (finite diff.),RGz,RKz,RGe,RKe
intensification,342652.76616575994,358359.81609533774,1840013.6767027546,1304540.5176889773,-5.64880590965389,5.369045172469799,5.973947757927994,7.740214990358605,7.769405522465386,-10.236098338330631,-7.330781362321405,44.770558068891184,15.001816700248733,11.509799360805017,-1.6382563858200894,-0.43102960156171666,-1.6831637948937221,0.15502609528504596,7.382678385950333,3.41141244109848,-9.7323300545432,14.388317899997636,12.762294251504484,-43.12541286022332
mature,206025.40094384045,315934.1880597575,1597828.2612158877,1598089.958394127,-2.255415948752438,7.53240190176831,-53.24218200961154,2.137681133900567,15.285484481947389,-22.768571186733162,-4.153261068397514,-43.214494218166536,108.3336762272585,86.40379863421448,0.09383670652110945,-1.3828520941454652,0.00503132732276379,-0.8691564369285543,-9.923109452705862,3.765916372706216,-10.003467201608753,49.72774957405563,16.504693981936867,-8.39945255263935
decay,679461.273433665,163729.0703259757,3000901.301619608,677695.2410022271,1.2074931322047633,1.110748833525376,-24.156487035451594,0.2973698801547616,0.2758079026314784,-2.8081406252757333,-4.809686047922467,-21.301960996864892,29.783596379986573,-15.604416675821033,0.24913851899254635,-0.30738071961549973,1.1574991635289844,-0.24856921611195823,1.9080082712752493,-3.3364090307734906,3.199933226627647,29.66668822244455,1.7461924557931592,-6.488304949514952
