,Az,Ae,Kz,Ke,Cz,Ca,Ck,Ce,BAz,BAe,BKz,BKe,BΦZ,BΦE,Gz,Ge,∂Az/∂t (finite diff.),∂Ae/∂t (finite diff.),∂Kz/∂t (finite diff.),∂Ke/∂t (finite diff.),RGz,RKz,RGe,RKe
incipient,274891.7137752818,108047.12433042037,1038133.6317623353,210565.20366509704,-0.5614255832154913,0.5631841956767051,0.6836754501165516,2.842349152037491,2.4634081761804554,0.5881193217848804,7.413424087222042,-0.028307612025647688,-8.879051180235733,-18.228235240915797,0.0631202459451774,-0.9981605245942484,1.3893434874216917,-1.248872263864318,-2.8629615384046394,-0.32215731567660133,-1.07230607629755,-10.398635492527742,0.4421733707115877,-2.4525234055718927
intensification,222756.37059172522,82356.86275621864,886735.9965919467,240731.39875647845,-1.764543134713199,0.4868018949313018,1.246907582992159,3.1830665735220545,1.553814352572078,-1.045615312998573,3.185373488188555,2.408522296548539,-0.6724529159303643,-4.595936079839147,-1.7466220477217078,1.8502797409803953,-2.1299240455899744,-0.24347784116731822,-3.035132562455525,0.7897736788981174,-4.96147963794395,-5.70287049892304,3.498402150422008,-3.554907608180318
mature,119409.82747393382,58841.116767913765,706814.311838448,305084.3552196745,-0.18005219605814804,0.061450283382103295,1.6700611609116878,1.1511290288475935,0.30435070355293725,-0.3275294758699318,-0.7771101882689244,7.038467354882762,9.146209396688402,10.679054925747783,-0.6925785399581712,0.30270274028575694,-0.9971333653918998,-0.5731979286284296,-1.9413259782457495,2.73467118259099,-1.4200859816208817,-2.654224754830365,0.8440102927069922,-3.7848640402276765
decay,140983.0519473629,64108.34552230595,867480.3296947833,289540.68103014026,-1.8286475898599697,-0.0919891968169514,0.289514483328041,-0.07718639426072613,0.6194573007346139,0.4430592287139665,14.332125432073967,1.2575515695901613,-5.852556072716962,3.232143907142091,-0.28748011444064736,0.10776918311604385,0.9633491983180473,0.11210927867176489,2.5738622436232164,-1.5633944458829754,-1.5767448890934874,-10.219130081918822,-0.31614714748597633,-2.4542451378843704
