,Az,Ae,Kz,Ke,Cz,Ca,Ck,Ce,BAz,BAe,BKz,BKe,BΦZ,BΦE,Gz,Ge,∂Az/∂t (finite diff.),∂Ae/∂t (finite diff.),∂Kz/∂t (finite diff.),∂Ke/∂t (finite diff.),RGz,RKz,RGe,RKe
incipient,787710.027095359,325047.14990109287,5918418.714794024,303356.09229208715,-3.694996336407023,1.2432469262868768,-3.366854105504224,2.365644279915128,-7.147500501582253,11.02508137096842,17.15202086115051,-4.242872551801852,404.704824080382,351.2941207509749,-1.647011395795149,-6.36586053711869,-5.150164693831466,4.721972399136451,3.3660755418011643,2.4817501386101584,-0.4544136023693603,-6.7240948774381,-5.180711618203716,0.9921243049926582
intensification,719557.1099915284,308550.8654822405,5817167.200581732,410493.5499435127,-3.0893702233679536,1.816804516135184,-13.03396176234441,6.808635109109133,-4.326673529955262,4.2811632753999875,10.014181636474524,-4.656239929048879,394.18243732441266,306.524762544163,-0.5216649265335308,1.2960735113921873,-0.1556163121796002,-2.1112211487245003,-4.861878028548097,1.410163416115896,2.8984915105428932,1.247272320689742,-1.4005538311505392,-13.776193526288766
mature,735073.1995866679,201086.355767656,5494492.080230324,379896.9320272044,1.3374388332553246,1.260841918464191,-18.698358809643793,3.9547196289855315,2.9731736281284027,0.34341106087071954,-29.94272110825421,-5.061699315202588,376.42834271375295,248.8949629130542,-1.1991749493335206,-0.8628130871419916,-1.589081048913334,-0.9947708061127102,-10.258396540476847,-2.024508955753217,-1.9639739253222213,37.04524454416583,1.3556958435379107,-19.61588807917995
decay,821692.2162992846,145052.53354467783,4706246.499359048,311812.26632265875,11.900586393750237,0.8138292887917004,-14.721280042196637,2.9112222550469773,10.578680603154655,-0.24845350029450994,-68.47732136771879,-10.140926776832785,338.98635424570745,233.94180369273977,1.7821573948856926,0.8396676882364519,3.6036961586969714,-0.16674772940381277,-6.8969019836633025,-0.4903903754430115,5.739431238084252,64.40111303250188,2.179098737145974,-7.981965895853839
