,Az,Ae,Kz,Ke,Cz,Ca,Ck,Ce,BAz,BAe,BKz,BKe,BΦZ,BΦE,Gz,Ge,∂Az/∂t (finite diff.),∂Ae/∂t (finite diff.),∂Kz/∂t (finite diff.),∂Ke/∂t (finite diff.),RGz,RKz,RGe,RKe
decay,560207.9592061443,22069.68524252051,2224474.277908571,118311.88163248329,5.2938314264074835,0.06644154186474573,-1.8132205446733947,0.6732079572637502,3.1941496405797394,0.07328191848693888,-55.34346914901078,-3.076112148185858,32.37696071609475,36.72685565175839,1.5475278980803588,0.29240851133769885,1.4541029481546708,-0.11333292566659038,3.8674727953297725,-0.1741091062290746,3.6202262758471613,55.73033106260646,0.42015157124547503,0.4155745400196384
intensification,653625.1970119402,18351.78731208121,2295365.5524374265,111292.62277380326,11.6185477112907,0.1644187104844096,-1.848880050304492,0.8989867151482467,1.2687882946149127,-0.2864919332993254,-51.347414637030965,-1.9851385146631375,20.54248736535936,20.82582247130952,7.09832975345874,0.665100390117475,-0.520540115619698,-0.1161799070848814,0.6154436708289345,0.0538680402635233,9.9936380115405,42.19319064687369,0.904880030878281,-0.7088602105260777
decay 2,532416.5305630887,16712.443721296535,2423952.6756738513,109788.3809434749,8.808420859922869,0.15670027264284148,-0.5680795498349128,0.8617623723097453,-2.916787550471505,-0.06893115988353019,-45.82860817204983,-0.961916123022235,46.89524620140205,50.231715492167574,5.852744354761281,0.7233068915326438,-3.908381757563902,0.004291105552552403,4.759619410255383,-0.043313716496981416,7.973526925473313,42.34788627221726,0.7782843651029863,-0.5112395156194046
intensification 2,514449.9970652065,16206.073066682859,2889316.540211711,104289.90149301506,5.2163072893138995,-0.01667900424810417,-0.16153645439660935,0.3303126794522942,-3.409920909077316,0.03332345582491167,-54.570680632375435,-0.05387519059178996,62.56293633600654,62.1320919641166,4.1385400055919925,0.6677102180105159,2.4422117791487783,-0.1069493182700813,20.119189048821724,-0.42266595156089837,11.051760973291891,69.63509884627987,0.20671890960540532,-0.860639894818012
