,Az,Ae,Kz,Ke,Cz,Ca,Ck,Ce,BAz,BAe,BKz,BKe,BΦZ,BΦE,Gz,Ge,∂Az/∂t (finite diff.),∂Ae/∂t (finite diff.),∂Kz/∂t (finite diff.),∂Ke/∂t (finite diff.),RGz,RKz,RGe,RKe
intensification,342993.16417509154,402324.0729691554,2075126.9338218467,456689.4371376375,5.4632652787922975,1.144655835627892,-2.63727407749693,5.312501595563661,6.114199037820708,6.34081805243461,14.341499183285752,2.7069833303857895,107.13863518202365,101.4922769600978,3.2937813193532097,-2.920130966596437,-0.9609765331147817,-6.60408337169601,-22.748070329060855,1.31347168574824,-0.46725445651529984,-39.91556071364198,-8.77705566419485,-9.343287317698142
mature,169447.05656811708,166048.96843988812,785447.5419209196,766242.3394709803,1.8674870067399405,1.1431129014743713,-19.754490494933822,2.7673596937302887,1.3063637013425202,-2.3891800819415856,4.425852180998295,-17.55392586144916,49.72748485940851,20.343060785968113,0.49533256945097714,-0.2920634536440331,-4.28406250325123,0.5000359294559719,-5.452869552393239,5.0162640561593745,-2.579826296379438,8.008281754802345,4.513462803653475,0.048339728944420145
decay,190442.06186163527,70951.52548879667,1416123.6973190082,330506.9352862911,-0.4863298296772307,0.043454212896724,-1.3611772637910533,0.135098564261011,-1.5818698475919404,-0.03247484509095244,-17.358780537122975,-2.602583986642496,52.86643969698811,33.2458236061977,-0.3495656270416628,-0.13975446868948063,1.7767873956097513,-0.33742979351017083,10.453373718471441,-2.049013235842001,2.915781626421185,29.659661349062695,-0.21331059705493122,-0.9427050772515689
