,Az,Ae,Kz,Ke,Cz,Ca,Ck,Ce,BAz,BAe,BKz,BKe,BΦZ,BΦE,Gz,Ge,∂Az/∂t (finite diff.),∂Ae/∂t (finite diff.),∂Kz/∂t (finite diff.),∂Ke/∂t (finite diff.),RGz,RKz,RGe,RKe
decay,473802.38972851605,64350.722798848925,1265537.358519608,120409.87077262971,5.717985431638996,0.013861135781154924,-1.1741826389294832,-0.15811036240223253,5.236983982588886,0.1668093721595066,2.521240421908481,-1.694967532006447,-54.87541575509856,-70.83555951641759,0.5986465565677561,0.037658132340473265,-2.891515444772457,0.12168543862739771,-10.030775262378333,0.686349275548638,-2.3966528599411934,-17.095818476996328,-0.21709543171549628,1.3652445310278345
