,Az,Ae,Kz,Ke,Cz,Ca,Ck,Ce,BAz,BAe,BKz,BKe,BΦZ,BΦE,Gz,Ge,∂Az/∂t (finite diff.),∂Ae/∂t (finite diff.),∂Kz/∂t (finite diff.),∂Ke/∂t (finite diff.),RGz,RKz,RGe,RKe
intensification,426021.4093696,81963.02749083098,1528088.5666726269,285415.742859393,9.208152258906178,0.8857718374474354,-2.071113397079023,6.389678562283447,2.8943337462026606,1.4494599985315755,-14.055691600852844,-3.0206600078035146,35.59659450845772,28.931442722043318,6.141044426016963,2.683494184335682,-4.533554365978269,-0.2220124641985785,-3.2115677940783747,0.21630816095156055,2.666035984172683,3.707084944947316,3.8324342621058576,-5.223823790607395
decay,295269.73037465214,102349.21874715209,1190476.5159303613,194494.47809514,3.728177844455343,0.42676035810493174,-1.0855527752822465,3.0495140117290966,1.6097791727607866,1.327800654158549,-14.773989204890443,-1.801203202436638,40.47006720252718,34.02477903127709,2.1896599919601165,1.7546194455708515,-0.7346486633923618,0.49114397784818736,-3.244955074483125,-0.22037190910445836,1.8105103664071265,8.88640906123422,1.7860969773138031,-2.5542354936791627
