,Az,Ae,Kz,Ke,Cz,Ca,Ck,Ce,BAz,BAe,BKz,BKe,BΦZ,BΦE,Gz,Ge,∂Az/∂t (finite diff.),∂Ae/∂t (finite diff.),∂Kz/∂t (finite diff.),∂Ke/∂t (finite diff.),RGz,RKz,RGe,RKe
incipient,410184.6494164371,42170.35404761199,1276250.8697302823,93250.69589884196,6.486957983022906,0.0899542886293543,0.2215182720590808,0.2286767926143891,3.1247193043553656,-0.0844995639021128,-8.653555581925321,-0.4368803679344651,8.771356748219262,0.6286168530285732,3.563275574046025,-1.1446640061314597,3.672792250658757,0.2383525350735302,4.092670146712702,0.2005561656440881,7.124985217955651,6.037749473556036,0.4615746029606778,0.6302780130232449
intensification,499005.3835472143,43831.722618640466,1363048.791022129,105172.2420652045,12.568839733463983,0.06107628956655783,-0.14065237689861604,1.2957104335435619,4.34812645615945,0.11881728327000696,-21.459604708927827,-1.7550505874576348,-22.60489083464252,-38.10754217066352,6.6186894095406945,1.1273360501462657,0.13202896734680894,-0.002008585451699098,-1.237060373917517,0.4778895213173205,8.4138185342179,7.7943569784449425,1.113808275255298,0.7965772983327774
mature,425729.6882035213,49801.84204595095,1073372.6996703702,155242.0802936022,9.597973700131359,-0.010319639330885401,-3.0862029984301143,1.077728614558604,2.7562167603737784,-0.43794838623099835,-14.657716517522907,-1.466225320627252,-46.10120705557311,-57.98159426869938,3.1328870173557273,1.49940734719686,-1.639962466613921,0.31403974609478613,-7.169610232820464,1.225072633877998,5.191474833812775,0.9763355830012013,1.840036386215274,-1.4726336584834678
decay,234548.82408526543,127153.23138531607,623799.0316004162,203131.49256224532,3.9700429562489066,0.03634873681277669,-0.4996890569544378,-0.4184408235311334,0.8953992957787595,0.9448287004200115,0.8513421172767186,0.21970145698243798,-26.279569504864835,-20.78378068141052,-0.13323859608412747,-0.277496773464156,-1.700597884763877,0.7654242015847021,-1.2019051111370915,0.338755626005329,1.4103945125190467,-5.52360112770828,-0.6341940591792192,0.0378059355995866
