,Az,Ae,Kz,Ke,Cz,Ca,Ck,Ce,BAz,BAe,BKz,BKe,BΦZ,BΦE,Gz,Ge,∂Az/∂t (finite diff.),∂Ae/∂t (finite diff.),∂Kz/∂t (finite diff.),∂Ke/∂t (finite diff.),RGz,RKz,RGe,RKe
intensification,364723.01643969386,68839.5024614699,2491216.9534849008,244468.40219980569,1.4855952682909523,-0.1390887370631468,-3.860077608512516,-0.46829880785287825,-1.1253541903498747,1.4005188435802722,-0.20149891578676232,2.3721924246714665,23.482359806525768,18.84994476311183,0.5282668590925659,-0.2016053979580383,0.9422900506597648,0.06950912523670578,-0.6036520965539115,1.5428544586814348,3.414150772237445,1.9723291594544117,-1.6602197891332975,-4.221116766649669
residual,421997.2701471999,148920.82906253246,1849136.3849031024,882682.3027736524,9.583727005944118,0.7402158019182886,-38.95945786831352,-1.491602572254262,0.9464758786443216,-0.7679318370206369,11.297798517860373,-13.660820951195149,-3.312749348771414,-21.890353843734864,1.6944103886202626,0.8910743358490318,0.598128100006267,2.2501119756649817,-3.6291884495920756,8.11074905567514,9.975595029224351,14.448743894916953,0.786225438513068,-15.69628528918897
