,Az,Ae,Kz,Ke,Cz,Ca,Ck,Ce,BAz,BAe,BKz,BKe,BΦZ,BΦE,Gz,Ge,∂Az/∂t (finite diff.),∂Ae/∂t (finite diff.),∂Kz/∂t (finite diff.),∂Ke/∂t (finite diff.),RGz,RKz,RGe,RKe
incipient,721321.9698842646,202800.68025735405,4000713.889073008,385162.93086235,-9.024451293278977,2.5077066397721977,-3.424974420277667,12.889025557653868,-0.2681696329527102,4.998652533375615,-26.87147458741281,-3.1830968177719647,189.84745088518676,176.31790134286405,-3.3251868592912417,5.892654354322477,-4.167134723758417,1.007668105521509,20.53838251067192,0.2888481014482107,-10.415709744312489,59.85928281164138,6.390334490027566,-12.842055058711361
intensification,522851.8900778916,255249.48419635132,4189710.3120062905,473217.31435270404,-7.669614160410727,2.262704965239913,-6.910721793985415,12.828100260180056,-4.583645387588222,4.627581839768738,1.6431951240260767,-4.608679045849696,187.81490959550078,167.7948042767435,-0.619625548985843,6.22997955887254,-3.114245007092606,-0.2960041245637176,-3.27180609218969,1.380535324449589,-3.9375088146751964,9.665334738180373,5.641809330607688,-13.749607683866186
mature,427525.6098617227,168614.70637790253,3810258.3621092387,460459.5516132138,-3.0448967044581123,2.1788508919288923,-8.112462580799091,10.032427923575094,-2.9824109502878655,-0.47977213876950237,-14.401472208133066,-4.361109870157942,128.31885821366643,75.86991658935429,-0.8192014294226744,5.299778988747241,-0.437747521158544,-1.184354887922223,-14.638179728050988,-2.2026544028248303,1.678617616600101,10.920651765339281,7.148994282493483,-15.986435037041076
decay,293103.05704500445,158847.9918921994,2928955.102748122,605884.4134614674,-2.361317550075732,2.3494932870160725,-12.67805135265588,6.00029734876801,1.4705415359609952,-3.5954188369368367,-9.087553604567963,1.830963432700559,123.71324590969296,97.76404269648205,-1.3395936513018463,1.7913230797167354,-2.9445452193794233,-0.06820390480087471,-19.87870379238432,2.482096010532343,-4.426911018400078,4.248218714915256,7.178018993887901,-18.02721612359211
