,Az,Ae,Kz,Ke,Cz,Ca,Ck,Ce,BAz,BAe,BKz,BKe,BΦZ,BΦE,Gz,Ge,∂Az/∂t (finite diff.),∂Ae/∂t (finite diff.),∂Kz/∂t (finite diff.),∂Ke/∂t (finite diff.),RGz,RKz,RGe,RKe
incipient,682705.6934998694,110664.30193867651,1737676.4415121747,296656.25617353234,-2.7786641805371746,-1.346013406859586,0.5945868161634852,-2.6885132199036375,-1.3731859492179217,2.064199020506166,24.793693374597247,1.9688899094127932,-61.90768479715339,-69.3404294042807,-1.109602318029846,-0.9831676740504307,5.168087214367846,-0.07251294637675751,3.4227866489563294,3.2553778805620444,2.4165955761890063,-19.18682936126723,-3.479211779926975,4.569588007216374
intensification,624708.3095066883,162934.46056022085,2557191.716510145,567569.6587501538,-0.9334711406728591,1.0169317527781159,0.7969369601105163,4.884328585813633,6.549479297011435,2.066498113200544,11.32746924028426,11.783367856660854,42.103309728777774,44.240302352655554,-1.167307556419963,3.4240074874037183,-1.6919768869697813,1.0180158896916904,7.463478433777762,-0.1652497637743582,-8.157995571875961,-3.727456625944155,2.8189146095266637,-16.03600924613833
mature,331954.7451330032,212475.62574870512,2801393.729498128,464939.7241309679,1.5181714984158443,1.383414004010689,-22.978222378771598,2.769196219514,3.5325080789427217,-0.9630076142711964,36.49439555895887,-10.194136792627067,104.01936768450892,75.76541661930364,0.27123877611928193,-0.41747297341642087,-0.6782015959343268,-2.0414251873070084,-10.494475407959401,2.7053342942263567,-1.3091241724505154,-25.528820086562515,0.3073646424674985,-12.847947511432176
decay,448790.7841184307,75167.59071939874,2677560.4597157207,386920.5556541971,0.9366109533440701,0.9901106010772746,-15.806654971621189,0.8780911514262846,3.5331804720755593,-2.561556128176865,6.749559744939613,-11.107779203824066,46.851178515652755,17.49584603813991,-0.411885131225884,-0.15402019984567103,1.8677370766130008,-0.347530670045946,3.0087256038663854,-1.4578294841712656,0.26127815895878725,11.129209877203888,2.1020060084799286,-7.0347964033946715
