,Az,Ae,Kz,Ke,Cz,Ca,Ck,Ce,BAz,BAe,BKz,BKe,BΦZ,BΦE,Gz,Ge,∂Az/∂t (finite diff.),∂Ae/∂t (finite diff.),∂Kz/∂t (finite diff.),∂Ke/∂t (finite diff.),RGz,RKz,RGe,RKe
incipient,443427.3153706699,188289.18229224888,1703337.6383165005,270821.93654991663,-0.7458755461538275,-0.927490785810366,-3.5029090350680585,0.7789302732790356,-2.95162561511302,-0.26682661424657483,-7.777801086065891,4.00075549197148,-51.680432839387336,47.553326045789746,-2.6149934789513036,-5.256428020640929,-2.6000697275032754,-2.9312783106824805,-3.4109306096976266,2.905372647522074,-1.3218104443544483,8.61565505759015,-0.9580306373465044,-5.3772221527965
intensification,612726.8917666944,121958.68128683002,2814435.765326554,311138.9627334023,4.012877515697151,1.185878689308608,-4.159316190668423,4.277300254436219,5.1663277749485985,-0.24632563334332092,-38.26252289821631,5.847649245139111,84.0950677338722,94.99735059078405,1.0066357682548372,2.1782961492752166,-0.5804892284465931,0.3039139525515692,0.9198505261398062,0.372295098942333,-0.5480607983894309,39.328812099327386,3.6416611510225008,-13.911970591301419
mature,204714.28371544255,225359.18522171164,1581234.1409733968,352276.7027248514,1.5229152930033756,1.4670540625566175,-1.6400495260111505,7.615206784334075,-4.347383599717255,6.794680668477125,1.327402561909577,0.9571330042066757,118.98765538648179,122.77754155043789,0.9683676308386873,3.961766631798186,-5.946891809356192,0.906767719431155,-19.675190364370234,-2.1212278651129566,1.390461145921057,-20.88545869327203,0.26023977273148863,-12.333617179664861
decay,82367.18796418028,310559.33802830253,1225044.222573324,236873.5398561373,0.57666391295916,-0.06718132524491036,4.346824711185109,4.643280794868345,2.3827062652849915,5.679481105480031,6.897537401025624,1.8517239208760286,35.38920893032163,34.25956859365253,0.44509517167169704,3.4262478421354823,1.4104745526605407,1.3288610235217009,-3.292958871622365,-2.7338712078745737,-0.4627491249102016,-15.11398489679226,0.35984203815492594,-4.882051212433839
