,Az,Ae,Kz,Ke,Cz,Ca,Ck,Ce,BAz,BAe,BKz,BKe,BΦZ,BΦE,Gz,Ge,∂Az/∂t (finite diff.),∂Ae/∂t (finite diff.),∂Kz/∂t (finite diff.),∂Ke/∂t (finite diff.),RGz,RKz,RGe,RKe
incipient,90322.01543845909,379048.35366203764,1986146.60743086,375768.1307647497,0.463017941918353,-0.6905260429285113,-1.0099914588124037,-0.6907201808010766,-0.23633320387713447,8.703812679091701,10.180551096329411,-3.1681717240319376,107.35230657150919,129.5728017568236,0.5540743945801601,-3.5475444889986716,0.12535581192228332,7.162868060653605,2.5154843808857335,0.9297466992918945,0.13418091478925956,-7.118093198549628,-1.5411387563106622,3.7786471453125055
intensification,137609.22900755145,298734.31066908216,1755289.8920122962,472498.2534503201,-1.632873827969899,-0.10848324233633873,2.6095384922385025,5.150639167769267,-1.9295425887248048,1.9423890447029992,-3.9539862345404493,1.8630814812868113,86.9802028396132,103.3015692860548,0.309135587055755,1.398881520760648,0.19000816692835673,-2.4453787324202385,-4.41183878682018,1.990891960381811,0.37819368534692305,-1.4345172165483335,0.8713546329823684,-2.413290196435765
mature,127368.10908682429,136296.76166274858,1365950.378907747,670341.7056040798,-2.9772327622653965,-0.3069278304233924,12.337032916595025,1.9136855916897897,-2.657460896780883,3.3671025448706375,-2.6081309288993255,2.4066974978760762,1.3806657991808962,14.502261898453803,0.39226314567573767,0.8581535548568087,0.9566641950955299,0.3230835052840025,-0.1339588956940836,-0.18618503770750583,0.3299644991876238,-6.885628121124384,-0.8234056174734532,7.830464789321651
decay,322417.70155864116,82731.35839331384,1769879.4871423943,284287.4811766801,-0.276100236087786,-0.32126406383826156,5.967468547593916,-0.18404412406815598,2.201370715665055,1.1391679501502374,1.946626518344685,1.1374634955810405,14.786249345030573,7.118989301768017,0.2619367958575903,0.38000819005202335,2.2496731785974435,-0.3673476246949675,6.206634619825988,-2.0978843495666446,-0.5490618369936592,-1.4313602100248266,-1.3692956350750995,2.9161648265143874
