,Az,Ae,Kz,Ke,Cz,Ca,Ck,Ce,BAz,BAe,BKz,BKe,BΦZ,BΦE,Gz,Ge,∂Az/∂t (finite diff.),∂Ae/∂t (finite diff.),∂Kz/∂t (finite diff.),∂Ke/∂t (finite diff.),RGz,RKz,RGe,RKe
intensification,836752.8943053349,106761.99910848394,3945451.8539189543,247138.49021088507,-2.419841631795051,-0.48122801555179334,-4.4067921257924185,0.33957818027047254,-1.0168547425623933,1.207712335466798,2.0179767888423967,-3.8861648464269685,63.960141706110086,68.82900874455488,-0.18102548916377495,-0.24467502307791325,3.670671502632055,-1.2191605013540556,10.33480071322429,0.28129900548180725,1.7864565978476037,15.143457681969364,-1.6060666409985875,-0.5789064541541165
decay,1045291.5009172476,91653.42335204723,4307680.258979667,287052.9642960056,9.162617865520053,0.10932702532685082,-7.7953762442982875,-1.4653379181630728,6.03370210110292,-2.1785443345972055,-22.163321626224196,1.7503644065612023,24.100086201078582,-56.32563615740981,4.677745051403084,1.0383422143814596,0.5537778255463894,0.7830312542640756,5.159346349902766,2.2045398816543553,3.7920206152903737,25.9554263549052,1.3869106453713578,-5.875862851042062
