,Az,Ae,Kz,Ke,Cz,Ca,Ck,Ce,BAz,BAe,BKz,BKe,BΦZ,BΦE,Gz,Ge,∂Az/∂t (finite diff.),∂Ae/∂t (finite diff.),∂Kz/∂t (finite diff.),∂Ke/∂t (finite diff.),RGz,RKz,RGe,RKe
intensification,262993.23113930103,508298.6503714197,3204106.5120586646,757662.1073209727,-1.7864057337685035,2.191821787351645,5.915726126134312,27.51046051259557,11.309343241567916,13.974523597180578,-70.11472293697051,15.324603312498123,228.86842050470895,228.74027879209237,-1.501581263281916,5.323871744286932,1.3400707920628203,2.5453501085916868,3.399227504371406,5.148357515545633,-9.563856395921954,69.3846300489761,13.889465236655038,-31.77098018341375
decay,187287.67438883893,583148.8840381537,4180304.5941634425,641483.521336645,1.5508123609558189,2.05094043535183,8.234514613970822,20.089634624496146,11.67405296036024,6.625441672027352,-77.84137214688818,5.369019888995993,350.63146921131437,358.57150140945595,1.2950538427129297,13.273533154635704,-1.2799796088342752,0.015016111960067389,28.046842553444574,-6.015456313247512,-9.352279772886865,96.10288772540612,11.428268629077033,-23.239596212768834
