,Az,Ae,Kz,Ke,Cz,Ca,Ck,Ce,BAz,BAe,BKz,BKe,BΦZ,BΦE,Gz,Ge,∂Az/∂t (finite diff.),∂Ae/∂t (finite diff.),∂Kz/∂t (finite diff.),∂Ke/∂t (finite diff.),RGz,RKz,RGe,RKe
incipient,585252.3044591127,139143.2901891691,1981651.94183149,129866.8252663839,1.4849421307530897,0.4702495054010704,-0.893401415445115,2.27845715319217,1.4176535243154265,3.8135535476971527,2.0531779835227026,-1.4531064082851628,64.10225606715142,39.91867884910982,-0.2547224733848853,0.4500912397843157,-2.5282759806681367,1.8146045978218595,7.227571194595043,1.3262203901153007,-1.990737868829403,4.5828524957643655,-0.19074130208419335,-0.3925317702368217
intensification,428845.08196729736,323891.2480626213,2216678.624035859,392373.0444049169,0.7458025843136888,2.5819117414137462,-6.161398838251663,7.233812982432361,4.793187787409192,1.2410017416677852,-0.07905902240246852,-1.9211707075944602,47.62959900743178,19.278342069790913,0.5249788443058855,2.835195331157738,-1.290158846953804,1.655563212202619,1.1717087442025134,4.546035474361305,-2.755632308635562,6.666364020542956,5.0664627115534495,-6.92800563872826
mature,370482.97452935873,331200.8544866355,2287665.425590171,718849.0903481325,0.49985218313430785,2.2037009785740067,2.2609638365937097,9.604373872427427,2.584732171835816,-1.4195273600864333,-2.3557835789751587,3.3202632269892685,-6.238443996044205,-19.349159700061097,1.6725048429847487,2.3592322203923706,-1.311143794860512,-2.4080545871750054,1.4055533825000532,0.6855329081716977,-1.1923228049880141,1.000520941747194,6.4121456667648475,-9.978140354651288
decay,254107.7140251367,238920.21040009102,2219996.2474160176,625273.5799277411,-3.5113533523332507,-0.040355963484912924,17.55974821659019,7.5403634339168475,-6.0376862215245115,1.850718674728619,-19.97460956946039,14.36980664680237,-48.63194244627366,-53.67069254440942,0.6982969563140147,3.9822512297832473,-1.0609448303334694,-1.096972671111549,4.43557710540202,-3.2967328022401476,1.425032075372879,10.361791810605473,4.633028051561591,-7.647154666369171
