,Az,Ae,Kz,Ke,Cz,Ca,Ck,Ce,BAz,BAe,BKz,BKe,BΦZ,BΦE,Gz,Ge,∂Az/∂t (finite diff.),∂Ae/∂t (finite diff.),∂Kz/∂t (finite diff.),∂Ke/∂t (finite diff.),RGz,RKz,RGe,RKe
incipient,635144.7767712779,32901.60178270535,2844734.4869441027,138032.17515740584,1.5354226711742704e-07,0.3561046058644053,-2.65521863235375,0.0,11.3485533502754,-0.45514975526278284,-106.36575235547242,10.099831117838415,-73.64108202497592,-165.35480225939526,1.519695816058512,-1.881838157543662,-3.221289563154194,0.17733124827201188,-2.8109965809364583,4.222053442248819,-14.213738154022922,106.20997425334744,0.27637639767038946,-8.532996307943346
intensification,226406.95412059952,17572.382215887286,3086351.1841022903,181103.37136488108,1.5809849380545915e-07,0.23730511099797924,-3.742962571850539,9.418145125403621e-11,7.867924898286946,-0.5750845718759334,-101.60556215845567,5.843004118573813,-65.41943120435049,-130.58869105252464,-6.147678206048721,-0.4871705564711529,-7.0166663123518385,-0.4178078320592904,6.029313413682106,0.5454953146431334,-14.64728594154231,111.37783798588983,-0.08002837108715481,-9.040471375875399
mature,0.0032128023078995,4.752665215700492e-06,3413627.856817064,219763.55637609496,1.40393204557499e-07,-1.761219212196101e-21,-3.81977577632375,3.7672583495567595e-10,3.9748427045382556e-10,-3.5368328922729256e-13,-106.45646959389364,1.8057045699792222,-1.128285274424666,-53.20486075201593,1.3287162238753097e-07,-1.8044208730901985e-19,1.2761801079736457e-08,1.2612090434784707e-17,5.700623045953205,1.3607245870571374,1.5275752136677983e-07,115.9768682757774,3.7707953085875485e-10,-4.264755759622561
decay,0.00434869024283868,4.752666020949219e-06,3834937.508346811,273226.89366966794,1.812286549152135e-07,1.748651080534892e-18,-2.552684207327008,2.0093296578099837e-10,-1.132647253651765e-09,-1.7405556116344683e-12,-92.81820260957755,3.3338246541892302,86.52812754973895,27.03476035375676,1.7962612302910187e-07,7.705515936733038e-11,-1.5402170403331496e-08,2.1640190279590413e-17,14.690365921287878,0.556887125471218,1.6695913176728244e-07,110.06125255696377,2.0267354128417206e-10,-5.3296217362459535
