,Az,Ae,Kz,Ke,Cz,Ca,Ck,Ce,BAz,BAe,BKz,BKe,BΦZ,BΦE,Gz,Ge,∂Az/∂t (finite diff.),∂Ae/∂t (finite diff.),∂Kz/∂t (finite diff.),∂Ke/∂t (finite diff.),RGz,RKz,RGe,RKe
incipient,222635.56147430427,61601.11423966952,623913.3994699526,223135.39201538524,3.668241842190012,0.35640524146432895,-1.9824485626795658,1.2456226471153857,1.0802814899636515,-0.42431662289774374,-3.9700449699924074,-1.7543383922529912,1.696081652288532,-5.959267610391148,2.295098527748312,0.7226572211935411,-1.336039828107586,0.4499384549542558,4.132248719545263,-1.0683242311978196,1.608325765583103,6.416500410027224,1.7634724835030562,-2.5420570487397796
intensification,208789.41354612273,72182.96764374868,631981.9615663339,244614.0929030212,1.6682731821160977,0.43552351294950503,-2.0475114253356965,2.041752640828643,0.8413138029801677,-0.762048374196217,-3.1984112991573563,-2.2358252724138,3.7569040590042655,-3.4402497876855085,1.5545480327676995,1.722418955441182,-0.2844591393732884,0.08490193326020175,0.012342987295129207,0.18673594401899163,0.9780237527121464,3.589992529672084,2.4531794353355565,-1.666702849731548
mature,168904.27240454493,65139.39678645051,607912.2241862179,212437.7462705445,2.6662847205481035,0.1083439135745754,-2.7889097616808933,0.8009523042418623,1.1598377038025738,-1.1178909076868058,-3.4309824032329086,-2.089553408095895,4.0383687941414435,-6.262768998789336,1.237476956913053,1.0915737975069089,-0.8074908897501771,-0.3917577143704559,-2.0246843044159983,-0.7863825478440133,0.8073000405699277,1.5289231399496996,1.4187415839836366,-2.2866912056708735
decay,98090.23027079293,65242.088199626276,524636.7650553578,144831.09358830596,0.5065161467867472,-0.019310080484141196,0.3057640500096411,-0.4238197192864019,0.1858456055616036,0.11695651176666247,1.5727025629278748,1.35221852740989,-3.7855790515192433,1.731943659777847,0.30823971947790474,-0.14231491520545356,0.14683801037711475,0.18410865078641953,2.68122316724121,0.08145560865012899,0.4481984711181171,0.29624040751694736,-0.3373574997825035,-0.5411791494637179
