,Az,Ae,Kz,Ke,Cz,Ca,Ck,Ce,BAz,BAe,BKz,BKe,BΦZ,BΦE,Gz,Ge,∂Az/∂t (finite diff.),∂Ae/∂t (finite diff.),∂Kz/∂t (finite diff.),∂Ke/∂t (finite diff.),RGz,RKz,RGe,RKe
incipient,1198215.0735228716,68629.00872863331,3623500.2986035473,185483.91701328076,-2.5287277275158777,-0.4001477584925947,-2.3993267794675623,0.4403174610308094,6.2114243038896,1.4957808575036065,-7.697040587284482,3.666790480508503,-130.04686957617326,-125.30941734582936,-4.445672166424005,-0.34614958108099436,2.2572618505462825,-0.7809793392007358,17.60287503056041,0.521241433410527,-6.883037939351792,30.227970124828328,-1.4362949771809381,-5.985193287596347
intensification,808134.3429256086,173563.06485409924,3597905.475166487,472727.77971367794,1.0452433189845183,1.6568445388357635,1.660029501157646,5.211475000138571,11.501476068181624,4.020458057298703,5.268797083045967,20.284750142211525,-16.970113567757263,33.830659304617186,-2.1567703477215354,1.157429491476041,-6.389664526054028,1.1687062763669178,-7.463653379709283,3.4472911339104706,-15.18905273641537,-15.43772328289742,0.7028786803710209,-20.388904507281982
mature,342173.1791680014,130390.20594957579,3057667.6210797676,725724.464830789,-0.6210373279451644,0.16475859538108395,19.360230582054875,1.6382145077420067,-5.209832454646463,0.18910338845340569,25.0868887995205,8.131455977228395,-60.61059760021447,-24.424873179596467,1.488171135063117,0.74172616575527,-1.247161493578156,-2.125315977348317,-2.558641057938037,0.6555220558402667,3.5063922285042266,-46.38472311156825,-0.8409634534408003,10.246082152924743
decay,210923.2066546157,147590.73822114745,2449137.620502173,684887.7496934672,-1.8922465047787427,-1.0171609299437192,12.113820807400806,0.15504476627216965,-3.8367447412231006,8.288984908872022,28.260500931089776,-10.513755326965715,-120.7154951702214,-88.38027604675995,-0.23104181013640365,0.48555241732781984,-0.16059685112802907,0.3086847054541146,-5.2063033359135495,-4.102626168780319,0.7667404553726107,-43.68837856962539,-6.80809450720202,18.369905199314037
