,Az,Ae,Kz,Ke,Cz,Ca,Ck,Ce,BAz,BAe,BKz,BKe,BΦZ,BΦE,Gz,Ge,∂Az/∂t (finite diff.),∂Ae/∂t (finite diff.),∂Kz/∂t (finite diff.),∂Ke/∂t (finite diff.),RGz,RKz,RGe,RKe
incipient,968754.9401034372,198522.52858506146,5143257.025025441,424495.30620884564,0.17024489241908922,0.6872909242016477,-4.424213846448532,-3.7988375522672904,7.053753528488243,-6.921358032940701,-15.503177519305444,3.218136377896751,-166.46540940282458,-186.01149203984616,-1.3570165207973297,-2.015848797873463,-0.8868571269370772,2.917610076283014,7.980418049366225,3.622894895553518,-7.083074838804584,27.73756452270111,5.352839632754776,-0.2206177765244739
decay,849687.957848336,357043.4561524752,4963822.865521033,513689.713868222,2.224430451278593,0.7190368086275942,-15.777741533262432,-3.4173963633418154,1.873842079059053,-6.33704186577612,-17.060670013305018,-1.5222214573695996,-234.732272200043,-307.29504010470043,-0.8983875336328081,-1.4117940484373546,1.3688056879680264,2.2408042503504992,-8.09847369751339,-0.2956298202630571,2.43843086881516,22.515507397775465,4.441412944157209,-11.133753532814072
