,Az,Ae,Kz,Ke,Cz,Ca,Ck,Ce,BAz,BAe,BKz,BKe,BΦZ,BΦE,Gz,Ge,∂Az/∂t (finite diff.),∂Ae/∂t (finite diff.),∂Kz/∂t (finite diff.),∂Ke/∂t (finite diff.),RGz,RKz,RGe,RKe
intensification,528370.395728112,88899.14496089637,1964757.2196155947,355239.9544533504,2.8360390580456305,0.9511107275168351,-2.539932174064878,1.8096384983465268,-0.023936753348608786,-1.1093592013878142,7.865229773253636,7.917988167291335,-131.12119756550842,-161.4072986046283,0.11483977908873731,0.9529511091080077,-3.380088348353116,1.2247294387495145,-16.56441195841948,1.6771126653260626,0.4309981905579581,-24.725748615653867,3.1926164109670205,-10.590446174376677
decay,347637.49467566656,217137.95708751096,1357790.8956574164,598019.883522928,5.686510888099349,2.8934174847520375,-22.26773004628573,5.00578590242446,7.1047534604555596,-1.786310649574278,-1.9528154540585896,-6.50715328288401,78.77790134871006,28.780335330209095,3.3830773738030344,4.272979595729224,-0.654990657498021,4.444790014590976,-4.597383377181388,11.385153205760083,0.8201842548978053,13.936651235063584,8.343469081837677,-9.3812094600661
