,Az,Ae,Kz,Ke,Cz,Ca,Ck,Ce,BAz,BAe,BKz,BKe,BΦZ,BΦE,Gz,Ge,∂Az/∂t (finite diff.),∂Ae/∂t (finite diff.),∂Kz/∂t (finite diff.),∂Ke/∂t (finite diff.),RGz,RKz,RGe,RKe
incipient,509504.30535191705,212712.44929870305,2258846.3029190786,269321.1981469715,4.063712644362831,2.104751805248571,-0.47178478644971333,7.381655759595992,12.697950005781276,-2.8513371932601173,-59.187216349423544,3.5781263666118774,109.19265152957371,78.5263245121232,0.12936099802332576,2.279098313417566,-1.4624944909658768,-2.8802460447623295,-23.580348694193823,-2.3312267122118895,-7.991980047135752,32.01493979731661,5.247995102845207,-13.76279362486947
intensification,318827.5447984382,173821.8128839837,1824128.8456147893,340804.8539005434,-2.7398549429673333,1.6176636115157002,-1.071153434969869,10.01094298111302,1.3722278134543555,0.9228081964601134,-27.96343269702749,4.2933949114826735,90.57967409051865,83.4468921793738,-2.279684426824746,6.833695060490996,-1.1020496662487356,0.7296482409184095,5.987042617609957,1.1574545147985598,-3.596468811154724,37.76148369257464,8.200119414055617,-14.218036812767004
mature,467663.5843821511,231391.49978629607,3081977.403783925,409964.6253768431,-3.0500470573187073,1.6809473719800796,-11.382018369664388,11.158659192326839,4.013036076642847,1.2215402809654123,-48.1808579333694,-5.869418376654992,191.3462575932035,175.21070890647024,-2.8061939936727818,6.720663035854424,5.413077226106295,-0.503659399541224,13.842094357321843,1.074587195351933,0.030941464124819795,76.45501771767435,7.752512139840124,-15.596671989984301
decay,1129451.3367308658,109084.53867515914,4431154.0459462395,241377.58368974112,5.009402912323387,1.0039319707260552,-4.290750409384117,3.396329230708753,11.030523681822853,0.1711823212596439,-40.36788985539192,-4.327918936940865,113.35169039335304,39.296562611072375,-0.9646648191560565,0.5132083195518374,4.288709115755735,-0.8244864890575179,10.45825391487221,-1.5144484394305933,-0.7284796830176782,50.10749126732486,1.396728449665536,-4.873609142582601
