,Az,Ae,Kz,Ke,Cz,Ca,Ck,Ce,BAz,BAe,BKz,BKe,BΦZ,BΦE,Gz,Ge,∂Az/∂t (finite diff.),∂Ae/∂t (finite diff.),∂Kz/∂t (finite diff.),∂Ke/∂t (finite diff.),RGz,RKz,RGe,RKe
intensification,1168490.1091352392,239233.06990153404,3573132.23053808,321974.4006678641,-8.062257582173798,2.985457776877627,-11.324987339163343,1.9900541434010461,-9.795231324878003,-7.543820809591227,-26.9135862941377,-9.111091510193338,181.77290419366486,95.30945960016733,-0.45662735326663473,-2.510432237687344,15.869212345907266,0.8238201675293239,29.25640810113279,-1.3372766324848042,20.587643865489103,75.55723931660764,7.37223734364397,-5.541226604855853
decay,1672855.3510861052,235945.3271132813,5092895.708103896,250545.65034725628,-8.930637721801514,2.5491894810852163,-10.105338585033724,3.7531055204759745,-7.702546733964023,-6.5774953392162505,-40.5778307789205,-8.42643414597548,264.6878107558982,106.83370765180503,-2.5824488916661656,0.5109442310077222,13.419873606104824,-1.5018408267133077,44.754659751895076,-1.919782663904806,14.740972099352547,104.3684668376508,6.279570551893701,-7.3517926234390245
