,Az,Ae,Kz,Ke,Cz,Ca,Ck,Ce,BAz,BAe,BKz,BKe,BΦZ,BΦE,Gz,Ge,∂Az/∂t (finite diff.),∂Ae/∂t (finite diff.),∂Kz/∂t (finite diff.),∂Ke/∂t (finite diff.),RGz,RKz,RGe,RKe
incipient,735114.933097906,55717.296076091196,2080820.3484528698,323317.76124331326,9.004632528462635,0.9453905572334145,-17.62757956724886,4.94336691227515,8.824776201307461,-1.159327016414019,-27.80094156355169,-17.811999927601484,-64.7082891850976,-100.83452942013452,1.083371424674683,2.456254868992266,-5.291815104859388,-0.0565395790007866,-6.72555933174799,0.8521420568574669,-4.166568220470801,29.698329270589923,5.100763792454968,-3.9068044950650602
decay,626361.9179251181,57151.88037581495,1896959.316450122,319336.8469168808,8.048159702039564,0.5718898487966508,-15.154480422632579,2.4792130547083704,7.419167923797444,-1.2716630360641632,-6.163390586334049,-26.297475791922096,-79.44217748892149,-115.83121982238451,0.04198553013303632,1.7708218511360585,-1.981475903671385,-0.06375907831668935,-2.7574585255855966,-1.527297293455632,-0.7805942766326147,10.512252781341465,3.1152271636591937,7.136485021125518
intensification,559737.5250391336,50911.29300033912,1841024.7909940255,227528.4615337469,9.127413170523992,0.2208919143032458,-6.846011770784921,1.4775844490938352,4.490013093142397,-1.3008365525124774,2.629126765262585,-17.433673756049618,-94.69874789108422,-123.6363268532071,2.5331460007267927,3.5961771105110087,-3.457635040977459,-0.5151335138861179,-6.908613295766344,-5.171196836168949,1.400656950707381,-11.819141460768002,2.042395573416949,3.9388807000019135
