,Az,Ae,Kz,Ke,Cz,Ca,Ck,Ce,BAz,BAe,BKz,BKe,BΦZ,BΦE,Gz,Ge,∂Az/∂t (finite diff.),∂Ae/∂t (finite diff.),∂Kz/∂t (finite diff.),∂Ke/∂t (finite diff.),RGz,RKz,RGe,RKe
incipient,244014.11449602927,339868.983062131,1852590.761311455,602436.3643094087,-6.138487714512007,1.3933477092719515,2.163816368200168,17.723545443920003,1.3088923133132573,7.105672454513011,-34.23538374018789,7.379777271186446,114.24053227594489,125.63774324208316,-2.6759704356066227,6.906053839740077,0.6295300125306488,4.305526360865543,15.272626097875053,5.817189712106192,-5.424502306022664,53.48268118437478,13.530051641000584,-17.12231663480009
intensification,211140.3722315349,390000.1103834032,2089070.24471217,834311.2112752321,-3.0499008283905966,2.4507478795206517,-1.2533025779841007,17.49441450696965,4.965076465561438,2.274013769238225,-60.54260311688631,18.921095910753106,120.96862080791493,114.3483153935661,-0.7100203703998176,11.63652522439889,-1.1142614095046026,0.29219215974223506,2.888303978616469,6.187027933192881,-6.678490823935985,67.73411050187748,13.06184501795301,-31.481785062513975
mature,183546.45707725803,373664.44052728236,2030871.9380765338,1179157.6692803262,-0.8169971944646184,3.5165384239796547,-9.544442175363269,14.833775031421425,10.069809816687885,-4.213461693515915,-68.03817717452839,13.31325520384863,132.15565000637204,100.85711084093502,0.20182645314387376,7.3643294330168505,0.8336931537319172,-0.778215360923664,-0.7851871823490014,4.9795254493822485,-6.536575433440931,77.61442936200727,14.752482940034017,-32.71194696125107
decay,349695.2431309115,122244.90981279379,1946028.4766929739,532571.9952108624,0.9956448766698323,1.7172346253316124,-4.340477516504645,4.877375030990118,6.849269258106743,-3.571313563868739,-35.49267056807074,-4.499344975427723,75.55055334231169,44.702664562136945,1.5792310015471318,1.8147206835453809,1.5411816506880351,-1.487193251557825,2.997200693378299,-5.3704444797083175,-2.5952081054172647,41.834703901283845,5.244260717969417,-10.088952051775362
