,Az,Ae,Kz,Ke,Cz,Ca,Ck,Ce,BAz,BAe,BKz,BKe,BΦZ,BΦE,Gz,Ge,∂Az/∂t (finite diff.),∂Ae/∂t (finite diff.),∂Kz/∂t (finite diff.),∂Ke/∂t (finite diff.),RGz,RKz,RGe,RKe
intensification,706292.3270179569,107001.44860423016,1214049.083278475,304111.2152169005,1.7950314718663856,-0.054330797270924665,0.6699825461805375,-0.7311447123608208,-0.5579626505474605,0.7537155413863705,-14.900834457999176,8.350444534307147,57.557375699945865,9.844092194522647,0.8185248059344943,-0.3207790114688826,3.900758873459594,0.05388733769226479,3.8799638937981493,3.4427794310470876,6.199422198602516,16.315784333750404,-1.376642118784002,-3.506537844718702
