,Az,Ae,Kz,Ke,Cz,Ca,Ck,Ce,BAz,BAe,BKz,BKe,BΦZ,BΦE,Gz,Ge,∂Az/∂t (finite diff.),∂Ae/∂t (finite diff.),∂Kz/∂t (finite diff.),∂Ke/∂t (finite diff.),RGz,RKz,RGe,RKe
decay,426701.6708141575,85547.99557391857,1681825.2625416873,173055.29713084674,4.717696417448798,1.062055336813973,-0.709854594468348,3.8203080736822934,11.337520402283774,-1.8732712602832968,-10.19151028015557,-1.579741930325974,13.358049271190495,-13.496748515055303,1.3956881104236512,1.1740977577425407,0.01806111166935742,0.21653919515213635,2.4358313247688,0.2106587343274957,-5.539707536351645,8.619499781943922,4.848063192303753,-2.7397620034971717
intensification,575216.4561567116,132113.54229344646,1969689.2082712771,209832.93370288186,3.0185976535340653,2.27262234177535,-0.5115770557236239,5.341674066359252,15.440630476950442,-2.8479117417077235,-21.666409649807278,3.66935142399585,52.13167853145117,26.0624501585987,1.7246735718933386,3.219270538285123,5.559043258429932,1.7368799368250587,9.506425263885355,1.50116326065585,-4.5903672232110955,28.66581431588219,7.653843403116684,-8.021439285422876
