,Az,Ae,Kz,Ke,Cz,Ca,Ck,Ce,BAz,BAe,BKz,BKe,BΦZ,BΦE,Gz,Ge,∂Az/∂t (finite diff.),∂Ae/∂t (finite diff.),∂Kz/∂t (finite diff.),∂Ke/∂t (finite diff.),RGz,RKz,RGe,RKe
incipient,126297.26506766044,89523.90223938879,476191.24605728936,135247.36549989053,-0.405198316872465,-0.19028233573301837,-0.7710102238715463,-2.008371515012932,-1.0921060867350234,-0.11037249965702194,2.6582173017227193,-0.18077360479609011,0.05476800546452019,-7.989569299844722,-0.38083753996072184,-1.1234406029444894,-1.1381594456999427,0.8755303611425255,1.376030858403246,1.9926486319473764,-0.6415340115704027,-0.10597790257546205,-0.8321863184803661,3.4107835278848526
intensification,44754.74088981719,125712.83765779385,391840.47860008926,165906.21948021298,0.4547564203382772,0.04437018768533416,-1.1898706442311744,0.10538164119185707,0.3558305067989366,-0.4114175656844107,3.6792290204863534,-1.1720246791358175,-0.28906213860116176,-0.24537645933474753,0.09307268899809618,0.33298291759341075,-0.1139478194985974,0.0037597701048163257,-0.753173753451368,-0.09435726013470445,0.029348281726077324,-3.6972885500448256,0.4761887892957498,-0.21758486642191813
mature,63646.663386096625,120245.5527146953,222264.65061013718,232757.2538059641,0.026930097645743556,0.11246765306622308,-0.9457481188335639,0.8280717704150753,0.2851150857326838,-0.1254359682088894,-0.8905723992574566,0.8064800408087726,5.460929329213486,6.587557903436067,0.2619151055267429,0.9112249480371797,0.3902436848081517,-0.5963673819492872,-1.2766194879076151,1.6426252672920718,0.24452634978743462,0.5327709325376618,0.2446727036084545,-0.9376746627653404
decay,102063.38385571429,83261.81975857362,294559.63284479367,266267.86398523825,0.016769657906567415,0.0882359496588995,-0.10056150907510862,0.23384462639338316,0.1260719189839591,-0.22511065725446325,3.436179119855217,-1.2344367685751978,-5.36607474070791,-2.2334717621892914,0.46763569310639147,0.529102396082809,0.494431634197324,-0.12050003037758356,2.9672605710073983,-1.1112797211535936,0.47336532277883187,-0.38512669767927776,0.2502193036113633,-0.21124908804688725
