,Az,Ae,Kz,Ke,Cz,Ca,Ck,Ce,BAz,BAe,BKz,BKe,BΦZ,BΦE,Gz,Ge,∂Az/∂t (finite diff.),∂Ae/∂t (finite diff.),∂Kz/∂t (finite diff.),∂Ke/∂t (finite diff.),RGz,RKz,RGe,RKe
incipient,693852.319006793,111005.71861431169,2389330.714682255,235009.3655196936,3.5343129257627885,0.29100226752992264,-0.8936165999634348,1.9719746650678112,5.498476299143192,-0.0371461950800128,-1.605120284945987,-3.610244267642078,45.80316002012715,-7.791791982269947,2.274998669383204,0.889753232033766,4.9660112755611605,-0.2261574103810072,6.275098790477335,-1.0185162515716029,3.2928501697106802,5.239522749623969,1.4919611822368943,-0.2738632489607711
intensification,957449.6982978422,366495.1357770046,3859027.182785048,709600.2081045103,-0.47674452961417213,5.370025354383661,-12.588667898546712,13.110940682295402,15.615898210497518,-1.2102777746126898,-14.903385721799834,4.62548226559029,69.77361621532665,14.822890095071873,-2.1915135806870127,3.8970407080394267,-1.3260965304676828,2.3772721414393594,9.62448311567049,2.437029173448579,-12.048713916195709,37.593281265631205,11.328465243963793,-27.88806167298382
mature,349805.8827222579,612336.7957163188,4807482.156569433,767100.9053689601,-7.204094685079607,2.714204913394365,-23.49448836801542,11.136158443552766,-12.45694842235531,3.0607424007761472,-5.0433549353289635,-9.863963231974628,436.58540604441396,372.70685212912673,-1.871549108575641,1.771022430599934,-4.1848725280362835,-6.8740088608823315,-21.07866889781057,-3.7614172066456724,3.782186122633784,14.66326909061342,-1.5127977315000773,-28.528100786239232
decay,881122.9454270551,94910.17484486477,3871561.047604579,345685.2429032981,11.70518830554078,-0.06496762163486232,-18.27655671273761,0.9353630823797813,10.545035377386245,-0.3333039538782633,-49.493959678472194,-9.713963039624524,449.3181753281919,309.9771219974859,-3.4568099894427253,-0.2792777614938078,12.475119321395432,-1.5346282766951105,-6.768383691743325,-2.8340861454230595,13.570304627915107,49.296944393925706,-0.20099361880220304,-12.332042900915924
