,Az,Ae,Kz,Ke,Cz,Ca,Ck,Ce,BAz,BAe,BKz,BKe,BΦZ,BΦE,Gz,Ge,∂Az/∂t (finite diff.),∂Ae/∂t (finite diff.),∂Kz/∂t (finite diff.),∂Ke/∂t (finite diff.),RGz,RKz,RGe,RKe
incipient,973034.6563827518,250567.13944517905,2354896.743139886,258080.00176435252,-1.7097097122761358,0.4441898083972747,3.5516906192137263,5.193199611895632,7.293458332303558,5.794539113245612,-9.547795508350918,4.814198621474824,111.53941999464458,111.86361693422907,-1.3326549251067414,-0.8964634229897888,-4.489911471905951,-1.2822594181490858,24.830595314421114,5.562389624922336,-13.04888970808837,32.53640991583444,-2.327788727896342,-0.8933179892343941
intensification,407989.1737897194,278308.35726833896,2650643.1164888977,468997.13966383867,-1.2762193416177798,1.5929158244488446,1.4430571459303756,13.275143298158731,1.4288280809198899,6.394005878325235,-12.96499936608347,1.7380785186536567,144.2436650440656,137.1289140154857,0.4533121750276362,6.662174602811805,-3.747627328355071,-1.064436102439498,-8.211583300073281,-0.03637772793744718,-4.859758926443896,4.586578261697592,4.223785492945152,-13.60654239881946
mature,122470.56272610502,40029.07726095933,1466543.1085298315,351581.40694771474,0.6821252424744547,0.24016508471978354,2.7326142665740214,0.6676253728129359,-0.3225048013125128,-0.6354544613738387,8.870797663061747,-0.8008749837801736,-46.44717102901971,-91.79003382372746,0.22475954847095675,0.03717689600452121,-1.745113628247193,-0.41958831354011616,9.023824531249618,-1.9340184229183852,-0.5003184997404423,-3.2617126408606048,0.6433264359268748,0.9318454546228743
decay,86120.95013562133,43121.27362264006,1031936.1018117685,394282.4803522199,-0.01026981882010759,0.4494995972075901,-9.811065083726492,0.3168166876231516,0.30001327885127305,-1.428377675920054,-9.31718441742757,-5.627883006287686,61.745601827888386,34.61734242491721,0.3257344931374349,0.13961427498798254,-0.052868199228525294,0.09733738070176444,-3.7775003069341437,1.1773660950466895,0.08634830030768406,15.361019013040025,1.3930321470373803,-3.3226326700152704
