,Az,Ae,Kz,Ke,Cz,Ca,Ck,Ce,BAz,BAe,BKz,BKe,BΦZ,BΦE,Gz,Ge,∂Az/∂t (finite diff.),∂Ae/∂t (finite diff.),∂Kz/∂t (finite diff.),∂Ke/∂t (finite diff.),RGz,RKz,RGe,RKe
incipient,678405.2116703991,302966.681110347,3151045.4025025177,585057.4004287849,1.5801931847108175,1.7430747644427769,-2.0536839185969034,12.5524186450042,3.328133441734312,5.682217641615563,-61.023045136866756,2.393512259939792,184.31076963618895,150.6732548223096,0.32917759988530576,7.372056316197764,6.292256019162963,-0.1782086570910213,15.930153752421191,1.07622948491904,6.287390526582246,77.42668962317403,4.948917581854839,-15.923385338621854
intensification,761561.2810931661,367100.9514163159,3431974.520715891,631949.1796502331,-3.718867033188381,2.5982347765406306,-2.782147970154918,15.610592873538137,5.856100441258411,6.796958356678259,-63.73697061302123,1.628002059110969,205.71823441397757,156.39537552540492,-4.867955273481559,9.165719480005846,4.894031497370694,2.608907864583482,10.944890599378375,0.6234637732776227,-2.0827012005354666,81.18287621574291,8.824307604902728,-19.3972791295264
decay,980795.9575993173,316823.04411088256,4143133.5451563816,594862.6242675881,6.44999098975003,2.0188210677830405,-6.471595736831968,13.032480845129118,7.226137643227541,3.0348920779236828,-49.333738556550834,-5.077793956291948,261.5493079453973,198.59529210821765,0.08891162501224681,5.984768307424389,4.027547214932288,-2.184445589005761,18.015725039831338,-0.9657594082856391,5.270221629237818,67.37106834346412,5.794322110416636,-15.392042033954779
intensification 2,1085886.2093597087,203094.18339898388,5041906.7519970685,622831.5477160723,15.089226772204986,2.0053057693591723,-11.888565449217273,9.525573335845841,2.8857079393919265,4.425446230959093,-38.14442881167282,-7.719922307602649,330.3305839271099,270.57152006930056,6.858496542881697,4.467615824962804,-2.4370042755085697,0.46578435959045744,11.430847915540994,5.389145242609653,11.771820326663663,46.3746154042261,3.5606056951180327,-8.305071234850812
