,Az,Ae,Kz,Ke,Cz,Ca,Ck,Ce,BAz,BAe,BKz,BKe,BΦZ,BΦE,Gz,Ge,∂Az/∂t (finite diff.),∂Ae/∂t (finite diff.),∂Kz/∂t (finite diff.),∂Ke/∂t (finite diff.),RGz,RKz,RGe,RKe
incipient,866574.4760205057,47197.38717427408,4038732.3411443024,209243.47030586674,5.678519201146523,0.9616277197645609,-3.2908371983610594,2.047765240431098,12.831354006350457,-0.71659673360149,-25.23143142631527,-2.8381714759490317,-39.228255013788875,-100.31830626325957,1.7422203161641527,0.25807770309669775,-1.3850046093789494,0.7593035973674402,12.157458590037356,-0.3928871376830503,-7.576211694818324,35.001208013567165,2.562037851635467,-2.8933181005261757
intensification,670268.1348878,439588.66547463037,5775814.806646407,571933.9497432398,-3.0799181509117197,4.782202975394323,-6.7596132271282015,20.29013077379677,6.942613349523807,15.099567332996692,-69.30337443468234,1.433944334956914,374.8496708642181,344.76784208713497,2.210230886627811,8.337975162039369,-1.9040226464266496,5.675986297088655,20.413709253132975,5.838345049704795,-7.144351171467853,99.55661506585527,6.084346762494403,-22.64534328617709
mature,501049.52083503583,719862.4274873246,7113511.148813656,1104157.4849805874,1.1728414622335357,3.9838416892854975,-25.72404650400997,18.50382852323454,1.9776897676877414,8.636636332918718,-140.60272568562158,3.1620523978717685,651.7567673839037,591.8050454962985,2.515398392753643,3.8382519402670354,-2.526348791981221,-3.9117205094034366,2.5030818663825847,5.64401609636007,0.6526445918500708,167.65701259378062,1.9716299916268902,-41.745911328756215
decay,327855.1186995091,270406.20742733724,5192316.587612401,603748.3422951853,-4.511977412306202,1.190481435309693,-11.943748026697712,5.403563757371945,-6.708552537455165,-0.48632962294849147,-90.4180717253356,-10.100366559349542,552.2918739614514,478.8530180495491,0.5672815571700668,-0.45127563259375886,-0.958458823906661,-4.175407733154746,-28.364503682169712,-8.767740323896769,2.428597736551995,78.50929348216978,0.5240042118559974,-16.014685548616878
