,Az,Ae,Kz,Ke,Cz,Ca,Ck,Ce,BAz,BAe,BKz,BKe,BΦZ,BΦE,Gz,Ge,∂Az/∂t (finite diff.),∂Ae/∂t (finite diff.),∂Kz/∂t (finite diff.),∂Ke/∂t (finite diff.),RGz,RKz,RGe,RKe
decay,1250715.3647801145,71996.0398709828,4087173.5935907126,211918.7833506751,13.419665995688204,1.1440317053279945,-6.611711929462611,3.0292365594236355,22.781389637320714,-2.6286233974923423,-40.20260821506968,-11.072885688784465,-15.405075275601915,-61.399077240567046,-1.9326969476017777,0.5851171173114463,0.8617946353838993,-0.21209904441206617,5.8929856356559,-0.38460685497252584,-7.355897300920617,39.28763978449998,4.301729207175916,1.0473303449256914
intensification,1144923.4711338053,101484.04988769474,2914744.809664524,266920.61028720863,7.065608973765127,1.8427660225178308,-3.5093903007137985,2.9182819010343692,18.52645163550382,-4.420896453124634,-0.27713273438379243,-1.960528458718931,-61.33827123449312,-111.51099373622037,-1.733290424510101,1.3711950748698436,-2.1499698652392665,1.3703824430539033,-16.67274205279407,1.351843131360359,-11.768046504460129,-19.951827991461606,6.866794774695075,-3.115300611668878
