,Az,Ae,Kz,Ke,Cz,Ca,Ck,Ce,BAz,BAe,BKz,BKe,BΦZ,BΦE,Gz,Ge,∂Az/∂t (finite diff.),∂Ae/∂t (finite diff.),∂Kz/∂t (finite diff.),∂Ke/∂t (finite diff.),RGz,RKz,RGe,RKe
incipient,1176846.1873418025,186153.44516569003,4458580.583395712,284441.6403084486,-7.133511728036954,1.1457387840418405,-3.8144719880168996,0.3638085477272373,20.44516158915985,-2.873516607930012,35.47106462301608,1.610454540239288,-297.2417070073693,-439.3067740857686,-6.869305430539202,-1.828677160278704,8.499928072105421,2.2924136969763,20.992315972289592,3.914590109235419,-17.93300646104954,-3.5307649346726446,4.3840000685917095,-1.8741449667480063
intensification,752219.2957324781,170369.91946673617,4341001.558868245,351533.75675994396,1.2264870821456144,1.8085858042195275,-3.5693853377667666,3.1328302746851957,11.953889794406866,-1.4812848423604779,9.884363837336396,-3.256575026738648,1.9435301943072665,-73.69013887771854,-1.1832279983156886,0.6472990590046098,-4.105187436588895,-0.22506597406807113,-0.1949377409486889,-0.9264076987503514,-13.024004344630617,-7.736403322663935,2.580463338758075,-4.3720482844636654
mature,799045.3562964243,163105.03739810598,4524191.588141039,308826.23720627837,-0.20617754509862762,2.1849571185579726,-12.00876917841301,2.223166332626968,15.328473532923018,-1.1157577812688837,-40.2739096609722,-3.518880357272225,219.14996560240047,165.91695084611695,-9.592499334436173,-2.0039372252357492,2.1533531171665836,0.4190451618758264,0.3163636186513372,3.25284126702353,-11.19634084229709,52.805220003135176,1.573012157213706,-7.4602138867442225
decay,1067231.9566008775,301658.4918757348,5532249.317921011,356052.1083753269,3.4647405785609235,3.2185656480676843,-10.095706008768248,6.187558537330412,20.919778517949844,-2.7301793144318154,-39.49647476096037,-4.079129483854531,353.5115867935647,209.87735682403127,-7.07965086514451,-1.1912541086452002,1.1038018125651436,0.6744320183792751,12.417288987309037,-0.9381710483034811,-13.132670478756094,58.54472917847673,6.373604222073818,-13.142306110547613
residual,1025395.8660511168,271494.9770772435,6752743.904684925,221512.4237425732,-0.647757301764369,1.623303137090207,-2.8764562823134345,4.714023697303482,4.078889675153495,-1.2651824551649926,-43.870110576935296,-2.469786451695409,326.35928544654706,230.22634051058785,4.509368351605919,10.402140104856134,0.9869189287398844,-2.7938862278019303,14.513080391949474,-1.5491903667867288,-2.116424911087773,61.907404552962575,1.5620167875763378,-6.669883894708235
