,Az,Ae,Kz,Ke,Cz,Ca,Ck,Ce,BAz,BAe,BKz,BKe,BΦZ,BΦE,Gz,Ge,∂Az/∂t (finite diff.),∂Ae/∂t (finite diff.),∂Kz/∂t (finite diff.),∂Ke/∂t (finite diff.),RGz,RKz,RGe,RKe
incipient,366220.74159696774,140362.2940285207,1569603.671587931,157688.0803640428,-0.7718955478461662,-0.2859405868115882,0.939458101954231,1.811524828173844,1.3175417316168758,5.006366982637865,17.67651343991316,1.2840931721095752,84.24889253101044,83.77488310364242,0.6961582762560937,-0.26172183074612665,1.8511201509130615,0.6120263704492218,-0.87437287201354,0.18931510076329758,-0.5242577153615687,-18.718448866034766,-2.296875197203211,-1.9668447975658911
intensification,342637.54192125367,154155.94118188313,1490923.591420767,400593.4817037388,-1.3528472686570234,1.297479769810113,-1.9805918168359882,7.1726410112481025,5.640043827427506,2.1129783829892737,11.369516767783038,2.820413795616826,-21.384923294660435,-55.57540114336535,0.22086746843679217,2.206138655222819,-1.0660373457082513,0.20039528220313066,-0.19915863182677362,3.2936900656391983,-6.761448671982668,-8.235236314116799,3.962578140651847,-8.679956558061718
mature,212610.7204316509,159520.6577828434,1481965.039538127,819224.347274842,-2.2826161045207463,1.826998595801814,-2.671821745879118,5.83571007867773,7.093833529136797,-1.5338673260397193,14.837077224490946,0.323736338918132,-83.62609132291425,-137.54367182076106,-0.6379703958793793,0.5880271727212033,-0.3142996011034481,-0.6126282237433461,1.3433677528708725,2.038081811629132,-7.863750638959178,-8.539271621220209,4.92995058517229,-6.793186351845847
decay,207895.41629155516,155061.01525547975,1147186.5340567173,618959.8394782386,1.475708171801279,1.3368638260355088,-7.976744274885012,3.000675310966651,7.466308122042658,-2.9698261584685213,6.37698343870073,-5.996992455388142,3.732352499774814,-31.583971842391986,-0.8408418249129691,0.6485218567670336,-0.6074132219304287,-0.40269030725372046,-2.9240846872753323,-3.5984063971942444,-5.2611493461363,-2.800032022892329,4.230947336145942,-8.578833527657766
