,Az,Ae,Kz,Ke,Cz,Ca,Ck,Ce,BAz,BAe,BKz,BKe,BΦZ,BΦE,Gz,Ge,∂Az/∂t (finite diff.),∂Ae/∂t (finite diff.),∂Kz/∂t (finite diff.),∂Ke/∂t (finite diff.),RGz,RKz,RGe,RKe
intensification,709199.8888503616,49942.40887827598,2448948.7410599943,216460.22505563044,5.525832824744298,0.307954449527575,-3.754792963673222,1.8991492378641774,8.381984979104775,0.24819889972365214,-13.80891449596467,-0.4774151340658724,-23.42489471776234,-48.646465751486865,1.8726051608427952,0.6200807594927199,1.6634961154023862,-0.209871059005761,2.7905178714618626,0.31931666630152145,-0.8847015894305145,14.828392506355458,1.1331248296071896,-4.857210401170006
mature,696911.8997090495,45157.24924751982,2421000.1297869575,217951.71700058723,11.176159828094562,0.4293747420411845,-7.485717773149077,1.7695453755357384,10.95222978559854,-0.7583938602767955,-18.88563130028206,-5.8220091484272585,-64.99868732831422,-89.55857296182275,2.543087960007763,1.1275736875444955,-2.414544843873226,-0.07035118445122174,-5.243919184492078,-0.8883400712431843,-1.7612400593360187,9.951270060844498,2.0282133093201278,-4.3215940715007415
decay,627169.9978730195,61586.19442839112,2463244.8843805976,192524.27021755042,5.827386208027705,0.848734441202648,-4.559527150913709,2.198525783981811,5.600511981391349,0.21297100584705253,-7.281881694464054,-2.201309510527096,21.029642348159232,2.4619774439079483,3.376109208551871,1.121564613977041,-1.0163111934333826,0.770173438600845,10.075939489571276,0.5659519621818659,0.05929747440562381,16.089962126921332,1.906993775532956,-3.99079146218656
residual,587014.0782760426,235782.0849835383,6070003.008617947,262344.5126013715,-2.3420989237999676,1.1411002389279616,-2.0128710935585974,6.834816105581983,-5.240677180148627,5.785870481818543,-32.74493320903623,-1.6336417993330472,501.22369998215726,426.7837633879565,1.0539580618775906,3.592818871007909,0.6760937969547852,-0.24953978372810143,13.287358287102203,-0.6617041494388761,4.715772292231406,50.387261513497,-0.34169439889262143,-7.87574954924641
