,Az,Ae,Kz,Ke,Cz,Ca,Ck,Ce,BAz,BAe,BKz,BKe,BΦZ,BΦE,Gz,Ge,∂Az/∂t (finite diff.),∂Ae/∂t (finite diff.),∂Kz/∂t (finite diff.),∂Ke/∂t (finite diff.),RGz,RKz,RGe,RKe
incipient,865464.6906407358,87151.19075582865,3858729.1542010135,171554.96096532376,4.850187110219086,0.02251720369038407,-1.3991357681001648,4.096224906855444,-2.1175483467418115,2.7184781079602662,-41.02668818935946,-2.769114383591136,166.3670308873527,115.27763111815871,5.158826445369364,0.9285361056658253,1.6327266002240368,-0.7723611493125744,1.9508709327638494,-1.0215376214327414,8.622979260875317,39.526507780004394,0.5828684458922193,-3.747783912797214
intensification,872216.0894094276,66643.08509337287,3952049.1153732818,151143.04065536594,13.410252027380617,-0.1622551037099035,-0.5575100133983222,3.973040221342739,-1.6334410859724091,2.641264931180078,-37.538384761816026,-2.1658021736703383,155.19505875517015,122.36703686065748,11.02098792534786,2.389364127060924,-3.437880765218681,-0.7453081910620555,-5.713545295473132,-0.1568264733071622,11.44355724442444,18.9720974523606,0.7487222028105092,-2.521574534377885
decay,831008.6578650614,71641.09342255871,3987257.270067876,162681.4895165778,4.09318820607761,0.10300053684637178,0.39476279766362327,3.1326194286301483,0.6373713754942795,4.494432872513706,-16.95392030345993,-2.7378512468427605,174.2285661846163,143.20640885369278,3.0480852762354824,1.0893661390336447,0.35282081050816216,0.3328292699853436,5.67015289851087,0.7556851359217742,3.911638177937864,18.13612219822957,-1.1319847107445857,0.7556797517980098
intensification 2,975551.7665875512,71526.43245679846,4103535.748936709,230899.93636375002,14.155554348236317,0.4021652692198005,0.8405413732077719,3.844437892198765,8.48949541492115,1.0879807583592642,-29.957484477089995,-1.8485183698311571,161.50868714164469,75.15924284057735,10.073772549411437,2.84134083832118,1.6575798468261003,-0.3918005053631341,-2.342169474000237,1.2593145228092932,7.7258040493610665,12.619219281645668,1.9624913592565665,0.10393637364945692
