,Az,Ae,Kz,Ke,Cz,Ca,Ck,Ce,BAz,BAe,BKz,BKe,BΦZ,BΦE,Gz,Ge,∂Az/∂t (finite diff.),∂Ae/∂t (finite diff.),∂Kz/∂t (finite diff.),∂Ke/∂t (finite diff.),RGz,RKz,RGe,RKe
incipient,948131.063247993,455863.24742578965,4022599.917673289,440247.9236315689,-0.9264959751035058,5.547406421035255,-6.15385725638716,14.923181222473858,24.198816030573337,1.3841888476075408,-87.49254062116967,8.075541594739454,384.67464855147176,314.24541194704244,-8.245743354286784,-3.152594099648287,12.45085347451868,0.5235660856423137,47.69733761407564,-0.0891250151935889,-7.127052110122907,142.270231466736,8.515152039473374,-29.241705088794063
decay,1174429.8197512834,507801.92268674995,4994659.930634598,421310.49987749325,0.059566555279418065,5.374592651394839,-7.3074862232093425,14.736368026254047,28.885705064441343,4.772878460446483,-87.69479471346384,1.2991072251126985,466.19707334869713,367.5433353516879,-8.977692648214962,2.933760983738442,3.057632403894829,3.3113408610890005,18.52107782781684,-0.43341357443853834,-20.39391345387226,113.4637922092106,7.900237775501726,-23.776375049014625
intensification,769174.7845382417,752532.6899302118,5049416.911395186,519363.0742696983,1.101060905400305,6.016463125986262,-6.749001428743514,26.637341776589825,25.470377431574843,9.91804742018825,-30.862604909498227,0.43066193733237257,377.7399355402654,300.11401297601316,-3.4271033310198207,9.283350273502846,-10.754670070196537,1.858150320806259,-0.7111270164781013,3.267631908082558,-29.107523470384816,35.79941841636334,12.560981551221579,-30.549373234583157
decay 2,413796.4391964978,648461.5235005639,4729276.689633854,639544.2792188257,-0.42971395976244187,2.676110679496695,-8.185695935259659,20.683756225971038,16.963692566290312,5.470389789151415,-89.24201176882639,2.8980357073105854,385.07205252391805,341.36575023591257,-3.8630758423613627,8.86176344859614,-1.4700876021336222,-3.1266399693276568,-6.649898750906475,-1.6640422186558859,-16.18738344868968,91.20752291294203,9.410615787995273,-33.43153008719717
