,Az,Ae,Kz,Ke,Cz,Ca,Ck,Ce,BAz,BAe,BKz,BKe,BΦZ,BΦE,Gz,Ge,∂Az/∂t (finite diff.),∂Ae/∂t (finite diff.),∂Kz/∂t (finite diff.),∂Ke/∂t (finite diff.),RGz,RKz,RGe,RKe
incipient,236992.63374826795,101324.38933909309,1076474.5450285203,246117.37139916085,0.8432633757296975,0.19101280168648604,-0.560542766590486,0.6356025956670095,-1.0451139268676084,-0.27868197948452733,-4.581890072518363,7.333279251987651,-16.458256572824254,-8.20276385628659,0.3868042082469324,-2.9331077198635738,5.709224109967373,-1.2796967717606367,12.831649610295237,2.319738111485957,7.788614214251163,17.130819073674388,-0.556424998295586,-6.209686502759189
intensification,360856.745724964,79131.19599526814,1138029.2084371296,341420.2600721546,-0.4525641679057683,0.8102004674087645,-3.8682475460058865,2.4273711988456754,-0.6425387782317179,-1.036168219383939,-11.013302395376362,0.514879314246222,43.064720792576054,36.169961620411975,0.8942293768787274,0.9457347426031917,0.94676347215057,-0.2066234176115547,2.5439024724522072,0.17704174671771075,1.946938549885284,17.878016581740226,2.4467155332092947,-6.633456312380073
mature,416175.6654974319,53076.722928017305,1440749.0972349797,291093.0351065834,-2.2307114042385674,0.7831763805023574,-3.2500134578676714,2.320088322959546,0.8294397907371216,-0.30246841696446164,-5.895382982428671,0.9922532841765197,80.31950692216807,79.36169526173316,-1.132020835118881,0.5667374920367192,-0.8240059724968731,-0.06295490274656008,-0.9135379148030944,-1.0393628898391665,-3.1009807869702053,10.462569929731817,1.7764254566750903,-7.601717954842902
decay,341865.92799214774,113177.71151549774,1685880.0593002234,193214.85287446633,0.48638708033587674,-0.4708910886048656,2.058475102203547,-2.1243567606821125,-0.9785987471986287,0.812871850999884,-7.400449157169265,2.184502695331863,-62.59987185913822,-80.25810988153212,0.24533284130850444,-0.1721330962076461,0.28942409875082226,0.666986822905425,1.4397764204239782,-0.5562264964380536,1.2835188376804625,6.2953633950538235,-1.7993507001717064,1.4421026711157425
