,Az,Ae,Kz,Ke,Cz,Ca,Ck,Ce,BAz,BAe,BKz,BKe,BΦZ,BΦE,Gz,Ge,∂Az/∂t (finite diff.),∂Ae/∂t (finite diff.),∂Kz/∂t (finite diff.),∂Ke/∂t (finite diff.),RGz,RKz,RGe,RKe
incipient,680825.2354663621,148747.2445064474,1536990.929252514,687818.9498440465,3.6208390990842205,2.107822305763793,-14.457954722551312,3.9977051921254763,9.595083186114389,-2.4152689855363327,2.0259965929947725,5.322417870473054,12.440490017418243,-40.631082916931504,-4.257020814377392,-0.6526537307383546,-6.1292846810177055,1.5602349455591586,17.90204915369551,8.58274987777329,-9.995706462284081,26.71316818416783,5.865386817457174,-15.195327907376551
intensification,598198.6535320547,338152.5302608231,2342444.5811656266,975370.188579149,-3.3401080802710523,5.266168577522736,-26.911002042934506,8.133351206093343,11.265511669184281,-8.603191201392528,-15.052128202944038,3.650607441187728,78.15359737672573,30.450580522982875,-2.4119856133640996,-0.9887850212062361,1.1240677745066299,1.2491126156431651,6.027998849218854,1.0175195622041353,-8.215383397425969,51.33123717536846,12.7194864456063,-37.677441128011445
mature,744498.5327534841,305097.88454933435,2639960.8633318897,814733.7973714384,-1.8363480149160476,7.025901839321847,-34.93422656711266,5.66412060650345,19.84297544871583,-13.090203077836287,-17.56155052229127,-25.317243161527315,121.29325589327098,53.66571433515172,-7.402192346534835,-1.9247225312509282,-1.4148042170638828,-0.32995745218534794,0.9076340262104701,-1.2883791224458645,-16.06822584137391,55.23975913053046,11.39846439283254,-16.56948313453466
decay,585615.8703953334,199182.99770290655,2380173.5887044715,661704.6225063088,5.521988441342499,3.668194592873585,-26.46832790899283,6.059404780612708,11.178326534800782,-5.62521560080114,-21.864179184554708,-17.615223215636554,126.60462152423109,77.02694431174295,-0.8858927554797427,1.1352409904200822,-0.9952379991377337,-0.9326741177759355,-1.5676047543490599,-1.7989251177519485,-2.9833814997224333,41.24291389785598,7.08375167076433,-16.71143459172093
