,Az,Ae,Kz,Ke,Cz,Ca,Ck,Ce,BAz,BAe,BKz,BKe,BΦZ,BΦE,Gz,Ge,∂Az/∂t (finite diff.),∂Ae/∂t (finite diff.),∂Kz/∂t (finite diff.),∂Ke/∂t (finite diff.),RGz,RKz,RGe,RKe
incipient,342207.75595253264,176896.65684125488,2683666.2051208885,486303.44043714245,0.8751087515991433,0.9936388501126683,-8.57778098595646,3.806988200239508,3.1513033977008282,-3.7913002238355444,-12.767755687216663,5.1222583678493,8.15223307752596,-10.213154471223692,0.10416578918254941,1.7934622909058042,1.915822108886557,-0.6095653015521465,-2.11047876744293,3.2571600529587728,0.6332663128975409,18.359949154131044,5.995084272410237,-14.249867501086495
intensification,1141181.0671303724,331831.6226075857,5562567.5492858775,689123.1166670194,12.024067925658288,3.8760834951120824,-21.78535888217685,11.388266290294185,22.45489106969553,0.9831795593299167,-68.65890927120965,-2.8370687987811047,353.986979935371,207.05916586798372,1.5927544502317998,4.663548158932431,2.106775991290178,2.7110648549466445,22.04241824520089,3.3112538574910966,-4.447963657634976,100.46261847292911,9.240068090798827,-27.025302516198835
mature,755336.9347897256,333382.6574305575,6291518.27507242,788422.7218050945,-7.358828252729047,4.013090827605763,-44.064875633715054,9.695197008332642,-5.927901761851231,-4.550689087412257,-113.36518286671883,-18.623970511654512,635.77330396182,451.8750745920603,-4.631564265514531,0.0829768251100689,-1.826703450258136,-7.140178719310833,-14.803019417999634,-12.871516317675509,0.7554608864698108,149.98586733516328,3.0926165488283024,-48.00761844806868
decay,569557.4673416794,77782.70857091168,4241201.070322468,135178.88976527512,4.155749524641693,0.5776621529385106,-2.87895680810017,1.0604402193784095,2.732397452348463,0.021690508945382714,-36.09062534549867,-0.6590233852368624,315.64731907778526,216.29727269717836,-1.633020994259938,-0.6658842047802034,-1.4304796850027621,0.27528090012237016,-21.26114388552565,-0.3982306245488567,0.5705345402289794,13.5526887434315,0.7363684576168863,-3.6786042667905736
