,Az,Ae,Kz,Ke,Cz,Ca,Ck,Ce,BAz,BAe,BKz,BKe,BΦZ,BΦE,Gz,Ge,∂Az/∂t (finite diff.),∂Ae/∂t (finite diff.),∂Kz/∂t (finite diff.),∂Ke/∂t (finite diff.),RGz,RKz,RGe,RKe
intensification,1298193.4319958624,123125.80126831195,4809973.417120488,272618.7223213443,11.06933792291848,1.4390911030818052,-5.514605984885021,3.7187992045329654,17.795060172904332,-0.3031650973633745,11.814894962420151,-4.870742148772176,-176.03579655233705,-270.73133844882716,-4.27357982837736,2.1498123207490814,3.8188103238422784,0.0042408624104613435,26.464594210757358,0.7620791802988625,-1.4678208230617698,9.094967310303751,2.5871140612249963,-3.6005838603469478
