,Az,Ae,Kz,Ke,Cz,Ca,Ck,Ce,BAz,BAe,BKz,BKe,BΦZ,BΦE,Gz,Ge,∂Az/∂t (finite diff.),∂Ae/∂t (finite diff.),∂Kz/∂t (finite diff.),∂Ke/∂t (finite diff.),RGz,RKz,RGe,RKe
incipient,696244.2188412896,436495.51268230355,2846884.437461026,467069.9428747535,2.553543945231386,4.203086824284572,3.407594601658614,6.118124025790545,13.434456650009324,1.0694415144760656,-46.93232816857214,6.606856618252655,159.01729635568103,114.84180464219713,1.8272650638501589,-1.5520154681006624,-2.1805347710538037,-1.0773540186978816,17.070447410258367,1.3598887857070925,-8.858360651547168,58.04163703194051,-0.23175833166797377,-7.957497256677495
intensification,640064.0429707748,518643.7003780906,4147883.2846525214,669242.1762340381,-5.636940621814453,5.088131317087904,4.395450113261452,14.249857400123423,6.706302382865271,9.23375785106142,-82.00417005679924,13.126321404447328,286.56344831639484,209.32517975053014,-1.699075203266629,4.3341808805528315,-0.24484296583598433,1.9939602440604696,31.383031066286428,3.5364008875189525,-7.499954653427806,114.62869163163866,1.9219284760345692,-19.444327803790348
mature,652714.022362131,559636.117159428,6139153.424383817,786963.7537421824,-14.408091749048555,4.793377473456567,2.0547046506175444,17.021967149238954,2.5043426440243435,13.79030799807241,-53.005961964391176,6.473060994959288,408.07291890878514,320.29399630645685,-3.600399691208135,3.5206089027714453,2.843101934883241,-3.3988742904518303,21.239615491974597,-1.5529042081081825,-9.27595498473309,86.59896455479677,-4.960592612741855,-22.993227701688877
decay,1658057.275538907,117674.7302663873,7535376.522064487,264031.2416574134,-14.990706429424772,0.48588448932313,1.5428787410517386,3.313800526954089,-0.27951777798728844,5.311016918318575,25.41382361671278,2.8293870342527194,-29.42413979736065,-123.26449909977174,-3.3930312787138095,-0.19778243178603785,8.621970674213747,-2.5057213552654845,-0.33756810078853217,-3.356357124445602,-5.603333487900604,-12.303564029128284,-4.988822235953103,-7.956665944600673
