,Az,Ae,Kz,Ke,Cz,Ca,Ck,Ce,BAz,BAe,BKz,BKe,BΦZ,BΦE,Gz,Ge,∂Az/∂t (finite diff.),∂Ae/∂t (finite diff.),∂Kz/∂t (finite diff.),∂Ke/∂t (finite diff.),RGz,RKz,RGe,RKe
intensification,210086.76740475668,41200.73879351139,824519.9537712163,91153.29221777094,2.117335652610895,0.1541631739536464,0.11179956976532898,0.8006566701826252,1.4182942319171457,-0.15494139311013633,-0.8363311266727413,-0.35018278021430493,11.284444110939399,11.964401555568152,1.2561757989779636,0.2564965209892283,-0.49841731720031274,-0.20472914194930736,-1.987404461056381,-0.0345914356469808,0.3547872774470827,-3.3802085567598636,0.5967057473898076,-0.373265755849972
decay,304797.45374455664,39047.40980048378,1716113.800017109,131701.67688792798,-0.27724503710282783,-0.06798513845923404,1.4486464925781113,0.24126627300435793,-1.0269631126457013,0.26664884013062784,5.678298880469552,2.6881043676583016,30.96133943696748,45.08878524001598,0.5077228605445324,0.25407444588918343,1.6243355889279243,-0.0314815692107763,13.638196948490371,0.725371142616961,2.306068526011564,6.788496612545534,0.011121002122187836,-0.7553530054675875
