,Az,Ae,Kz,Ke,Cz,Ca,Ck,Ce,BAz,BAe,BKz,BKe,BΦZ,BΦE,Gz,Ge,∂Az/∂t (finite diff.),∂Ae/∂t (finite diff.),∂Kz/∂t (finite diff.),∂Ke/∂t (finite diff.),RGz,RKz,RGe,RKe
incipient,595243.5883404523,236584.99253051917,2751231.0722016427,242978.5700520184,2.668660401548157,1.594018507442601,3.0501195125539518,2.8905921775300416,17.222533114448943,3.003902977134355,-68.76343912659551,4.928766968484651,132.441225220619,141.53947356337736,3.371313393450189,-8.296339691800673,2.3649447542197866,-1.479803224668199,-10.817693386918355,-1.915932487813396,-10.594909451238395,52.22696582557505,-3.1871325317151133,-6.685172121274137
decay,648305.517795301,144289.2419696057,2541995.6972381524,159257.95187367647,2.5828477375925787,0.8503560095639359,-0.703778792575679,4.563251925854595,22.703481848727524,-1.8529407510337539,-32.85892138608369,-0.9373196747459019,43.890051046348454,7.898083954086029,-1.3824695832307612,0.6226819827590767,0.6902042561204684,-2.4818817428311264,-2.8115380492420177,-1.9406960187392297,-18.58007384545054,28.168314391824776,3.083954924493288,-6.270407062423604
intensification,655423.6981306699,65467.646855160885,2773243.0509234346,140689.21972547696,8.441398011100004,0.8066994735480374,-2.325900592197836,2.274691681320666,23.894360036249626,-1.8533900698048196,-21.414337352638963,0.11163214297765485,-82.15006890168037,-210.50607410686544,1.1764980365135684,0.25032441043071957,0.5570866593611391,0.17242184970330804,3.716150916123223,1.8311338638876244,-14.089175892240442,19.01499084986002,3.4938041272807565,-2.881090552608532
mature,695851.8423418365,95045.2312016164,2800783.9409610056,304557.0273146339,8.775442214117588,1.7082062706528578,-9.271832465285419,4.515136147291534,22.42206258887635,-5.174348756929341,-23.685192632999303,3.022915260560601,-99.52990284930834,-287.1373509648746,3.0428461099534685,1.1523558887038914,-1.8547231898774232,1.9158750648633451,7.119934453810706,4.581987545556637,-13.79313729398333,31.30151733797784,9.897153698431364,-12.227896327580916
decay 2,472536.5010117343,156683.8104915121,3146494.438313152,391862.5048612627,3.049575205409854,1.879807838499212,-5.420305670589256,5.508154819296895,15.404828796994567,-5.043588718294521,-27.7221244570543,-1.6848509156911358,-37.63534419446818,-182.05636046206493,1.0047236845580414,2.8753651893518857,-4.789158019516455,0.5885379869784225,1.4108780183725573,0.5295319688463687,-15.264603772601957,31.503732940606266,9.260473686070627,-8.714077605348647
