,Az,Ae,Kz,Ke,Cz,Ca,Ck,Ce,BAz,BAe,BKz,BKe,BΦZ,BΦE,Gz,Ge,∂Az/∂t (finite diff.),∂Ae/∂t (finite diff.),∂Kz/∂t (finite diff.),∂Ke/∂t (finite diff.),RGz,RKz,RGe,RKe
incipient,1069425.3551863888,311461.8289721153,3245619.4344726475,301777.67322847183,-25.419824080138063,-1.3949121073907504,-1.2135120855546289,-5.9849623457953385,-13.736013313741754,8.90919456268293,56.38290458499622,5.675932938040481,68.32213734992159,123.01206593795075,-13.178543178019568,-10.378531089996097,-1.2676919024463724,0.4837212576476828,-10.017706800054121,0.7239363622248796,-14.346414776233434,-39.76727521935764,-13.015523543439834,-0.18054631557489564
intensification,579314.6141785971,247412.46523397623,3061971.3005763814,395394.27936073,-13.126598018748176,1.3065686459981596,-2.1813393923838658,12.101905947352913,-4.600820549322095,0.7796405402395618,1.97332871745688,-2.521929271301289,83.32811731736805,83.66107410125241,-4.529325652721185,7.56395047856408,-4.189072132566215,-0.6726478016515993,8.36279646135877,0.8224205235165324,-11.408280955994133,21.697405155033927,9.343048959463594,-10.938895544918957
mature,593501.2680304867,128483.09322284399,4111087.7031017356,354604.22427127365,-9.469241342290264,1.6756130719714502,-5.3248294610183775,4.377567004038224,-3.104929733151225,-4.1522442958075425,-2.7888289652232623,-9.728232046561777,54.59223941643618,15.503436799335617,-3.057400498696671,1.3948190076995715,6.050374191901688,-2.205086725274916,25.01720196656336,-3.0424061678326413,1.3616756547340987,42.60010173509526,4.649111502599401,-3.016570586327463
decay,1066205.1972724344,55939.06856967067,5532456.019264436,225082.3075529927,-3.800544779952922,0.9128512584376341,-9.878499510094976,1.6759143340322338,5.4655470136471775,-2.462840091308467,-37.7438851216181,-6.214159300399484,21.04782733499025,-57.90213028882388,-5.284680111223888,0.7875919324781343,11.608482767486569,-0.9098437118103412,29.724195283312373,-2.027721594276054,3.2552422323241026,81.14712469497837,2.316059455092726,-7.367976138003777
