,Az,Ae,Kz,Ke,Cz,Ca,Ck,Ce,BAz,BAe,BKz,BKe,BΦZ,BΦE,Gz,Ge,∂Az/∂t (finite diff.),∂Ae/∂t (finite diff.),∂Kz/∂t (finite diff.),∂Ke/∂t (finite diff.),RGz,RKz,RGe,RKe
incipient,336375.8856963759,74801.366569785,1342842.4990455385,176742.21044959556,1.01512823970397,0.2518667869019694,-0.8476442420854996,2.4599871448123944,0.5318371486034658,0.3763949332494281,-16.413117869983264,0.9198161684372942,12.943985346813186,-0.711793605562983,1.903340033721981,0.9053586356264761,1.3000720293298331,-0.6857753296880161,5.256597098515283,-1.90469812914187,2.0352299073323072,21.502230970880078,1.1459500949729808,-6.132145684477059
intensification,351271.15643825784,77564.97469451868,1940977.2685766714,275712.79488489893,4.728353108362544,1.0248111457276912,-5.9656184717807195,4.184779200043514,1.7364264696212317,-0.8492974147168904,-17.145861142381328,1.236184734729346,10.418285386378976,-11.597762096492238,3.421848645248264,3.4786499053346125,-0.6997670140949003,0.3329633944320742,3.582335020065753,1.3615688933802912,3.3169707703741027,21.96546152586526,4.342228863464787,-10.025013513173288
mature,236607.02492833222,80634.06721082488,2199728.901386152,344264.81803419127,0.0665419230605259,0.43685387160329514,-2.223749322232314,1.6285247059976116,-2.4991194207645946,-1.4209222804198238,5.432816077813935,-1.5598728432499178,83.2889420157614,88.6740039307411,0.9718926672549377,1.9499031689693336,-0.3746774387028642,-0.3101531821328329,-0.4028658647389731,-0.44414291598363376,2.627837776725552,-3.6784745433811197,2.302439932681307,-2.736544100963641
decay,323655.94929607894,93546.29447588643,1959888.698974856,231658.165485012,1.4827369186956816,0.023082375240232097,-1.602784414385804,0.037425880050283425,-0.1382700291920992,-1.3667544562262524,-0.615503866484869,6.2588428146763935,-75.1596536209065,-68.70539279176566,-0.0748515860568445,-0.05510491807845344,0.6539178475403654,0.03437274649193712,-0.6675238525863344,0.2663644233334828,2.2980071706683782,0.06802750958866009,1.4154707075282404,-7.632688685778999
