,Az,Ae,Kz,Ke,Cz,Ca,Ck,Ce,BAz,BAe,BKz,BKe,BΦZ,BΦE,Gz,Ge,∂Az/∂t (finite diff.),∂Ae/∂t (finite diff.),∂Kz/∂t (finite diff.),∂Ke/∂t (finite diff.),RGz,RKz,RGe,RKe
incipient,878767.0366192254,31566.930288880776,4827439.430661349,253212.23184297272,1.595871520033157,0.36751288915763464,-5.387603001587418,0.6220658354129793,4.0912739039324135,-0.9882129765349655,-50.834435339371844,-5.5851197216069215,44.84743787542186,-36.69562632922075,0.5922017969554811,-0.22365719707160148,6.092485386941444,-0.1944036518486484,17.674747423263437,-0.41936713381527096,3.964595892199821,72.30091424418954,1.0483622709416618,-0.8439162492087466
intensification,1386272.460517372,162721.65778911128,5192392.700418487,380583.1370412497,10.383159423268737,-1.1514561599512825,-6.51439217010346,-6.668200629651947,7.171681707521887,2.2251383545935552,1.167852956073671,1.1134516192263042,-207.30470109911536,-332.9615788810772,-2.216034322585889,-1.96524522346989,1.9329853684357692,0.8625380741093799,-9.77450896502534,3.4851744209535456,3.993006924231337,-14.811129174264295,-6.879344750184839,2.5255312612757317
mature,983395.3798600672,222987.06602975112,2469614.0592233273,1244433.0976038217,3.7614148989898317,2.754574533337906,-22.283201046584846,1.9319578707257687,-1.7551459033725236,3.133099953277505,-21.220980371384908,-3.801280434915358,7.693206527115788,-26.908346784459354,-4.4778508830340105,-2.929560784330267,-16.66232507196102,0.20937972464768775,-17.089078541937745,8.407113504546126,-8.39118973626076,22.653687977042186,-3.7463368912419552,-12.006764977849134
decay,290654.85212154663,237339.4036211026,1611884.0784170115,1007327.6755489267,1.4609108141220961,-0.13381951869592884,-16.612596744821865,-0.7767609819403318,-1.0987869609925842,2.900971198467335,-3.595337959777185,-17.5980941462156,16.941806199166393,10.558686609287701,-1.793677331490942,-1.2317456243102032,-2.8479187126430263,0.37070429207518635,-7.253776853043837,-6.542862396849531,-0.4220404562242745,11.493247037433115,-3.173208369636552,-4.780604013515462
