,Az,Ae,Kz,Ke,Cz,Ca,Ck,Ce,BAz,BAe,BKz,BKe,BΦZ,BΦE,Gz,Ge,∂Az/∂t (finite diff.),∂Ae/∂t (finite diff.),∂Kz/∂t (finite diff.),∂Ke/∂t (finite diff.),RGz,RKz,RGe,RKe
intensification,652327.1721561669,115346.50829610483,3274221.542520361,348672.6025708802,4.165949705314154,0.45985300812207525,-2.1547852924499136,9.263708554534503,-3.4594147637281396,2.271810935977213,-21.071465635198482,-2.7007929106998603,157.73041188984402,142.03711735165902,6.899627776907823,4.803852782873917,-2.110883603449516,-2.2662302685242284,6.64173807868485,-5.930260822043,5.974333873714854,25.702039301019095,4.265814341910986,-14.647961758327561
decay,591048.1795452457,101115.28651971584,3555020.6878192015,275775.74840800586,-1.309648869222237,-0.7187583727817578,3.201592725646148,1.6490849838154322,-6.59151223937924,4.997355088162041,42.639761359688514,0.4191200077847205,132.96791594767018,126.16230502477538,2.983765678287575,1.3186348471978884,0.40776932733727683,2.2404066774115523,9.900988512121415,1.642236916558191,4.970874324712523,-34.630716703991,-0.38910505415329893,2.775624650604186
