,Az,Ae,Kz,Ke,Cz,Ca,Ck,Ce,BAz,BAe,BKz,BKe,BΦZ,BΦE,Gz,Ge,∂Az/∂t (finite diff.),∂Ae/∂t (finite diff.),∂Kz/∂t (finite diff.),∂Ke/∂t (finite diff.),RGz,RKz,RGe,RKe
intensification,663874.2483814544,297876.97915030265,3243762.0965597895,289048.8034213474,-11.925823076784443,0.9030547782055192,-1.3326701538456485,9.929467026408783,-6.994628569948669,9.999416057777289,21.626546676601887,-0.07715662212539598,169.19136128663746,149.40665067747025,-4.099381566569235,-0.31366155345296387,-0.8358792704728452,-3.7979232164151604,-0.1844240568712714,1.8703125061303336,-4.864018999103099,-8.552477502843068,-4.770927025989185,-9.314668051998702
mature,639739.4631153753,179241.85987800497,3313361.2341917586,335278.6369588439,-2.9876773639015894,0.7934066768340116,-2.5532116358123034,5.937869342114061,1.5371999908615066,3.0924645987620503,2.2224017244374625,-4.646135726487824,146.07525396099226,108.81442605952529,-0.8433605988568714,2.371023575870358,-1.5460646807354919,-1.9936723291833818,1.4348954556837108,0.27066206509990376,-5.277535358664576,4.753382730960142,0.05832573733461699,-3.574283186338637
decay,607507.4639551897,130488.20281619031,3901199.761188153,307916.48553405906,3.4223078123000055,0.6359683904898891,-2.6219330073448313,4.359018265794757,6.9369736921999285,1.2959833712857527,31.815991023966077,-4.877826351239786,35.20590919763844,-16.587484803234464,0.49423185048605806,2.3056890840875885,-0.5004767723441417,-0.4663838073194888,6.068883462425912,-0.41657848633079597,-3.379174261754175,-26.54748236649534,1.960682696699627,-2.519703408230598
