,Az,Ae,Kz,Ke,Cz,Ca,Ck,Ce,BAz,BAe,BKz,BKe,BΦZ,BΦE,Gz,Ge,∂Az/∂t (finite diff.),∂Ae/∂t (finite diff.),∂Kz/∂t (finite diff.),∂Ke/∂t (finite diff.),RGz,RKz,RGe,RKe
intensification,854028.8157252297,146229.13114974365,5522906.80182462,363105.6511116404,4.602464398986756,0.4958103447179981,-5.913717071058199,6.190659037066484,3.8403369919614065,2.663960418581812,-2.9142040232205573,0.4803690567967731,113.63430365731612,-13.606402838525401,-0.3429447023172826,2.256410887487315,-1.9442384233967889,-0.10279193137335962,-7.0210397272932905,-0.301516905710937,-0.6863006716534408,-2.7955830320012907,2.928096342393315,-12.886262070632394
mature,617095.9738240521,126124.82538242606,4940255.013447147,320841.81755198445,-0.8253481691453821,-0.1786079591095302,-2.1753717662733356,4.696404237365256,-3.2336237361815376,-0.2841378077347392,-0.2502477852068187,2.679795494114814,155.08058909784882,137.38206457768376,0.14018848346941926,2.9603372923338873,-7.979960019270969,-1.344557964524439,-26.972528642612872,-1.2601634407827307,-5.750292411344345,-23.721560921987336,3.814592039685087,-10.811734938536137
decay,753953.3929510961,63490.55072801679,3661554.9926101193,190854.0843551401,0.48809086273787494,0.14620821685514887,-0.16952878488485215,0.37209336210478866,5.276382011400849,-0.4739368619553687,1.876419733944451,1.9352324977554158,105.55049409859365,69.93509400076327,-0.10436279547105316,0.8068038364504352,3.2928662695079036,0.11035690599911183,-0.9782620623704023,-0.9126213232405398,-1.3492166622999224,-3.173243874167876,0.8101789132041203,-3.3894759679855966
