,Az,Ae,Kz,Ke,Cz,Ca,Ck,Ce,BAz,BAe,BKz,BKe,BΦZ,BΦE,Gz,Ge,∂Az/∂t (finite diff.),∂Ae/∂t (finite diff.),∂Kz/∂t (finite diff.),∂Ke/∂t (finite diff.),RGz,RKz,RGe,RKe
incipient,1110668.5150811549,145698.7913060144,4218562.334015316,226855.09404676955,4.442026085015642,2.2019975432869514,-2.378648757210248,3.6825028933178428,11.815291875237799,-2.597048713615012,-70.38530703123314,10.132682294252794,157.40088184347124,134.28769002940876,0.16499187346575037,0.693366471958762,-3.152802300683906,2.337333522788396,20.33085313337878,0.936730298287659,-8.324070547619112,88.65278283680652,6.4148875864343,-15.257103646493226
intensification,930336.1203733545,170260.63876828537,5169627.807105742,241501.78042537728,8.306816275069263,1.6774605915954302,-1.7277662297780625,7.644776707782885,6.599153486750239,-3.054410190167534,-80.24510019192766,3.6491946135391573,309.3363443825264,291.4839267881896,8.457058186700566,4.091699687362057,-2.589424551039674,-0.8063015956661945,30.281655629143827,-0.2283959584897763,0.795698828874779,103.94770577578029,8.215424710688794,-13.250133509589881
mature,872121.1080322363,105001.73447462602,5850869.077960128,207348.91218622544,1.8018475964526903,0.100818514916455,1.0866524807891715,4.909484382114076,-2.2797341321131253,-0.07446241269632535,-52.84828476872605,-7.808756910378033,309.1097870088724,315.23519407272033,3.219209963980984,3.390104981708058,-1.7767139943299304,-3.1352938503043477,-3.220420694791074,-2.775845695498484,2.4056862491523403,46.73936399669312,1.7478344295895987,1.2100793135546444
decay,821398.3343168149,38682.286801325565,5532060.61170344,163219.6550535605,6.086868251803714,-0.012760319843166126,0.5830397712021327,1.2613709090673295,-2.7883268634843357,0.5970185548411729,-49.935005637988205,-0.9570215225151324,205.48099197410056,223.41445434249863,0.9998831609552052,1.263384991819943,-3.331138391423339,-1.0496770727769698,-12.129704237695723,0.8843314656969372,5.531296404021544,31.135393377286633,-0.3725643987076471,1.163021850346873
