,Az,Ae,Kz,Ke,Cz,Ca,Ck,Ce,BAz,BAe,BKz,BKe,BΦZ,BΦE,Gz,Ge,∂Az/∂t (finite diff.),∂Ae/∂t (finite diff.),∂Kz/∂t (finite diff.),∂Ke/∂t (finite diff.),RGz,RKz,RGe,RKe
incipient,950086.2472332604,328720.21573446103,3392636.3012678884,379281.80307339673,6.919491129766837,3.4278343759491365,-11.76951869019796,9.21991163343666,11.454811660267934,0.1623625341831785,-26.468065091663785,-5.190093114950502,104.6102787912324,0.608418074303998,2.306411148142187,-4.890264557044853,-0.9074682822178604,-0.010909164527057,26.975200955828488,1.6892782063756238,-2.0149544367698216,58.2932936079234,5.618805558777287,-14.110059002308494
intensification,898818.1958642252,338145.18320738646,3826726.0789597705,507549.7383644669,5.752294726765648,3.718461271666674,-15.193871533245764,11.539341064623002,12.70792130626621,6.4919009732265645,-5.577245125620522,-10.082666941325725,150.99021002887656,43.92667548166212,0.22581861275745885,6.373192926357686,-2.711149630770222,0.6579115214396577,3.5352633291457907,5.123912734363497,-5.948314938604111,18.554085261246435,1.986890341169422,-11.526632922179546
mature,710096.2392412623,393697.3863394957,3654049.5045060506,758806.5044601774,0.33636928013610823,5.328827847976245,-32.33970389318938,13.777801810509576,10.818209853522774,4.003521292671407,-25.92094573667897,-3.7368840011265636,296.3752020691558,173.09187040528388,1.2965797632724199,3.5504575672945595,-4.482706802492036,1.2023769038926522,-3.0341711933283606,1.881810029756315,-9.63571952790246,54.890109156403874,5.647829573754574,-40.498811672816075
decay,497643.05339294585,394766.2396363791,3979790.7559177815,617100.2237843385,1.393997296596272,3.7172101810102878,-18.68275042625967,9.006312235495786,4.52512981658428,3.6302649844352852,-41.46076073632683,-11.017568986523473,414.5301733921748,297.31213769879315,1.9630212974833172,1.4819844424025101,-3.599848190691127,0.23984819152325337,1.5095567087609298,-3.2446706786966346,-3.013770529668848,60.259070574751156,1.8986852615734668,-19.916164353928618
