,Az,Ae,Kz,Ke,Cz,Ca,Ck,Ce,BAz,BAe,BKz,BKe,BΦZ,BΦE,Gz,Ge,∂Az/∂t (finite diff.),∂Ae/∂t (finite diff.),∂Kz/∂t (finite diff.),∂Ke/∂t (finite diff.),RGz,RKz,RGe,RKe
incipient,263220.8891973432,81539.43327143099,1235973.1180205112,167865.3195219495,1.3944494084922259,0.9530048896227203,-1.4710530824273251,4.721803575061893,5.441049018642085,-0.7168235350219725,-20.681588378593965,0.0718439212299403,48.10811110471799,48.45996134138948,0.49684557863194523,2.0639920002962913,1.4924601781478486,0.2949699276570623,-11.56006780752538,0.47451667912088213,-1.60113454237929,9.19812424500368,4.780592148118208,-5.790183899598276
intensification,356543.4649753504,84913.10185686676,1048006.3572208937,184887.9982833838,3.6410799791424986,1.0099759546158533,-2.7247822226946394,4.462261944330853,5.394204437149101,-1.1701574034640747,-20.55556350489951,-1.2073096165596735,31.335215213846215,25.739473795151543,1.2135978983451892,2.774261405547464,1.043569679779291,-0.22065054527359385,-1.255938092794396,0.12200518834948597,0.30042117638854127,18.383327655657258,4.40179284790548,-5.857729362116333
mature,350630.05714675086,58652.81938364223,943978.0798641685,159238.44925343653,5.804841202349291,0.7862560626864473,-2.502852411517706,1.7097813897074117,5.013006668364484,-1.1681480059022626,-10.32676806501704,-3.051600694585378,11.584119068173178,6.693114095661947,1.2868136722099803,0.5449251567247201,-2.239138155974126,-0.4953705745460069,-1.8437227161821728,-1.7453719476544316,-0.6610475593028715,5.181056558003282,1.5963027583772202,-2.906405054294171
decay,367888.59720622475,47143.4554263197,1281766.2766121048,115813.3938381213,0.9355221655383783,-0.08838876212373147,0.6739612481107152,0.2614458934540443,-1.6990128321807136,0.6349399390485346,8.942959312340177,0.9295013289653429,36.36555054703783,51.84036557887804,0.7290237256116752,0.12052350996015854,0.3127145477416872,0.1407336934624862,10.632210073995104,0.7237368072617891,2.8588607833370476,0.07976734800583238,-0.14437159000827263,0.2067508329531173
