,Az,Ae,Kz,Ke,Cz,Ca,Ck,Ce,BAz,BAe,BKz,BKe,BΦZ,BΦE,Gz,Ge,∂Az/∂t (finite diff.),∂Ae/∂t (finite diff.),∂Kz/∂t (finite diff.),∂Ke/∂t (finite diff.),RGz,RKz,RGe,RKe
incipient,514554.23723802983,181765.25696854838,1077617.406470863,250497.07757787968,5.1164759590170314,0.9135767998066034,-4.708308961663191,4.245534501325694,5.172564670609909,-0.7574895203150811,5.039843011235874,-1.6192576459640742,-3.486861452689262,-15.031046334177569,1.7808551306203542,2.8142784307040003,4.968382772543167,-0.009495472470423214,1.5968128669544783,0.6100196832346202,5.8258708607568925,-3.851197141635237,4.079951749363748,-6.724566133790189
intensification,390259.9448198164,325467.86336191493,1323430.5148793685,505658.4461602621,2.363816896210247,2.3897676385350466,-2.5702087937561373,10.751393142204751,3.780219558534744,-2.1413184524749314,4.12201365584833,3.2954078440830785,35.86512095047606,18.794231180194412,2.020406700438806,7.352100852959269,-2.703018270821254,0.5945657483753318,2.1472911973832653,4.378733274516579,-1.729653294610704,-1.7683305609191748,11.09750970451997,-12.238276505527388
mature,205069.56156804413,175034.16033459894,1535011.0176802704,880587.1307566753,-3.9836323499459545,0.33637227864557223,21.78172591001857,6.070093605533692,-4.411976355729973,-0.4807437493263496,-6.240483172697927,9.70870673506569,-11.454397110227916,-34.04397587650909,0.5871043844262976,2.932394270214662,-0.44419490486890006,-3.070834984387084,2.919246987826414,-4.266135541437618,0.32052137956069116,-8.638363399548275,3.143630091827385,1.736790027981572
decay,137879.63320037856,101725.18824320905,1299606.9622277566,636772.666757745,-2.6908447590573195,0.06259453303873608,6.432490465080828,1.013953664982186,-2.863798954849863,2.299401298818545,0.8197688140820272,6.624105336147046,28.72244187618516,44.67019527001038,-0.13533981084198313,-0.36807933215565464,-0.3248074065010119,0.06308169819214521,1.6821445807917788,-1.4188066354824196,-0.08925867766973314,-2.8792699393137573,-1.2849604686829497,-2.624375171530825
