,Az,Ae,Kz,Ke,Cz,Ca,Ck,Ce,BAz,BAe,BKz,BKe,BΦZ,BΦE,Gz,Ge,∂Az/∂t (finite diff.),∂Ae/∂t (finite diff.),∂Kz/∂t (finite diff.),∂Ke/∂t (finite diff.),RGz,RKz,RGe,RKe
incipient,1055496.3578149949,182094.81919285998,3124746.9880335317,357517.1187410548,-1.2361517456795177,3.161318524742632,-8.637630797659565,2.3791081671255636,11.547720628108406,-1.065543282624228,-67.8204678330189,16.194493914614956,67.90119627658342,6.771772351327615,-0.3333981788098075,-1.6760152862567368,-11.065788168353158,3.340168336279331,2.5300835459938606,-0.01686729081479399,-20.688342017398455,80.22433392235185,3.6235012612864907,-27.22810017021488
intensification,419081.8904761113,510514.8118061076,3242539.3392450977,1225780.1617964846,-0.5051302295105293,4.422565490819777,-31.12544351241181,15.848624521547919,7.630058209855059,0.7707357670119571,-9.931458698440121,-10.041427499831874,127.60743066659441,80.28151039302864,-0.9523665031678378,10.357010347269293,-5.531360942190143,1.053608591384375,-6.587263130939617,11.893486639696564,-9.243983890735953,34.974769309422825,11.708931855100563,-25.039153894431287
mature,111423.99094766304,360175.99479880923,2921726.6191233774,2006494.831317342,-1.1682999636448146,2.1940866309137186,-5.942882739778522,23.25361673065562,3.5888148331092284,-5.820136301827612,-61.661262970718724,32.08859537987714,181.20607840982197,190.44874787929905,0.4158591891737595,16.68278302731903,0.3305730859745873,-2.539237933783775,31.731488263506478,-8.78221970163544,-2.2324550798657374,100.50393393764854,24.34042846778574,-70.06731455194672
decay,137185.1268560319,217800.0785609344,4222548.950915413,1270661.4012118499,-3.433141803056015,0.7771897845591093,12.007758593929813,10.818491709301966,-0.9757683517204033,-5.452388607823156,-58.800153961026474,18.743670549862937,265.3151033314714,323.4848376024511,-0.20395025636273534,11.785542345831104,-0.31413106104260896,-3.1474715256673416,23.27692205584033,-14.758999681307367,-1.9943147278191116,73.50245922599301,12.34621900689867,-32.31340334654245
