,Az,Ae,Kz,Ke,Cz,Ca,Ck,Ce,BAz,BAe,BKz,BKe,BΦZ,BΦE,Gz,Ge,∂Az/∂t (finite diff.),∂Ae/∂t (finite diff.),∂Kz/∂t (finite diff.),∂Ke/∂t (finite diff.),RGz,RKz,RGe,RKe
intensification,556849.6109160243,170477.92082611166,3510587.243297211,225370.2711874372,1.7874079777705263,1.0033636853735828,-0.7659001447273015,2.6780385700561404,19.579618489758385,1.707369367200653,-18.492212812983006,1.5785635725981293,113.69576673294007,88.50682970661141,-5.397626220575132,-0.665289591177707,0.7508719149260623,1.1339385302205576,14.25687162179022,1.9588505982933546,-16.037974911688217,31.72757660173,1.1012440477024625,-3.063651689088217
decay,477819.34878630616,145159.37386860998,5078514.128178711,230579.63127194118,2.333368094954873,0.7340610219935668,-1.9370599394720196,2.2914566398757237,8.675648344006365,3.03156767005499,-35.62430295074538,-0.3428688580059749,204.27931596440456,95.13554790478666,-0.5777561786540796,0.6272531616465725,-0.48132661234308405,-0.4128473121482757,26.274142027999517,-0.5608289726336582,-6.089545839401013,61.50213682326204,-1.8870193643211084,-4.446476693975427
