,Az,Ae,Kz,Ke,Cz,Ca,Ck,Ce,BAz,BAe,BKz,BKe,BΦZ,BΦE,Gz,Ge,∂Az/∂t (finite diff.),∂Ae/∂t (finite diff.),∂Kz/∂t (finite diff.),∂Ke/∂t (finite diff.),RGz,RKz,RGe,RKe
incipient,564270.6673985795,115974.93889570786,3030034.488940295,370910.89983567945,5.301221316918153,2.510336474880887,-3.1859444627216824,10.419962796866788,12.54031274891695,-1.1379369752185886,-9.062674827100539,1.5426447920080966,9.674610242936863,-50.285404098499896,3.0097536039496164,3.772028120870014,3.984702115040582,2.0789103211352193,17.094487567967704,6.082730898185334,-0.7440528420773296,24.041885540871775,11.126473618339709,-9.065821153411232
intensification,606194.898365073,221449.0458901728,3269830.6773131476,608882.4713927824,-3.1418421259032123,4.0927417490567235,-6.933854742232893,21.892197988288252,27.818425720702447,-1.3485670490151542,-16.70620178665551,9.12136727208727,51.49379237608267,3.6956112856758154,-8.831270172657455,12.349341301688442,-1.3913159651310654,3.9284342499522666,4.472004733933041,5.179473665384956,-28.258842062680003,31.253903388724655,23.076457538198948,-32.76794633722346
mature,448473.1917583449,415219.2323834224,3614012.8243417037,742063.4988535438,-1.4081165934296511,4.634036205747079,-5.200287889068382,30.023905746657363,31.202300968543152,4.189768675214017,-50.35105213739612,3.70028462045232,201.91341080902612,189.48284962097168,-3.361550733817977,16.411295733207318,-3.6785654056723214,4.098792524294713,17.14622409736943,-0.15987102391732577,-31.654946761898042,74.10568071726357,25.298893389990983,-39.08434928009539
decay,235396.08087400487,567981.0167855187,4461801.9216704285,640412.7551789092,-3.4254468511230076,1.914890195837012,4.108467187366932,22.154955030635318,12.885185723745293,18.645702238597746,19.290133265027336,-12.291348979321917,310.01041525075067,287.10093547678406,-1.2671674880722628,14.078136343975405,-4.093239384726414,0.5762491936527716,3.7846531363406717,-3.0796198212150294,-18.4889817637577,-16.18850046493059,2.1706117898533366,-8.8347586851615
