,Az,Ae,Kz,Ke,Cz,Ca,Ck,Ce,BAz,BAe,BKz,BKe,BΦZ,BΦE,Gz,Ge,∂Az/∂t (finite diff.),∂Ae/∂t (finite diff.),∂Kz/∂t (finite diff.),∂Ke/∂t (finite diff.),RGz,RKz,RGe,RKe
incipient,852692.8261783668,119170.07268537475,2626132.378327587,182719.82829579955,-6.502625639531581,0.7702734062224108,-0.7675987268786651,3.5120595149137745,2.6975444082452884,2.2145286549229057,29.63175551799186,0.6279415244584796,-10.562217998027908,6.087314092407163,-2.565907992274603,-0.37517915631033877,-2.025886605905231,1.0524049335452972,-12.830484780001584,0.9860142297808098,-10.455783247459689,-35.19201593158319,1.5796623873137545,-3.921585536470109
intensification,762748.3967493093,151817.72708858582,2348503.687565871,204597.60580014097,-4.312049115756497,1.2697833627097928,-1.0821365159462084,3.579356636764821,1.5311367924168888,0.1757612969170822,9.464391995130514,-0.3689940378849417,17.400014626383385,17.426205232108806,-4.045953732483641,1.4569755077954236,-10.009893715825752,1.7100105485437749,-9.622330446907975,1.9502611696983068,-14.583296261289345,-13.692536810335785,3.843822525681721,-2.3422379451277817
decay,543688.1857662888,198907.9530997302,2165159.4348933077,256555.87062039657,-1.8223020232096554,1.3965507832780448,-1.4867270326962931,4.15248389255925,0.32647425605436337,4.3188427148995325,-14.16176533056848,2.5662808467923726,92.40140609904172,86.2446272260599,-1.5270188268217446,1.1171585450493182,-7.7338354339675055,2.418812260545115,-7.508123945789577,2.4333776921025043,-8.486060929953478,9.962670440684851,0.855902654926787,-5.7721140799454105
intensification 2,386935.4046131715,239267.70709270658,2168537.1160279885,305601.6695820763,1.5937552056677249,1.447405193110935,-1.8189514095487889,3.9295570675375484,0.41525080360044775,5.4796842736114755,-38.5573976263053,6.776018140778248,177.63037109653666,184.45961267367795,0.5771291722208709,2.1989657226918626,-4.734473449932886,-0.04955501769035665,10.855277094499055,0.37023468693185013,-2.108563854754674,49.63787092468543,-3.047087416875219,-12.154291930932736
