,Az,Ae,Kz,Ke,Cz,Ca,Ck,Ce,BAz,BAe,BKz,BKe,BΦZ,BΦE,Gz,Ge,∂Az/∂t (finite diff.),∂Ae/∂t (finite diff.),∂Kz/∂t (finite diff.),∂Ke/∂t (finite diff.),RGz,RKz,RGe,RKe
incipient,398208.6607276283,177106.73250245012,2277156.595486438,425016.27055559884,3.896249257122578,1.898498968736842,-11.160159476035373,4.825541207813308,4.134551047951407,-2.7616600505069546,-27.272118574349292,0.12275087513426604,145.09521907773737,131.8282959927218,2.5514849392371874,-0.38453116569173096,1.5173139018643413,-0.1624338610542978,13.844909558647915,-0.7024175218925198,3.1775110797723527,48.38093835191,5.5262684285291215,-16.810869080875467
intensification,472725.72065465245,177576.93968588472,2957230.925993358,332584.7749178674,-2.7825977486405344,2.0635017852228943,-3.4239718032451423,9.44197189525152,-1.9342185512821133,-3.4905464966541353,-10.795320300689104,0.5846481169262094,139.2070464732566,130.62788912136907,0.3374579143013197,5.332215268949095,-0.2372549125124379,-0.3565205291450536,-0.8082127983062606,-0.2077520848058291,0.9778676753520349,16.19367705426852,10.512496077537708,-13.658343900228704
mature,495111.9481924127,98272.45765317469,2388232.595921183,336367.5864466971,-2.5935907893173598,1.2847435568393115,-4.493524017505324,4.168035866187653,-0.7596301119757487,-3.3828900451774278,-12.892857171017633,-6.2003587672938565,78.92318387638747,66.90983619836241,-0.9105982462674905,1.2515825313767557,3.8256784928728678,-1.3204345371687054,-2.6315777680664043,-2.822234054855276,3.276461372370568,17.348394209773915,4.945747817357065,-5.283435171254396
decay,1266643.876588613,82309.68043314184,2357988.8347763075,244431.73824958137,-2.7790722280845603,1.348514416136468,-4.996490996358016,1.5359118852717155,-7.64112420414072,-2.368899913228504,-19.454137941216818,-4.648701933120609,53.69897057490136,59.03136063076305,-0.21715375201272855,-0.28815008547138266,2.8671994289821487,0.04893082991132996,-0.9078089738014579,0.7207846394663893,9.077765821174776,26.321892191857938,2.6052282122750814,-1.1629163090427332
