,Az,Ae,Kz,Ke,Cz,Ca,Ck,Ce,BAz,BAe,BKz,BKe,BΦZ,BΦE,Gz,Ge,∂Az/∂t (finite diff.),∂Ae/∂t (finite diff.),∂Kz/∂t (finite diff.),∂Ke/∂t (finite diff.),RGz,RKz,RGe,RKe
decay,441785.0665543137,79033.53148469869,1962801.2302070356,141944.07908249466,0.468753123443371,0.5918646476278467,-0.4882678394053556,0.9922667067053847,5.299747980369081,-1.2979955105206908,-9.23855539522565,-1.8209882875783752,48.34704273543819,45.138849670210305,-0.7647458889957469,-0.2197392243626333,0.5470386376089066,-0.1342831996092935,2.107781882520807,-2.0035084866434527,-3.6920915716889553,11.365851993708441,1.5641143699889353,-1.6630547451758184
intensification,461363.815449051,120388.67760994335,2295448.7337091216,143141.7939535697,-3.995934867973153,0.6739547847129536,0.5057839604740331,0.7468320813597727,2.9217668365103933,1.2358273032774516,-5.572352023603712,4.869169713789672,100.0112306932012,90.64209732191065,-3.3216097987054685,1.7422125300198563,-0.8514651821334094,3.651264623622043,12.124764134750812,3.1127248431905437,-7.0952121019040035,21.18726706585364,2.4883146169914108,-1.9974929914848674
