,Az,Ae,Kz,Ke,Cz,Ca,Ck,Ce,BAz,BAe,BKz,BKe,BΦZ,BΦE,Gz,Ge,∂Az/∂t (finite diff.),∂Ae/∂t (finite diff.),∂Kz/∂t (finite diff.),∂Ke/∂t (finite diff.),RGz,RKz,RGe,RKe
intensification,938356.9380135738,101962.57980506207,3187443.313061436,145822.1008918713,-1.8238851133845184,0.06169354046586032,3.353387012779,4.426872912063802,0.30113183306527863,4.453207940221607,-2.7653633258192163,1.0725968999010873,135.18312794552875,158.59216550612345,-0.4256783111859728,0.16919347840519233,5.724122325258298,-0.4166756277591512,13.668592589549892,-0.8519147618188198,3.6607989192743604,14.904454015974627,-0.5047041963828176,-2.9979975610047083
decay,995904.1106068192,46341.75996541061,3356294.0664139143,99574.35942234434,1.7525148960692492,-0.11793270219895825,1.6703039843913814,1.7108449155439205,5.511646494627461,2.8513711418880328,-5.562965314365839,-2.205930433407739,77.3655548330213,87.58080017359856,-0.8261500734337679,0.9253439272401289,3.5325385287011666,-0.9262527802746987,4.715814301414083,-0.892932093115002,-0.34452577205600265,6.855960735319291,-1.948846304419852,1.2724574091401977
