,Az,Ae,Kz,Ke,Cz,Ca,Ck,Ce,BAz,BAe,BKz,BKe,BΦZ,BΦE,Gz,Ge,∂Az/∂t (finite diff.),∂Ae/∂t (finite diff.),∂Kz/∂t (finite diff.),∂Ke/∂t (finite diff.),RGz,RKz,RGe,RKe
intensification,515357.5078306016,148676.04916977175,2189627.8406165275,212371.49757670425,3.9990902945820728,0.18098585615426932,-1.6455619434326731,3.0964108941207624,-2.4067746674646187,5.410275998056388,-20.450012383548408,-2.2113051500861016,54.36241498356579,22.972099217291657,-1.3864155231378252,-0.5818075685089462,-2.608729749975163,-4.095521608228443,-9.946898432170322,1.8171477783652135,3.9781210682257977,8.149585600228688,-6.590372568318337,-0.713519909102121
decay,352536.5819926554,95133.47411839814,1669128.040197493,258805.96946002828,7.4267871237373955,0.14599087655860768,-3.41168194025698,0.29519210030989573,2.1451810780550575,0.9303828051546578,-3.5354564328482567,-5.777340593877455,-20.30762876416671,-64.31995360761256,0.35986915534577796,0.42810243445891244,-2.8195876405478413,-0.07666701960138209,-8.451792287095193,-0.41182257570044145,2.6080092816931035,-8.931441037727351,-0.8578486010047516,1.6586439776101378
