,Az,Ae,Kz,Ke,Cz,Ca,Ck,Ce,BAz,BAe,BKz,BKe,BΦZ,BΦE,Gz,Ge,∂Az/∂t (finite diff.),∂Ae/∂t (finite diff.),∂Kz/∂t (finite diff.),∂Ke/∂t (finite diff.),RGz,RKz,RGe,RKe
incipient,784584.976279479,241144.4229942439,3281473.358574096,400741.92156094935,-9.670365649596341,3.017177950748038,-3.8679614506719915,17.44080019022427,12.700101769520051,-1.5686963465505712,10.915520510034893,1.9968737748137244,68.38073728810537,63.77969295419804,-8.313836049165875,9.309895731385193,-4.810561788161844,2.0615017472100043,-6.13401387298033,3.1413136269725315,-24.1638512565302,-3.5112072827468905,18.053820333236807,-20.164321788737453
intensification,357438.057984529,271937.45031498966,2879540.935774393,421209.767121807,-5.477004963313644,2.359505331789915,0.1401019535585625,10.712839693224085,1.9680909909006425,2.8077757766546325,-23.896611371622726,5.181572840936308,152.37154281390985,182.60382299881144,-2.041497047413162,3.672857781485789,-1.0373949393991355,0.05864948010218156,3.869369238743058,0.22383348739743822,-6.122985561823507,33.10288362012086,5.604208064881716,-15.530477093204386
mature,504054.7971965127,224555.06592192096,4507100.2616064865,478939.7181361957,-5.299250151857973,1.0724588018348893,-3.8108392815714565,4.81666700192989,-8.473206018261418,3.0238068507399873,-57.86067357629537,1.356951691326271,259.3039279263663,295.1802284092234,-0.6949129716217234,0.7633065317046658,2.802917581790672,-1.5773939614052852,11.536981658353994,-1.716267632521407,7.049332250029006,78.5077446680788,-0.8569926120502718,-11.700725607349025
decay,892450.4426013582,154969.76021034794,4534704.002101892,273100.72543605877,0.4894722455000386,1.2587200859120904,-4.86754341096407,1.4110590454566203,1.1581968003779954,0.19265646088813432,-7.694850895288425,3.1035631663462246,6.992489760662449,-8.632063536531517,-1.5761589932073607,-2.3574967929212733,0.1454190771806017,0.77260198478018,-7.309177584398127,2.3326551507493773,0.735414608214736,4.7637444763543275,0.7322844834365758,-7.049510472017535
