,Az,Ae,Kz,Ke,Cz,Ca,Ck,Ce,BAz,BAe,BKz,BKe,BΦZ,BΦE,Gz,Ge,∂Az/∂t (finite diff.),∂Ae/∂t (finite diff.),∂Kz/∂t (finite diff.),∂Ke/∂t (finite diff.),RGz,RKz,RGe,RKe
incipient,351961.05386164895,117885.19547508385,1577917.53639656,504708.2525867911,2.6559418339908354,2.1252881419334084,1.814949587208419,4.59058896358006,5.34136608228049,-4.295424728622115,-28.464321875617614,11.78557436941095,59.961516269960555,36.45935877650606,0.8750063910044686,2.0763178330361707,-1.7026631746922474,0.43523022699479896,-4.09057191618047,1.2070074333276257,-2.2627992810484936,19.90285853823789,7.195955777263564,-13.354206312454963
intensification,206730.19187664657,101959.55610881298,1021191.4810098893,374769.6645259759,2.75005204428442,1.3337498131129437,0.39674644231826,4.684234375249523,4.256506970507197,-1.9220450538838216,-22.654571208586162,1.969488073081077,34.17464387930334,16.724754706734014,1.4310838521386333,3.3060331277223245,-1.004468818874525,-0.1714325587457336,-7.33547828000579,-1.7490857380872789,-1.1771739319843588,12.172294441977696,5.101097057274668,-8.006061744099618
mature,183953.02126807923,122684.59874523347,679317.9976624891,297578.10149892245,0.3376105096785505,1.406300129192013,1.1389579956986402,4.491766803955756,2.8538884035853607,-1.2897505925953086,-17.021761922708205,3.7267310091775427,35.433952350759775,33.85083014177517,0.621898003885757,2.400786706999469,-0.6532046607884843,0.10096446319322068,-0.5484169366175375,-0.5344708601021143,-1.7631824255032815,14.996776480713475,4.476181730552272,-7.614010677536774
decay,300178.8529657062,75162.70048042199,831222.5018500317,320575.7407481723,-0.25665011400989507,0.7396249758110347,1.754965210548537,1.6711995188039008,3.860522360329422,-0.9859979700846458,2.592087124289459,1.550521394990396,-7.64663551793371,-7.552963680063142,-0.37090953212787514,0.4086319493917956,1.955925631373516,-0.4011870743215224,3.3317420795751724,0.6118821360249582,-1.4216218671547654,-0.7586601412529268,1.5163854387559899,-0.8548735672208029
residual,605989.5173140445,58377.239377322534,1267544.5588226684,340450.81622831535,1.7488010597910957,0.7504409577966009,-2.2751731608898074,1.071298841591362,7.992475320472761,-0.9361666888066307,9.315874529184144,-5.058075088650908,-42.25291893893499,-60.101755262579196,-1.2733244727926958,0.2415727860433376,4.07986368008392,0.17079212892829826,0.9580242814900682,-0.03200582980081457,-1.4133696228011452,-7.831478146595364,1.42781670152969,1.679597256368924
