,Az,Ae,Kz,Ke,Cz,Ca,Ck,Ce,BAz,BAe,BKz,BKe,BΦZ,BΦE,Gz,Ge,∂Az/∂t (finite diff.),∂Ae/∂t (finite diff.),∂Kz/∂t (finite diff.),∂Ke/∂t (finite diff.),RGz,RKz,RGe,RKe
incipient,373410.4075329797,42496.626738329556,1011034.869996809,124874.55864039382,1.5290989174047163,-0.0363719378785901,-1.1567502210476677,0.4217744835485297,1.3920083453602061,0.6476185726263584,-2.191824340298633,1.2469791048157894,24.759601261005184,24.343416387257506,1.9422236207223067,-0.5057838268628737,2.457560943020195,-0.1550709899570992,2.864889215267469,0.2723321446463817,2.558279577186115,4.684364859209054,-0.3445431411563376,-2.553171664765605
intensification,507920.53784257144,63409.07786579544,1206143.5236534588,160837.97543546592,2.023362918845866,0.13105139772798738,-1.570184459098109,-1.2203180232678188,2.7710692186739556,-0.5105759333925245,-3.0140629350854304,2.618718772560811,-16.82620956480949,-56.880717127818606,0.657062728122848,-0.11126484885663845,0.7355562192297391,1.0224302344870002,3.6557284161247865,0.8127915247607063,0.11890131712963736,6.216612891462461,0.18163674688371878,-2.155793683630395
mature,420372.4443653843,113798.23583809493,1269319.976078683,192946.2009723143,8.290339849027852,0.2498099429735668,-2.6526631981315134,-2.769062341532754,2.949926257944868,-2.5548259940330267,-8.726136082787653,1.9177963497779742,-26.815609137439903,-73.84474243174832,1.2421788753697331,-0.9111588595023936,-4.7416917176052635,0.485077222024886,-4.037274939118754,1.5627120715175964,0.8485318164512874,-0.9488155072274402,0.021030931551591303,-0.23868513485913703
decay,310265.1777265606,127564.72922160031,1297168.5091866783,227120.89815166174,6.599378301236904,0.7356057989471891,-4.002096052256335,-0.3750558923185453,5.472750651098073,-5.011973042960089,-8.33452196015502,2.1556499405828418,-46.3976217642216,-85.67298419277327,2.103273120013485,0.7785946885547913,-2.1213567846768244,0.21971673359160104,2.200380007154192,0.5987641083449632,-0.2591233355908049,7.937619718328641,4.121028085285956,-5.183925992175668
