,Az,Ae,Kz,Ke,Cz,Ca,Ck,Ce,BAz,BAe,BKz,BKe,BΦZ,BΦE,Gz,Ge,∂Az/∂t (finite diff.),∂Ae/∂t (finite diff.),∂Kz/∂t (finite diff.),∂Ke/∂t (finite diff.),RGz,RKz,RGe,RKe
intensification,627289.3510784137,191367.49602746608,2913358.037140023,421828.8470410314,-1.345277862421777,0.716392937160355,5.416455389247633,7.242698030060161,3.1730802364534374,6.453491075437077,0.6014015653494393,0.4860403829526666,68.51071254196454,52.3704699347328,1.8508562655476413,-2.825812346447093,10.343419700976565,-2.0819971852918657,3.3930443887713078,-0.5473545702620457,6.541454539261705,-1.2795347034039883,-2.009183167829136,-2.8596375940272405
decay,685236.4517714803,140188.05584121973,3229352.21263956,453403.0492959377,6.336090245232264,0.7493639300576307,5.159031558476334,5.497221214780191,3.3670288373400785,1.7509920431526793,6.352827254844913,-3.2685075062081337,56.96847260372295,46.21949847089064,5.918892110476942,4.018214315895986,-1.441764862030496,-0.7949348969603532,10.886601821523167,1.4904455239144465,2.2766604759193205,-6.961347237030344,2.201930344609527,4.420763373818723
