,Az,Ae,Kz,Ke,Cz,Ca,Ck,Ce,BAz,BAe,BKz,BKe,BΦZ,BΦE,Gz,Ge,∂Az/∂t (finite diff.),∂Ae/∂t (finite diff.),∂Kz/∂t (finite diff.),∂Ke/∂t (finite diff.),RGz,RKz,RGe,RKe
incipient,545552.555031582,150731.0998880981,2625374.5052170986,381592.0458826398,5.758387129279027,0.987108514564861,-3.6398402147572257,15.237611416432989,4.401411769384019,1.0849451546672964,-2.0559014016436583,1.2049505532596259,61.59888430140999,64.48123352943148,4.419408486961007,9.358021813404733,-9.58739948825258,0.0532764146470254,-17.81323982271021,4.311612700855023,-7.243315613792711,-17.87588533558835,13.218834161847855,-15.770789483594815
intensification,345263.7111364017,126742.89585715419,2081135.3558518093,450179.53354992176,-3.837626889165366,0.8287170202448435,-2.1305206602057796,10.36916453671036,-0.07244741238429189,1.882077004526066,-10.708006227908701,0.0027583297944365633,70.61883390957634,78.9561948422683,-1.8148375782066979,6.395377778025718,-1.1397620456144382,-0.4300266152358366,-4.3768104547776066,-0.7764072371769004,-4.076224502150668,12.299343322502242,7.228343896703613,-13.278850763887476
mature,342286.3689964277,90403.26480385993,2083013.6328925136,328525.77320211875,-4.280913691875743,0.2946670375269605,-1.601758151995701,5.161078844107889,-2.3663916057964953,2.954883615065848,-1.8375021829901292,0.5240753801310806,48.224256853629576,55.45457176966091,-2.862802919337869,1.8837294442045547,0.20011701141805746,-0.6828666854700874,4.198248561544655,-0.3687473785026048,-1.4197380371342305,11.91842258840623,1.2286615060449926,-7.655659754737275
decay,501360.78974237735,93658.80821184396,2799048.4806164843,286883.49541946483,0.9069223863758543,0.41099306015206527,-7.800299548440883,3.3834722721321775,-2.4365965578846764,3.3109323273223947,-2.1862037605497346,-1.807756728510159,115.28329114371387,102.37384004751077,-1.742883716670703,1.127215149969363,1.4549740559958393,0.978992481481258,5.902136733546606,0.7575850363587536,5.2094860604084365,14.981717656161367,0.6405393661389753,-8.618430055704147
