,Az,Ae,Kz,Ke,Cz,Ca,Ck,Ce,BAz,BAe,BKz,BKe,BΦZ,BΦE,Gz,Ge,∂Az/∂t (finite diff.),∂Ae/∂t (finite diff.),∂Kz/∂t (finite diff.),∂Ke/∂t (finite diff.),RGz,RKz,RGe,RKe
incipient,700109.829216059,337198.302809532,3755268.2290575425,223942.0255825901,-5.568542356079284,0.7388200138178429,-2.4457020140703682,8.522569182554014,-1.3199046889214172,8.845971354018845,-1.9450976515924558,-3.1384836914898844,285.28530026394276,263.388552254144,-4.031438922303187,0.019329438434622464,-4.052045922453087,-3.4120375405567014,-6.277282877836684,0.9724613269451917,-7.561863575793111,3.682059143905425,-4.474259725839376,-6.8573261781893065
intensification,302910.82611622644,241553.4545961815,3355250.281736398,395862.38595281664,-7.0097476519525275,0.8880406874350202,-2.2169823127060835,6.630095555210796,-0.9026413245919575,6.018586032954721,-5.039298821693459,4.851853042937664,263.9550168850934,263.42393280452563,-2.4310824618827356,1.4590097895069767,-1.1332969573667009,-0.04400326818092839,3.442248923357032,1.4769248018952275,-6.352362597292251,17.7082777097091,-0.32053443335987464,-12.222006108959317
mature,423385.29484927,109755.66147661989,3110502.5234085475,373213.9017657843,-3.6841424107069707,0.13134267898155347,4.563613482140215,1.9153989849757715,-2.582111158965152,-1.8009955834659976,-24.013594348868107,0.6974661326904144,102.81440272326809,88.3887678902136,-0.5907928392870996,0.8535904027579262,2.3840196011486654,-2.490993769846869,-20.279728566961317,-5.0194513647715215,1.413331028388401,2.8543947104735454,1.094058119613347,-3.068703000297493
decay,445290.6497525201,45450.65624538618,2104463.166933769,151926.84362036284,0.8560113788569401,0.0633636182219653,0.05189940594058474,0.3065724141833948,-0.891350544172786,0.9946446802893542,-7.08405343297719,1.97123904425554,31.917385122034034,24.40756620336188,-0.6956260041900211,-0.31095135322774586,0.8740861351586476,-0.0019508534121758698,-0.9208258402467729,-0.4802036878367965,2.684811676410339,5.2553168079328945,-0.7533867377401005,-2.706115740335147
