,Az,Ae,Kz,Ke,Cz,Ca,Ck,Ce,BAz,BAe,BKz,BKe,BΦZ,BΦE,Gz,Ge,∂Az/∂t (finite diff.),∂Ae/∂t (finite diff.),∂Kz/∂t (finite diff.),∂Ke/∂t (finite diff.),RGz,RKz,RGe,RKe
intensification,410392.46464175277,114658.91624347481,2672007.855784414,300590.09769777104,-7.891846589783525,0.6175709176955627,2.8428520713063534,4.183003747826535,-6.023523206038765,-0.14001286718012448,16.499546644618224,1.6542248190264701,54.22452313350397,32.01339042817261,-2.3793335116915517,0.49989439760881604,-3.5977542917252103,-1.507221823385445,-9.970789977746282,1.381670383376488,-4.848506757774407,-21.421342103887334,2.198223873925652,-1.612706112170164
mature,252386.77072480528,58510.15667044777,2069081.3565546807,358953.5681186715,-3.1014286373212663,0.27687300949639676,7.449486613412304,1.1388964827628067,-3.926839085131531,0.18111639501862362,1.232922693614535,2.357988033312108,13.078320932300059,5.4219263525179215,-0.5619609563355837,0.10568849549964394,-1.2989861400220575,-0.6113393245975612,-7.847554325036472,-0.5926752037210979,-0.19670268271539668,-13.428534994742044,0.06956775365022527,3.3599268936162923
decay,206179.86444710637,64895.76538096647,1903179.1203496081,508641.4775737502,-4.23599964243063,-0.2343025066230209,13.615715822866294,0.7566816926057142,-3.5750937406177803,1.7349500606091548,28.33110587104279,8.296483626288778,-62.13853453637635,-8.835972101961334,-0.1656952369637305,0.3184506975328037,-0.21407795004222224,0.1036297679410171,2.8209297114196454,-0.15215695720836772,-1.1092863584780939,-34.889892340058815,-0.6403360934394028,4.410393546763437
