,Az,Ae,Kz,Ke,Cz,Ca,Ck,Ce,BAz,BAe,BKz,BKe,BΦZ,BΦE,Gz,Ge,∂Az/∂t (finite diff.),∂Ae/∂t (finite diff.),∂Kz/∂t (finite diff.),∂Ke/∂t (finite diff.),RGz,RKz,RGe,RKe
intensification,966988.013612766,107316.09856592512,3048793.325149254,359933.4529972898,4.372162844508968,-0.5889019070676372,-9.415087127542057,-0.9913946134869942,8.166316138494262,3.361059417201524,-6.256906061886189,0.374472385340776,-67.21316297525777,-242.95771588806684,-3.511581594070127,-0.6605427311322195,5.400107910284812,-0.26208800319716563,28.553159127077787,0.14209582805662707,1.01705270923188,39.85298947199707,-4.025640126818046,-8.656069071339212
decay,931309.5253336901,328228.79947468045,5116343.440836462,301749.86442088225,4.621335010253234,3.2508103443284093,-3.8142254879188995,2.3085417051280137,21.31747438012343,-5.974744092555175,4.936637921408651,12.020354811876725,303.37439500660696,172.30678436686307,2.5976525852568253,1.3396244279700593,-4.77056810386528,5.047361437318791,16.730443151570707,0.8879931320026596,-18.215897129407065,10.986695707827725,10.079836890673572,-17.25512887292098
