,Az,Ae,Kz,Ke,Cz,Ca,Ck,Ce,BAz,BAe,BKz,BKe,BΦZ,BΦE,Gz,Ge,∂Az/∂t (finite diff.),∂Ae/∂t (finite diff.),∂Kz/∂t (finite diff.),∂Ke/∂t (finite diff.),RGz,RKz,RGe,RKe
incipient,216035.98823234453,94801.02889930438,1151417.7154457096,185749.5917787104,5.026999851327073,0.17785055745390252,-0.8458856525456944,4.878612305665257,2.8800975059920706,1.7988356925720341,-22.58313490246805,0.018025957730254654,46.178217575132926,50.098374832984895,3.8979515035617034,1.9878568258401799,-3.6055569056812544,-1.5099065605877817,-16.84472775609878,3.242737131477565,-1.2808040028923502,1.5572929475878923,1.3920194950515388,-2.4997867844636414
intensification,270572.2638779412,190729.50586256155,2167820.220882381,560011.722751083,-4.4521638067629326,1.1071050373937577,-0.7964273569118137,13.81399310782907,-2.2011865486800986,9.026506116757176,-36.46042311365545,-0.20688769741881377,161.648837066672,174.15826612031364,-1.0971430532331172,7.292981076563779,1.6042253734884417,0.593906179336753,13.911617346617115,0.9606937907965507,0.46035315279936584,55.62063162394731,4.27428813301489,-13.442838976525517
mature,461812.7753670356,168348.35000100013,4586744.213087878,365511.33187413675,-11.13900630166531,0.3685720568334813,-5.233207643605119,7.83986001925635,-19.333802369659548,4.121405443445425,5.4657042867962815,-7.767033810210829,216.57809709097748,94.71447491127445,-2.2004849970585347,2.7815427715259418,-3.516693089977021,-3.1206952090685953,-1.158441271770417,-4.702996682670516,5.046675034850701,9.74806838670373,0.22918730990884892,-10.009030535321155
decay,433759.9877521012,43360.131074769546,3971433.546977483,305506.2041927006,-1.333012649617225,0.3541295738992766,-4.159024590302798,0.8118957281296059,-5.719192632241309,-1.1933203923680151,3.935429642024869,-1.5085100566246263,-34.429479579496196,-130.34016068113647,-0.03838039248393208,0.23416567737874125,0.20990551150554654,0.4606725466836527,-23.89014876769909,2.385130778507876,4.950215068028907,-22.333541169803933,2.111759093281997,-1.0772794832999006
