,Az,Ae,Kz,Ke,Cz,Ca,Ck,Ce,BAz,BAe,BKz,BKe,BΦZ,BΦE,Gz,Ge,∂Az/∂t (finite diff.),∂Ae/∂t (finite diff.),∂Kz/∂t (finite diff.),∂Ke/∂t (finite diff.),RGz,RKz,RGe,RKe
incipient,620306.5755955591,425372.77906501706,2406354.3578630676,821236.7191717423,6.552682745204618,6.753934713951624,-11.480033760292663,15.130142876544937,24.865709249930127,-4.389236281166218,-72.81959744790527,12.680522885006411,121.02925873680397,59.233301517439,2.35523136537815,5.163446465472102,-3.5232218488959814,4.27238290807584,7.865847542162339,5.1077308320649,-15.082313639669865,85.61279600515564,17.037827351835368,-34.18296868977911
intensification,315663.5964184072,553922.1805011131,3092239.829692912,987491.97716991,-1.527983329078685,4.194677806802113,-10.388045198573295,12.157176896385103,9.26198472365452,-3.348848307448398,-46.0819147434891,1.8897502435894555,188.09583642395717,120.38647450106608,-0.8912017024989409,4.326133987867138,0.5609899580922866,-1.6065517097035387,5.229536567115377,-0.6162984950934841,-6.034300287838806,63.22747983825646,9.704795687327845,-25.051270833641343
mature,640517.6429526896,226142.64008562927,4333160.7051293105,528812.8420687544,-3.232905630008555,2.6082630621256504,-10.899548516236203,10.602155884101295,5.114762215035734,-2.734839230949389,-39.43789303435904,6.767711861273621,303.13226032906886,203.95001684571662,-3.792651139005725,5.6197817901652805,-0.3275404117310005,-2.122750932107536,2.223097471061442,-7.047257864252391,-6.066945194649638,55.79344465166523,8.605981120817498,-35.31667412586351
decay,220009.61428013837,69383.59190618996,2956646.543360974,144347.12013314126,-0.9808951241092408,0.3992034450313464,-0.9993694659107383,1.9361486573947695,-1.105825690493122,0.5939913225245576,5.866556351227767,1.6128074706507987,163.9110927501802,129.6560682486878,-0.1561701348173399,0.7968218391640866,-2.7460036046125182,-1.0019565048224965,-14.143050571570047,-2.1569497646505065,-2.2218695931972916,-18.029342332777837,-0.05900261498363043,-6.705275358606815
