,Az,Ae,Kz,Ke,Cz,Ca,Ck,Ce,BAz,BAe,BKz,BKe,BΦZ,BΦE,Gz,Ge,∂Az/∂t (finite diff.),∂Ae/∂t (finite diff.),∂Kz/∂t (finite diff.),∂Ke/∂t (finite diff.),RGz,RKz,RGe,RKe
incipient,410121.78773587226,309846.29863024177,2061322.6749408906,323018.9858448191,3.447563374789784,1.9830087624776374,-5.79739323595961,2.485983671933982,2.524315585178713,0.02103907685424783,-32.08699171832653,10.18813492198814,154.20596216228125,119.25067780528822,0.3300465375119569,-0.7825581067359789,-0.6136884151433568,2.4937198331595454,-5.018424546990673,4.775373995430497,2.292568136945351,29.41839703250568,2.975655665761642,-13.696137834451239
intensification,336218.3733344209,512802.5902681321,2699360.6405056925,779886.7672305733,-0.39191790738082927,4.484052953592135,-15.129761760625305,11.624448544093308,5.490490401035942,-8.503706266545006,-30.442188265291072,7.597059683352366,211.71039935564104,188.4108044564669,0.617105363028789,7.882008689861725,-1.1037734874665863,-1.6451990629187787,4.821347322948031,2.747791439697925,-2.5021288422912233,50.78521525624524,13.998902794127398,-31.60347854837305
mature,308922.7227231565,110544.4704851334,2896842.836150296,591888.9856141332,-0.7266502874323548,1.3071739650975136,-22.35611708165697,2.617733879441916,3.018809384585467,-4.224382326420671,-19.402407116024936,-15.574461929101329,123.04275013032145,98.19480014861242,-0.011075012270255036,-0.07087664928246108,1.515064925938859,-2.78480429477638,16.30147505999055,-4.392906586228788,-0.9232207809814498,58.78664954510481,2.750137945988694,-13.792295618226344
decay,453810.41393566254,145787.56942347117,4405976.127013835,496318.65263200394,-1.9997864642155474,2.2052578643930274,-17.387751423205348,3.0699059926522607,3.1789226837741977,1.2005587956360155,-50.18584349847509,-4.364580586079221,196.81537350739325,110.4326183601714,-0.4994341295514896,-1.3011391479504266,-1.0455596651724912,0.6082211639173014,6.861944941550329,-2.4012457742969824,-4.019010948769209,76.43532632744632,0.272310496540519,-18.49432260407537
