,Az,Ae,Kz,Ke,Cz,Ca,Ck,Ce,BAz,BAe,BKz,BKe,BΦZ,BΦE,Gz,Ge,∂Az/∂t (finite diff.),∂Ae/∂t (finite diff.),∂Kz/∂t (finite diff.),∂Ke/∂t (finite diff.),RGz,RKz,RGe,RKe
intensification,589968.2928804252,136345.3466038982,1961428.7746830084,179633.8899755313,3.5515695909184757,0.6520839191157615,-0.13289292627983817,5.293727037935987,1.036024326655836,2.1584240034402944,-6.695017807997161,-3.3362934839193112,83.13565845180922,93.84904541828564,2.7720693702326753,2.3042308002539955,3.1245668210347235,-0.303270323044856,13.709935909485399,0.7531314561969478,6.292196004413125,16.986277052843924,2.179948792335076,-1.3371950240995674
mature,742976.8197410993,122891.09936195493,2127578.799515606,177271.08659298043,6.311926965608093,0.6545207678828158,0.15526717444287808,4.29249350810186,1.6044732996254827,1.0739232600138808,-14.46421373772234,-4.953759491451584,77.20069873075946,84.97978644453032,8.661343729788282,2.4291916223406096,4.516919284653637,-1.584469174612069,2.84594676408395,-0.7473202548641408,9.878893718519064,10.842966361755316,0.9795803055930944,0.06921290292846159
decay,636568.0954014299,99597.62581432328,1951582.4218965215,166569.50179205745,5.148465444067177,1.129038194900386,-1.5156849967501826,1.832462239542578,2.5208850933537374,-0.16932183991495792,-10.950105991006172,-0.7243267610450569,-17.569586925408945,-6.975878702949179,0.9433780385484951,0.32502103511859154,-3.279088008638168,0.32229114773013556,-6.388101105099639,0.047080315287366704,0.4775305369756572,0.9292244385895376,1.1950370322872854,-2.5767401599603375
