,Az,Ae,Kz,Ke,Cz,Ca,Ck,Ce,BAz,BAe,BKz,BKe,BΦZ,BΦE,Gz,Ge,∂Az/∂t (finite diff.),∂Ae/∂t (finite diff.),∂Kz/∂t (finite diff.),∂Ke/∂t (finite diff.),RGz,RKz,RGe,RKe
decay,962949.5652824815,205491.99647673886,5038283.304788813,198168.9783446318,-2.6561962061278233,1.4336878314853083,-1.164810119700935,3.283913733397567,11.113827569162765,-2.6411901183126676,-75.21348811686478,-1.3901161587525817,161.24043383216537,157.48386606476862,-5.042700795779511,1.5252585476530933,3.7182492772566382,-0.4817748513779794,-4.443743204940209,0.011574119126265214,-8.618086666548642,74.59075123775332,4.009641168846948,-3.0470335752196553
intensification,1049733.082293697,125483.9885072934,4301191.50024653,180375.93978652565,-0.8914468679689695,1.5117854184759012,-6.143946978087976,2.0477110644367347,6.177417017456957,-4.377754526466419,-57.628765469581445,-2.459649200399526,81.29758124794664,56.59829354060983,-4.091306197058225,0.6200065613145453,-3.8360115436767614,-2.301717609703253,-12.044924848413125,-0.5645965138127822,-9.393090010626787,52.61923446722526,2.611962562724,-6.296605355937967
decay 2,1035975.9518923559,71046.36357411812,3752076.2571700383,169017.56533591394,2.818354190055988,1.224455037347615,-7.77777309840036,3.1100488577205843,4.637694286046415,-1.5144110495760286,-47.47337086623785,-1.2255949498722885,42.91394901389169,18.533599609865508,-2.5988516769880308,0.8634994631660677,5.825809396557673,-0.17833511479610004,-8.143085716691367,0.3713118255418475,5.230924337914862,44.28970405789086,3.221669755152898,-9.290915180706808
