,Az,Ae,Kz,Ke,Cz,Ca,Ck,Ce,BAz,BAe,BKz,BKe,BΦZ,BΦE,Gz,Ge,∂Az/∂t (finite diff.),∂Ae/∂t (finite diff.),∂Kz/∂t (finite diff.),∂Ke/∂t (finite diff.),RGz,RKz,RGe,RKe
intensification,598052.8779660428,107575.33125307353,3953920.893125441,268140.6390980403,-0.09298199514302734,1.7516913218392023,-4.1221962685169835,4.40872335527977,2.6216928018071295,0.9653802586833538,-37.44113617832984,7.15981626805704,80.20499103088048,65.74129862973854,-0.35803848515285075,-0.3612689036307927,0.17461009069552516,1.388874117752044,-6.767487667493901,3.61026054219471,-0.7883733844154283,34.88882677449595,3.0805258925092587,-12.080475349659084
decay,626896.5952471512,229318.33738449996,3988159.461459516,395987.2111954647,-7.527026571228698,4.138585921104759,-13.646768039840623,7.093436369614499,-0.8683890166370953,-3.007686064259012,-50.43458311270027,1.196550789975649,157.8353946393877,116.58019269117948,-0.0844601569547263,2.1548747656596263,2.835629492139752,4.978552249707234,22.19822277382364,2.2176736049999803,0.3155778586529094,93.80660049759324,10.941088762475985,-19.719081594430794
