,Az,Ae,Kz,Ke,Cz,Ca,Ck,Ce,BAz,BAe,BKz,BKe,BΦZ,BΦE,Gz,Ge,∂Az/∂t (finite diff.),∂Ae/∂t (finite diff.),∂Kz/∂t (finite diff.),∂Ke/∂t (finite diff.),RGz,RKz,RGe,RKe
intensification,593570.0481562131,214488.1793462406,3334321.164154977,257560.29223585056,-4.152377626214915,1.2524414449415338,-1.3739619216148744,6.758562237875017,1.4432972797245234,1.0051521877467942,-1.4063588042840842,2.0886191671190955,208.16926680293088,162.20381936308084,-1.5966651425262113,-0.9756389990481356,-6.445712828428095,-3.4212406609030954,-15.269452783334687,-0.8152180048720011,-10.788946289425999,-8.336754431220813,1.0797279442835923,-11.036361331480988
decay,429608.07967818435,123326.08635807072,2976391.9801686057,152552.4435001697,-7.1748166775602735,0.09990820457758022,0.4395083633258494,1.5315018410725398,-5.477719402921607,1.9430186448967592,14.51467391732871,0.8759837771584932,167.50009275484896,101.9159388856749,-0.6048360541538558,0.49097430607786735,-1.4030333237157393,-0.2668407578585869,0.5051505433936475,-1.4505446778638147,-3.000222393776827,-7.274215059700637,-0.7782657662603866,-3.418521932768998
