,Az,Ae,Kz,Ke,Cz,Ca,Ck,Ce,BAz,BAe,BKz,BKe,BΦZ,BΦE,Gz,Ge,∂Az/∂t (finite diff.),∂Ae/∂t (finite diff.),∂Kz/∂t (finite diff.),∂Ke/∂t (finite diff.),RGz,RKz,RGe,RKe
incipient,535909.3854161741,219081.88189485972,2201366.8127734303,166665.49140937685,-6.812418041594478,0.0373829913201044,-0.579109397706042,2.337009699873316,-7.5926233604645414,3.2401059077887417,15.607593317253954,1.2502320124947877,69.058267714925,77.96545409080538,-4.583391265637722,0.43830980272976383,-4.351007295782418,1.1878356377052546,-2.6343585485033048,0.7048288371700766,-3.5334189855922506,-10.850424426456737,0.24735643846972477,-3.4615222729040687
intensification,300786.23867983435,350392.3500317945,1850759.5950159926,366217.58095342264,1.630705799491994,1.5207297705692333,-4.137889619707319,5.5023965128303765,-0.5954325852535872,2.593477230987723,9.454193095180083,1.5074873592932303,74.11137572786465,66.93050017600326,1.807016959415214,3.0617614096209973,-4.927192851885768,2.4444835315737934,-10.247513015041315,6.9656681097366855,-1.1803246965709528,-17.19452229000607,3.832673042847213,-4.182105382094239
mature,135836.55765232467,334221.3824737502,1369067.2048349164,769074.8446145313,0.7467045477511309,1.99976579687457,-16.93475279030656,6.639894082743205,3.3218300499424855,-4.692179990476656,0.8129499519449865,-1.2529992773635874,71.61300107705135,54.52049325684948,1.4570312720205247,3.6666683189280036,-1.5490635194723892,-3.3239524284309603,-4.090406654341963,6.65487345903101,-2.1244232247891737,11.284691636268482,6.008355847914331,-15.66677413665517
decay,122002.24563119611,163793.16173198077,1732462.5193176267,736960.027330379,-0.8222174251761791,1.0604647368804951,-5.036562988140524,2.958633327509465,1.5688751445356044,-3.5561803162008343,-2.2720427043015965,-2.3912572900042335,117.92073370816574,109.05880130299816,0.6106196861347405,1.312712580125966,0.3885271168584616,-1.2825004456264797,6.664641220694627,-2.0536766397538004,-0.9421007159728273,14.795464338312929,4.171848461203325,-7.657615665399556
