,Az,Ae,Kz,Ke,Cz,Ca,Ck,Ce,BAz,BAe,BKz,BKe,BΦZ,BΦE,Gz,Ge,∂Az/∂t (finite diff.),∂Ae/∂t (finite diff.),∂Kz/∂t (finite diff.),∂Ke/∂t (finite diff.),RGz,RKz,RGe,RKe
intensification,553178.3446629021,59009.78270680111,2722420.852161065,138402.5507713046,-1.489229356910758,0.598311220949123,0.3670155399678727,1.8521689920555406,3.3633916263010804,0.4313319306287255,3.815564657419095,-0.41628265587500873,72.42086658354214,50.38524637587086,-0.23727040756408913,0.6762154401713882,1.3464131710905898,0.46257463967112783,9.223480373447304,0.5428722469656869,-2.9078965911721255,6.530129532971093,1.2851004801488202,-0.5259985492469726
