,Az,Ae,Kz,Ke,Cz,Ca,Ck,Ce,BAz,BAe,BKz,BKe,BΦZ,BΦE,Gz,Ge,∂Az/∂t (finite diff.),∂Ae/∂t (finite diff.),∂Kz/∂t (finite diff.),∂Ke/∂t (finite diff.),RGz,RKz,RGe,RKe
incipient,1470628.109396215,88430.63015339189,2545035.056404447,122988.29370145171,0.40807351950888304,0.48776364772873604,-2.6407319246606367,2.444803089388356,16.74713153778965,0.2670669721887717,-11.80312251927262,1.2388252145119716,-29.033744535553513,-66.16581128177572,-2.453728685320735,-0.7546490753151819,-0.30083686060079423,-0.5039225963503731,3.131830554642973,1.709979664439319,-16.152131231152826,17.167611479067347,1.1860498731204754,-4.614380564121645
intensification,922302.1729534403,223725.76562493527,2807420.7540907306,366560.83178251266,-0.0940854986489708,2.4764880415863257,-7.345670834621374,10.857602152889706,1.5297896669701234,3.887462701346726,-7.565696786542982,-1.2045014998754509,126.13043830160329,84.00563766536817,0.18429968558233875,4.064131108932714,-7.669349944385256,0.7387089882022382,-1.3413657057326398,2.003103967213852,-6.816737068418025,13.664087414080685,5.232360398158894,-14.995667520421778
mature,414717.91244616464,133012.78668661433,2452153.488062574,347338.069025775,-6.576377141606435,1.3983184572008747,-9.310347431127669,6.015514920832668,-4.181404321494029,-0.856083537938985,1.707088196666776,-3.0715999475913227,181.38228655248352,135.6561281692589,-1.1900723328800198,1.2931223016752413,-1.55115064754312,-2.293670833798709,0.11658866563491244,-3.6070941325798676,-2.5478050104546517,14.29622504170224,3.1796091677720697,-15.861356536948879
decay,531998.320614335,86989.5744371201,1798480.5060170363,244561.4141947458,1.7288705918462743,0.7713194282564467,-7.577699507610739,3.0765652242624415,-0.2998111228677742,1.2440886574888634,-23.563695829716682,-1.1695839837573716,167.55004668036742,101.66661541201005,3.4029053597415335,0.41431724254060043,1.1706770856904052,0.4988098586008113,-11.323309038953967,1.082890549354206,3.9706782286609,18.089215706527177,1.5599669971179424,-8.401790198761603
