,Az,Ae,Kz,Ke,Cz,Ca,Ck,Ce,BAz,BAe,BKz,BKe,BΦZ,BΦE,Gz,Ge,∂Az/∂t (finite diff.),∂Ae/∂t (finite diff.),∂Kz/∂t (finite diff.),∂Ke/∂t (finite diff.),RGz,RKz,RGe,RKe
incipient,572411.033076313,44544.79244036445,2081646.7069182035,97067.10414889036,2.195816545075627,-0.10250777619427014,-1.141047322644602,-0.7134999880065481,2.092310979613237,-0.6197248069962463,-5.230629376509298,0.3721194901015917,-35.282181345524265,-41.401266933432865,3.110686916392129,-0.44591334271304023,-6.231992250516186,0.18967853046729607,-4.0619528174864525,1.2432136305721517,-6.230994461248066,0.11390733659182217,0.19841112565126448,0.44354680583250605
intensification,1017227.4520099384,100060.3361694696,4918050.610424788,261896.55397406023,6.159597011804094,1.65005940727366,-3.6744009319787163,7.19124936906153,16.28135516011789,1.2576157832455772,-12.673560648750724,-1.648636871833194,100.96724276143694,7.432606942542005,4.847552961383113,3.7797461349204515,2.3660614130408266,0.6280112132743854,22.355389431567257,1.0859804671627393,-6.105637327999309,32.543754000492626,4.911585391816677,-8.131032962044312
mature,601655.1177002932,98292.50025358528,4387342.86010132,221861.02542464962,2.264338185531621,0.23423890518047155,1.268836630197981,4.163144461665826,4.374750295558795,3.5245129383429497,88.4772455252059,-1.906186506076242,56.44726601891091,57.45977109493904,3.194142711873156,2.60149897916177,-5.379142586804922,-1.0558949536634556,-24.082997589161426,-1.3245798794366608,-7.255315791651625,-116.09341793009695,-0.6515023355210507,-2.3127012048282642
decay,210387.00028662587,57561.45522343395,2147005.209869081,180230.13649830536,0.1794178515677399,-0.09979069911421953,2.9039246833516703,0.9798350956143183,1.2393807879343552,1.6030148156259891,38.12890382036537,4.493685951098854,-92.86861072156182,-19.54426474703286,0.16229807825841946,0.6613253974889187,-0.7145167437034581,0.1124643675171391,-7.2030212502503135,0.3637372682400798,-1.874270379184293,-48.41526760553509,-0.4109246533803119,-2.2058590951214216
