,Az,Ae,Kz,Ke,Cz,Ca,Ck,Ce,BAz,BAe,BKz,BKe,BΦZ,BΦE,Gz,Ge,∂Az/∂t (finite diff.),∂Ae/∂t (finite diff.),∂Kz/∂t (finite diff.),∂Ke/∂t (finite diff.),RGz,RKz,RGe,RKe
intensification,1239604.6531957197,197301.20709157392,4112316.092974729,365148.44145990757,-8.8454389247727,-0.4661278385442804,-5.086119256960119,-4.177734904967737,-0.9789893538793626,-5.910821762766173,55.29101629526976,5.374115492306757,-154.61846292043967,-171.79160635707552,0.2047817431347156,-1.0127066062335626,7.2083170120194655,0.03565303155621739,-3.493301132135283,-0.22742716886178654,-1.124260397418153,-44.85275924567223,2.234867727898932,-6.509927013160924
mature,1303036.413146177,152878.98431258637,3878882.122919401,326777.7187637425,-5.796743444298944,-0.2236483515133207,-3.502484246792518,-3.659857066157399,1.3376496398405129,-5.755455465229938,28.25001735163868,3.1005819293561485,-122.36797576669086,-170.64301077189214,-1.8689114812076484,0.18015892868923122,-5.395105996642437,-0.5947661818514738,-11.114368871129075,-0.7041694024041485,-12.753147432295213,-30.065158531676296,1.7244805687343856,-3.6473785123954157
decay,988354.8341457061,200824.77353973634,3640776.998880657,285629.6205980369,-1.1875160112076557,-0.21056184352331128,0.24608924166758314,-2.2797083245672862,3.5360836878680337,-2.8452275780657654,33.28954667241091,6.730589262205636,-245.96818342051762,-263.18965666636103,-0.2909612936122195,0.018370958197289906,-2.898821921517139,0.010267916117622948,3.497125083971823,0.07537725405995853,-7.83298346411614,-28.850994818899014,0.7863490131394126,-4.129414441910808
