,Az,Ae,Kz,Ke,Cz,Ca,Ck,Ce,BAz,BAe,BKz,BKe,BΦZ,BΦE,Gz,Ge,∂Az/∂t (finite diff.),∂Ae/∂t (finite diff.),∂Kz/∂t (finite diff.),∂Ke/∂t (finite diff.),RGz,RKz,RGe,RKe
incipient,965975.4291456442,141300.5782358928,2860240.304071894,118616.66123109584,-0.49470790516410057,0.19330839588380117,-0.5956058170514908,1.554464178545165,4.469931675986702,4.442946673662441,22.231199294528476,-0.09976344634455941,142.0860132696668,184.0884690731575,-1.9470090864384437,-0.8751329300444652,0.07554946367788928,2.2434611101490467,10.625015820416953,1.5708207386798674,-4.695781721589112,-10.51586975189593,-0.8383297808520296,-0.47948581057222883
intensification,289265.7042436603,144006.54952757835,1650388.03180384,247877.89405566422,-0.33829748256200387,0.4219923412513579,-3.332256388521881,1.7986632884247147,0.9307043081773778,2.0652110437529205,21.38960861615918,-2.280759584369326,95.30821219187476,80.84830399832384,-0.6546899915551958,-0.15207828587558928,-4.327130836052493,-0.7847114285143876,-12.50601646261356,0.5370983214467843,-5.174140285540515,-30.225071207688856,-1.473251525093951,-2.313061771130484
mature,153337.8634826853,39864.96388268354,806264.0808702648,175226.0923087799,1.0934585039844031,-0.06144396034523901,2.9278333435123045,-0.1384461820988599,2.587153650152095,-0.1819371796620991,3.488195116877608,-0.07221609295447119,-4.61079461282174,-35.94864820640621,-0.2561729809874596,0.10089588529217822,1.4374078553673386,-0.23201561439296192,5.523354599796895,-2.0158291182131176,-0.11773125114559195,-1.9861323645774214,-0.1270806564844836,1.1226665003525176
decay,391330.8217477532,73013.22192688935,2229137.1406781217,155518.82380473003,1.2225329713354853,0.015671879678240186,-0.45698275578264747,0.22197278713322888,2.8458730721750936,0.9319843582692398,-16.207153617914397,0.18370941781183142,-3.147835065065044,-27.20698980805538,1.12933238451251,0.03642958691071394,2.6310301892898575,0.34416381871282786,11.662889306217378,0.40635531576266226,1.0233619681284902,27.10449270857894,-0.3815196321014231,-0.45630964496504545
