,Az,Ae,Kz,Ke,Cz,Ca,Ck,Ce,BAz,BAe,BKz,BKe,BΦZ,BΦE,Gz,Ge,∂Az/∂t (finite diff.),∂Ae/∂t (finite diff.),∂Kz/∂t (finite diff.),∂Ke/∂t (finite diff.),RGz,RKz,RGe,RKe
decay,173952.6396810285,71405.67681031435,1328849.8859733427,164973.40450965596,-1.5899128561411706,0.16733263102329307,-0.32441520493299314,0.6115734623402104,-2.1275765336196746,0.3493454131997073,-11.666389005184824,-0.6687828418894082,-1.5143492412102064,-25.500880557759153,0.16652650642110836,-0.4063569616409864,-0.2007834376639479,0.029282338865817843,5.09696097821676,-0.6989896940334026,0.5042128708378493,18.677678044475744,0.1241777569830278,-0.9661955194171981
