,Az,Ae,Kz,Ke,Cz,Ca,Ck,Ce,BAz,BAe,BKz,BKe,BΦZ,BΦE,Gz,Ge,∂Az/∂t (finite diff.),∂Ae/∂t (finite diff.),∂Kz/∂t (finite diff.),∂Ke/∂t (finite diff.),RGz,RKz,RGe,RKe
incipient,1124900.4498718262,89646.89302891678,4830165.404523852,197133.87193904602,9.942259325358288,0.479322811865623,-3.626246738190003,3.604871196206906,6.579986056926609,5.710075099363674,-73.13075614128192,-6.985880092073732,189.5000087267261,138.28466656134862,3.211625629908604,-0.09575007118790635,2.8318633015829553,0.23378291471076867,15.651555527247826,-0.2092276654306281,6.673459381880257,82.46629908136146,-2.3507438003116228,-0.45446550775380445
intensification,742641.4663171816,262737.55781216867,4094195.43299974,360245.22039589065,5.716387571010736,1.7638020574876612,-3.9126943264861387,4.849353880801447,11.079985610595406,0.7163940527697479,-28.866363790501065,4.546546776931618,89.2639962449898,67.63237786957879,3.879366284346175,1.3547585955665724,-3.3294199362342503,1.2753756443792703,-5.881686332497734,1.9627825363709681,-6.9292159183312645,21.180984213478734,3.6445334149233077,-11.345812447848232
mature,270838.5895557557,313426.27187081304,3131664.2662621285,747659.6149547801,-2.708849370898933,0.7432199353207943,-5.742902191931476,3.225106649335033,-3.915829381044643,-7.937675191347969,-36.59978848300373,9.216623769052536,205.7862451335039,201.24798153537913,1.38029177107669,1.4358291151645133,2.364334840057868,-6.677039570682155,-13.878718845545404,-2.3343192734417757,4.314534785524371,31.172821200288734,3.7425223346800522,-20.518951883760817
decay,554124.7120469604,122962.06409792734,2989817.1279720035,426264.44539518806,2.967831982343519,-0.29290151240207585,6.082400309215758,-0.5719016209861358,12.73471452663021,6.1159703919553765,27.22636476441246,-4.786657759565886,-53.915224968731444,-54.87745061312171,-8.81625458346941,-1.6629356591733522,8.115180424764775,1.3278582112775994,18.72676673001407,-6.046266421090906,-1.9446036319239905,-17.549830325957668,-5.067112289261836,5.394693268676873
