,Az,Ae,Kz,Ke,Cz,Ca,Ck,Ce,BAz,BAe,BKz,BKe,BΦZ,BΦE,Gz,Ge,∂Az/∂t (finite diff.),∂Ae/∂t (finite diff.),∂Kz/∂t (finite diff.),∂Ke/∂t (finite diff.),RGz,RKz,RGe,RKe
incipient,1095805.774617944,187855.7843625184,4675120.271684869,124803.88268957018,-4.462524532639941,-0.2339860017587512,-2.6232089624528463,2.3224427228444493,7.960308715416534,8.450995207608932,12.17240820777694,-0.8711689222551018,270.0972811864426,276.7130436273181,1.2525042665287027,-4.018469572127509,10.633551975965576,-0.3320668873691088,6.524109116298302,-0.3371285228021682,-2.0232672738496493,1.437434403614148,-6.22663337037484,-4.411611285844362
intensification,1276094.1059993615,166681.87619087918,4991857.3924132995,118887.41328955877,-7.5236155100307265,1.0064187276091305,-1.21882024979973,5.980884222023739,6.540747397948693,5.041118073594569,11.262522682878917,-0.8694805158510593,300.5144124341184,320.62697492080287,0.7016258366109014,1.651213542649181,5.927491672797873,-1.8227317131937992,21.278438803287827,-0.3191132017807184,-7.130452507572415,18.758351880239367,-1.8893842923737594,-6.649337157753128
mature,1358885.391202685,104562.23813542209,5565660.2715210635,117065.9848333817,-13.124852422364643,0.22052944848310502,-1.0692164349913837,2.687346906637043,-1.0178092838431374,4.580268218080111,17.045960528497325,-2.495150826807337,321.9957548717407,343.96730153003114,-2.685968000147144,0.5431317220138989,1.7123241857578115,-1.807348511356077,15.080368898133704,1.076420184051289,-10.174189504280589,12.228477226992403,-3.9207992712822497,-0.18499233076980037
decay,1529481.0559161233,69944.25800477824,6294149.896302496,236582.9068655844,-4.874133260840917,0.40963368657629545,-4.381748668664846,1.4952212526145863,-2.617199531185024,0.29047878855506987,4.383639414513282,-9.962511121490271,234.59305019252218,248.86936288702327,0.5489903284372812,1.4610672160864233,0.4385989197108146,0.3588463062352402,4.546074002970565,2.6156452661403153,-1.4087011233687847,9.418316517963047,1.1539550837184605,6.701186466351155
