,Az,Ae,Kz,Ke,Cz,Ca,Ck,Ce,BAz,BAe,BKz,BKe,BΦZ,BΦE,Gz,Ge,∂Az/∂t (finite diff.),∂Ae/∂t (finite diff.),∂Kz/∂t (finite diff.),∂Ke/∂t (finite diff.),RGz,RKz,RGe,RKe
intensification,589579.2794022021,148576.08003347853,1764072.5093566922,314551.25465253094,18.166799837226378,2.2117065527745168,-5.1008909946051695,7.036218984591115,16.03485938985021,-1.8650552991643974,-28.540705180488132,3.629029119701643,29.88092275151516,-27.542997035769346,9.258158320890251,1.2429687304680954,-5.688008205232557,-1.3670866090678517,-10.366893547615382,6.502341326689753,-1.3443612050818732,5.107902790251541,5.322481121913144,-9.263797772208173
decay,512498.95219568146,112229.19601386333,1762220.2633695658,398888.7302580638,8.940045769929146,1.4534293299378294,-7.438169038750636,6.162884917565566,13.642023915752565,-1.4230241891108473,-22.92113157551265,-3.768249646186291,-11.353158920125177,-71.41964043929097,1.084532279720405,1.482052342954359,0.7580998971816122,-0.5887772059925732,6.834691467237271,0.1186972636827146,-2.490448918703978,28.253946311571415,5.543702570746011,-9.714107046447195
residual,614347.3610336455,90479.99994508523,2424108.988540999,413243.91830649023,11.048046424242612,1.1914458309935758,-12.257175604550705,5.889187538298802,15.920649294515234,-2.31803380833038,-27.27234815425667,-8.140338542050355,-47.44554321365637,-121.7040942181824,3.2933997199152585,7.76123959926918,6.251494465872044,0.2935825593415817,43.48993191942901,1.3966132337401171,2.5703374265929977,71.97140925399376,7.309358074977187,-8.609411367059035
