,Az,Ae,Kz,Ke,Cz,Ca,Ck,Ce,BAz,BAe,BKz,BKe,BΦZ,BΦE,Gz,Ge,∂Az/∂t (finite diff.),∂Ae/∂t (finite diff.),∂Kz/∂t (finite diff.),∂Ke/∂t (finite diff.),RGz,RKz,RGe,RKe
incipient,818515.4391084923,604995.7220029723,3325888.2036208287,432100.7277031202,10.538541748245628,5.619779647816307,-4.757161242885087,2.96465766380614,5.987570798037602,-0.5192014809695569,-73.51441151699689,21.319097395345374,257.42846927844323,247.08943675189218,14.707369837768926,-4.294227327141313,-3.2601198566303435,4.488365355963855,35.002768416099286,-0.2573288725063241,6.910630741393987,102.73579942773564,2.3524448529232456,-29.298245174542924
intensification,421080.5521481837,788353.072352154,3508266.0945316902,998789.2691274742,-10.227293301212928,6.657403176290397,-29.230780822002878,10.93080535354086,4.19678498755308,-8.57273985020379,-10.992258030971369,12.056756967341974,256.6474992059345,235.10159583960194,-1.3322814876546085,0.6284063937460179,-6.867651426230374,-0.6491351324650422,-10.439189809282611,19.85700359899659,-14.634326538705986,40.01114234490457,12.197006894989212,-32.361339543889116
mature,204461.37195245468,493369.76078812056,2812534.3275361857,1999498.5531920968,-4.568857133900061,5.79662492629706,-48.020294064110125,7.581869201256289,6.553443515562338,-13.619701605204357,-4.662024244823082,-24.485468316362205,245.55554768145578,196.8693569880567,0.5464060600460539,-2.436951639511658,-2.5113411429373507,-6.060422244595434,-3.2377254006372014,-2.505738492400991,-7.837016866102689,54.01345004219608,9.34452363556815,-33.6224334414052
decay,133209.15275584522,209673.53374029614,2567226.533355119,924627.9467631957,-2.0945864464542248,1.3643527360520389,-6.792282742716313,2.6059075621451195,-1.865474710981652,-2.854183360009525,-29.18354624667163,-6.015688073574675,169.5085749364346,153.92102687846565,0.39301775153380863,-0.3315675678395146,0.392022384052969,-2.3428113621389772,-9.705992027625198,-12.71269774402228,1.527263384632435,28.364423408216965,1.7529268239636286,-16.09519997530904
