,Az,Ae,Kz,Ke,Cz,Ca,Ck,Ce,BAz,BAe,BKz,BKe,BΦZ,BΦE,Gz,Ge,∂Az/∂t (finite diff.),∂Ae/∂t (finite diff.),∂Kz/∂t (finite diff.),∂Ke/∂t (finite diff.),RGz,RKz,RGe,RKe
incipient,847380.4409328864,78605.63347772624,3860483.3892090814,221125.8565143954,-4.771045367257029,0.4002572679385888,-5.53760798631042,2.522879296511205,2.5213577677132357,-1.1307354119917608,49.452722426788625,0.8937044319290784,-45.124644614291526,-35.042473612315646,-6.268307384735766,0.8030355120261167,-6.910909552521295,0.19190750956716845,-17.604004455631888,1.42119508058834,-13.80305541955297,-56.748073528853055,3.445264950131545,-7.532996634162363
intensification,612551.0745014086,152200.01692394464,4175838.254778138,383531.4483143614,-9.28121330362946,1.7196458740025626,-1.5672983444249502,6.331671635508853,1.7190390051511624,2.4926425844456475,17.51314592304742,1.2795746705981335,114.24343758547015,117.37249917462991,-4.167379657397376,2.2495479093444652,-0.2976233505133517,0.2727224279466846,8.75578470475072,-0.08944022240890533,-9.578229785291411,2.0911504297577057,2.392105605007324,-9.267984872940838
mature,591690.3227816974,219254.23647054785,3879028.9202487892,489873.5232771691,4.463142158015405,0.753882915549155,-13.166391453975537,2.2897322311211346,4.6468401732344,3.8323392219551144,29.013349215424185,-1.3617715381252316,139.7225422371855,66.80949788425563,-0.050218384080463925,-1.5181177062613846,-1.3541399557608793,0.04433232680507309,-35.5769303796115,3.9190689588586127,-0.78395505543072,-55.88703029907556,-2.252157579578063,-10.175283188112827
decay,460824.7724349712,84740.41760122855,4009883.012824234,214094.94964614647,0.4184742909414251,0.27989028790171944,-1.2311523972201897,0.762760281231741,0.026094058067009117,0.628566089150024,-3.4921893740610623,1.4093104324924643,10.815674681814208,-44.959536481083305,0.04902604987871535,-1.1119561885808795,0.04153782554622013,-0.26518338217902254,2.336970405230733,-1.6734859775074786,0.7138083463223556,6.641837885570567,-0.410879477999025,-5.076709088451874
