,Az,Ae,Kz,Ke,Cz,Ca,Ck,Ce,BAz,BAe,BKz,BKe,BΦZ,BΦE,Gz,Ge,∂Az/∂t (finite diff.),∂Ae/∂t (finite diff.),∂Kz/∂t (finite diff.),∂Ke/∂t (finite diff.),RGz,RKz,RGe,RKe
incipient,625722.7551737715,57906.207687442526,2944778.5285831885,201651.9947937637,5.38150024156774,0.6191081110889589,-3.1856809606834906,2.624953795461089,6.064978083270124,0.7945642714617044,7.130699436912158,1.3210939532998305,-42.39443600592978,-72.17579141490431,0.5345241888606416,-2.367413206866047,-2.5024823780432643,-0.367640369018173,5.39238817931127,0.9596277360521236,-2.56685210865669,-3.934130538485137,0.8436410438922531,-6.172100973392287
intensification,698226.0738305962,219440.34938795146,3662402.6983876233,441031.83047181513,0.8993193196608603,2.6230331194100196,-3.4332519758808973,6.376388472088253,12.625219309570621,2.2782587629195152,-23.345779314851544,14.408584793710952,59.25706130892311,43.017726019391695,-0.708951962809186,2.260642303648277,-0.2482354936553226,3.974904641975626,15.405792172839504,2.237139771528274,-9.351102364155066,41.28550414391108,5.450001231734346,-21.98108547015182
mature,465222.3918529411,808931.7856278407,5964244.089384634,656004.9287500131,-1.2687152044878218,6.026086718200999,-8.797452432703393,16.50188701996701,3.5137997158352765,20.35943014972006,-129.12801384578069,5.894052834442912,507.43554137098363,460.9202357201105,1.3996119617510123,2.5293581033673918,-5.493605862040764,3.893286921762801,16.488370580433404,3.7784807611355524,-4.250034064162864,155.6825520634053,-5.990342926191244,-27.41491152597776
decay,364465.4645096928,903015.4765821478,6154241.130741899,767844.129488674,-3.8325298284736036,5.771685681854638,-9.62728201782938,15.925180653052351,5.321186236540887,14.532345312591001,-108.6196423707849,9.003893985362428,549.5765365980963,489.32888330846833,-0.2899850521962978,11.539469218697334,-2.0858475790038478,1.799606572653644,2.9878399591259788,4.722033851141174,-5.4678779621637,125.06729417621386,-2.5792437687396443,-29.834322805102985
