,Az,Ae,Kz,Ke,Cz,Ca,Ck,Ce,BAz,BAe,BKz,BKe,BΦZ,BΦE,Gz,Ge,∂Az/∂t (finite diff.),∂Ae/∂t (finite diff.),∂Kz/∂t (finite diff.),∂Ke/∂t (finite diff.),RGz,RKz,RGe,RKe
incipient,879549.0631474387,99755.50053354472,3112195.94498701,228740.16217022395,16.18244902481203,1.7536426183027911,-1.4649647208691028,4.867720243847415,12.595832948657936,2.784780482954403,-38.74039464149554,-5.676892641745214,17.338898942695227,1.5339622760476272,8.170477773818838,2.6249740266361394,5.859407038491533,1.215396499357737,10.586707513799462,1.1202608822926372,11.199665732948418,34.60961785135208,1.5446936419479576,0.46446855932133335
decay,996679.7935538022,169270.01476007828,3229763.463680399,273606.45009441656,9.740419806396234,1.8471970839995449,-0.8087182445887332,3.8876916546727442,11.86052524138448,3.0940819236944996,-24.490576661394176,-4.0384896284751015,50.90413516437712,22.547883712061175,4.0259704372872696,3.0212063838673604,4.1137945014059065,3.264612911136829,6.352957779004722,1.458442110122302,3.8408861504172056,21.911832878591394,2.2110255581155287,0.8005218393359258
intensification,1113509.316681114,244063.85525699647,3497279.6578921317,299124.47605182754,7.351746618190926,1.93061274991358,-1.6424832931360744,5.75632301884995,11.55991863317657,4.368908043596278,-25.89664395483988,-6.8872282566964085,95.69547045640795,69.16220154297403,1.276474038498431,3.357162850908381,2.71396056383185,1.5876733542471912,5.617034960047459,0.6642543807529311,0.43640129875978784,25.804415589832487,1.0444755795872833,0.1526763254633149
decay 2,1193406.1947433457,221235.96482771845,3842399.0460457113,314183.90676928934,8.126499260909469,0.5837183048986617,-2.25987888203508,4.981351771226257,10.966998779019578,4.164796377006944,-42.43030619235967,-6.9558827917640365,144.73496285832402,98.36603743870997,-1.7350938450082776,4.786618836061962,1.329914158164997,-2.0107712102503834,23.31885334713641,0.5336333452112911,-0.9268670550464494,59.8825391606217,-1.7779341209297321,0.24828548371399042
