,Az,Ae,Kz,Ke,Cz,Ca,Ck,Ce,BAz,BAe,BKz,BKe,BΦZ,BΦE,Gz,Ge,∂Az/∂t (finite diff.),∂Ae/∂t (finite diff.),∂Kz/∂t (finite diff.),∂Ke/∂t (finite diff.),RGz,RKz,RGe,RKe
intensification,345505.2889332362,182451.67130982073,4237226.627140687,145324.00951734555,-3.6076944358139635,0.18967593362295856,-0.22604017130709445,3.685113710142641,1.951142313784194,4.496187831400694,10.230522159648222,1.500244374165524,179.95753637887648,234.26538378332802,-0.24435616911209312,1.5918759024251088,-1.2203859300502544,0.5414878542233111,7.867877455923801,0.32025616475104907,-6.589546746025452,1.4710899033966378,-0.45926220065770057,-5.091142090864211
