,Az,Ae,Kz,Ke,Cz,Ca,Ck,Ce,BAz,BAe,BKz,BKe,BΦZ,BΦE,Gz,Ge,∂Az/∂t (finite diff.),∂Ae/∂t (finite diff.),∂Kz/∂t (finite diff.),∂Ke/∂t (finite diff.),RGz,RKz,RGe,RKe
incipient,1760910.1261705104,296478.4644792015,5926541.519322581,272317.97018979525,4.021833317378528,2.7221032301325425,-5.821733636009826,6.102780526509556,30.18948719922476,-4.454241834168529,-3.5269507911168403,3.045950343060971,177.59407350157224,107.78082695516855,-1.6749067055922613,-2.0868464918402245,-5.520751184423605,0.046592143844564636,6.063625113346889,-0.9104879738480676,-28.9663018361373,11.39047622309503,7.881511274390107,-15.880952479428421
intensification,962420.3761188526,477217.4562474649,6113353.657407917,461701.96660978516,-13.531830167002463,3.0393545990078614,-0.23797269948631752,12.24258594248549,4.660383982343192,8.209019463981832,65.95649782183072,8.113232996614904,225.9429785228829,176.31177717712157,-4.2349104636934864,1.128312655470037,-9.431749436682981,0.10962337197993384,-12.49319239029535,4.780467847455628,-24.584608987020776,-64.67988734563728,1.103835251475733,-15.813323791131088
mature,406255.3690496316,146794.74204371087,3368103.4616390853,429568.5377399084,4.477817424878008,-0.3972404067529012,18.243522025737665,0.9822885182730791,3.4988056229523568,2.8437701166742433,-8.276074981478418,4.920760444423203,93.31033319980888,5.407861479784103,0.6868109717467387,-1.2187115905693366,2.489936347876518,-3.7171930065723693,-32.216834713937516,-10.313865399334038,3.071707743049268,-46.66209918307478,-5.181434198220632,2.0266076637073467
decay,272852.90867767314,114062.38733146871,1568884.4269605994,212372.15871005392,1.169710694006374,0.5741740387756864,-5.579265912309333,0.9326540137234289,2.5113985348963146,-0.9361082618826351,-5.945458371239263,-4.143827617529587,113.16412563327053,89.9087775558492,-0.7093515241455871,-0.2323601561344651,-1.1598442924545782,-0.053653700565994104,-6.056888133570383,-0.1489328071380479,-1.9273580945688322,4.298125455971837,1.2409345362643833,-2.517025115641224
