,Az,Ae,Kz,Ke,Cz,Ca,Ck,Ce,BAz,BAe,BKz,BKe,BΦZ,BΦE,Gz,Ge,∂Az/∂t (finite diff.),∂Ae/∂t (finite diff.),∂Kz/∂t (finite diff.),∂Ke/∂t (finite diff.),RGz,RKz,RGe,RKe
incipient,377696.62472723535,173500.90298114027,1650986.0973215494,728842.6213072896,-0.3515194914742647,1.7556410832688254,0.031658900082498054,8.24607879395509,6.520203309871232,-3.6247905811487917,-13.465536853276094,12.1312220774743,-10.319798350595013,-42.261953295462064,-1.1489491365589555,0.5703196059890507,-2.7738279943926507,-1.393874106453275,-14.47660505470931,0.7575861738231228,-7.889909712469321,-0.6912076100414506,8.721354185381783,-19.58805579752377
intensification,248756.9950212098,83733.29088727702,1160371.0043392826,826295.42978187,-1.849823562547959,0.9556915019759434,-2.150781484326213,3.2603117684206464,3.344471427494046,-1.9867435970633849,-8.362541997234864,8.334741071467226,34.87714906216543,19.003001802656385,-1.5990562615603476,1.1410845720583864,0.36998403008904146,-0.2892241363726869,2.1891770075309083,-0.704217996344094,-3.8686194579770206,14.552324051639944,4.0021397271354004,-14.450052320558182
mature,414123.75107435504,98629.04279827035,2393478.1589834713,554990.1132078951,-6.640122077634652,1.790399971768359,-1.5222771043267853,5.3160328626757485,3.1842563408763156,-1.5320397642071044,-15.618179789398644,11.354088705341745,74.08397736609251,70.32231862610239,-2.776403949535515,1.2021911905078908,0.7287301719789128,-0.2798380384923743,12.585724451275986,-2.9433323974033696,-7.305248274763696,36.36630342263607,4.77783461662212,-21.135731069747642
decay,399994.78837818763,73725.41587973527,2178070.987733746,176963.822453661,-0.26479656950651465,0.7381991356420986,-4.092163211466562,1.7780992953134103,-0.9549475927825388,0.5741746374207919,-9.759303144002619,-0.6103007226805333,131.60132066718919,105.32236602409219,-0.4245888031946336,0.23613276232552602,-0.5283317324016583,-0.11557466923551322,-6.2074808510436235,-0.5868092636587149,0.9000184265164641,7.90878207393207,0.3501508530150066,-5.846771047758151
