,Az,Ae,Kz,Ke,Cz,Ca,Ck,Ce,BAz,BAe,BKz,BKe,BΦZ,BΦE,Gz,Ge,∂Az/∂t (finite diff.),∂Ae/∂t (finite diff.),∂Kz/∂t (finite diff.),∂Ke/∂t (finite diff.),RGz,RKz,RGe,RKe
incipient,291039.36160023976,102759.59242240866,1254282.2535880294,318752.6045914188,1.1534952849915083,0.8422152745785947,-0.7891130591439912,4.674482511807955,8.040099340018072,0.923867958998194,-3.352317756181691,1.9190093802286263,71.34421986964068,63.552059194227866,0.5317662527672715,0.9743234485804008,-0.2164245305175912,-2.1770755155908303,-16.02496377155795,-8.884932280296473,-6.26081331096556,-13.037028241223776,0.7313237626403367,-16.267537231477046
intensification,239748.63363880885,76549.29250543931,1245896.6020260602,231534.7073662043,1.3489603042487976,0.6602580492940768,-0.4637814595841211,4.00769062752115,2.8801719024733314,0.5983009046299741,-3.4226664852700166,-0.3054921957781999,44.03559662464669,38.77215052576902,1.102634382430046,2.767168148072824,-0.7088567274198134,0.2498577121062471,5.3528976072203,0.6702411486132318,-1.579810276350271,7.89038524782564,2.9989893857033456,-3.495738742713839
mature,215919.28485686285,126342.98990916331,1647558.5998853585,366985.775293259,-1.093838530571492,1.2856257202562533,-0.2842211804190962,10.570700364029094,3.7240542460030595,0.3712357884845238,-19.767151293712622,2.9189692548914685,70.4524254065172,48.68672112422234,-0.4940562046704041,7.979258706394756,-0.4301519239711339,0.3951425541598406,-1.0806916571716951,1.2146486613751923,-3.962418980289432,20.064519347531515,9.308981409448158,-12.559242137964466
decay,240552.17968689604,72223.72373027768,1138533.983712863,243146.88451596998,2.062363702256181,0.6436323848291232,0.05976037157052575,2.982731317609754,3.8154295160469114,-1.255884364184811,-1.2408261014888466,-1.0761703638166191,-7.962218901174209,-24.843525698075545,1.1469084978927448,2.0044537867550565,-0.09965633280649785,-0.46062761420887605,-2.818899059956933,-1.2456602737464366,-1.2090897617681053,-3.7001970322947932,3.134355682756564,-3.092460855969045
