,Az,Ae,Kz,Ke,Cz,Ca,Ck,Ce,BAz,BAe,BKz,BKe,BΦZ,BΦE,Gz,Ge,∂Az/∂t (finite diff.),∂Ae/∂t (finite diff.),∂Kz/∂t (finite diff.),∂Ke/∂t (finite diff.),RGz,RKz,RGe,RKe
incipient,667220.5355743483,165643.67393879162,3884521.00830853,189308.75661966155,1.0291446447402162,-0.23842555151273556,-2.1816143068634983,1.519833061579833,-4.74843034253868,0.16045695959613301,-27.546491034274748,-3.346781779024123,260.9931000349629,227.97572793826714,1.339360945556469,-0.4668008957451401,3.137933936738939,-2.4305823182694017,9.224651064304043,-1.4255966619798215,8.677083372505098,37.92361176070207,-0.832780664772966,-1.78026225139903
intensification,800407.2471561944,67014.51213931062,5643700.742527999,141113.05447579297,5.498269790369338,-0.07655076718424521,-0.07982621866426746,0.1552550963111475,5.329615503776897,-1.4140990769445476,17.43877649679954,-1.4888779274255555,101.50002663992629,143.82093473074912,3.2226228765130287,0.5298794511398014,-0.7157920803229757,0.029693284424549198,11.172572464615707,0.31149669509525035,-0.6236885609147789,-11.684647603888907,1.67559822486449,1.5652933075453912
mature,613632.5288157735,87433.45249497892,5348380.991658812,271655.9685782766,-0.2688087020409229,0.054074509388065795,3.9457362897941204,1.4672162566573383,3.2740180656322098,1.401963023467133,77.49903906271018,17.236580282660583,-299.06996974509525,-216.42577308896517,0.3983017550364916,0.09504818570031792,-2.9150436959862516,0.07469368436915291,-29.43457600222184,5.691424600299276,-6.4037959542713185,-110.61054265268521,0.08587240817129221,-9.066635649224525
decay,447484.7448325604,132388.7338232563,3603775.4951199396,722896.2425894932,-4.040173889672061,-0.07491046232052566,8.063887854274107,2.03749098495459,-0.34931939139020113,5.825126504039105,24.27339441585478,11.489704005886638,-71.5732506700449,-43.56603179484966,1.6448410979157262,-0.17682968201284946,1.7558274791132544,0.21691756525746994,-7.528679881291036,-1.8816635227103005,-2.009937481489131,-35.82578826174786,-3.495807491506519,-7.34497065927743
