,Az,Ae,Kz,Ke,Cz,Ca,Ck,Ce,BAz,BAe,BKz,BKe,BΦZ,BΦE,Gz,Ge,∂Az/∂t (finite diff.),∂Ae/∂t (finite diff.),∂Kz/∂t (finite diff.),∂Ke/∂t (finite diff.),RGz,RKz,RGe,RKe
intensification,264943.5075376542,400841.6599125488,3153784.1865035924,918617.551911563,-6.177716182122436,2.313953091522877,-9.906713335594224,23.69026161715575,0.6684171389827772,10.34993953751377,-46.50611008866109,4.968817589888017,222.67819988814486,242.56546346879887,-3.5706410365139902,13.692478932255511,1.1492205173470285,0.2805388970136421,19.24241910181161,1.4761993579908022,-3.3829597122353077,81.83295870818937,11.306907885132748,-37.08959318464719
mature,405688.9274495592,325882.6357883992,5638500.188007999,734364.314662844,-6.067960190424014,2.776660527358823,-41.24824448116462,7.8058994246899545,-2.7612107458108612,2.1118026942283206,-21.60292398976852,-8.750900798248798,442.0289693882126,328.0896197368345,-3.1715423959128386,-0.6528317797765155,-1.7546548134408606,-4.676636554195543,0.5937417083946208,-5.335359350215867,-2.2847437306951917,69.51287036975178,-1.759200351092733,-45.63860245782165
decay,132621.60705984323,111962.81789706301,3258041.4897300354,826644.1521034788,-3.177046664353085,0.4208100911195313,30.91804328060906,3.1402035111658337,-6.268292728428292,1.994387145787317,12.534061426662435,27.252486191087648,-150.6191107070294,-131.58900209128817,0.2533793302017703,0.5052047406497207,-2.231042174420766,-0.4002900055985613,-24.39745663512893,3.4107025928076675,1.2810139807739713,-64.67251467804735,0.3247162686604238,3.936056171163246
