,Az,Ae,Kz,Ke,Cz,Ca,Ck,Ce,BAz,BAe,BKz,BKe,BΦZ,BΦE,Gz,Ge,∂Az/∂t (finite diff.),∂Ae/∂t (finite diff.),∂Kz/∂t (finite diff.),∂Ke/∂t (finite diff.),RGz,RKz,RGe,RKe
intensification,592005.5698197595,264547.40378416877,3130678.6165548684,583277.99012765,-1.9171242475125845,2.0915857309532555,-6.464365380876155,12.748535741382605,1.349594749813469,-2.198972064004348,16.24103089764252,-3.1649308619362215,83.25301540559987,9.413335193776533,1.6666137060115758,5.3140169817052,-8.112536068553148,-1.978151094371324,-10.246562257500363,0.8127601013043105,-9.287669334925946,-18.106103526754147,10.877770980062365,-15.235210159018225
mature,140124.07719499664,45345.62181242296,2082906.5109673329,436168.0008312069,-0.2416406547491207,0.3599090807390867,-5.046528913616587,0.4980337002275132,0.4815519048798513,-0.7507373784704597,-0.5612699974449424,-1.7232960974726808,27.171731731458078,-29.911061808719474,-0.37968147794202267,-0.3116708547982432,-0.7020353875253663,-0.1416811691138455,-8.380451772667193,-1.851384413116894,-1.0653188664152515,-2.531012206856544,0.7471808288450404,-5.672650929488312
decay,89787.19038764914,32193.35494638504,587670.2792335853,200516.0913373869,0.055247293427132464,0.14840909942738345,-3.1681726587251204,0.2850139682255495,0.9404794138677826,-0.026360382063801844,-1.2801727467613737,-1.652213415160382,36.06266545318536,17.41700187425821,0.09489037019834826,-0.07382870677754563,0.3949025842264002,0.003985395273724071,-2.5234195093752096,-0.2513019120257607,-0.3419204367868665,1.86967860268415,0.16695064613569188,-2.052275123816048
