,Az,Ae,Kz,Ke,Cz,Ca,Ck,Ce,BAz,BAe,BKz,BKe,BΦZ,BΦE,Gz,Ge,∂Az/∂t (finite diff.),∂Ae/∂t (finite diff.),∂Kz/∂t (finite diff.),∂Ke/∂t (finite diff.),RGz,RKz,RGe,RKe
decay,263918.4914868679,58469.0309192746,1016696.0776010603,132282.9350085627,2.370002851986448,-0.0929396309631085,-0.8010533819870529,0.7943653284397936,0.2595114781187029,0.5156553317837544,7.76647343650978,-2.143251582951985,-39.33813610752415,-45.162451698174756,1.1787251511174386,0.4573603284349781,-0.12373640438545624,-0.07691065598737773,-1.1864237889274447,-0.018086633887311725,1.89381533851918,-10.52184669543662,0.2947389716317699,0.5297462386378272
