,Az,Ae,Kz,Ke,Cz,Ca,Ck,Ce,BAz,BAe,BKz,BKe,BΦZ,BΦE,Gz,Ge,∂Az/∂t (finite diff.),∂Ae/∂t (finite diff.),∂Kz/∂t (finite diff.),∂Ke/∂t (finite diff.),RGz,RKz,RGe,RKe
incipient,882245.4906918573,331582.3741524831,5340673.176666439,472130.85841611814,0.8900784614745667,1.5640489015535075,-5.387366630016275,11.597540224162785,2.5652805980484343,15.760809674287131,-10.865618167381857,-8.290529956826578,322.2180497803004,216.82389368477436,1.6998942110103659,5.05351895864054,-0.4665153404848159,3.7926303405887407,-6.779347015458226,5.473578443810485,-0.5776685755051761,8.58355932046534,-1.9346880110891163,-3.2207984535419953
intensification,533906.4944369046,482543.3610752203,4837403.907512726,884269.3865407109,-3.396914049651914,3.3372460306545313,-6.553995856122894,16.832566436660997,-0.31801632523646056,3.8941966883355734,-58.16148831868803,13.71299650539953,385.9435278804237,333.23919557420334,0.24807834790527689,9.946633681564133,-4.314417596022252,-1.941945585569431,-11.469299843378657,2.554136935751935,-4.056069289783175,56.64309838108419,7.659178132101462,-34.54542186243149
mature,291395.3777750617,133063.9014064022,3674491.3615043503,659707.634228727,-0.6735707134657813,0.2969635045095308,6.288142137284013,1.3964749841027382,-4.152012226370373,5.466196278125009,-26.84163068789588,4.636718019025727,188.79948384051588,141.18095420361024,-1.0498602452966272,-2.86724212538017,-3.547799061890187,-2.298819697194333,-7.520586591797274,-10.2011415789257,0.22760595552393525,13.706472672280372,-6.665504495726135,-9.946192444770151
decay,413932.029417998,101006.07817157818,3838850.8402366997,236877.94630828872,-3.413803562471317,0.000145744165456968,7.587706882028554,1.2279425792592018,-9.38550679537332,3.0015146241161146,19.869761438210165,4.800571045409109,-42.69801077557428,1.8576432267648935,-1.831055353331901,-1.367439581910681,0.9349462895402708,-0.10403542847942475,-1.6688621730041195,0.5493073559543197,6.906795266607733,-25.71252693077152,-1.8777532175017937,2.1085006133145634
