,Az,Ae,Kz,Ke,Cz,Ca,Ck,Ce,BAz,BAe,BKz,BKe,BΦZ,BΦE,Gz,Ge,∂Az/∂t (finite diff.),∂Ae/∂t (finite diff.),∂Kz/∂t (finite diff.),∂Ke/∂t (finite diff.),RGz,RKz,RGe,RKe
incipient,498903.9802007886,412065.0669810598,2491762.0946693714,328934.49489121686,-3.4357894682970285,2.129354081471314,-1.2712667060050955,3.128939312290899,6.032589416963695,1.81812729222126,-50.17632115136093,19.441030457625693,270.20341752203467,295.43696300011095,-0.6530338088020065,-4.634549290682107,2.9351267186661345,-0.38328652254267787,12.02164427905243,5.058643354777821,-4.403898085123276,66.90502160471549,-1.201828583944352,-18.78259312114387
intensification,632490.2411594217,179184.5425651027,3030419.9954457404,438964.2682540986,-6.077929159529958,2.065148344396711,-3.909261608864114,9.417061915565087,1.1988184856830866,-1.490175874398992,-53.104757509875554,15.135406216690798,161.16494472099987,169.07426138593974,-2.6430026383388157,3.2689674290029407,0.2668774641422407,-2.355622655247337,2.3275373973324394,-0.7329104079294309,-4.944721836674093,65.41948567560206,6.486466790320031,-29.19464014904943
mature,673609.7461539569,48862.44593030018,3703923.4253441365,278644.15995976806,-2.8906818779379657,-0.3809605741699632,5.580342001324192,-0.9400258281367337,1.5576542808867417,0.6347830647637328,-1.5734572301974659,5.759710124166462,-274.4723437696343,-320.85133393040115,-4.295703027245793,0.4106532364073694,3.302677104541663,0.17868973235512786,17.991685571442403,-1.5445811274590628,-1.526619628453008,16.875482678253636,-1.0151585863753754,-0.7839234221645988
decay,664598.5242030658,163623.72217045093,3331245.743708635,483332.0205549483,3.1028597797757893,2.247665899188371,-11.395901207060755,2.4928542641832094,11.535648520572991,-3.4445738616404036,-13.495564692845626,-0.6738862235264302,53.94469425259782,-16.297557066150947,-0.8887876689717132,0.6274078847760376,-3.5784591868872586,1.657038042744232,-4.014211060687367,1.461682269218885,-9.763582028496092,17.774395059443226,5.346800269379474,-11.753186978498649
