,Az,Ae,Kz,Ke,Cz,Ca,Ck,Ce,BAz,BAe,BKz,BKe,BΦZ,BΦE,Gz,Ge,∂Az/∂t (finite diff.),∂Ae/∂t (finite diff.),∂Kz/∂t (finite diff.),∂Ke/∂t (finite diff.),RGz,RKz,RGe,RKe
incipient,315411.38004998065,195699.48989345867,3234900.194319321,990270.4165936367,-7.9545081547990675,2.2542002863746347,-14.360686790104578,16.117430500143495,0.15821427059766416,3.3253495530952137,-65.04079192382606,3.965620982719686,202.74686544799624,215.28039382159668,-2.8968835866224896,7.0692144037821265,-0.16546392511898536,-0.3467258770419986,17.45713041768017,-9.188821315707907,-6.023986064141083,104.81311728640988,10.191154783631651,-43.63255958867567
intensification,627187.0973730696,165242.37618744987,3937909.1886693905,912566.5832107486,-5.5073555663719524,2.3724513872109596,-25.056877656851274,19.36655070975824,10.515551833437316,8.497661602386538,-30.340427844321738,0.2112777247486557,106.64937009843754,103.62788497299773,-7.701464838889666,9.219270300995209,5.266350701783533,1.0295278651443898,0.09083516243120833,4.7600782080597765,-8.38410531081478,60.99549622997617,9.525965585305135,-39.874627883298395
mature,646308.4565991902,588985.0610123473,3443590.0577080464,1837384.4314937894,-7.511283480289913,9.635473513988309,-31.37733321456642,28.432600870110527,24.205981061728426,4.033099353980953,-60.60005809538613,20.50005809971183,143.03417032428177,124.30540076775935,-8.233786901899473,4.138882919200522,-6.421240218604045,3.5173054590087363,-5.852739762388629,5.692940029976684,-28.503031246634073,93.63593502785382,18.281333461150005,-74.61705215441211
decay,290417.6256109879,148020.2279718714,2097684.263058973,416741.47155513923,0.6101257190999037,0.6828983376442032,-4.863840571732644,1.8644383989274484,2.936670208640534,0.4919702904244756,-12.349497320148966,-1.1226074013428302,42.4913682710209,15.297779774095316,-1.0295063234512674,-1.2604626174525972,-0.3007727957006384,-1.1206554750898416,-0.8780539591331716,-3.394412493606937,-1.9444189475970652,15.725158213648532,-0.4310857042310709,-9.000084062924198
