,Az,Ae,Kz,Ke,Cz,Ca,Ck,Ce,BAz,BAe,BKz,BKe,BΦZ,BΦE,Gz,Ge,∂Az/∂t (finite diff.),∂Ae/∂t (finite diff.),∂Kz/∂t (finite diff.),∂Ke/∂t (finite diff.),RGz,RKz,RGe,RKe
incipient,1186577.014791327,165566.66074028384,4019746.713634951,349844.36158077366,12.225076551398358,2.0359317154359307,-11.485431038107947,3.741481698095337,16.122892954232174,-6.2585724500526965,-14.878619568583638,-1.3617246068004685,53.20834671383273,-42.42088608266944,-4.4336272886758525,-4.207747223957493,-0.6736047339230923,-0.6877454610988746,-14.692215331532234,1.8711345400063848,-2.535489421320978,-0.5532412762390067,7.276376971613228,-11.994053589396431
intensification,774595.9086883944,201912.06817083666,3688930.0132206306,417843.42758208624,-0.28612005446431305,2.683637020179284,-6.845316942945937,8.64960451002379,10.736840527010722,-2.1864270152098046,-16.750679661695102,0.7320912179863256,173.07543333175946,151.30329557363436,-1.3551184524915434,1.9291855088004042,-1.2723952213990255,-0.1702272038889031,-6.3145549470067674,1.0245697288579017,-9.611718782694776,17.567561712098584,7.9821673011654095,-15.20244294209815
mature,559898.6712596659,226789.70078495788,2066727.4093714342,685598.2330415646,3.552979807911421,2.0259856807616687,-18.665888047363904,2.379988030206117,11.38266630882998,-0.7486017612456312,-8.605536566201144,-17.2738330655347,100.0888195638967,44.216854416402896,-2.2416535671628526,-3.5955221455350435,-3.9284461205526644,2.4376975999854475,11.552058668357812,-2.8530925163036485,-9.732146940709555,35.270503474011434,3.5403017106755277,-6.625135528338971
decay,605599.0378613642,199326.0626661936,4474327.351438538,427995.87682432565,-2.353710597498414,2.3440704074045646,-13.334033974211012,3.9810104355754654,4.6177382981559205,-0.6206713623149026,-62.60120215697779,-3.842973566905297,194.85994227463368,80.4509117375755,-0.8614172297734962,-2.8492861153264473,1.8836773800041853,-0.22566642817360202,13.072072203950377,-0.5497469217346916,-2.743701108245584,91.3610189326376,2.031944962312201,-14.02181776461587
