,Az,Ae,Kz,Ke,Cz,Ca,Ck,Ce,BAz,BAe,BKz,BKe,BΦZ,BΦE,Gz,Ge,∂Az/∂t (finite diff.),∂Ae/∂t (finite diff.),∂Kz/∂t (finite diff.),∂Ke/∂t (finite diff.),RGz,RKz,RGe,RKe
incipient,427817.7727066337,118548.66167439966,1145738.5948675054,184631.3045876677,-3.95056236136548,-0.0161698698036305,-0.5825439624374242,-1.5772725865893953,0.4870461735853085,1.5558351185670751,2.941239350351017,2.9445540032709587,52.03405927084685,68.27285695429651,-0.0616773198827923,-5.138223309654353,2.709622522992361,-0.4303796822511759,6.549669631746775,-1.5205782979170208,-1.7441558817620575,8.141536605198661,-3.547317517604016,-3.4704036770360087
intensification,300173.9761796474,140476.9173876571,1184342.7649051605,262757.4657339087,1.7262969035224738,0.4185287191414638,-0.8502525799311356,4.674190552796588,-1.2648638020815064,2.4508933179364885,-10.73739753449084,-2.408177618914515,48.54538130976606,50.101183826477566,2.696773179842744,3.381264118607292,-2.038917440900663,0.7212900989895873,0.4606467329350913,1.0423787344392423,1.3707719838447807,10.321999943834594,2.526058614708223,-2.0738867793739657
mature,191845.38124826812,228010.54289539298,1124234.3434262339,337521.02930468146,-1.2230493115392504,0.9859768488347498,-2.628918169127785,3.4129564022469183,0.40232468455344234,-0.25686358197310505,-9.40466308501328,-3.2842887852542844,55.52376300072831,37.36765348328745,-0.04454242207558943,2.081559743605169,-0.6621859104237229,0.8826587358857809,-5.369548165572904,2.2542728697847285,-1.3015830576816654,7.887082400107412,3.566501871271055,-0.5033129163356905
decay,192816.61282905677,96662.34928823797,705853.197005103,237264.97430172522,0.2290778547693203,0.4825451569099734,-1.9055227726936685,1.387670443480609,1.2897115247707296,-1.4839208845730971,-3.8695146821701383,-0.7789260844149203,23.280054581644233,23.800045302603248,0.3065636764829755,0.553059817220544,0.043477639949506264,-0.689908754401356,-1.7732884380633627,-1.0014575420431189,-0.5346108731419297,3.7726711620311244,1.6991374167423758,-3.5157246738024757
