,Az,Ae,Kz,Ke,Cz,Ca,Ck,Ce,BAz,BAe,BKz,BKe,BΦZ,BΦE,Gz,Ge,∂Az/∂t (finite diff.),∂Ae/∂t (finite diff.),∂Kz/∂t (finite diff.),∂Ke/∂t (finite diff.),RGz,RKz,RGe,RKe
incipient,857114.0537585035,48605.69270074497,5591072.7391750105,146582.68472207512,9.131255693908557,0.4409316902520352,-2.949110338094717,1.5663805680659673,11.376149341907126,-0.530554832242478,-48.94049098140677,-0.4982818638671594,10.959184348533752,-174.3390721062118,-3.1780645567150474,-3.068547722485908,0.2144300903643468,0.5160070181197591,1.518004506542865,-0.1312282034588322,-1.5895318673821863,44.27635013213579,2.1720107281761694,-4.148437245752357
intensification,891466.1587388847,53212.70731757106,5773613.169389713,142768.02921624028,9.691049942199324,0.4181921386489161,-2.566869769532755,1.3058264831819313,12.547392837150168,-1.906392891470596,-49.284031993008206,1.3629403852771407,-9.385742271309772,-204.56045863828544,-0.745948352327687,0.738587346368342,1.5351816366610345,-0.07064621938827147,6.400018563173096,-0.060474782973389755,-0.9029691196408914,48.55987038351473,2.7233810166153396,-5.296111420965217
mature,939255.8586770624,47019.82871224308,5876908.390000258,145935.58936206045,8.755663050568234,0.45843061596360357,-1.850345024692948,0.5443028342319072,13.861283150008887,-1.916071515333107,-47.43366586841324,4.213132537002359,12.441168716569399,-210.1851312777587,-0.4071614624000059,0.29736984893363483,4.2342901904810075,-0.0590034050361985,16.202943971048054,-0.24365598542340838,-0.4128992929960438,56.73129181358601,1.9429403285652123,-6.851436381350622
decay,1212907.10037996,59913.344801235646,6751449.252062555,127971.55409218039,8.922721169679651,0.5127192975881321,-1.5015357412017627,1.4488251838088473,24.868334418601822,-0.47520148428371517,-37.232899107617406,4.396594161302588,132.3943650656612,-44.80579724648986,2.745794813401095,0.9664306078092788,5.090745168862352,0.27996956923450556,16.589551173399794,-0.22759351403810676,-10.342148782471686,46.40126485253931,1.691276939738936,-7.574548600351305
