,Az,Ae,Kz,Ke,Cz,Ca,Ck,Ce,BAz,BAe,BKz,BKe,BΦZ,BΦE,Gz,Ge,∂Az/∂t (finite diff.),∂Ae/∂t (finite diff.),∂Kz/∂t (finite diff.),∂Ke/∂t (finite diff.),RGz,RKz,RGe,RKe
incipient,38476.4930222419,333649.382853225,1495114.074153264,226423.97639501424,-1.9124409322649207,0.0347041976243137,3.3136855589401124,5.045596223962852,-0.7855798141952025,7.965574086260822,-25.475662836517664,4.868910126218397,99.25004214634082,135.84702954215655,-0.932624946658843,-3.3552056422301244,1.5274560977845404,0.916783304005927,13.528087187401855,0.9888073477713138,0.4352991773391358,37.60250539724433,-2.0378987559163573,-5.612013443469823
intensification,277553.0232243977,211197.82850968582,3055608.208144981,231993.8262242948,-6.01978259497399,0.41794114413468747,0.7356293458375863,5.072231295415847,-1.6476630671301205,4.641115719762746,-14.162032636350435,3.571019289015538,104.00814806695266,154.9521520643788,-0.9577079854166095,-0.26226166430235376,2.6414530536304137,-1.7253805076764486,18.226419337939156,-0.05949690056065799,-1.3127253300787682,37.67260522342599,-1.7122060761580347,-7.967118139154458
mature,483610.4471026197,52379.79715692187,4439935.738322455,202796.35319190938,-2.603614341314915,0.27718248051676136,-3.9706466391162802,1.1757849049953413,6.774415090016078,-1.4052668140130653,21.19288618534536,1.2145480989106483,-141.35539433662962,-90.8987108741641,-0.5370694053608895,0.5763673320637691,1.8529755059388084,-0.8858008466617071,6.476767046112176,-0.7950780322349419,-7.247871444875422,-8.141858158801988,1.4180683918299382,-7.156057675257212
decay,539260.3311310008,72042.5088246266,4441555.634695334,175195.3291190443,7.879866828073945,-0.4334400823607483,-2.1316504336524082,-2.79029494906752,7.827908621448387,1.4603220392498668,20.653996764218334,2.5245597259346844,-258.399526424549,-248.2893118515279,1.8525240763855157,0.3758408297118567,-0.2744470882378287,1.3515013081791238,-6.388412158866293,-0.03975756663656004,-0.6559289639730184,-32.79062531750616,-2.4656755977775147,-1.9056727771561328
