,Az,Ae,Kz,Ke,Cz,Ca,Ck,Ce,BAz,BAe,BKz,BKe,BΦZ,BΦE,Gz,Ge,∂Az/∂t (finite diff.),∂Ae/∂t (finite diff.),∂Kz/∂t (finite diff.),∂Ke/∂t (finite diff.),RGz,RKz,RGe,RKe
incipient,109004.93889242566,49313.524834356154,393605.05171864433,77456.69103127002,2.78701851220765,-0.0412538176032115,-0.49555220154390395,-0.7928954488871458,0.44928187506079026,-0.2209610115015405,-0.17800026668398408,-0.3233289107231205,-5.329425535481038,-2.6744627534454786,1.3391979502270113,-0.7658154719874402,-0.7462385742250977,-0.04580904216857034,0.7837686343769854,-0.5017287496827817,1.5502442453185503,-1.3296974096027763,-0.5764896619509642,0.11894340838358053
intensification,74626.3850577516,38577.86262236969,342320.8353165765,97572.35688447632,1.8097103411615076,-0.14195328251039813,-0.4137177153809103,-0.8870240033583368,0.10371986752498923,-0.007036056158148658,2.7164689821555754,1.0836312238237429,-9.021446984265738,-9.951913991233617,1.0177663583287018,-0.3825750041060875,-0.5911106852685477,-0.07652636047484813,-1.5873504432976069,0.6704304911032591,0.9729265058575726,-5.6998120512337795,-0.8145610251646381,0.06010555525694277
mature,44409.67421893109,43247.879011151635,278945.2130745185,151839.95172631284,1.4633112752388957,-0.21216383112909656,-0.8001784145991494,-1.003811273302622,-0.020466987871949227,-0.14768093757364056,3.999422376261233,0.29095621146705175,-10.359426799227274,-10.540046045067585,1.102450156392757,-0.11416070444080684,0.47865241083020144,0.2993525840616472,-0.8005508757420803,0.60451852218903,1.7502668428119499,-5.463106112643059,-0.3446139205382376,0.5171951694254509
decay,46690.08005258803,44053.82066927681,344023.5260766445,119595.75801892501,-0.24135721524745582,-0.027691899168165474,-0.025248144154659802,-0.496358736092094,-0.48592660841766777,-0.18011144043749627,5.972471973713191,0.3123530543058122,-3.4581177898439828,-0.736057925101323,0.1575933808467021,-0.28233573395080314,-0.020199100023942127,-0.10756513245393357,2.0307007554178433,-0.3612049523177723,0.19667839397810438,-3.6751658588932297,-0.39612052894036576,-0.20244741468615024
