,Az,Ae,Kz,Ke,Cz,Ca,Ck,Ce,BAz,BAe,BKz,BKe,BΦZ,BΦE,Gz,Ge,∂Az/∂t (finite diff.),∂Ae/∂t (finite diff.),∂Kz/∂t (finite diff.),∂Ke/∂t (finite diff.),RGz,RKz,RGe,RKe
incipient,719921.2384538978,159192.19715162576,3096528.84035461,109574.07503199301,3.4825472521742826,1.4123782573608001,-0.5568904251656842,0.9028792113258414,9.260314049218122,-1.7265821128971608,-28.484357898992275,0.19277245221019815,93.84909416523548,74.5828373188382,-0.44989834171811555,-0.7596197084609988,-1.4552417148416794,-0.661667726304362,-3.5306720844812127,-0.2641628300244013,-5.820630254524717,22.02802898750246,0.55541534055784,-1.9167049187261251
intensification,610688.9208450585,439815.2251054774,3142380.9279733575,312738.9960212798,-6.4207781413719704,2.600947340138901,-6.574181357855208,3.8759208393141966,0.7421542416480251,-2.1717694827807867,-9.8701532308174,-3.2146303595726957,124.85122526568806,100.62124382827277,-3.763439457742979,3.7557333987868096,-2.8638328439781016,2.744643877490315,-2.579184304185828,5.054682303024468,-7.425817886859198,20.28592842585875,6.191386859446396,-2.1807895345722415
mature,147158.65315751807,357017.32811814727,1881858.1370919652,1391754.7127377002,0.6916374570135644,2.7876499228776725,-43.32247343847621,6.611562529260703,6.24075603153942,-8.171104336744035,11.705186077165195,-11.172460581824906,108.87690596687946,81.29992884140675,1.0759700817435762,1.878799364009306,-1.107125049709868,-5.09267157266479,-12.495139067465374,7.257134977939522,-3.8685937013580527,18.43051083683208,6.902345370462274,-31.504440407972492
decay,148500.49481789296,233941.66120796642,2487328.6259089164,1017649.6260626174,-0.7275500819194439,2.10689871026033,-24.099050909190066,4.656765309474621,2.784684958898422,-6.797765305519312,-10.426514735806748,-3.483085877036531,160.21783014732827,150.1338097919751,0.7258809349305615,3.5544920780483973,1.1204830999798006,-1.0410822924405436,12.527561085590303,-5.695675313572801,-0.284853230577736,47.78067681250656,8.306549612293061,-30.96840565520096
