,Az,Ae,Kz,Ke,Cz,Ca,Ck,Ce,BAz,BAe,BKz,BKe,BΦZ,BΦE,Gz,Ge,∂Az/∂t (finite diff.),∂Ae/∂t (finite diff.),∂Kz/∂t (finite diff.),∂Ke/∂t (finite diff.),RGz,RKz,RGe,RKe
incipient,710925.9349053974,83622.5804157528,4325723.234768496,210823.73372225987,-1.2133174188972262,-0.38326575012047825,3.822911627722491,1.3888111383599557,-6.095361529521625,5.107448120591106,6.441650515299763,-2.65158664516332,168.94184588188102,140.71144302068646,-1.884588196252343,-0.18785290408107005,-0.009297939415339185,-1.9687232677641848,-12.162307463143812,-1.4665216880426954,4.489480421088582,-21.213552187268842,-5.304094499874857,3.619165446483158
intensification,693313.2126902073,70293.5323038204,3079020.5367920077,153309.46812375513,-2.4956570110787615,0.032880786435082264,1.3792150426482546,-1.3415780545574125,5.867201608022833,-2.696203722040932,45.69165034078399,1.7434925242888182,-234.0265984720627,-224.5992060249147,-1.484654365832307,-0.5615169196004153,1.3905619312871296,0.8473795256038438,-15.398080792053351,-0.5574133044194468,-6.939415901379382,-59.97328916440683,2.169124406652282,0.4198872684974021
decay,713899.4983824922,95078.70201205878,2277753.895005052,156747.6506444316,4.344383168355976,-0.47727968290845135,-0.3913883468719395,-3.8116308016114444,8.4944668764001,-1.7508308821028815,50.88963453705933,-0.4653193078431429,-244.94564180491474,-208.36424424992006,-0.11546802512362882,-1.1713363962513375,-2.115014563079602,-0.3615867309140713,-8.647096443277153,0.31654213957063215,-6.742377954032177,-63.48972580182052,-1.945106967514183,4.20210390215328
intensification 2,759775.7831434222,87143.96780228871,1660187.008849709,262828.35583311785,0.602196561847626,0.7998071012205211,-2.397192519477778,3.5892724439690222,3.419426681965154,0.4060090046741587,-16.801678818844394,4.019172579118744,91.34272398359505,62.49780387207406,0.7747219478933612,1.2270738560905123,-0.9062697237697781,0.9944274702798884,-5.926508981701688,2.3077355971746463,-2.923692742666786,12.67016579477286,3.377883808354231,-7.697901945390898
