,Az,Ae,Kz,Ke,Cz,Ca,Ck,Ce,BAz,BAe,BKz,BKe,BΦZ,BΦE,Gz,Ge,∂Az/∂t (finite diff.),∂Ae/∂t (finite diff.),∂Kz/∂t (finite diff.),∂Ke/∂t (finite diff.),RGz,RKz,RGe,RKe
decay,201682.8268235484,87268.12571816861,2129716.877399221,309538.346584894,0.7137508041088836,0.787039032318533,0.6668162766219652,0.015460478891992396,2.8237151491874766,-4.112418022939143,11.327823579022915,10.560023767677666,10.283336808577259,-11.155579668736214,0.07041915667034536,-1.57175106874638,1.147540161206881,-0.8427763310755698,7.689640076744168,7.268733982718318,-0.1753851515531789,-5.018750583009595,2.498063138437033,-2.639933987229376
intensification,258888.39161031033,118190.10344561748,2653864.4725470752,338963.4704427116,-1.6512076587830604,-0.4441508677481902,1.4301779738726081,1.691195898043736,-3.33542789683168,8.060697750393741,35.65028029658888,-9.181668066210511,123.87260892136658,115.71847334971403,-0.4600730685892907,0.1637158946614576,1.7640061660174826,2.7670757673795383,16.273422659606627,-4.003393640437463,3.0040755363179117,-19.155827952071807,-3.1582752172222768,4.91725650160192
decay 2,279627.80304125336,203407.65372345707,2913024.2855792847,204102.67620880506,-2.7931463664694585,-0.21243623054451155,1.1645205603393824,3.6957934423560506,-5.4374284563008635,9.754581850083834,19.181054976450103,-4.095677485243208,179.21708035709582,131.1148536674509,-0.1787575403243733,1.8104891906119116,0.3453570277406022,0.20025591816868515,-3.7133198530857685,-1.3607201051079938,2.7772028870274954,-21.2657490234058,-5.646096259014587,0.20368449811854517
