,Az,Ae,Kz,Ke,Cz,Ca,Ck,Ce,BAz,BAe,BKz,BKe,BΦZ,BΦE,Gz,Ge,∂Az/∂t (finite diff.),∂Ae/∂t (finite diff.),∂Kz/∂t (finite diff.),∂Ke/∂t (finite diff.),RGz,RKz,RGe,RKe
decay,677387.8196490593,241501.30006715073,4006088.0267283916,302973.22782662243,2.5012435677116303,1.5215106012541195,6.316551324370051,5.983538691539073,13.013168319136081,2.0897168761817193,-35.83927753626549,-0.268347144671522,182.84851993331395,152.0657310224644,1.1761601105483301,1.7566652330714878,10.61494314672642,1.9591579851432983,34.173460523428815,-2.0233318514996412,1.6245289965560863,61.19494316761263,4.331469199246532,-1.4219720739971409
intensification,786529.7165755562,266786.3193766023,4722865.994010521,300019.472521545,3.2168176801054202,0.9570631120132621,4.864977415979081,7.7232566220115455,12.04923240163447,7.871496309951075,-39.92675294079519,2.095033923125932,212.0556756398595,199.6164454774663,2.9183565752230916,3.7348759503577798,1.7533062712112315,0.7089713954346584,24.324364436880774,0.9400409445090027,-6.122045338304555,56.169322281591455,-0.39633140451813365,-4.013272184649393
decay 2,915573.956237931,288750.7525066277,5924973.783559998,335379.70854037197,2.484383275083487,0.15068909320801946,6.184167808381737,10.618525867489641,11.466147997240999,14.289713117970411,-32.42846338203821,-4.382396900794177,277.9342343955013,286.6445807606132,3.310712205721212,7.243189045647664,9.172110995648872,0.06998049980225511,55.38929648607581,0.7622258639591759,0.3410353666993793,79.14920878464879,-3.751895843886534,0.7102647056454479
