,Az,Ae,Kz,Ke,Cz,Ca,Ck,Ce,BAz,BAe,BKz,BKe,BΦZ,BΦE,Gz,Ge,∂Az/∂t (finite diff.),∂Ae/∂t (finite diff.),∂Kz/∂t (finite diff.),∂Ke/∂t (finite diff.),RGz,RKz,RGe,RKe
incipient,631584.2542396449,179845.97714654374,3752715.2306317566,239361.5968916642,-6.609723202146675,0.5104083824413825,0.2839175571094621,6.587683150528907,2.236071076362838,4.8934647579277755,61.87603965760077,-3.4302731210183426,61.649574371280806,95.43864676452503,-4.270331145042389,-3.898721375206985,9.20780120677828,-3.25065830983979,2.9802240222379455,0.4587906394990043,0.8724153107101493,-52.5700099903256,-2.066848299680042,-2.4147018329020975
intensification,1174969.365568729,124812.51369269232,4573754.650872807,224195.42864006897,-4.770230209818733,0.24829980970959892,-0.7573157426343746,1.8939344069176844,0.009650124371532964,0.5686148786325239,56.12598400190207,1.8079300294102467,-189.01624351246363,-139.11105743824038,-2.0160224498405226,0.3485873069812063,12.8055603603941,0.5242651080661805,21.58509958357768,-0.4716517364133674,8.273979835913433,-29.013338465871282,1.601284826641742,-4.930831915375674
mature,1652705.416220433,197901.52734719246,5483643.187537539,222793.93340902944,-1.1251654643441789,-0.7669536908515947,0.3116304973507707,-3.6364761122466973,0.11371675406248394,-0.33966587664156556,21.074684492203787,6.825686997701938,-312.3575077103279,-293.4830877110425,-2.3378319817972972,-0.9002805686623552,17.145764296139216,2.7972773120574157,35.16284030232311,0.9885135758146437,15.139928386880957,14.901690777112734,0.26742076730387876,-1.8890668122898266
decay,2760873.5008235974,281318.9099918846,6273951.5721612265,207493.8595498869,0.8942606876427904,-1.8740129513399117,-0.375359870535695,-4.395489387603371,-12.684309684747195,-1.4377802793117955,5.258887900457612,1.6565300089991724,-341.3666461440911,-356.190188664541,-3.588470220930671,1.2510197213577994,28.996475676291663,1.0896276759658126,9.362054694415242,-1.354677264498714,40.701033097341735,3.5842659768505376,0.005931519014148723,1.0089222435697895
