,Az,Ae,Kz,Ke,Cz,Ca,Ck,Ce,BAz,BAe,BKz,BKe,BΦZ,BΦE,Gz,Ge,∂Az/∂t (finite diff.),∂Ae/∂t (finite diff.),∂Kz/∂t (finite diff.),∂Ke/∂t (finite diff.),RGz,RKz,RGe,RKe
incipient,328266.5612717355,278333.2479103819,4700089.645776678,158059.31186076495,-3.159058013405599,0.1702394466640293,0.6418107456811266,4.371297361495323,-3.8335483544539786,4.964603114393787,-13.927450817417151,-0.005251113358166859,432.5483213202019,463.66890950591596,-1.9937826510623262,-2.7587118049585815,-3.7518315307511862,-2.430740189526465,-31.149028013549916,2.4729639419519116,-2.907101743038777,-14.70432992840829,-3.1942853890889578,-1.251271560504118
intensification,256848.46515582423,141611.97654686472,3301531.701951682,161468.83413119713,-2.949417071293944,0.4016330970091154,-0.35090607126126006,1.6427959071259437,-1.1309665731123353,-2.1901512592648915,-17.148220054926394,0.44386867288160337,338.2746426070736,378.6225075626148,-2.4437725639479018,0.08136952117566419,-1.0584923946688973,-3.583475553698907,-34.45487588362702,-1.968282259025073,-2.4753097958413903,-14.006332686145418,-0.152161484317187,-4.405852910293881
mature,225961.09854186283,36543.7686539187,1860814.504742428,59621.686104556524,-1.7100679047671967,0.021272139372329937,0.4429106916784038,0.6169890520648891,-0.6535595611384949,0.4880405361143432,-1.1521518848306087,-0.013633636593566681,182.42211224113308,199.71122877811626,-1.53097405391095,0.08364397232485475,0.2275146417113398,-0.5389042609791751,-26.315589983567335,-0.8647029419115619,-0.8077215625450322,-23.89628088564793,-0.4312278844009591,-1.0251476657044807
decay,317716.8355953429,32125.011273567856,1074739.2729231613,65487.50027993291,1.1223208301008905,0.09842962319749787,0.2148517309349494,0.17407045306527263,1.484975312060916,0.3145322997792149,-2.358799420246424,-0.7944695504189013,113.38295359316747,92.49621236584098,0.7793868792495976,0.25204135588011367,0.6884445416283335,0.051864425961693744,-9.783242454632838,-0.04230599090659258,0.42421968286580597,-8.761615595422253,-0.18702704394974642,0.7929448373819855
