,Az,Ae,Kz,Ke,Cz,Ca,Ck,Ce,BAz,BAe,BKz,BKe,BΦZ,BΦE,Gz,Ge,∂Az/∂t (finite diff.),∂Ae/∂t (finite diff.),∂Kz/∂t (finite diff.),∂Ke/∂t (finite diff.),RGz,RKz,RGe,RKe
intensification,559197.2507216204,131097.6139552998,1675909.7981412536,91067.0120941114,3.495461776533232,0.05867147532570743,-1.0733841821316263,0.6385059908077295,4.181554150869758,-0.8301944111478197,-6.360090200925488,0.22174445056882267,-100.3645052448952,-95.97018064032162,-0.6092075631173868,-0.4306636429160187,-1.9749976201306134,-1.2229537200566685,-17.75991404306065,-0.4511082857009682,-2.6024185191414313,-13.821901436536766,0.18707520657317342,-2.3847429092091468
mature,484788.6908601316,96172.12986787048,936973.1790878241,73849.60588701292,2.6362717248341876,-0.07506750612993293,-1.2767218227266,-0.5990650368692592,1.0143649350033377,0.21044488372027634,-4.734305345003209,-0.1637309320215084,-45.64137934055543,-63.16046108848557,-0.6594821505498946,-0.5944806559835126,-2.7009765257761202,0.021056774464170796,-9.340348909905556,0.9614823379813752,-1.1541372420752036,-5.965593467009936,-0.7133856399954318,0.44755648414554255
decay,199584.53080722952,137328.88873835246,664090.4915152097,290999.9721650147,1.2500512680402802,0.2749438881201448,-7.0486946058036395,0.05079584241955025,0.5403294031293743,-0.6632401857974018,4.956518333784393,-4.828489383886885,7.6658535163787445,-1.3785346084998689,-0.2762211794323842,0.5201532111379792,-1.0684667868233744,-0.01895110440807395,-0.6190809192750479,1.059479580501863,-0.08380103379232359,0.22304408470391895,0.4201410356887334,-1.2115214838344417
