,Az,Ae,Kz,Ke,Cz,Ca,Ck,Ce,BAz,BAe,BKz,BKe,BΦZ,BΦE,Gz,Ge,∂Az/∂t (finite diff.),∂Ae/∂t (finite diff.),∂Kz/∂t (finite diff.),∂Ke/∂t (finite diff.),RGz,RKz,RGe,RKe
decay,256585.22810725996,213368.6656708611,2241393.5084175034,625372.6780710883,2.1845491928003984,2.6048179025699016,-15.147546728010335,1.8455054066988659,8.082009368707082,-8.803790749225675,-2.998593634437962,-19.954137925691153,1.1670584020375958,-44.083156001241996,-0.2799078487490343,-0.6503742979140703,2.356662419362811,-2.277681867869387,0.8620822211981816,-1.169601312757963,-0.9359798539739687,16.823673390846086,5.766796385485251,1.7914844782239865
intensification,310405.2944574479,171253.6932906404,2212516.284153423,748559.3216364749,1.1250119114395856,1.4167575987827763,-25.75980319836573,0.7579168687832033,1.7281465943210168,-3.5214441575978555,18.063039924060146,-5.664468128855594,-47.32996618896897,-89.07424144063421,-0.2064377383433068,0.3592415330487455,10.784455200698078,3.416707528282154,-1.1975217312577404,10.50234790570834,11.598078116599424,5.374229631608266,6.279310955880437,-10.350904032585
decay 2,515426.09935925266,242102.1253726663,2404816.272536932,841488.5342966877,5.001159285294189,1.6186166727080487,-33.03842940728106,1.9653970244553278,3.924826740628637,-3.9402968693891864,24.125506225268396,-20.093836790354263,-45.624824527639106,-102.58777881424159,1.8512100160423135,0.9388109658661028,0.7278840314962496,0.5643778084452108,6.056050372872588,1.2376858020309898,3.42283324886985,9.967814269591065,4.851455029581677,-13.672303839351136
residual,482611.1057489229,261777.29819951672,2600629.869078011,872364.699505345,2.6297937396847835,1.8132963387558465,-36.062202231213405,3.3782817255638804,5.274050104051372,-3.4515370780052725,27.693774819905197,-26.056387261543996,-35.22720818814407,-96.25777079392232,0.6516137434166182,7.043052195877412,3.2162193424555072,3.107553069228832,-0.5120777676031597,2.303857215568725,2.385259316844764,5.226555904020266,8.124075534042138,-11.080239479664566
