,Az,Ae,Kz,Ke,Cz,Ca,Ck,Ce,BAz,BAe,BKz,BKe,BΦZ,BΦE,Gz,Ge,∂Az/∂t (finite diff.),∂Ae/∂t (finite diff.),∂Kz/∂t (finite diff.),∂Ke/∂t (finite diff.),RGz,RKz,RGe,RKe
intensification,412424.84158816887,441904.9405628787,3604342.600129311,747772.398288204,-6.299921068037426,2.8690191803977187,-2.972585325993168,17.3723618236959,-0.8824085711758494,1.0622919653320972,-42.8919612544669,16.67711838238812,195.40965579268783,156.91536062510826,-0.04091366132470726,9.345674092775564,-8.721928532909336,0.4765616735027294,-28.44547299277199,7.48072615326077,-11.270421849373193,23.718994655725513,13.917612351468815,-29.54133937881641
decay,134693.79427216158,232989.72605090076,1998809.9630865348,1167173.6886974873,-2.9951313835564974,0.3153471139187459,18.642045723747792,11.138449911227656,-1.8097760396639146,-3.3509659848444984,-29.74203471335146,32.32006774276138,77.14101191600835,104.5148365805945,-0.2887454646434448,9.642078494910495,-1.073015508894266,-3.9570805666138944,-9.046165362780833,3.427208492965901,-1.9430237388681033,5.048955010379333,10.216988215539516,-21.38926343727535
