,Az,Ae,Kz,Ke,Cz,Ca,Ck,Ce,BAz,BAe,BKz,BKe,BΦZ,BΦE,Gz,Ge,∂Az/∂t (finite diff.),∂Ae/∂t (finite diff.),∂Kz/∂t (finite diff.),∂Ke/∂t (finite diff.),RGz,RKz,RGe,RKe
incipient,1071111.332553866,156123.3039545381,3454778.103839506,140166.71051076526,-1.3143801521949163,0.711606290857719,-0.09458248864047443,2.8897537662453536,5.474426967797288,1.1577723994675522,-7.849937378377713,-1.5136738022764444,195.73221785129948,165.91546871676513,-1.748105192222647,-0.39226332945753306,-1.777294302758308,-1.6956138487037027,0.7634259296800797,-0.9893862087121557,-7.8544951318927945,10.022325948893181,-0.6752387727836197,-2.4600486613215398
intensification,761262.5784334384,124096.24586026788,3107934.8572631204,374206.18954236544,0.5092406786954774,1.7636589644835023,-4.047918237834969,3.9744562235652205,7.4956973468065655,-4.894626135795523,-2.0828770612501835,6.320966397619888,14.755924106462603,-12.51556130651021,-0.055598450788186364,1.120253596283868,-2.94943260524798,0.5086929432233589,-4.355697778828328,1.860424608914524,-8.172230308875568,1.2658568415613447,7.614116338100602,-12.482916250105555
mature,103957.2038646333,172377.01950075626,1828187.8146549314,561508.7563435301,-2.1204930092546967,1.6752749019639464,-8.609725127811869,5.500590681578321,1.6065513304444041,-8.466321938762178,-17.722996934948696,-4.306954131051492,190.59044527939616,184.50962984745897,-0.4300834196690051,2.143974828540961,-1.2878049717772724,-2.7339751685705163,-13.916183783612366,-5.451366505929362,-3.339574409512427,14.537031288402899,9.557662549806032,-15.254728184268062
decay,103642.97173138971,55821.19709865371,1470185.1174808836,172585.84227369423,0.7016674685911254,-0.0980097268301892,4.139186357982019,0.27332161380053915,0.26286202066110737,1.3373209065158917,8.105916033153967,1.9384140295080772,-79.43636071395477,-77.68678202774241,0.07539278740300978,-0.10407464514843512,0.2010552818737066,-0.0598085187363498,2.6441950443746443,-0.8111318778208849,0.5418510029735354,-10.30257481535247,-1.0257980846215131,1.116318836852519
