,Az,Ae,Kz,Ke,Cz,Ca,Ck,Ce,BAz,BAe,BKz,BKe,BΦZ,BΦE,Gz,Ge,∂Az/∂t (finite diff.),∂Ae/∂t (finite diff.),∂Kz/∂t (finite diff.),∂Ke/∂t (finite diff.),RGz,RKz,RGe,RKe
intensification,511068.36554100295,334944.52471682715,2923761.070640998,1109458.365110181,-8.743023783132996,4.86519939336909,-34.9487991477446,13.66367641527264,3.9213346920555097,-7.379098791587477,-33.18343411059465,3.0160862225606904,171.2070420922431,114.62533228765247,-2.7789913346795467,2.24527145444845,2.4173451125072725,-3.281097467099543,9.040746057861222,-0.9900083552486045,-5.381813969312143,85.91600309933348,12.896478346391488,-52.61857014082655
mature,1009653.641712379,100534.83240177787,3873582.6969241546,508237.55417839414,-3.2788812944293646,2.152312906716685,-15.656667391319534,4.809281595040877,8.296974455073597,-3.633381485546537,-62.90742691556169,4.100201189084666,130.6899605011162,102.88508474341843,-4.89459815865841,1.3914739292740042,6.8001507930043585,-1.1149503803325564,14.828567421487495,-6.177478668841335,-2.623392049781919,96.67154302279809,5.1753997935381735,-30.743628844286416
decay,795276.7236952275,178515.59787624713,4748974.022718518,393823.1686187235,-2.357808760029214,2.4643844443305807,-4.386826348043242,5.373257538540959,4.985303031230428,1.8669089291310947,10.521496571360178,1.8508637872612164,65.63239284107209,11.569949548828518,-2.077265182882996,-0.13352609760254683,-2.7283271187268228,-0.03359441081267345,-7.837378737305566,0.15732505869940994,-7.607054465655884,-11.614240200593292,1.0083697542666095,-11.453622615146005
