,Az,Ae,Kz,Ke,Cz,Ca,Ck,Ce,BAz,BAe,BKz,BKe,BΦZ,BΦE,Gz,Ge,∂Az/∂t (finite diff.),∂Ae/∂t (finite diff.),∂Kz/∂t (finite diff.),∂Ke/∂t (finite diff.),RGz,RKz,RGe,RKe
decay,774086.3221856486,182065.1478687156,4558421.543277305,275052.3182881595,8.601849218777883,0.8706896636375587,-1.323017557380585,5.772572804706199,28.82513292723218,1.2792065844048996,10.188795417218268,-5.158920527761296,78.24381371772793,-10.014448178368525,-0.24171546190384385,-0.7638150605643159,0.5022765532185602,0.37818995714310777,1.0726524760492395,-0.3170632371809726,-18.850317491598176,-16.39497460256633,4.000866513806849,-2.2537330715064616
intensification,781126.6285925478,210422.2872716233,4717126.530106044,245502.54186600648,12.946307820837283,1.6177479609087155,-1.1207716560870447,5.152904368952341,37.75374108781245,-2.1228002102342245,11.57356887320912,0.10142021060034168,109.70652968517344,40.0296777189404,3.7228357918365234,2.0433836998414336,1.3288883136618177,0.7363381093371136,8.450099818156732,-0.2970019574003127,-21.86079699240464,-14.949005219802634,6.394294727614963,-6.67209819304004
decay 2,803274.3857550969,224369.80739998128,4830437.312525905,291424.6632903838,13.618965233005815,2.2632387249037937,-1.8906205356972237,6.948667073082599,39.33662852867899,-4.933489609562912,10.323702955347372,10.042862574028012,120.17188558460627,18.812292563737163,7.093494695099184,4.758611966005721,-1.2269120794067638,0.31972408866955065,1.1467675808768714,2.022337997660972,-24.68133665017615,-20.905280071779092,9.938642046411267,-16.85981218514686
