,Az,Ae,Kz,Ke,Cz,Ca,Ck,Ce,BAz,BAe,BKz,BKe,BΦZ,BΦE,Gz,Ge,∂Az/∂t (finite diff.),∂Ae/∂t (finite diff.),∂Kz/∂t (finite diff.),∂Ke/∂t (finite diff.),RGz,RKz,RGe,RKe
incipient,340445.9828809639,98636.73341327369,1413801.9352665537,239668.75897777826,-1.3072187707902898,-0.25973776059589515,0.9880151962625456,2.9880704319913693,2.721332612335605,0.7860276668862736,-0.1440309892586088,-1.6934499856036709,-53.96687008523579,-60.41653649144886,-0.8378602106232962,-0.5235023112884599,5.486719087590902,-2.2591212441542017,4.757704343470529,-6.760074844804778,1.1984299438691122,5.220938907256882,0.20265928154678967,-7.066680094929931
intensification,1081747.8113193186,87037.55251471243,2092155.7562426012,413269.196401233,-1.0847284607916148,0.603595268491435,-10.71817008295865,0.494324026626548,0.28729467867124037,1.376185449280417,-9.925901671122045,2.4782125365905436,-21.686968978666442,-70.2732169712451,-3.8770855601122993,-0.8233134373734923,7.753197061013581,0.4144037886370367,11.37875797773347,2.9555360797915067,6.984769190042162,33.10755819260578,-1.0710529025082673,-10.735170566384236
mature,1267172.0772522069,144592.01162874472,3184986.049880846,389063.3460840625,-4.484933201299784,3.986537251414894,-10.284798131600086,2.836641258040603,6.470165431346964,-3.0401514718355838,-54.94460853600841,-2.6896890409416754,135.53952383445463,91.41061806656484,-3.6245930713968435,-1.8075462100643673,-7.963744353239594,1.6485734584684408,10.400739265338272,-5.040283994869759,-14.932305734471447,80.11507913424656,3.538828936929733,-15.47203434356877
decay,774206.872584119,247714.28837641806,4266542.787356904,377760.247157695,1.6089162832112687,3.1494924649457765,-10.490932334739233,3.010706694084498,6.566219906803656,-0.025021532837938548,-42.58577502406368,-9.755722754482925,273.7995083166546,196.62297100621774,-0.42814669922480075,0.006466767694185342,-4.988906582255801,0.711967419358888,22.534477392329904,0.90562177761672,-6.796717740902412,74.00226846792154,0.5982031813355485,-2.8402944967240846
