,Az,Ae,Kz,Ke,Cz,Ca,Ck,Ce,BAz,BAe,BKz,BKe,BΦZ,BΦE,Gz,Ge,∂Az/∂t (finite diff.),∂Ae/∂t (finite diff.),∂Kz/∂t (finite diff.),∂Ke/∂t (finite diff.),RGz,RKz,RGe,RKe
incipient,431724.1665044926,79725.86837517498,1786213.468606701,200478.51870930858,11.157837912036698,0.3596797627909098,-1.5564305231642959,1.4585990875759594,3.7438622194100226,0.8478572367278417,-34.15343898903132,-0.6420402576109493,-6.563241210061015,-0.09850146445238761,7.16721683224804,0.09030277200928576,-1.512632161939625,0.3947162572964513,-12.164328766680521,-1.3552969033099604,6.261023293477959,12.3877028334784,0.6457783453536587,-3.7282862564392665
intensification,263599.37894948723,103738.3420718832,1636247.345655306,478636.74891327054,-1.824399884696676,0.4139960594898277,-0.8360371463195992,4.397268642897449,-0.6385427434084391,2.205142290692119,-11.86782497880522,5.500890484836991,38.89840487926502,49.553422011306104,-0.8319600441261036,2.7184062884360816,-0.4584565077361275,0.7281430221034128,6.981549227217178,1.315537242879405,-1.2303175895345364,21.509811237038672,2.5062733148189134,-9.418659031174634
mature,139425.82758934397,224490.31849535299,3541791.435275892,755379.3045275429,-2.0090827701613128,1.0495455149269233,0.37585265967799386,5.752455738777406,0.8572485553581476,1.069484379558657,9.083880308929391,3.9697970517042593,143.23200407342634,133.6254431834243,-0.6822521210257848,3.4867953197147665,-1.8845453411441628,-2.8461637541153917,-20.075247272046994,2.3532437787870526,-3.7013311517367,-27.525897470493064,0.787262090176434,-6.993156352016619
decay,90951.20744720865,60537.35423365963,1578707.1026819043,612535.5005515042,0.7869782327725081,0.09627264575345128,-2.279859030052569,0.11823618235074076,1.5290176616797009,-1.9302332820561818,-2.5429968433600627,-3.004664314225282,12.333320125074412,28.768224192734436,-0.2987582940916719,0.6734763465996726,-0.18983714487359535,0.37549350642637214,-9.436297172397788,0.23409413174291124,-0.8356039280273367,-5.400419531757668,2.3276903250798435,0.8406632335648841
