,Az,Ae,Kz,Ke,Cz,Ca,Ck,Ce,BAz,BAe,BKz,BKe,BΦZ,BΦE,Gz,Ge,∂Az/∂t (finite diff.),∂Ae/∂t (finite diff.),∂Kz/∂t (finite diff.),∂Ke/∂t (finite diff.),RGz,RKz,RGe,RKe
incipient,456755.39093459013,158272.3042644494,2172369.5527843945,352795.31187576306,0.7023054917942816,-2.092469740427001,-1.5945836722677431,-4.824482956175052,-8.448606744740893,6.741296715227744,20.740190196149847,2.172051521220722,-66.62133345181705,-77.12465378530467,0.3991575460561927,-5.023035157429445,-2.987531512328445,-0.4053283861509199,15.177098459626361,3.5193830474049133,4.070910983779728,-4.670813556050023,-9.878638317126715,4.5772308100915
intensification,331175.582516422,107279.42273217127,2274749.399459461,470188.00023354543,0.694019282026269,-1.6291757592679519,-0.8439119278475259,-3.1884126028432926,-5.652913710948714,5.3069881548443,15.76910543008733,3.5496313692679897,-57.25360445527113,-42.54504351990886,0.7042151589304101,-1.777553894800602,-2.508219766104966,-1.3108232694411814,0.3411227018635638,1.288850245197697,2.2095374676020643,-15.278090082402512,-8.17704826786082,0.08371955092547474
mature,296150.39020802296,56140.87234046604,2613442.005311388,432253.65664148604,-0.17261989935097932,-0.7557623405748042,-0.6283284432595707,-0.1647845719691844,-4.012229075848674,1.731880426699303,-28.136902720730102,5.038707835597065,42.68476303208342,59.394354622024856,1.335898546438363,0.14502227867425202,3.4182986751588182,-0.8511415395551061,22.088554318144094,-4.284633355202279,6.50214551108171,51.02640538148475,-1.9920441976487897,-9.786885062089729
decay,666102.2032505503,35290.135340083616,4965132.185103701,179376.27218703847,-1.3691571147740118,-0.005589802470732541,-1.2812835596298568,1.5296356300778913,-10.80888564114962,0.7388887783346049,-59.39410424491124,-1.275889784019856,186.6551747415565,217.03665274658562,-0.7358105564405486,1.4455196697980444,4.540641795229817,0.34078415897627196,41.56185311186336,-2.1960691553494636,13.974780519134693,103.60639803117847,1.137120813190291,-3.731098561037356
