,Az,Ae,Kz,Ke,Cz,Ca,Ck,Ce,BAz,BAe,BKz,BKe,BΦZ,BΦE,Gz,Ge,∂Az/∂t (finite diff.),∂Ae/∂t (finite diff.),∂Kz/∂t (finite diff.),∂Ke/∂t (finite diff.),RGz,RKz,RGe,RKe
incipient,226262.734029868,372948.4939362863,2521351.4900931367,449025.8006826345,-4.17952385991919,1.4826136991447652,3.194256256439829,16.112931993976016,0.18877494726253355,15.596776502370602,33.94430408216142,-1.2297647695987644,98.25365212740466,122.48758861900701,-2.9554388454352107,0.49123636334688864,-2.3666706186710584,-4.05162621485143,-0.6884114912220847,4.032200454330856,-5.252355726708018,-33.64744796990415,-5.018084422390779,-7.656710513606569
intensification,254436.14513854877,170452.59786859437,1969788.2856838424,381448.7727882356,2.3889065471472213,-0.24889844840259717,10.933838913496638,4.0106613334716865,4.258783785462445,2.64985350367641,20.08522134968602,4.735138641061487,60.556307358407615,55.85213081237123,0.8243156601253385,1.7148168820448866,1.5322766060720538,-2.6147800958124137,-11.442690975038115,-1.9671519246339806,-0.5864990806457666,-44.850657785368,-1.005073817614539,0.22088701432948352
mature,226632.9020375301,70479.6862395109,1203531.5849023077,401081.42978199944,3.2567361404650157,0.7561728069854574,-10.968031896348437,1.655168290025643,0.866895962997819,-0.7747306739776234,-12.066287879439459,-2.704779003326603,105.08134947016421,49.820127477917005,0.19183959447892351,0.4402912462214274,-5.784781460958141,0.8706536860715622,-3.650996463812486,4.6877124552375,-2.638768476505486,16.126587171510394,2.544379843089371,-5.2307087278099775
decay,198144.50381538362,49325.38275290846,1720889.3710767995,244443.4409084734,1.0713180177244765,0.00539328083243788,-4.412648054917674,0.12932935180395697,-0.8975678505176994,0.8178142555700695,-19.213469081306382,-4.3875358633535475,187.72599654927384,107.09927688829598,0.4198913611868706,0.22386550032468713,0.2161662908954636,0.007767366652982158,4.232941285865633,-2.3200999497992405,2.1904454399700772,26.78774040436522,-0.6861108179455684,-2.474541493167325
