,Az,Ae,Kz,Ke,Cz,Ca,Ck,Ce,BAz,BAe,BKz,BKe,BΦZ,BΦE,Gz,Ge,∂Az/∂t (finite diff.),∂Ae/∂t (finite diff.),∂Kz/∂t (finite diff.),∂Ke/∂t (finite diff.),RGz,RKz,RGe,RKe
incipient,950496.4134579584,307533.4090936483,2687289.7793006245,295305.9416587512,-5.013549978253868,0.9485591974177916,3.0560685653322865,2.164514978939597,16.56325418420559,6.439175231580765,8.322850493915524,19.29815300197985,-69.8580658156987,-100.30683500082856,-10.097508764000636,-9.750220301603594,-4.542288899317684,-2.0479081499061214,9.47416958928147,0.7993084421835751,-25.17053386435935,3.1088005082875263,-7.27112759996508,-17.607290973403586
intensification,703978.5891132843,306123.4634523638,3259218.693587508,422079.7234699373,-0.8948490334510507,2.8952908867209124,-2.4476526349477346,8.296125574142671,15.304686992817372,8.534871930761275,18.955563908094895,10.91332779334376,52.24940407328081,24.973977064321257,-4.440128655748407,-0.01632707847265937,-9.005649377306069,1.4298712527443316,10.80297099512822,4.231818126799921,-22.30989451685358,-4.8100912445678885,-1.7041659905951854,-17.425287875634243
mature,220277.94457382223,407017.23991152376,3199582.438409539,615424.343314236,1.019299418843111,2.528460903720907,-5.7055832406137,9.658373376592648,7.019581471700308,5.529294106541197,20.412183576968182,8.319861485320729,210.2115189038964,207.5973702595278,-0.4887267083356933,2.774653746192063,-9.031225118474193,-0.07951493530269571,-22.06944121297631,2.462313972552101,-12.503046267610484,-37.7953409681739,1.5211034310278497,-21.22150412997498
decay,158191.31326457087,264605.1207160237,2454181.454922006,560475.301605313,4.572697636092167,0.13925166102182218,-6.028748091745122,5.998553354803734,7.15818541111249,-1.5236733388018835,10.993039228232014,0.6823466540790726,178.7954705973341,169.32635380475483,1.9598803744842501,5.342453644547616,1.6899803934807687,-5.008282693835451,-20.920925482840484,-4.299233549581052,-0.7562557205177332,-30.457914255419546,2.374692338748344,-17.00888165020898
