,Az,Ae,Kz,Ke,Cz,Ca,Ck,Ce,BAz,BAe,BKz,BKe,BΦZ,BΦE,Gz,Ge,∂Az/∂t (finite diff.),∂Ae/∂t (finite diff.),∂Kz/∂t (finite diff.),∂Ke/∂t (finite diff.),RGz,RKz,RGe,RKe
incipient,1061564.140329622,165422.74505339342,2908591.884078246,338173.4915659868,18.43155630476297,-0.17396704173348554,-0.5354467679041118,7.1341373155798244,5.437757035702458,4.966712363361677,-62.262542817863014,-6.509067021103685,119.55882668746061,63.84317844571657,10.345154211266829,1.3007753843575856,-5.864036958021985,-4.770682046455016,-11.721768958613026,4.853347209570226,6.955795269305042,32.64466432239112,-2.429290052503383,3.6928301471899743
decay,932755.5716946349,96145.1508424006,2337298.343385746,429977.2620106295,12.486398006104974,0.17723523981546746,-9.942796442459,5.360038522662296,2.4009721316660237,0.9100286237031971,-70.8940434897628,-4.382899095668115,48.480798270824494,-21.62714463196098,4.812288178396327,4.564353604017515,-2.7727250283206164,0.06014528275623818,-12.34870669879491,0.05312196695568222,7.4899360859338024,56.0017352273219,4.3329199418998705,-10.866813902497501
intensification,718199.4083502268,139307.5699752824,2170854.823259927,480692.88229475496,13.748099366955957,-1.3159336492570015,-18.219074912754195,-5.200645327308308,-3.1012836572616838,2.0170889997962695,-28.41350712075014,-5.701866001353132,-36.427725445162324,-84.94186140220474,2.1862764733503024,0.0036163542267656132,-2.6067296938614377,1.1277404144108145,-0.05335995808942249,1.8370869960352898,12.9267196810992,32.83112270845895,-4.774060263436762,-5.479476588057463
