,Az,Ae,Kz,Ke,Cz,Ca,Ck,Ce,BAz,BAe,BKz,BKe,BΦZ,BΦE,Gz,Ge,∂Az/∂t (finite diff.),∂Ae/∂t (finite diff.),∂Kz/∂t (finite diff.),∂Ke/∂t (finite diff.),RGz,RKz,RGe,RKe
incipient,463963.664115943,69253.94343700119,1716275.6852930097,244993.516005473,2.0753321285912225,0.5988077802358158,0.07423775195179054,3.645044257267061,0.9200164773985883,0.42183530174170647,5.599177658668872,-0.03916617475255605,18.724822584759846,3.015276223638962,1.317883183241402,0.01283913953834633,-3.7352683535010045,-0.7389789333319562,1.5332277409548378,1.0768162394450553,-1.981144922072555,-6.215519798257048,1.8854222419575823,-2.4548240911176595
intensification,409353.05695199786,62259.85540531862,1773143.6623263392,273694.45485688926,-0.7536746696618022,0.43196181437797393,1.7898859579711177,2.56644016184785,-0.020018975404677675,0.9513501993255844,16.05201988335387,0.09019795881432818,3.609004868653828,-16.521349110330416,1.5426876548300252,1.0660172219380364,0.5502429004047695,0.08944747029114927,1.3671158991560866,-0.880761026206764,0.24854902052561875,-15.721115272507102,1.2725756184354409,-1.7475131888978248
mature,473638.627384056,62842.637339047506,1761335.9500438082,211843.11504449302,-6.322874697989372,-0.08889137688066134,0.23452509131860605,1.9779278232997333,-2.250834295477418,0.5795579371355098,23.7277848542695,-0.4890645484555065,0.746497975448041,-0.0215973925736066,-1.3704273116130261,1.2668807967686428,1.476488318885232,-0.3702975392513223,-3.2956774529151796,-0.8324329311483981,-2.684443460507384,-20.935112700513912,1.1169637237935621,-2.086771114674019
decay,495731.70593518426,57340.89125480795,2002329.7597889188,223729.22766394817,-5.82671312869309,-0.3597808365518959,0.17544458992852874,0.05941084185952833,-2.8395366734521583,0.9158155140850054,45.94919248910742,4.876128107568231,1.1242121407068337,18.110243355911507,-1.8074276470792774,1.2256963793919806,0.8302052580250078,0.28737522138904675,8.170424983758146,0.6518737492370299,-2.51675203376782,-32.12749896658471,-0.20924861428453434,-4.108220610262201
