,Az,Ae,Kz,Ke,Cz,Ca,Ck,Ce,BAz,BAe,BKz,BKe,BΦZ,BΦE,Gz,Ge,∂Az/∂t (finite diff.),∂Ae/∂t (finite diff.),∂Kz/∂t (finite diff.),∂Ke/∂t (finite diff.),RGz,RKz,RGe,RKe
decay,651514.086718432,55210.140193692605,2561020.2472782615,123182.86623987809,-1.5891660841159512,0.2628662545391346,-3.9054999721271244,0.42323410718834226,-0.31543974183749407,-0.4895617597000659,-5.108433638668057,-1.706686745839048,-24.00006527839709,-61.76744985881305,-1.417201865536572,-0.0909812225212386,9.731096157913969,0.6830100043071673,19.569741536622374,1.2916795668271286,8.720236070174646,30.172841231533507,1.3329396166564407,-1.33036776664929
