,Az,Ae,Kz,Ke,Cz,Ca,Ck,Ce,BAz,BAe,BKz,BKe,BΦZ,BΦE,Gz,Ge,∂Az/∂t (finite diff.),∂Ae/∂t (finite diff.),∂Kz/∂t (finite diff.),∂Ke/∂t (finite diff.),RGz,RKz,RGe,RKe
incipient,403271.5965761027,368055.79158528056,2497935.67364982,668556.6145938091,-1.8476222289297315,3.5386275397179525,-4.5701580440324,10.974011880596953,9.364505429270201,-0.24335167007859804,-18.672841468278378,15.138039721644953,105.32549856229078,47.89438249894781,-1.5997918710185333,4.1858278144964105,-5.166803520319181,6.778752540216732,-3.847557031824124,13.867875778536487,-12.840303638801162,21.243064709416384,14.45748855117433,-16.81433386773782
intensification,177505.52493717938,469658.03019069636,2101519.9081186843,1346171.5299026333,-2.2606736709280013,1.583190628183361,8.968321602777667,17.106438328029242,4.543584124015867,-2.5108885056779733,-27.813928498136733,43.03307224250659,100.3230918247944,76.86242438631719,-0.693411388071612,11.231940836457003,-1.4789704157578503,-2.768569585408007,-9.568390114673182,6.60112622023608,-6.700037582518357,11.537890451613885,15.265566620115848,-44.570062747522094
mature,127164.9188728283,193023.4230208518,1450439.330035324,1644463.5056379053,-0.4362586707939074,1.3623986016059861,-1.0600209927885411,7.169692617734572,-1.0811057711197445,-2.158143089336472,-18.49669797442998,8.935008142678887,89.90068689242158,70.4274450609001,1.3849820177787935,1.499364177943634,-2.885814138248424,-3.088441776021059,-3.963578698814075,8.504155616109232,-0.8785684363166014,16.029398939198355,4.876995329444001,-8.660566137092765
decay,164524.37847578098,100787.38634122141,2077111.0729352343,1385887.3801890858,1.1140236038934568,0.3337483889821532,0.5314975147559885,1.6474667905865998,6.423365006867277,-0.7533243008480619,-13.163156084302058,-20.492297540111732,133.22977543082646,56.79525367050458,-0.14479665983550263,0.5058281066683729,2.64031555708446,-0.8784698264007049,20.801741825652375,-12.866775888587865,-2.335277456907207,32.31937679130499,1.188572876051804,6.5095523756932545
