,Az,Ae,Kz,Ke,Cz,Ca,Ck,Ce,BAz,BAe,BKz,BKe,BΦZ,BΦE,Gz,Ge,∂Az/∂t (finite diff.),∂Ae/∂t (finite diff.),∂Kz/∂t (finite diff.),∂Ke/∂t (finite diff.),RGz,RKz,RGe,RKe
incipient,501491.6109153184,53602.91696237321,2463515.793107848,91421.30980791704,1.4437399763277765,0.283630118319278,0.22064794222839082,0.9134320293708468,9.731113392325414,0.21511837341228954,17.45345239247155,0.6000500932980771,-87.7623016454235,-102.89000870819673,-2.5174629109358624,-0.7597898863252909,4.625171583993531,-0.6176719213625196,18.206745196953964,-0.6919339523583624,-3.378571713684829,-0.9110951140737565,-0.20298838372324055,-1.984768132798895
intensification,873436.1024992872,89139.48826994626,3570509.0694539617,229262.69067031547,5.070663624814258,1.6005282616341963,-3.044067517928123,3.5140511328500583,13.829449365607186,-0.24924864034044003,17.470085273059503,5.0999298860083035,-11.746903640195772,-61.57640890381695,0.9123990924236716,0.7094256127434976,-0.9522249899689734,1.1009983263375316,-2.500545921478392,3.8865862078108373,-8.110482469127705,-21.99722730142404,3.2637698378938342,-7.771462328975648
mature,335312.5855477309,204956.6860048604,2297491.4685994475,795778.9307345478,1.7342151273397128,-0.2771820273636161,11.138029710464792,3.2733241592549773,-2.734988823300486,6.239117617120723,2.9121066361784353,31.228429588267876,-75.12607382689572,-94.80873456988952,-0.2906870638954115,1.3585349586658593,-2.256351293947995,-0.7686821931783445,-7.831472483409334,-0.6392601689208662,1.9356706293285868,-23.61582395739228,-3.4572936236804734,-24.002984205978926
decay,375837.3629693231,218247.6388444058,1454354.503887723,967400.6773526497,4.199446734679035,0.9554175863991048,-3.119270613916048,3.773163608782007,2.62812697906839,-0.15317003210065724,-7.910001930625125,15.52944924350118,-10.126177969246413,-26.799086230111865,1.1874075311527779,2.5225420274812307,-1.4945925230551893,0.44959455283416944,-7.273160360138889,2.6839037479169527,1.032144818954561,-0.4433345502767497,3.420510607317728,-19.737979718282283
