,Az,Ae,Kz,Ke,Cz,Ca,Ck,Ce,BAz,BAe,BKz,BKe,BΦZ,BΦE,Gz,Ge,∂Az/∂t (finite diff.),∂Ae/∂t (finite diff.),∂Kz/∂t (finite diff.),∂Ke/∂t (finite diff.),RGz,RKz,RGe,RKe
decay,55831.33663142873,29198.91379719441,427210.43054722744,112311.83262521634,1.6206757329423165,0.07037174067065692,0.010770409086640542,0.41613692895709836,1.0090479351803736,-0.21836502603584446,2.487099941439088,-0.8584364705933692,-13.507053084256015,-17.095888330231126,0.7319697468027597,0.04919555788444183,-0.8776929693096868,-0.04533590234415844,-2.0039846672144908,-0.12064735321099825,-0.1956934308770868,-6.122530750682536,0.5187943119781275,0.3324225975119132
intensification,56418.61285173331,39117.00503009859,489025.3725427402,107581.00542523008,0.4742163970993758,0.0270625760584592,0.3633588312225551,0.149964389819401,1.1152113415594185,0.18614462829527006,0.22490852105345915,-0.4637009303154267,-18.72140880891004,-19.29977363817507,0.44163354967711105,0.05532106604155856,1.9773999932435542,0.4588335805671335,3.2562326834855333,0.06514197025763675,1.3634676248419708,2.1937489341101433,0.3955907660328052,0.7422373419762175
decay 2,57154.79781775705,52169.279041383226,401363.1470527976,102673.18813658334,1.1097009439787369,0.07245347554348168,0.4124930508207062,1.4566886940441963,0.7595253789157336,0.4673946104104074,-0.5274620417963942,0.11968285155008564,-9.186804627062928,-9.967480181341381,0.692111600255296,1.1544893843736328,-0.7249705366767584,0.11930042304252197,-1.5402805761881542,0.1739849221241716,-0.3023414960702731,-2.535012529191203,1.0361410311328294,-0.9898935726494043
intensification 2,23198.864454372397,68950.23472212195,334448.5263038345,142294.42988428124,0.22490157990380547,0.0714428250996092,0.39223482526053255,2.8850477679092807,-0.28762014371828265,0.3127730457342773,-0.22376198670033043,0.5750749184032039,-0.5713296919160177,-1.1534682218340409,0.363384175860553,3.660002572607585,-0.26903968150359886,0.12630148987993137,-2.2956079000277643,1.116387224366968,0.3149248672180986,-2.6889823184917714,2.6271333869553257,-1.951500636684984
