,Az,Ae,Kz,Ke,Cz,Ca,Ck,Ce,BAz,BAe,BKz,BKe,BΦZ,BΦE,Gz,Ge,∂Az/∂t (finite diff.),∂Ae/∂t (finite diff.),∂Kz/∂t (finite diff.),∂Ke/∂t (finite diff.),RGz,RKz,RGe,RKe
intensification,979537.4116659736,167470.0190499769,3892771.0770723126,302358.174935116,-7.299564994116409,2.836764246881851,-9.179714074256314,12.090058519080497,13.926481931701648,-1.3383427065259945,-32.56515763988881,0.24696015594114087,81.01112818589226,67.70464496473598,-5.861548739309835,7.364138743316471,0.20048340954104224,3.1881375974759494,20.676882222794244,2.9167632894078457,-18.18879926939516,69.72131893105578,13.779774576200591,-18.599969459870106
decay,981585.0730245019,334531.9388837985,5399722.882211527,433039.68902962457,-1.6592054870775914,4.872862987522238,-6.6226112935675925,14.120313301476388,20.503549676205342,-0.7815764751471141,-49.93157544318468,4.53169891017606,244.3487557212291,210.86340548335517,-4.171763162852715,9.161759982236944,-3.4396379194426143,3.3812597479724578,41.95984302897916,1.9073596587225485,-20.72953009520331,100.17323525280902,13.410286537073723,-23.367263846497497
