,Az,Ae,Kz,Ke,Cz,Ca,Ck,Ce,BAz,BAe,BKz,BKe,BΦZ,BΦE,Gz,Ge,∂Az/∂t (finite diff.),∂Ae/∂t (finite diff.),∂Kz/∂t (finite diff.),∂Ke/∂t (finite diff.),RGz,RKz,RGe,RKe
incipient,1450783.164943599,102911.51068251916,2467884.8794410303,165508.07791660354,10.899287099414016,0.46690279474799895,-1.9618229647976235,0.1932889796972402,9.314963949369004,1.747047206359211,-56.48188684849961,0.3925618871483813,6.741787709839142,-21.498804554838838,0.18439856613933125,-1.0371286548247636,-7.294467909598598,1.1308015148481454,-7.328345106266386,4.74648617539945,-5.243241964805588,40.21607760761683,-0.8898595065618246,2.198812343756204
intensification,911237.179461042,423911.8666058061,2967602.7229990535,718879.4434072019,2.9368827577885446,6.015229304027959,-16.50422226681706,11.774918165120768,12.248590587798365,0.05617359844864004,-78.636190415676,6.285570328807387,145.93211592926343,86.11136707100731,1.788233865908371,4.733552011936511,-5.256282124352828,4.29612066766426,3.527686457711602,8.537913969697577,-8.552760650334692,95.73121638241612,9.99963593030843,-26.026796791047637
mature,330198.7637397213,746772.5762955068,2096531.7595384084,2095903.6357734269,-0.616193265589962,6.237734069219037,-28.602496346896697,18.89901746760822,10.444051688770061,-10.985974832803192,-48.378645949581504,1.6377150964108296,131.48153848822813,105.18197389755096,1.0945710762966345,9.216785499420913,-3.6153093587783087,-3.280315713886432,-22.575249998097377,13.904320666586186,-8.437820243919298,55.02208556397078,20.366942517305947,-35.23490824432957
decay,612838.1343462124,291272.5620244949,3706507.5936970734,972281.2274319711,-0.7802824962665719,4.516810793939543,-13.964439087981766,5.175230522642004,10.48084200992292,-12.415484433294848,-76.84434040315088,-20.902953544273707,239.25546911063623,150.2822051415958,0.32008893309300146,-0.9063069507707512,3.6583362456363457,-1.8375598447419286,15.422461031646053,-8.327931689039334,-3.0859774666136057,107.01152301904526,11.236344317255384,-6.564647755389395
