,Az,Ae,Kz,Ke,Cz,Ca,Ck,Ce,BAz,BAe,BKz,BKe,BΦZ,BΦE,Gz,Ge,∂Az/∂t (finite diff.),∂Ae/∂t (finite diff.),∂Kz/∂t (finite diff.),∂Ke/∂t (finite diff.),RGz,RKz,RGe,RKe
incipient,278173.7846626566,577878.3751849768,1837407.3506070192,326946.8254188782,-3.842260288247783,0.1072481941490422,0.3864661089330395,-0.4553865016011895,-0.4378675949728988,9.8701965872463,1.5336826624153428,13.014448951635458,71.9278112391224,101.36414810855744,-3.1948433015611526,-20.11400976292325,-0.8195610282105756,-8.188801735160093,-3.9604797232494025,0.781255208434606,-4.116705527336418,-2.0383682063500017,-18.621633018156626,-11.391341132666623
intensification,221641.75576634583,202469.74825513957,1840430.273275509,423364.1477339201,-2.1974559929796746,0.5962797448493793,0.3850145898029088,5.145491659448382,-0.5107230248242384,2.419776121496059,-18.676391912832354,4.550016173556352,105.87262273466993,137.03725951001837,-1.1530240785789496,-0.16343026288037618,-0.4539989662545995,-4.427430938727094,1.0349790466449824,0.2883146163941359,-1.5444521895606567,21.5238123626541,-2.2979951456241503,-9.02217862680769
mature,299224.55113960046,39966.75322206897,2099835.4914707043,240884.1430591146,-1.2996189093730863,-0.006536893570126523,-1.6566066050979953,-0.13843281501481625,0.2619697254251478,0.008336217154432123,-17.725292212931453,0.23614408740368198,62.414098554162514,62.95737915671401,-0.5297021046565242,-0.07335045367698434,2.6593639956388957,-0.37084751191017895,5.9352424053034385,-3.679160812919681,1.0912384672705353,26.616760132705974,-0.5110796505093008,-5.433478690406542
decay,617859.1633187451,35829.3362398889,2802349.6229348565,128874.50714988209,2.817808200089691,0.021514844989297066,-2.567427382686261,-0.2703765303744539,2.416078831407652,0.20761494854123844,-22.708362686841294,-0.5003135465891829,25.389085144804955,-16.725665962977434,-0.7610229928837577,0.01013625404558299,1.659903414076415,-0.03743791613076615,5.846224989755433,-0.3939067804877692,2.08314762774775,28.304206859193286,-0.5369442400357556,-2.1906440862103933
