,Az,Ae,Kz,Ke,Cz,Ca,Ck,Ce,BAz,BAe,BKz,BKe,BΦZ,BΦE,Gz,Ge,∂Az/∂t (finite diff.),∂Ae/∂t (finite diff.),∂Kz/∂t (finite diff.),∂Ke/∂t (finite diff.),RGz,RKz,RGe,RKe
intensification,1844610.217800786,138359.20428954336,4379219.222772496,237961.9605897546,8.804950229130462,-0.3400399914629879,-4.396673677363221,0.006552498021309441,16.134317645166092,3.8402021242271,-3.1264197510882736,-1.6365099489571875,-125.89199005590844,-271.6715455936616,-3.869986004817086,0.3599242559517184,-6.488011404248662,0.7219095146736618,-2.981937340406448,1.673421469562463,-14.15741881174728,-4.263794141085414,-2.7717001200691413,-1.09329475686488
