,Az,Ae,Kz,Ke,Cz,Ca,Ck,Ce,BAz,BAe,BKz,BKe,BΦZ,BΦE,Gz,Ge,∂Az/∂t (finite diff.),∂Ae/∂t (finite diff.),∂Kz/∂t (finite diff.),∂Ke/∂t (finite diff.),RGz,RKz,RGe,RKe
intensification,479966.21054461075,74690.5554788414,1459157.5079999,323944.6291443408,7.459605412790346,0.8585113151659842,-5.81092846792056,5.6427242296966345,-0.0711814103498286,0.7204983042989097,-29.39348825288537,-1.074695526694118,33.249916085558496,-1.790271645126488,3.372222550066277,3.0425716775747427,-5.1675535218151865,-0.11479912619281087,-5.482037499746254,0.6768950262598017,3.221744616490974,22.262773808269333,3.94891548403893,-9.702062144663273
mature,326349.9679208509,60276.93181162836,1214956.3704909657,309963.6920214645,3.4033901758368663,0.15148144190856835,-9.042857778260641,1.5922082726524385,1.6139314262362736,0.2862751389594948,-14.636486065232608,-4.508197959654759,22.567986354993717,-7.696336693853564,-0.7774594395490085,0.7755314219034407,-1.756334066480352,-0.28884630862657174,-5.056124342907117,-1.2174667964532524,0.18460612502880838,15.21982932474927,0.8656053831578037,-7.344334887711575
decay,168373.65815270168,60064.544510670494,812583.0419294212,171659.33018044147,2.166615742816209,-0.1050377820896344,-2.355091130236461,-0.7088966921665871,-0.0731067150808018,0.07212247685588309,-6.613966471514613,-1.0949732071422895,30.13238770026603,29.563469865858846,0.24991765919293865,-0.502989887706651,-1.1653284938589383,-0.015605982613466933,-2.2981660573785887,-1.3087126880861353,0.969356181948438,4.5042758015562745,-0.6915873695463027,-1.8599339190137185
residual,445141.8457891685,179931.4174952052,2615998.741947489,258548.15612131258,1.388755077633449,0.5475535485575882,-0.6073209491398787,6.902548362159765,7.244260860167726,6.07044800717568,-44.264060594428564,-2.036564758386911,175.3636898663692,169.95163280788907,1.637826132292421,5.13686919144406,4.615637700192169,2.0305803651929653,27.75249228611935,2.781657016871441,-0.6923145337845209,71.23511875205435,2.3151271716194612,-2.691647536041292
