,Az,Ae,Kz,Ke,Cz,Ca,Ck,Ce,BAz,BAe,BKz,BKe,BΦZ,BΦE,Gz,Ge,∂Az/∂t (finite diff.),∂Ae/∂t (finite diff.),∂Kz/∂t (finite diff.),∂Ke/∂t (finite diff.),RGz,RKz,RGe,RKe
incipient,599623.9044895704,250837.7656239595,4076208.2843763954,396901.1659788114,-0.28081663785789157,-0.8850045094254075,-0.5857780753551443,4.400849244538886,-1.153659073699098,13.007072501296292,10.608008797241903,-16.264593593281358,142.0106049419321,107.97342338718227,-0.7318369484773605,-2.834880628776643,6.493789566133991,-0.18152804722565463,9.16951626598429,-3.3524893312475625,6.481627492549791,-0.5718978180445772,-7.902746794557653,7.925476942139768
intensification,756077.5325971356,225424.22270255687,4323364.4409882985,331176.6928413008,2.823705024823275,0.5496071629610897,-1.7976259908991117,6.944826811099095,8.34835443574795,5.178105551447193,-32.752779814155545,-13.632847641273264,138.52248863205165,97.3095052946146,-0.3312995766249568,1.7689046637329586,8.488245867715628,-3.4030137690565203,2.0921413995037117,-2.88308861135846,3.5132036197520424,33.81884217973509,-2.185899672365709,2.0073062279165974
decay,1275925.969663692,87731.68404956073,5264761.539355815,166287.41378735055,9.459468350132473,0.16717220489782478,-1.3041790276220318,2.042933949126417,14.441635201042628,0.15064146387751517,-69.58870767126486,-5.06120512837356,71.16198377004903,-22.87451180994327,0.612747559920705,1.002013340685533,8.382814994592577,-2.2636004499533664,29.342933792924452,-2.92477776662767,3.5678203485802453,90.77635214167887,-0.5384801696022895,-1.21068561500256
intensification 2,1385226.9164321665,42032.565367896656,6504312.696129817,104133.12058273915,4.961529647402762,0.6221149133167737,-1.7689662485536624,-0.1673366591579263,8.668205214272131,-3.1662403585021464,2.253558511878926,3.203540115649146,-80.59343028089606,-143.3496897470812,0.9744298078634184,0.05942988942093077,-2.589724006223971,0.6073299122846857,-4.4344201547246325,0.7272250087860924,-5.674284659776568,-9.880542065452659,2.984118698312132,-4.077944696258789
decay 2,1043274.3268322321,130499.39731258235,5738433.085704548,178425.19311696224,0.7149670460444241,0.7702501863694395,-2.4497934885293877,-1.0381448402528528,3.7626725815353907,-6.010712357385333,39.06920527366393,5.505726700756642,-160.76875390804057,-196.10654451245105,0.27444968673277587,1.2296198630283215,-5.71441540741718,1.6920578849173225,-16.085118595609522,1.0197044545745404,-7.991870756538707,-53.41949742678849,5.894375215680363,-5.897670894458636
