,Az,Ae,Kz,Ke,Cz,Ca,Ck,Ce,BAz,BAe,BKz,BKe,BΦZ,BΦE,Gz,Ge,∂Az/∂t (finite diff.),∂Ae/∂t (finite diff.),∂Kz/∂t (finite diff.),∂Ke/∂t (finite diff.),RGz,RKz,RGe,RKe
incipient,548653.4725228061,200636.81736171705,3688569.906576208,374189.49207628425,-9.083095291014567,0.22229548808673782,3.7573012608649536,9.57508837206627,-1.4991781017436365,10.026993953572191,33.65072004657556,-9.053249915460956,214.0579169818507,238.39027710793076,-5.551900541115723,4.1855371704638635,-1.903262633685574,0.9937137525700073,16.653430410826243,2.312389534907778,-9.264884334869766,-11.671495605599706,0.31951268297734803,5.547852339167417
intensification,516633.86506078497,148508.97412955575,3769423.8753492422,263080.42522376333,-0.9343838013777082,-0.6116732037085962,0.8661728799880196,5.828235228338677,-3.521866847726538,4.045303970741844,27.61080785340282,-12.388003111907393,192.5783973342286,172.03421788359088,-0.3610123951424884,4.818161584544397,-1.0740445341841733,-0.5603972343764403,-7.527989150987933,-0.9786196243020405,0.9017653084560595,-35.07058608300108,1.834207226928992,6.447321139254689
mature,94188.28875371565,90275.26599804261,1349470.9651019066,126465.50257661035,0.14784597159545898,-0.016769634062521757,2.723210639815618,-0.10961290372176281,-1.19612998545636,1.489081529855942,10.719987999302635,3.205155523687546,53.5200354421686,76.90183760881496,-0.2569607695821889,-0.7155066506229293,-0.7053540157240996,-0.08943228272734194,-3.7303124485396477,-0.16121048295118245,0.6218523072651976,-17.321357059253362,-1.6713570822425252,-0.5335424631013475
decay,225216.5019506504,81959.08040627585,1806144.3526790563,207990.84481199645,-0.8137077483214806,-0.6109773421987469,4.983934646378588,-1.5190557171027137,-0.8390138066015729,2.189337910519064,16.61251814275675,-0.18699603174599758,-123.56480275319798,-115.75244971805577,0.2747143322708246,0.19540414308419665,3.2530600313620863,0.3850097918477856,7.651110812960302,0.5711543021198106,2.6673887474434315,-13.131634227853553,-2.7124064935752443,7.261140697347111
