,Az,Ae,Kz,Ke,Cz,Ca,Ck,Ce,BAz,BAe,BKz,BKe,BΦZ,BΦE,Gz,Ge,∂Az/∂t (finite diff.),∂Ae/∂t (finite diff.),∂Kz/∂t (finite diff.),∂Ke/∂t (finite diff.),RGz,RKz,RGe,RKe
intensification,362104.1611645719,468628.0055237585,4504930.549536743,600224.7895509007,-2.9841132682465563,2.359282266894289,3.711713537375362,18.438137045618152,8.055623298228216,16.25946624852625,-29.38938322977169,6.2180641352192385,306.9184364985548,267.89630182059665,-1.1425842148919596,8.29098827457533,-2.7832230587169606,-0.12089981035966746,-1.354647016632083,0.8444267838472417,-11.463677358297446,27.307135944010803,-0.3015112801620553,-20.100060859614782
