,Az,Ae,Kz,Ke,Cz,Ca,Ck,Ce,BAz,BAe,BKz,BKe,BΦZ,BΦE,Gz,Ge,∂Az/∂t (finite diff.),∂Ae/∂t (finite diff.),∂Kz/∂t (finite diff.),∂Ke/∂t (finite diff.),RGz,RKz,RGe,RKe
incipient,741790.7716622514,541671.1265822958,5411619.143635063,415277.9694409245,-10.034633514154706,-0.2866055445674423,4.170934965182389,7.423508370743335,6.439724303397402,18.396327364450233,5.714412234528936,2.2013675006301354,301.5743671975553,217.25707859565455,-6.617562906850336,-2.9830768438837514,-0.5812358445897149,8.113450156870165,-5.6604497892664964,-2.2704632641375944,-17.342199206709264,-5.511163474823115,-2.572763292269291,-7.724404170328675
intensification,442698.3686651536,657571.8485840621,5300463.410070999,540371.5410763245,-17.50607970139754,1.7487699711261608,5.337746640609953,14.881501241883177,-3.567443050963867,24.556875425331675,50.214558102025116,5.2871741759784685,213.03557338615434,210.95265736180258,-3.6881438246060365,2.002198260790567,-6.38312756875706,0.15381182945067873,-4.122354037043288,6.399433932510626,-18.572994248064568,-42.168579078280814,-11.270332325123983,-8.431494844741069
mature,234960.06417577795,616952.4434188656,4659112.555106438,973585.2719802263,-7.403626499959445,0.7482484961826137,23.826832568094517,16.211913415388338,-1.5333477729786453,12.712214021754441,-4.016402948786423,20.64383956153351,171.63081176123177,240.1176815832159,-0.6879138177800949,4.440453581163705,1.5518229687176865,-6.946107865938675,-29.246091320530184,8.869142614048867,-3.5702072620805003,-41.65289443987883,-4.194656968487392,-4.159777794778464
decay,418990.1724139479,384072.59115596063,4278813.398380393,1005336.4088069821,-10.771625041806471,-3.0416646903091578,47.5195913931728,6.542215565986019,-15.81791324539818,11.97093927889925,-44.580422672287426,33.55164162569061,64.40932902341139,165.72104265805433,0.5388953478032328,4.329557932756822,6.764313805010548,-5.410850483619979,-2.251490352508134,-3.31780949041996,8.768937318293098,5.580965968412968,-7.797909506224052,4.1079247110762145
