,Az,Ae,Kz,Ke,Cz,Ca,Ck,Ce,BAz,BAe,BKz,BKe,BΦZ,BΦE,Gz,Ge,∂Az/∂t (finite diff.),∂Ae/∂t (finite diff.),∂Kz/∂t (finite diff.),∂Ke/∂t (finite diff.),RGz,RKz,RGe,RKe
decay,160840.64618080712,155289.8560952025,966590.7140840155,279068.1710538396,-1.6701005091272416,0.324256909264867,2.328713718647994,2.339571631333218,-0.8501980637680853,1.081326731084142,4.297396730278159,3.7762887987037246,34.086244613897975,52.964216206758366,0.012498384302815982,3.1342861004465092,-0.7075703395757847,2.2646151842108364,7.835036330933799,-0.541344853586835,-1.203215875670074,2.8790263911348872,3.1986031751950463,-4.328491564975783
intensification,157241.51011857885,175897.88024828897,2154629.9931523264,361017.84779197385,-0.5457098137096434,-0.5227858538740269,5.7660754633572315,0.7414265293021246,0.45557550744747977,5.459937425287199,-2.1300513547706172,9.17610804591899,164.92906404956608,230.62974446774388,-0.13739549541632134,-0.33357296328080344,0.6341429303285784,0.9359024133438103,40.986795722638284,3.4267101656719494,-0.8899282447025718,37.89648142776131,-3.259822628767238,-0.724748946191933
decay 2,172516.4910634215,274059.0460810693,3630861.4330923185,437117.5461897602,1.1352630156862107,-0.6782213443914373,9.678945788820064,2.0785513690966297,3.265569386092725,13.1755750432042,0.06865671558283637,6.593359184626378,335.47450150263666,394.29282017858725,0.09637751696791468,1.3484267156127352,-0.46971252628998145,-1.015517619029225,9.34918218440084,-1.0275126732553073,-3.278240241087933,-1.5336833356882693,-11.434319948745355,-0.02047743815825028
