,Az,Ae,Kz,Ke,Cz,Ca,Ck,Ce,BAz,BAe,BKz,BKe,BΦZ,BΦE,Gz,Ge,∂Az/∂t (finite diff.),∂Ae/∂t (finite diff.),∂Kz/∂t (finite diff.),∂Ke/∂t (finite diff.),RGz,RKz,RGe,RKe
incipient,217389.20207760503,106611.88923126004,1597598.287555528,169370.45621968468,1.6104893252213903,0.2386484499695396,0.1116065020363899,2.2700842464573308,5.604372158920773,0.9176888288953062,-9.956702903437254,-0.1480201604554637,65.16870888411106,80.29826638618768,-0.9225870289832406,-1.5119468401762712,4.143923556907617,-0.1145654999696813,-2.774939309077195,-1.765149433874491,0.3886891731777737,5.459667767102277,0.9991814676228036,-3.775607017839968
intensification,256992.26091448244,132792.52903560235,1856825.7805383475,128745.7882874363,0.5764828828290507,-0.05399219095292952,0.6189126399743776,1.3516648389969188,0.01809683891656127,4.100578955445972,9.160144069326066,0.2524281978564875,122.61956409666716,156.3130146658075,0.3776273137528669,-0.296724405503752,-0.34792286258940724,0.9559519884203961,4.0059365342762625,-0.10428028907211839,0.15647099037015255,-6.349603057853233,-1.738969937075727,-1.089460685951147
mature,209251.47468292792,158034.1234787846,1822305.1276123037,173875.93362564943,-0.679874842248128,0.44266708908962116,0.07504038184726393,3.0347225370567315,1.1670221460266639,-1.5645520688417751,-12.34269989010694,7.904322743624001,157.19558847867802,207.39510127531162,0.4879315046394772,0.9404698872307815,0.41938557983147295,-2.700951496552396,-6.94210150882352,0.772334979135982,-0.9848443193536977,6.005432841684285,1.4556560202564899,-10.091669919697486
decay,280628.18055039475,49948.8159461925,1380733.3480690785,144465.51392237356,-0.333076644962816,0.06695263164738968,-0.31340945746925225,0.38779088159404074,0.5821754267030428,-0.8291942458194935,-2.558217535301103,2.041420995261398,73.22011752470561,80.79065456968236,0.13463544157608656,0.5057733185440425,1.021059749024979,-0.8200621134591297,-5.799611437779084,0.5048090213826021,0.17276030900651015,-2.594907800045912,0.32997038230701503,-2.237812312942089
