,Az,Ae,Kz,Ke,Cz,Ca,Ck,Ce,BAz,BAe,BKz,BKe,BΦZ,BΦE,Gz,Ge,∂Az/∂t (finite diff.),∂Ae/∂t (finite diff.),∂Kz/∂t (finite diff.),∂Ke/∂t (finite diff.),RGz,RKz,RGe,RKe
incipient,814642.4405616419,338670.9971959769,5307008.722827992,473196.80225312465,-5.142503829171372,4.186231239919239,-14.29954971608912,5.753505299712904,9.352733766742807,-5.302233062548484,-124.0319557892575,-2.002379574635175,227.70190877241433,161.15185229382786,-3.4254435806024928,1.796746902361343,0.609548108702211,-1.4572189887259512,5.519707657298698,1.1900321498324367,-9.69945824729273,148.99371699181665,5.412288133616198,-16.86064329133441
intensification,863447.0037240174,226437.72117144146,5475187.005565071,649399.5488784147,-5.021014020727342,4.367390419537198,-11.496625549388883,15.645697436527273,7.492972355739335,0.6608057439495276,-44.40370568753616,4.967576507179365,134.70055415638365,71.27975772318474,-2.822381611157919,8.097277244540194,-2.2923278442815898,0.20999574442706007,-8.092658417225195,3.0554369177946796,-10.438923801211068,52.828686840427196,10.82749701746761,-29.054462575300843
mature,244338.1966515879,359828.4651536193,3331865.449966574,915718.0564210485,-7.352504485096396,2.2623513454798707,11.813504603751777,14.291336466544005,-7.634120788656821,9.033365340470802,-47.33857493298007,14.3293103332893,208.83165761042898,262.04700771607946,-0.5326085779142183,6.295781117446597,-0.20577771537913847,0.4978547754149268,7.330154281468738,-6.128542022773081,2.3381899336611562,50.207729095793425,3.49347455600826,-22.93568421885461
decay,478587.55746246775,144395.17476540554,3029364.1341823563,394078.98874387663,1.0698508931242068,-0.32534762116978666,7.070443478335117,1.1506063291698418,1.4513584275451392,3.6828975146233245,-8.25460222815982,6.674403759453187,-19.133274167142783,-2.3483423981941405,0.26663982716002826,-0.3113693789824689,0.9745923433502082,-0.206929316141186,5.749073798633099,-1.2030942059887908,0.2677371877594895,5.863381655333597,-2.4138728804248806,-1.957660816276705
