,Az,Ae,Kz,Ke,Cz,Ca,Ck,Ce,BAz,BAe,BKz,BKe,BΦZ,BΦE,Gz,Ge,∂Az/∂t (finite diff.),∂Ae/∂t (finite diff.),∂Kz/∂t (finite diff.),∂Ke/∂t (finite diff.),RGz,RKz,RGe,RKe
incipient,1257459.9245188956,257837.9945533534,5207133.414225263,287877.6864023827,-2.3065098891386846,-0.19961075126079883,3.813187172160242,7.000247223247138,4.065268668800871,12.130102242224677,-12.854436464797196,-4.998458793316468,282.8792485661633,295.65621371246635,-3.207900430423776,-0.29889020491966267,6.736816150521848,-4.299474213259307,24.018001598906334,-0.6201539979054467,0.16542684132149266,35.365760780681974,-9.229718480976048,1.191244744324125
intensification,931928.5547394713,170908.42724442502,4776668.062612834,398247.9653540532,-6.739123801823331,1.2554401832963562,4.813781504493277,7.449366493311392,2.2176002441973384,4.674785681097701,33.00613553908608,6.6083442608599245,29.520833213226805,3.5012391433262984,-3.6371557316326073,1.5762615819061354,-6.189727037821618,-0.330284417425991,-13.520239429516959,2.5370929434449447,-13.891010900545929,-44.60103267127298,1.1888562114913452,-6.706836306233094
mature,260111.70641220594,61180.09208834943,2927114.048466953,466229.4755747171,-3.7792274578704084,0.23014340510902567,12.191985101004462,2.093553332540838,-2.3963928023529144,-0.015003895999425167,10.80347807086389,2.183543446505165,-85.45612733038122,-87.41824400448719,0.3842178012567302,0.9534079986426454,-0.1515918639476896,-0.629060087398012,-7.103859102418113,-3.3267163861382927,-1.3042831143561584,-26.320094816416052,1.249353736033225,4.588171935820165
decay,244433.39333481694,115391.41332871349,2019770.8232832027,584707.9833474724,-1.5282647968812304,1.0728541186801892,-11.716918286854321,2.234706803260973,0.6162997233229479,-1.2751622577229773,-10.454451553627525,-4.512941155436784,101.57903408858482,78.43324818708132,0.2702147504443355,0.020219225572957862,-0.07248181846037414,0.15448286101548583,0.15543506603969273,-0.5857374483353439,-1.1441922199843635,23.855069703402762,2.591497803319247,-10.024421383013854
