,Az,Ae,Kz,Ke,Cz,Ca,Ck,Ce,BAz,BAe,BKz,BKe,BΦZ,BΦE,Gz,Ge,∂Az/∂t (finite diff.),∂Ae/∂t (finite diff.),∂Kz/∂t (finite diff.),∂Ke/∂t (finite diff.),RGz,RKz,RGe,RKe
incipient,1113181.7685707354,71603.05111479813,4332455.382620593,298992.1120223715,0.12444846126839362,1.2763142251451607,-8.945365815184829,7.120593721811484,20.421706425381,0.3910491756944519,-70.75663779204758,-2.1063348763994,-17.007275070518478,-75.52590736513282,-4.46927904730381,3.4981212006064006,12.824421298156926,0.1186378001543226,26.719612136708736,1.237700180229646,-6.196522440810519,106.29716728267276,5.571868121126194,-12.721924480367267
intensification,1040181.9848922238,426004.2216532247,5223008.359396261,788925.1593617643,-4.040810795116435,6.66444459932596,-20.959958523517937,22.25805574278297,20.644374797912118,3.61281788989008,-0.02684665355548529,2.986398242657575,128.66717509646958,36.86776927802376,-4.409431311004254,11.18317518338739,-10.813605747110476,3.6214819141048338,-9.769981214068169,7.63332746520932,-28.83434674081308,15.257634758121686,15.602275167671769,-38.571085043749164
mature,196123.5186598531,325656.352054704,2760085.306483998,1358291.8607489602,4.90209799307756,1.9372431191551245,-60.830512130853776,8.027826225266407,6.755695908835117,-5.689502449367157,9.585349218373597,-35.46125344753453,267.9563434420122,214.03032112864798,1.131275717366567,3.538295484058843,-0.2810846591134648,-6.666493876758365,-38.69901864993817,3.25640473610918,-0.1974394557158976,7.644046269464452,5.113591678720074,-30.140680172476465
decay,326074.81632598356,159596.44812318066,2849327.9655103227,879196.3034709833,-1.877228867275356,1.3968840404841354,-39.01562523956784,2.3714281601824188,3.6155116484161747,-1.507558685211364,-39.01963114647685,-34.53293134010184,395.7527652965615,307.44587328923643,-1.6800978801679018,-0.4775656095662683,4.838900225638349,-1.2520986136581937,18.804262432874918,-11.07499012847157,0.743043750430953,98.71674768619496,1.230004191251453,-17.929112188119994
