,Az,Ae,Kz,Ke,Cz,Ca,Ck,Ce,BAz,BAe,BKz,BKe,BΦZ,BΦE,Gz,Ge,∂Az/∂t (finite diff.),∂Ae/∂t (finite diff.),∂Kz/∂t (finite diff.),∂Ke/∂t (finite diff.),RGz,RKz,RGe,RKe
decay,88426.11525226683,209271.3399579526,1098638.4314892523,213530.24928213167,0.25023185038195156,0.102356930196846,3.009570031119251,4.297000311516144,1.1835643256700268,1.6540002737536825,-11.083774503334245,2.3698664917251118,52.2405977249002,70.59511074336622,-0.056707902638443886,1.4848181063063803,0.9337142153068471,-0.5111555712729232,-1.046505153924137,-1.116838328974686,0.10273867021561793,6.777467467908907,2.029487536292693,-4.774135101096692
intensification,217492.3748303388,95272.32517187687,910637.5808692784,128037.00018778726,2.712238769593982,-0.2316965529877516,1.4210233775599754,0.08755184876896821,3.4890007668053684,-0.6357101432244056,-4.343835834029237,1.1596490791529652,-5.755640702623164,-34.55169130300636,-0.2470665125286519,0.1401318619006145,1.7503339364554205,-1.4850369017313023,-4.313529484075826,-0.017929352683383422,0.7418753862562816,-4.102955797200545,-0.5300783567501768,0.15589309695465892
mature,281945.88916032686,33953.917334894206,664786.1183115429,165663.37837627137,2.558692457574128,-0.10644120227061722,2.1562997898760803,-0.46240088907226884,2.0416720350822435,-0.13801657707512546,0.25092062412004906,1.0562678706644493,-18.576864354536642,-90.87237103414452,-0.9472390099613498,-0.04474760393133379,-1.2978602423109002,-0.05637245367478949,-0.704704361594035,0.48714755035862817,-0.8872810220896333,-5.670617233164292,-0.2743155634013155,2.0495803586425283
decay 2,189838.4445241875,65458.38082190327,786869.3342341752,177266.39545128,1.3754602473172042,-0.29681591487454173,4.276971151447666,0.10734677036005424,-0.08306680299568228,1.2151588764961425,-9.156788139551706,3.2459101009537723,-9.474036627302388,-67.07164444549014,-0.22867163362909673,0.15591887614774924,-1.1848940477808267,0.38757120126869576,0.8507837693595219,-0.4845637532702719,-0.02318291234248182,4.3551405101463585,-0.42342498999285083,0.43915052686356637
