,Az,Ae,Kz,Ke,Cz,Ca,Ck,Ce,BAz,BAe,BKz,BKe,BΦZ,BΦE,Gz,Ge,∂Az/∂t (finite diff.),∂Ae/∂t (finite diff.),∂Kz/∂t (finite diff.),∂Ke/∂t (finite diff.),RGz,RKz,RGe,RKe
intensification,178729.51585590595,117046.65263805252,801377.505818035,321613.5752801201,3.5869054551696764,0.7794236365475609,0.922443669852644,5.124655247200143,4.44606283064831,-0.5795915126574304,-14.281932062959614,-2.618435712598375,20.467903649748582,7.998917422960592,1.8815880293978757,3.6025663732854554,0.33894729719386313,0.4426481790477803,-1.7023731116745184,1.3490372539072848,0.2592135582627912,8.070209826262774,5.367471302357793,-0.23473861084183914
decay,149598.28951392102,65335.51338849986,811699.6679564432,196768.30719405113,0.11860569554602243,0.285970423000497,1.3087063553207137,2.1834853118765225,0.5966093060343574,-0.17389413099302006,-2.777687741426537,0.42622594690254495,27.274233974402016,26.47861668042952,0.36957141351269507,1.4052817946202052,0.24996776401830123,-0.10082300189514024,6.492085707536703,-0.3890449270843114,0.05793457653046344,7.842461398096504,1.9705860179739054,-1.6900498305426652
