,Az,Ae,Kz,Ke,Cz,Ca,Ck,Ce,BAz,BAe,BKz,BKe,BΦZ,BΦE,Gz,Ge,∂Az/∂t (finite diff.),∂Ae/∂t (finite diff.),∂Kz/∂t (finite diff.),∂Ke/∂t (finite diff.),RGz,RKz,RGe,RKe
intensification,1153549.1838864186,63008.643563883044,2221411.151254557,138263.09908901955,-6.519631827753646,0.9159201426158055,-2.912923875443987,2.059852665326154,-11.011259891624462,-1.0095092447006724,-31.850727877573053,0.140679052986359,28.83368944739535,44.1855329373409,-0.5350996294465211,-1.0577590546019449,25.12819198442952,0.5015990454606893,30.66292986078343,2.0506538583630176,30.535740190916144,71.94621344155411,2.655040812871711,-3.0628017353934824
decay,1708269.2526836735,48703.41627742042,3587811.2217388693,105250.17072281128,-7.508410751562554,0.5269744791581082,-1.5560562560153708,0.8801627784007946,-13.585024485605025,-0.7449777807536021,-45.59873116816873,-3.130333303329859,14.669044786719462,-26.541593526503693,-0.9557222275738272,0.21257631307655964,-0.2490393348686537,-0.4172160280288186,19.97035181194332,-1.1901263178467147,6.354548878331925,74.63354998768999,0.6809500519674699,-0.4960120489330211
