,Az,Ae,Kz,Ke,Cz,Ca,Ck,Ce,BAz,BAe,BKz,BKe,BΦZ,BΦE,Gz,Ge,∂Az/∂t (finite diff.),∂Ae/∂t (finite diff.),∂Kz/∂t (finite diff.),∂Ke/∂t (finite diff.),RGz,RKz,RGe,RKe
incipient,281657.9339544889,284449.0421628986,2745737.609491406,306268.92303827626,1.197224618487864,-0.4929705427070792,-2.0832386622147303,0.5602793597934047,-2.043331449603546,7.914823124759554,11.26507626888337,-16.321308957375955,120.79613634523304,114.65187024980489,0.0368807249831192,-3.309977786270704,-2.9497791386921204,6.552904841506016,4.357203735584799,-5.0501173458475765,-0.2021936133077897,-6.021858489571704,-0.3086683807530548,8.627673589520244
intensification,252925.97699906086,283690.14164446626,2208305.112919151,236058.13721029222,1.9361977823755012,0.3738894385876416,-4.152933726878761,3.7198449090210866,1.2734414519317026,2.032444118643792,5.801289920534578,-6.929736287435991,81.12486626307559,70.23258881074727,-0.41163218778387095,1.6697905110763689,0.2185164847724056,-1.976646324613724,-12.271206205525532,-0.70826877653441,1.255162253803846,-15.855760181556848,-0.6631349728240711,-1.6513111249982655
mature,275267.0496686107,92063.03538005968,1507796.3617998394,184398.7310643164,0.3534364598613865,0.6050550407884114,-3.3121406702047205,1.1893735193332977,2.4256214365926123,-2.87610883292808,-8.264278732280882,-2.9174496331078714,25.840152803195156,-2.1314708127624886,-2.197151339984147,0.931215260615675,-0.5055436002848345,-1.4728947110806405,-0.5613845433052163,-1.7473346556902696,-1.9726735362276495,10.661598399319,1.9875326003923255,-3.3313992121204175
decay,623194.9875232207,196293.9695763657,2728127.293143938,288409.3865586672,2.8386796365543505,-0.6098727486645988,-5.891859862581895,-1.5358759707909957,-7.984787174651733,5.067505250548141,-16.97160387073661,-1.578850453596551,-80.0702721220336,-107.76729351626514,0.9992197524857834,-0.1064010640265014,4.582642715800496,2.4342984072891127,9.781378528534777,2.0279159158106967,14.796236778341981,29.806162625298935,-3.5592100653854253,-0.7492175223836532
