,Az,Ae,Kz,Ke,Cz,Ca,Ck,Ce,BAz,BAe,BKz,BKe,BΦZ,BΦE,Gz,Ge,∂Az/∂t (finite diff.),∂Ae/∂t (finite diff.),∂Kz/∂t (finite diff.),∂Ke/∂t (finite diff.),RGz,RKz,RGe,RKe
incipient,1222372.4776832378,170979.65598466198,4771686.231813509,273956.3859113276,-6.1329556437139985,2.6777421012219973,-3.420809084728675,7.8170633363276645,5.511390968320792,0.3170976557773638,-2.340955236750951,7.614920360736435,126.70654305970004,111.31514882321264,-0.47499226854204274,2.6843527949361534,-6.353307379773984,1.2420782992431605,-2.7641167722542503,-0.3155624304781834,-15.319911890586775,9.130603192939374,6.064301878571463,-19.16835521227096
intensification,384991.316606016,314237.81949339353,3272820.3681006236,434412.7724682898,-3.896507820773265,1.2333485542776597,-10.315033007165654,5.305469589922028,-6.55265904186043,7.310408677671038,21.434408023593484,-2.6402825838326285,255.47646634422824,204.75879920350712,-0.19571758060990038,0.5292681795653945,-5.048545076921414,-0.6714878219879417,-19.620708348567995,1.552797079652195,-1.1590453015565894,-26.843575544222556,-3.9097754640146145,-11.427422933602855
mature,117391.13677144761,80719.47750995572,1368637.3332667733,307134.00788322504,4.210498924552815,-0.6792676817971485,9.227783189016028,0.6406009521099266,2.7000383796279075,0.9855077332158295,3.1046378741059875,-0.14376982964367782,-5.072027573949175,-40.29073514937721,1.628877507851402,0.7254283331196968,3.1436272651608874,-1.1219766636211836,11.710289945491411,-10.960646159469347,3.974820128288646,-4.832630042183422,-0.7876157629299382,-2.2296940929195643
decay,258842.73901841318,28979.352307930203,1534993.9730190192,82949.50206176766,2.7250684968172525,-0.02521108046864131,-0.9085718951886511,0.022423621312843627,1.8242228962290854,0.11002150106152486,4.235532788693913,0.3772333858723543,1.6799577346314085,-24.24927768370697,0.39841423215340055,0.1813121437693054,0.44859017146812197,-0.13832018701949117,0.9311648967794355,0.35997669200155513,1.3242246915876486,-5.12086449354308,-0.20070698629953115,-0.9482522103722941
