,Az,Ae,Kz,Ke,Cz,Ca,Ck,Ce,BAz,BAe,BKz,BKe,BΦZ,BΦE,Gz,Ge,∂Az/∂t (finite diff.),∂Ae/∂t (finite diff.),∂Kz/∂t (finite diff.),∂Ke/∂t (finite diff.),RGz,RKz,RGe,RKe
incipient,1026446.9424477159,81993.38791328401,4568963.375398435,308037.34006655106,0.974170036964337,-0.0096099441877264,-9.414027127740495,-2.871821707297666,-5.161557617113318,-1.7740876822452887,-55.1317326734229,-9.83001209812038,35.961492754042276,-71.39370627625395,-0.03822725096415702,-1.2813935816109572,10.817782997080656,0.4043335606941654,32.83607975747414,-2.0199405383070608,16.943900706970584,96.40766952167321,-0.6837905201704854,1.2678661393704889
intensification,949287.8482823819,158282.14313032222,5244248.088848152,253318.35921170816,9.424456956449278,-1.0633341930783187,-7.454215583853053,-7.136168001918244,2.421698327730945,-3.5986356752032065,-42.7810597814867,-4.61988365446793,-186.4093870584248,-345.26272868171003,-0.22194879640962614,0.08971148235031463,-7.395048637254416,2.066880191751038,-2.373671614057162,0.015599239780393312,-1.4556242016144036,38.4371467948333,-0.4073179418856823,4.317435312313513
mature,569524.4684145116,265326.187580663,4257725.374928213,306393.02720247995,2.4071572754828883,-2.340417542312818,-1.3383031614619576,-9.807853539976248,-5.229048767306353,0.008986112428342722,19.36673947816629,2.839589736466298,-300.5887702884822,-379.0051767747894,-0.06513659325314987,-1.4611571429850372,-4.942195961063657,2.3601655838670044,-28.931232446707323,1.8930196965779913,0.3535925394127662,-49.366826038894544,-5.1162565262247695,7.522980338625985
decay,638952.5437997056,585340.4321491999,3474262.5057385797,294920.58640373853,1.8976528017239984,-1.5722322453325162,-2.985643300896443,-7.459869243764135,-9.345353074434191,-1.3946644389321736,16.991719417692,1.732108333988069,-236.2754269743061,-263.93942251731573,1.8389510537887344,-0.35298893304199436,-1.2867787614574788,3.7330495017086895,-11.94120800533655,-0.6658166690660715,8.383994869368196,-27.84493692385611,-0.7599230577907572,2.076300939813552
