,Az,Ae,Kz,Ke,Cz,Ca,Ck,Ce,BAz,BAe,BKz,BKe,BΦZ,BΦE,Gz,Ge,∂Az/∂t (finite diff.),∂Ae/∂t (finite diff.),∂Kz/∂t (finite diff.),∂Ke/∂t (finite diff.),RGz,RKz,RGe,RKe
incipient,1834562.0085530619,53517.058338091614,6926731.79350398,322358.60976534523,27.574972401796156,0.7496581956582129,-13.661883092346198,0.4133301137623749,30.130861091184357,-0.2481961257560164,-172.5202768113434,3.541798079627904,-124.79890882585308,-489.60686275446676,-3.2277805798199237,-0.3239447045561027,1.5034626361169594,0.18275878810858454,50.79897418993307,1.0603846400658714,-0.3027678576130288,209.4061616918265,0.09462683196876276,-16.556626645670608
intensification,1125296.4929097558,461396.5478199093,6163543.438215547,611478.3022932893,5.204567435673946,4.696673769020293,-5.073804946362542,13.260894190852373,19.30868284443362,5.422486318931835,-30.87562746379984,7.7791161283196875,65.13789546076124,-92.45827000397549,-0.37584564478425675,3.0944077367330243,-12.24840479786664,4.879779378565727,-31.217045184053873,4.929637942940387,-21.65584643760602,-0.47218020956544504,8.021513481465972,-21.184177322594216
mature,247457.5814175916,545493.7733232211,3248998.061058541,982768.8285557406,9.041821441530322,-2.9631072011279485,11.377968429536262,1.8415151793062123,4.733401944961254,7.408013811248372,-29.80680608370694,16.316214079034232,152.63685135765755,134.48224724388075,2.0847406889726408,0.6508639825395847,4.420053495076211,-9.09627865880095,-20.11155269981815,-3.889307757522657,5.765365790517334,-10.72453648717779,-11.699670089615163,-10.669068586326839
decay,310812.2251022962,63391.179861161036,1392388.0187709632,256622.57933819105,2.958091337876835,-0.5204849003147909,12.0593168742875,-0.6446080334758273,1.1043905340417781,1.6806028857446527,13.512795341071548,6.464247361545524,-68.52219616022961,-141.28278047011372,0.6250741293808117,-0.48336387423807425,-2.016649382705266,-1.324261303083431,-9.08484738684052,-4.419925149405524,-0.6834334791849995,-37.61505094007641,-3.128987321989121,1.8197523968122813
