,Az,Ae,Kz,Ke,Cz,Ca,Ck,Ce,BAz,BAe,BKz,BKe,BΦZ,BΦE,Gz,Ge,∂Az/∂t (finite diff.),∂Ae/∂t (finite diff.),∂Kz/∂t (finite diff.),∂Ke/∂t (finite diff.),RGz,RKz,RGe,RKe
incipient,1036757.3876372328,185397.70165904253,2271955.783975454,163195.8428987497,-1.979248379568952,1.3158089565706912,-2.8359443116981917,1.501983299788104,-9.787764304409485,4.3084313712393305,-27.736369258397353,-2.1444310974654686,91.90463242290721,59.98657825845237,-0.9116878792734482,-3.667206399593945,5.070281149778196,-4.9293254488420475,-2.9889677534973424,-0.38072419985098044,14.19460603118942,29.562594196167147,-9.051582476863965,-2.5742207138718074
intensification,824265.68346945,175340.98162904778,2023899.7175839364,161642.9041781377,2.0460118127660927,1.3504291932987549,-4.006630202128981,1.671077815423201,-3.5608202954351547,0.9115669319570908,-14.764941962641261,-2.3762682395100443,68.79976160924535,35.15750797789318,-1.6947600188822765,-0.1769571068647718,-7.491541051592563,0.7851542739972094,-1.9666327643583774,0.5944212484384919,-0.5342797500925603,14.758927587645774,0.1942359641645645,-2.707018529603645
mature,516501.066025392,191715.9855449277,2399683.635192153,239088.39786134695,-4.798132533514063,2.1615437151791994,-7.616532911089615,3.6693563012299952,-2.9352556303909445,-1.3891761934325304,-8.584042043176748,-0.5933382747386149,73.23240674259648,28.506689563827933,-1.6642394279524697,-0.8828829005103931,1.9879949595360462,-0.4874139531610652,14.051320812314799,2.6104263484214654,2.2866617715921267,35.05002830009523,2.4095748263222614,-8.08212458915953
decay,967443.1584946295,308192.83933602594,4239287.724343402,453968.80549159646,4.798859217780512,4.48023738548557,-11.258564597181945,8.719101492935,9.341188203816722,-3.4426151081111,-77.5352232541306,-5.042460600825569,231.16111050135038,125.04526210612445,0.9779161636117176,1.9499752805170476,2.6952798536592555,0.8050113535644217,17.304677862098895,0.3917534776729103,2.6331882531086137,101.29960649563093,8.486490569124953,-14.543452011618465
