,Az,Ae,Kz,Ke,Cz,Ca,Ck,Ce,BAz,BAe,BKz,BKe,BΦZ,BΦE,Gz,Ge,∂Az/∂t (finite diff.),∂Ae/∂t (finite diff.),∂Kz/∂t (finite diff.),∂Ke/∂t (finite diff.),RGz,RKz,RGe,RKe
incipient,816927.7366622214,141548.74753522716,2972879.5472496864,262849.13156129967,10.377498762999785,-0.16914150360831992,0.38400327490855446,2.519201559435596,2.1288266811825873,8.419210902960884,-38.5126232353845,-5.297328610837634,61.685378594301596,3.06834003690134,1.99173834020564,0.012458191052201428,-0.9793219931687425,0.20979004300834436,4.480336488749228,-2.46403092746752,7.100208585040136,32.23145768622539,-5.521077796908625,0.6980993988430733
decay,914470.7055085296,105920.69591968678,3554798.9688332654,197189.29437284896,10.506612726266525,0.393499454723715,-0.5146209878249137,4.176937919557825,1.673110849960797,4.834886859190609,-61.13734486416214,-3.2080586855996396,215.16522434188914,149.23503412487662,2.997806645483586,2.23464368240762,2.4376360039422194,-1.3841414378606292,20.18794160392378,-0.8636235773812548,11.664637334971662,71.33329472964431,-2.4355898322171274,-2.3471237991643545
intensification,1001774.050483198,53934.31801355985,4452038.357325224,164166.4260645684,10.496828969850036,0.0294832233168911,-0.0026760867806582267,1.3642516589648084,1.7492473885976234,3.8958409497377398,-51.652896541200604,-3.1697724693910443,250.6461140557969,181.6851127317128,0.5419136285066094,-0.10086458683806536,1.6748134043200977,-0.5767884132664782,26.897769523788906,0.4779774478930152,10.4518782088894,68.05651318192014,-3.1378609273563,2.280822171538593
decay 2,964429.5302724163,76447.62135721807,4518735.918810763,202592.46727076455,6.226757519233516,0.05051318379369687,-1.129937783489998,2.0933903463405175,-2.8446068797553714,4.770332150900027,-72.81088348868343,-4.81396607252732,253.8801650673714,217.1636142962424,0.3907764166629035,0.7614221257641597,-4.016239090374902,1.9516616207011375,-15.639619919590402,0.7563048436168187,5.105638492407681,52.074443833349505,-0.7757933676520684,2.3469427863136234
