,Az,Ae,Kz,Ke,Cz,Ca,Ck,Ce,BAz,BAe,BKz,BKe,BΦZ,BΦE,Gz,Ge,∂Az/∂t (finite diff.),∂Ae/∂t (finite diff.),∂Kz/∂t (finite diff.),∂Ke/∂t (finite diff.),RGz,RKz,RGe,RKe
incipient,974449.3384204565,179048.70908117184,3028915.961083035,270174.0600081144,-1.9859714927197802,0.29051589905917297,-1.4467329102352158,5.5223587074075535,-4.1321590415632645,5.127004760385759,28.224502024292015,-5.81589785755673,79.63625138431472,20.727802495925797,1.2743154618786605,0.43388408018976604,-5.685991738334056,-0.8537995037123467,3.6210522536301455,-2.776055303833853,-3.249288290431398,-21.17074536770687,-0.7489614557497257,-3.9292490639198925
intensification,1155880.9779553777,72144.068911738,4875289.875734403,275509.64226332627,3.552814752848403,0.7463417881400233,-5.413945124013791,2.3880655637400907,11.708948212394207,-1.599551890960047,17.7238532416754,-4.262258707743883,-99.39410749517748,-151.65624214554052,-0.6371637224102509,1.5581367073238204,2.0313566724958325,-0.2784019259459045,12.749714948192521,0.716242202984139,-5.378434998909947,-3.1130079223174905,2.9628737406142096,-2.82350977702586
mature,1298574.8596488591,81725.91819822283,5032045.838919564,348795.6637219243,12.192258618456917,2.4131893720199473,-15.585073861987851,4.996429229873942,22.677260971638788,0.21526009711485947,10.849632703484799,-7.181898567604082,-75.17792694354024,-134.7227563296128,1.1176091356438462,1.8076464549134936,3.933160304414678,0.06877436825244129,0.40122059365894014,1.2710494421518639,-4.138652676747248,-7.055596866294925,2.436754128991576,-12.128555082105846
decay,1398104.3980108513,145557.13288807918,5907906.753814802,298937.0574782262,10.360833751465163,2.3322021056595386,-10.164928954799409,5.6045181097349035,13.584253005543282,3.2136363973233926,-51.5452929687767,-6.014525803218765,266.5834147799149,140.82819481268783,1.189316992107946,0.9661125751057054,-0.9993784738308759,0.5205238965582889,10.864209701206105,-1.8671742071885815,-1.890595622249456,62.21359787331705,0.579203503310261,-11.62209546850413
residual,1070324.6965680248,114265.10925442116,5701652.496864273,134196.44495027795,-0.5008111213538887,0.6916294771082736,-1.3100424992695496,1.8409104539700956,0.10970345847884655,7.825229134562011,59.45144471502474,-1.5602758207676086,113.78687579575467,67.88138770261929,1.649735720579009,0.8911742288184936,-5.792195227904545,-0.37602631620045895,-21.949833208689398,0.03274373984383665,-5.711080330629008,-79.59042430309071,-7.05197447390065,-1.5579333926281993
