,Az,Ae,Kz,Ke,Cz,Ca,Ck,Ce,BAz,BAe,BKz,BKe,BΦZ,BΦE,Gz,Ge,∂Az/∂t (finite diff.),∂Ae/∂t (finite diff.),∂Kz/∂t (finite diff.),∂Ke/∂t (finite diff.),RGz,RKz,RGe,RKe
incipient,268116.0580199032,48775.645615897025,951749.1122012995,143344.31328294822,1.8858284468657296,0.03036597880621893,1.5950160974483332,1.3082731817893363,0.8447117572103714,0.7496952392425813,-0.038804165203575394,-0.8152173344020187,-7.3231095829470085,-10.172564001345293,3.407946508584088,0.6681688647963387,2.5658923351412253,0.6590064136298285,4.58791102476173,0.4524350463324034,3.637375003602802,1.1458706456512422,1.1872183773703646,1.554395296393419
intensification,420321.22468347783,128269.35521304415,2671846.8443003492,317118.2979067446,0.7656583929534693,1.2389388641663808,-1.705733153513447,8.336919358243462,4.282372855920906,2.0780947917527723,-56.6267454515742,2.927733744599963,130.55255533760499,100.1537773621066,1.0860370249619502,6.105624184701915,4.672695635285917,1.1710522909953585,43.1616630063497,1.4009016597989654,2.39492003648486,100.72848321848389,6.190937993319666,-11.569484596557906
mature,1140884.1034904749,167669.21405942342,7686767.138046668,333303.1694694642,-2.403466057310003,0.09377715162821831,4.8139164121726745,7.50625847378711,-12.747959609230486,12.615611684204834,-40.97552386559619,-5.565034258974336,503.0408253059333,430.7159040346805,2.21117694854095,3.6027720343238943,8.70881928861254,-3.602495437532285,16.4272060380179,-1.3307726102077042,19.14708999216124,54.99227954875141,-8.805625799578227,1.5419195871521951
decay,1228697.4912918992,47505.72924231128,6773804.580632163,222249.34216320707,-1.3846072629330801,-0.1776500213588417,3.7315562707324967,0.7570775878711737,-11.20726156240663,2.3307670323758702,35.65939431460297,4.0621356321946935,62.35917380500098,101.71740424114186,-0.214142376284338,0.6644795220395346,-1.40644082958756,-0.8572658219310199,-19.70355310845809,-1.8547890874635644,8.238563448527149,-57.709896430860475,-2.253305245076876,-2.942446036796934
