,Az,Ae,Kz,Ke,Cz,Ca,Ck,Ce,BAz,BAe,BKz,BKe,BΦZ,BΦE,Gz,Ge,∂Az/∂t (finite diff.),∂Ae/∂t (finite diff.),∂Kz/∂t (finite diff.),∂Ke/∂t (finite diff.),RGz,RKz,RGe,RKe
incipient,413014.0709625175,76560.31544317427,2232666.138384034,214413.13615624662,2.895838760114352,-0.1572232986361198,-4.7265759170498365,0.4671657849803923,3.6683065429960044,1.4672650832059473,-28.02825804186092,-4.584137597913165,38.6653658235708,17.380042741311694,-0.8815341772222173,-0.7138624748531813,-1.1096930904448825,-0.1049948903815457,1.5211798080581354,1.173768338004261,-2.0393841719626553,31.380175006854543,-0.9478708899709809,0.564164233887198
intensification,412877.0187679704,121025.94680430408,2166341.7004208514,206586.99351401383,3.170655534418593,-0.5381586595902297,-4.195869951492729,1.0151457872911605,2.314728531454486,2.74865900604485,-9.470029609758244,-6.04960626173341,24.59744658610579,21.66768577216798,1.7122871709325584,0.9417743412223984,1.734132155582752,0.3357595732548453,0.23782885574383972,-0.5945902221072041,2.051900498956629,10.733072882576218,-0.8595949859086143,0.2440003008423175
mature,476355.808082761,99032.56994451377,2341023.3639129642,180845.44041898858,1.1436161387277957,-0.4756455092344388,-3.3637589037941105,1.2732924490073938,-0.4062161123781601,1.8918195842049013,-7.7560760668549875,-5.065697401778182,-5.509954130796844,-23.625912342452928,-0.3356230059246258,0.1853042748641558,0.43878665614295403,-1.2005333969633372,14.170051298682715,-0.639613529303104,1.512973398014471,24.146270130604016,-1.343415022926406,-0.21096748032642582
decay,507969.5907936246,52760.53619877482,2650830.4222980044,163466.12525645937,-3.6242751008677763,-0.11376651824660292,-1.7325670664734651,0.6313212252172955,-4.006854213635826,0.2940216343278316,-20.26894853915066,-1.5600975683519402,2.1700252003836775,-9.690918137577881,-0.5819493657847826,0.34228936547249533,-0.11801322603283428,-0.5604407139509434,-2.986979166978059,-0.4521905345996643,0.1507993684886127,22.638811539513842,-0.10937460481487667,-1.2559812579384848
