,Az,Ae,Kz,Ke,Cz,Ca,Ck,Ce,BAz,BAe,BKz,BKe,BΦZ,BΦE,Gz,Ge,∂Az/∂t (finite diff.),∂Ae/∂t (finite diff.),∂Kz/∂t (finite diff.),∂Ke/∂t (finite diff.),RGz,RKz,RGe,RKe
incipient,516519.78052756184,84392.34398816669,1913120.9711939937,313885.53793715884,3.9122159970901476,0.30089897436657576,-1.6594001507906193,2.314148672745773,14.104170064845455,-0.1294592100568287,-0.6587707339549147,-0.4331568841131676,8.164699150976006,-25.01237982286398,-0.5301528803043345,-2.8769225704288375,-1.3036925928128416,-2.4235354316066338,10.188434669503536,0.45798744877491654,-11.194747686201573,8.594389557158923,-0.28082652317060763,-3.0824044906483086
intensification,543509.7561230424,61497.70933679432,1982198.4168961085,308379.02049292164,2.2028690645151916,0.15083846267246867,-0.8050368562244103,1.6005332532421335,9.923424061040345,-0.5589800546559796,3.0514178556831753,-0.5655546662033801,-50.864190454202344,-87.02578588868737,0.9672715269264724,1.2163836138219575,3.139719868694083,0.1680877272038481,-0.5059638096864821,-0.9751178552281509,-4.429996665158602,-4.955213873660438,2.176762572429493,-2.815133298491314
mature,683530.3958355073,69125.02442851829,2128349.0181547864,265344.9766282144,0.2998939639537775,0.06116313496334315,-0.9484006638819521,0.0908709435594735,9.876516289522687,-1.3484618653057492,4.288654979824388,-3.5229416111172562,-96.86816945844092,-140.66698133796388,-2.4860052791763843,0.7522945702234844,2.881104805116982,-0.22478175230195707,4.842946787865205,-3.224043311226511,-6.634354385488582,1.2027985079689918,1.1533879215999225,-0.7403733075506809
decay,499473.9178987931,61628.55925539309,1705510.9515396801,220976.22614988306,6.169570518949518,0.41352628555401244,-1.7744279513918952,0.0832501681030986,4.090626282643198,-1.0106818697050641,-1.7124372602967135,3.3481975086557885,-64.85891282754741,-77.72311427654091,2.2155251063570267,0.6141506636938301,-4.082442646384601,-0.08050457803713976,-9.505298402878228,1.3756178307645746,-1.589972124524269,-12.18800371013914,0.5999011742170104,-3.830257797386208
