,Az,Ae,Kz,Ke,Cz,Ca,Ck,Ce,BAz,BAe,BKz,BKe,BΦZ,BΦE,Gz,Ge,∂Az/∂t (finite diff.),∂Ae/∂t (finite diff.),∂Kz/∂t (finite diff.),∂Ke/∂t (finite diff.),RGz,RKz,RGe,RKe
incipient,205545.91821283137,124118.9883165978,961075.2684181208,268500.9015264539,-2.890269352807444,-0.0820774282020996,5.778813676727411,0.1656713353814697,0.3889391873659309,2.609376224901095,17.417045209365345,14.808244984431608,-81.22347535701488,-29.16548878310737,-0.6845010910938707,-3.1351101401267125,-1.4679872708155663,0.9904105702966518,-0.7523261120099751,-0.5639689244379568,-4.829273239191041,-21.05791564529529,-1.3712168910208742,-9.75907156752362
intensification,188861.20633458937,135080.25231397513,918476.6831001022,252199.12116985035,-1.3819269642668137,-0.41983778726260756,6.551076349955041,0.8465180527426911,0.22919320260078058,0.5553826274136008,15.595633411668011,6.2270117632545405,-55.997176688082384,-21.095843832360277,-0.3032133707561443,0.8152702292187316,-0.5809293834531419,-0.6213620627461146,-1.9378764437046305,-0.65105402921506,-2.611887337583344,-22.70265924106087,0.08961114984558348,-1.173507495257251
mature,135290.47476311502,58614.36202201967,694029.4678443688,173272.07527492841,0.13877705326132164,-0.1932869811873704,4.1961500774498655,0.48780984787662013,-0.3099976900606404,-0.3335285532910221,3.3218995294175175,1.3309882972292941,-20.96494683605498,-10.149870495607454,-0.1122294007143922,0.5093360272989029,-0.6237287615300814,-0.861819572299392,-4.220522799775744,-1.637567541696108,-0.36824099939548977,-11.877349459904446,0.15280581005562063,0.7397843906478436
decay,139191.66879153796,77325.09536641202,752218.75594831,218350.2246634509,0.03955497512870059,-0.4313329615893292,5.829944457668659,-0.23860756402934097,-1.2784332539159395,2.6665636059649107,4.318695323385336,6.644303138912134,-53.64653948718293,-29.500354306707507,-0.0833091058698027,0.02556756545606132,0.47167404433100885,0.7837947727878751,2.6839678901644293,1.6252497555163308,1.3583293117863198,-7.504226866018265,-1.6900434356170473,1.049498638302197
