,Az,Ae,Kz,Ke,Cz,Ca,Ck,Ce,BAz,BAe,BKz,BKe,BΦZ,BΦE,Gz,Ge,∂Az/∂t (finite diff.),∂Ae/∂t (finite diff.),∂Kz/∂t (finite diff.),∂Ke/∂t (finite diff.),RGz,RKz,RGe,RKe
incipient,178104.9098508276,76025.35408028857,449815.942312732,158119.92229977026,4.60175145163768,0.5023648138568421,-1.5625707484260687,1.0328563847009238,2.6046189356176255,-0.27555691402068233,-3.539583054226435,-1.1926333804888045,-13.87222806548452,-20.10778255851526,3.1402146774373483,1.0114610663595325,-0.9958727750873104,0.996705163692759,-5.24576164482635,0.3091152435762091,1.5036245547895855,-4.745359293811527,1.8027536485575233,-1.093678509061979
intensification,265252.52541891835,61163.38638908551,888860.754626182,189481.5079177661,1.852820677169668,0.12324109388129964,-3.0244680805417774,-0.2329155495336418,1.603865737808066,-0.5980915914426829,3.8707571110496404,-0.964989064193448,-19.40403863960959,-28.217386980351016,0.7727026913922928,0.08393497860597712,0.8823891707268336,-0.019130595233804445,3.007825828461086,0.4739279563591713,1.2545852039697352,0.3087161207835543,0.2228043527939369,-1.3526355104555163
mature,409400.9578000337,260452.56149278473,2612560.951840026,529250.1904735339,-4.126526955388413,1.8904880322667665,-2.762384218062783,10.366985035152505,4.045971648452566,3.449971217929377,-2.631624725113484,11.56587136203653,132.10100971511554,128.48862752037496,-2.4644249073419786,6.234306069370144,-4.039642002316343,2.0904089645732142,3.6730913232783533,3.746444069510613,-10.321652573890553,13.193627221843036,7.116934749529575,-20.948796545741203
decay,277670.2993804105,131165.75634797066,2246982.090791649,709135.6643102646,-0.29602830312758077,0.25912801829839627,-11.70679113406254,-0.42029519498369317,1.0577904372573546,-1.4181141343955521,0.7296486615210493,-15.46938096561073,33.55255713235101,-7.525360998202871,0.5178182742730255,0.3154169991949575,2.341232500891194,-1.7168926031489704,1.317822796606756,-1.3494198669053132,1.2465417788046547,12.590993572275828,-0.9782016820355077,2.83346515962657
