,Az,Ae,Kz,Ke,Cz,Ca,Ck,Ce,BAz,BAe,BKz,BKe,BΦZ,BΦE,Gz,Ge,∂Az/∂t (finite diff.),∂Ae/∂t (finite diff.),∂Kz/∂t (finite diff.),∂Ke/∂t (finite diff.),RGz,RKz,RGe,RKe
intensification,316853.77116244787,83559.38142640764,2587218.235812892,374265.55075809825,1.9905297807359255,-0.26246381923835777,-2.733687409353241,1.2576745342645197,-0.37209239856333687,1.1683520082602927,-0.9750202690323769,-7.085093841759405,-97.00495108913775,-133.43591276353658,-4.037117237232473,-0.677228523458461,-1.6495744001846968,0.0794399261752056,9.619294868450131,-1.275238090101457,0.4505839598762076,11.337472766099822,0.4312262714177904,1.8184938080401873
mature,352883.09295687056,71010.67014876373,2894810.7463159068,337073.94321567274,2.370991698981973,-0.38152976015195983,-7.008671934652023,0.8311135341931677,-0.0501210456766717,2.123695740671044,-7.693955402753856,-6.137371349395869,-84.54167598698885,-137.16323606338477,-2.3338529542988935,0.4027873493381521,4.84765901896856,-0.9733404995983266,23.134417557602056,-1.4065098569353938,6.887242003475245,35.46605319602596,-1.884392945924243,-3.108923976384715
decay,1093154.841845217,263121.5912840978,4752247.207207354,462172.61704270117,8.949887402128068,4.50266699840381,-22.331462587879102,2.2044407432764532,3.5877135034018863,-6.978432410464205,-92.81145313299112,-14.574453747533665,227.75120265642389,125.60650001543314,0.1266576630434441,-1.6700278061518559,6.221999528888682,2.073210082880277,21.290515090722163,0.9839033470178132,16.086840426018675,127.48354340946433,6.753416238217124,-8.97754623660407
