,Az,Ae,Kz,Ke,Cz,Ca,Ck,Ce,BAz,BAe,BKz,BKe,BΦZ,BΦE,Gz,Ge,∂Az/∂t (finite diff.),∂Ae/∂t (finite diff.),∂Kz/∂t (finite diff.),∂Ke/∂t (finite diff.),RGz,RKz,RGe,RKe
incipient,537447.3421922035,117516.77591958546,3531889.399348367,203924.55749232424,5.30944287653703,-0.5577236117776936,-0.429907313719895,4.2271482847238655,0.24408817528239646,4.321845275345707,-17.269091556167055,-6.19443980628019,137.89181872573351,132.8889162976892,0.753905198781978,0.6547665030768872,-5.084769496788992,-0.4756717983628139,-13.104993720698436,-2.204110155364394,-0.5771384073120516,-0.7154377273485171,-0.012645177206961122,-0.666725947527965
intensification,451300.0602912975,84894.1666260903,2660768.5268176794,121467.26990769462,0.9011271637546009,0.043161273649139686,-1.4165093574736922,1.40051292832406,1.1218026183467282,-0.31099361202905496,-16.214872244771986,-2.472662721388629,77.91195462374634,82.45462828988231,-0.8118795119129073,0.6065651824050672,1.1542706837662005,-0.48517869572789163,4.223686621408249,-0.4258933542342655,0.9767565028232128,20.95394105989933,1.1831665709760835,-0.7702529186433886
mature,696193.8241151185,50166.33670209221,4509906.258345567,124252.93418340781,-3.4647659568646785,-0.17254132407776246,-0.12020508272639957,0.3031111305045987,-6.21248116850267,0.19127569707268222,-46.29944713682457,1.5230553383775294,116.04396272034758,74.61054771374312,-0.7484900658487575,-0.34550772253778006,3.9432422215627754,-0.1472614638653125,29.341828550118407,0.17194810627295723,6.518416109123004,79.22624672653406,0.13711529364436645,-1.7744234453355703
decay,1063032.322370633,52862.76684863429,5961752.01100865,118053.55170504247,0.6068240590807633,-0.2984756266636314,-0.37512688465765576,-1.1738064068726666,-4.11588380073413,-0.2557495513632848,-88.18666510415242,3.1290355489341377,36.27067512582629,-31.192594983765957,0.1588132762417508,0.04484028072787587,5.695510210666613,0.47993642643498285,10.777356537399532,-0.10039176479733743,10.119742443817877,98.73232446712883,-0.13964480241076746,-2.430747791516464
