,Az,Ae,Kz,Ke,Cz,Ca,Ck,Ce,BAz,BAe,BKz,BKe,BΦZ,BΦE,Gz,Ge,∂Az/∂t (finite diff.),∂Ae/∂t (finite diff.),∂Kz/∂t (finite diff.),∂Ke/∂t (finite diff.),RGz,RKz,RGe,RKe
intensification,386388.37776735274,161469.32040022433,2676745.7709133727,224963.03477018003,-1.9941504766351883,0.9474736589494023,0.18529259412680715,6.196916457128203,1.7835261709062455,5.110256808480296,-18.491066936519257,1.0478413970069207,174.2501656146425,167.46327794497202,-0.6005662530269864,3.7233844777415306,0.026420961650306996,1.3152267422953043,14.394777968551418,0.5591361343637268,-2.803782026941723,34.69470278757907,1.4544127319938098,-6.500329125644591
