,Az,Ae,Kz,Ke,Cz,Ca,Ck,Ce,BAz,BAe,BKz,BKe,BΦZ,BΦE,Gz,Ge,∂Az/∂t (finite diff.),∂Ae/∂t (finite diff.),∂Kz/∂t (finite diff.),∂Ke/∂t (finite diff.),RGz,RKz,RGe,RKe
intensification,1282078.0172589829,220541.63992825005,5580912.709894391,332568.68605071364,9.60725553539135,2.9731743370812334,-12.062654438284191,4.218938823761651,14.77589037796362,0.17810347324015618,-7.532549188764389,-3.0030680521516855,-22.093775125167127,-179.51520814027387,-1.6624217162226769,-0.0014995094613836635,-3.1791731014447153,2.16153888248745,7.077658344698932,2.557391564774995,-5.374633606935756,17.065606436356166,3.229199895927712,-10.72113364511916
