,Az,Ae,Kz,Ke,Cz,Ca,Ck,Ce,BAz,BAe,BKz,BKe,BΦZ,BΦE,Gz,Ge,∂Az/∂t (finite diff.),∂Ae/∂t (finite diff.),∂Kz/∂t (finite diff.),∂Ke/∂t (finite diff.),RGz,RKz,RGe,RKe
incipient,293187.34523920744,29084.036729791344,1352310.078586955,133084.06546647943,1.5951914387077704,0.1037636639055477,-1.5925176221774568,0.24754530588131288,-0.20810838784113456,-0.2816771790721152,-10.298595535978672,0.7171848168494153,-5.266603773438874,-11.65148367405835,0.5902859560922827,0.0425239898694302,-0.6190164822445254,-0.07578213362595923,-0.07489386752998195,0.39694592883406926,1.2880470082099271,10.221027851918375,0.3496766874219211,-2.1603018160741154
intensification,318205.1322957251,35890.81661455493,927588.4181593724,97776.0751651986,0.533913329661552,-0.02668727121409361,-0.6554667717713246,-0.14888611495379692,-0.09765599806199377,-0.058787781629970025,-3.875765706173637,0.37946501737219596,-23.15303916799915,-29.114077181673085,0.009700882226251251,-0.06399505577869817,-0.2941373338758619,0.069629972457718,-3.271240601684275,0.06016294992594532,0.3107447226335901,0.7260785465991336,0.006218910347984775,-0.8258827242637784
mature,94799.02412976045,59439.449190028885,252110.06067486442,269797.71602112544,0.09776009403764697,0.055067441529149885,-3.2641898280083956,-0.06623901625736586,-0.5585307579239476,-0.06685620078914976,2.427897127215395,-0.8107311064633212,-1.4984830179865622,-7.4548980669630405,-0.21848240701793614,-0.12691856327738307,-0.9356683700983891,0.03353370058178443,-0.2647730774526059,1.1832376658344947,-0.22431007660764465,0.4737595293027483,-0.02091655641558155,-1.203982039453214
decay,55041.806991790814,54116.15836905759,177393.35645232393,326243.77070036187,-0.436716446056656,0.1897245267781051,-1.4214644451491334,0.29162178158369506,-0.06106103679525339,-0.13716018794370882,0.09631995888420064,0.4381456021574719,0.40091259665523715,-2.231438441783196,-0.14296188150228492,-0.08498269307613937,-0.251203366285046,0.15892553971536857,0.1450479580610248,-0.3362185053773784,-0.4371342487683435,1.906908890382614,0.39798298246466735,-2.487450334267679
