,Az,Ae,Kz,Ke,Cz,Ca,Ck,Ce,BAz,BAe,BKz,BKe,BΦZ,BΦE,Gz,Ge,∂Az/∂t (finite diff.),∂Ae/∂t (finite diff.),∂Kz/∂t (finite diff.),∂Ke/∂t (finite diff.),RGz,RKz,RGe,RKe
decay,277588.0567931697,111651.93463873398,1036115.2538316229,136979.30508890387,-2.6679211388243536,0.13137566032672865,-0.8799501999809058,2.010840877042019,-1.436207953820329,0.1507551579209287,2.5813097895712573,1.6607166254912324,39.87554346900353,70.9097226309691,-1.3259963073657608,-1.4911437802284229,0.5139748025699777,-3.132522894064369,3.6254950691225774,-1.3345165799371692,-0.5863627221073184,4.59205661835658,-1.403812835270008,-5.886024282451326
intensification,426811.5500820478,66892.14573868302,1698721.2156881492,100314.75927965732,-3.6925293653244333,0.0034272106329585605,0.34910551855385086,-0.26330134449207276,-7.486155032635304,-0.12069390518611031,9.609796039470506,1.9529548864662047,55.453552367357716,107.25620426304874,0.002701918745932841,0.38062920013711954,4.505225544086081,-0.312136581980737,23.57745932452581,-0.5935727142622993,8.30227842202991,17.31108713182589,-0.458171231919658,-1.9341207376825806
decay 2,479694.6641417251,66495.1949701902,2938761.7741030892,93531.36899720687,-5.3849244322026255,0.18648672202333005,1.285077854836852,-0.6782619942844671,-10.361621977186237,-1.332733984480526,29.774720449537984,3.7882789729673285,66.03304271624245,147.35384182984163,-0.26374556856780657,0.2893270102212314,-1.0706442904895344,0.013440161782523542,24.433986932659316,0.7531096713015712,4.092539976517406,-1.2408869395128952,0.4814254299552522,-1.0718294525444378
