,Az,Ae,Kz,Ke,Cz,Ca,Ck,Ce,BAz,BAe,BKz,BKe,BΦZ,BΦE,Gz,Ge,∂Az/∂t (finite diff.),∂Ae/∂t (finite diff.),∂Kz/∂t (finite diff.),∂Ke/∂t (finite diff.),RGz,RKz,RGe,RKe
incipient,115790.46977342386,74343.01756034244,1023589.0458035474,229031.84767686165,-2.0599408434442523,0.23209638681340836,-5.154878559566144,1.2021362020626065,0.6903920495149606,0.8028639465118652,1.6058367003203076,4.465913784542214,56.21223048374554,65.79580717629281,-0.4834987189002147,-1.4541447878828067,2.514295908872949,-1.8604929668985777,12.745196383809883,0.6324902758382023,-0.003940597272855506,18.354179086499975,-1.6933170981612446,-10.190438270332761
intensification,429578.6033523748,146864.53010005548,2063719.282948526,195221.8383839666,-1.3817361120830691,0.8413613590302605,-2.734382250418198,4.031928139531935,-0.6652249390105957,3.6547065580734355,-6.88768284754197,2.328652661129358,138.4970899456455,124.7095138170368,0.746455258756804,1.5398321265757666,0.5598398545926233,0.3896030779874728,3.5581147879635453,-0.3102053870806286,0.6846900405504104,14.561915998006784,-0.074536699584288,-9.40516843816012
mature,226540.83442701414,165549.94384546438,1896157.4433875638,263976.7459570679,-2.51053969257611,0.8783663388213784,-6.956081803000467,1.7872181598504064,-5.285300689255346,-0.5965791381047871,0.5610091433546017,3.1303227259966304,214.03118788157062,167.2778610656473,0.049733336072998964,0.17152223264213268,-2.7120635881011923,0.14106200180833875,-7.073809644544218,3.4263324151910473,0.9410637473994228,1.8318027076777539,1.6464929609421535,-8.447290273656455
decay,284772.8942155094,134716.65439443503,1519758.4425307314,322317.52495674015,-1.7850552358343452,1.3721057082134676,-8.907466092123359,3.77135914086664,0.06108267957001999,-2.2232949902207917,-30.945303238674267,-4.224836512945316,196.77020223996374,167.85082130287367,0.7906136467235308,1.7110970106836212,1.7117352814812823,0.2582094926738173,-9.94730012977003,-0.9400484507389364,1.2377030742903847,31.690524436861942,4.88075791554778,-9.394037170783621
