,Az,Ae,Kz,Ke,Cz,Ca,Ck,Ce,BAz,BAe,BKz,BKe,BΦZ,BΦE,Gz,Ge,∂Az/∂t (finite diff.),∂Ae/∂t (finite diff.),∂Kz/∂t (finite diff.),∂Ke/∂t (finite diff.),RGz,RKz,RGe,RKe
incipient,494309.8372693816,238500.0331582016,1802658.901402385,345201.30854785454,3.3307161217972343,1.7736869290457147,-3.351954279466015,5.828907541713889,6.422202795590853,0.09298005482054014,-17.12793219774534,1.1304696206148706,81.54540376912459,52.34690299876093,-0.27698636444356534,-0.4614425613307038,-2.9009411730145698,-1.2188603729137193,-6.099471196032633,1.1438362932786093,-4.2187409177624735,11.04969915938149,2.743380184933915,-9.167495148516167
intensification,296575.9678095601,147825.1614628967,1234713.5489913279,514497.6820790029,0.8698479920120589,1.0089298618734883,-3.828254424032305,4.014898274015798,2.1697209844286247,-2.4703820893885107,-13.209172826118584,4.8962616987984005,52.17689979355689,35.03002205448961,0.24164526487033247,1.5657747223167486,-2.7140513144474654,-1.8502685700509311,-6.770930348624954,1.7960711778109846,-3.0049944449905426,9.396648909513877,3.626081931479889,-10.943343219035517
mature,228824.04092897382,73234.39280282534,1203736.4392830683,423005.154208599,-0.21850960003522843,-0.4819947448949603,2.6795913224776977,-0.5976057614678731,-1.9704931840442166,-0.4793375042112713,-5.015196844524583,0.7606719633043684,39.925848577053316,38.14136453150428,0.38715879169562306,0.8099534285176299,-0.5006677925473624,-0.6082783223292882,0.14786380749884875,-4.380026168562498,0.7693210465666657,2.701978929580963,-0.24455183469093003,-1.8635010479212957
decay,354152.4965160142,74514.88168962426,2286379.361832073,244644.57388818124,-1.1362450380987708,0.06137664557569923,0.40450584684347274,1.3660352240158504,4.886099129856503,0.5604465283154543,2.1049736248677817,1.5693116107260758,48.96187601939758,41.37019655239775,-0.04024172001660926,0.5640505519287724,2.3451519667677045,0.017533192074744186,14.547954868700291,-0.7496078602851176,-3.615815555611869,13.174720435087814,0.7617452421994412,-3.2804488481835703
