,Az,Ae,Kz,Ke,Cz,Ca,Ck,Ce,BAz,BAe,BKz,BKe,BΦZ,BΦE,Gz,Ge,∂Az/∂t (finite diff.),∂Ae/∂t (finite diff.),∂Kz/∂t (finite diff.),∂Ke/∂t (finite diff.),RGz,RKz,RGe,RKe
incipient,316113.41595346795,33227.82124395822,989237.401317849,118971.72523816496,-0.8604963643455321,0.146125216974155,-0.0053265762307316555,0.4390966027579314,0.7032570680134644,-0.8834339376372335,3.539789029173796,-2.0070944682648113,-12.242665734488188,-27.496001171097543,-0.5989869219245518,-0.14877790804447685,1.1220633565983547,-0.45084440196496095,-0.4570333068590737,-1.8755665021077994,-0.2955648587864869,-3.130999395456606,0.725560921456049,-0.31289521283165145
intensification,303004.3352498185,32766.586580646544,881529.6366185907,116296.00375213797,3.9430136277200405,-0.04206730078518728,-0.39878350393329753,0.5131943899481205,-0.5592928905143713,-0.1137383578180062,2.210558863696434,-1.122243067858999,-21.123426969651184,-28.808826457967037,2.218889395215892,0.5444346531091246,-1.7079340924739401,0.07722328975411465,-4.676734624560766,0.46473381021763205,2.7523051249752846,-10.431523612043945,0.7462233383054286,0.6749989841952131
mature,241810.62721268402,33939.294723048566,782152.167014879,132516.244182861,0.9514682832014368,-0.23451449385220408,0.3048400707377144,0.2821736893822101,-1.42116112648018,0.47920647733687666,6.273490844059492,1.02274829498805,-18.892218760200464,-13.133050567976698,1.405679505685641,0.22424508849306227,-0.8281776177222376,0.20135275210134934,1.7369230872659225,0.3653573370433979,1.309937298107175,-5.7928761107327205,0.2388344579988869,-0.6347245765891476
decay,199679.19018304348,93930.83310612854,1014156.6790314842,203139.79765558708,1.1784602319232151,-0.4381640495032239,-0.5236248078705703,-1.8460038573623077,-2.0777442468958247,1.0131154085966594,25.940285229764875,0.7291918009785509,-34.82068219988308,-23.11134014756598,0.7378785611904949,-0.2266853141623139,-1.2807799110100409,1.1026569880091395,3.8650700545844514,1.532761670797766,1.5372605183057755,-22.730050599233067,-1.3182982284466036,2.125948919310953
