,Az,Ae,Kz,Ke,Cz,Ca,Ck,Ce,BAz,BAe,BKz,BKe,BΦZ,BΦE,Gz,Ge,∂Az/∂t (finite diff.),∂Ae/∂t (finite diff.),∂Kz/∂t (finite diff.),∂Ke/∂t (finite diff.),RGz,RKz,RGe,RKe
incipient,873483.6244551906,87520.5134429352,2020891.6942644469,307042.0625673157,9.632465458131662,1.0867273323287905,-5.8940572991830225,2.331407099118391,-1.0693393136055336,-1.0876090070839675,1.667650980128435,6.930875376481937,-122.96699100035676,-146.87240652709735,-1.455927834670879,0.8616432318800008,-0.6949046667337055,0.8944875849497207,-8.22697166641868,6.800648757231793,11.093627437332279,-13.633030805495752,3.226776358823289,-8.355691017551557
intensification,429884.12630732876,225319.547808687,1139754.2020024275,1274028.9105524812,4.08560519345717,3.0700939023949396,-20.810460342974476,7.4368162996031995,7.3257709107954465,-3.423509011040585,-8.365248114834422,8.166680513281467,19.456420945271855,-16.970331496810818,0.39614513861857603,3.1016430634587415,-3.6568359611153656,0.5910188392210982,-0.725688864316048,4.894263454660505,-3.826907776058704,24.364414400035677,8.381250247469941,-31.51969370119864
mature,243230.98520917582,200771.36051161154,1673495.4522179023,1139338.2016635835,-0.6210931427183394,2.477896992602795,-27.444447931987895,5.988545644511172,8.197089673117654,-7.971782915435487,-25.646331437947758,-4.116904331795563,122.41183418361418,91.85975846919601,-0.17247257637455848,2.2614773162735786,-0.14026831807848825,-1.9720918276547363,4.755626135387647,-8.268947575625154,-6.480554141311686,58.46749864804164,9.510339739689126,-37.585036820328654
decay,363322.9668427224,127947.96566273758,2152390.5404080236,623823.350932956,5.02012112959026,1.4806777689861594,-27.90725596824315,3.337286559728768,5.892052812987827,-3.93256789842513,-35.26072181471523,-24.009089716437472,103.13940754057802,36.15450256063728,1.3491511644034069,1.7691799476917773,1.887554462623257,-0.7876626319180429,8.298336520586084,-4.954284116390966,2.4963005482118508,66.44619317395421,5.001514057249695,-12.189736927925411
