,Az,Ae,Kz,Ke,Cz,Ca,Ck,Ce,BAz,BAe,BKz,BKe,BΦZ,BΦE,Gz,Ge,∂Az/∂t (finite diff.),∂Ae/∂t (finite diff.),∂Kz/∂t (finite diff.),∂Ke/∂t (finite diff.),RGz,RKz,RGe,RKe
decay,458330.58647958393,54508.99023948448,1780599.1948620651,98609.32553486648,4.855837450358032,0.23095727072068106,-2.0657973893542816,-1.8456581608922888,4.9620830474143345,-0.5115273581072487,-4.29110864177122,2.165484600627786,-69.15905222216102,-76.46735468533322,-1.4750413222283771,-0.5226555556744701,-3.4654376064030217,0.7881360871573664,-11.176361386022009,2.0514420309838473,-3.340725932738644,-9.67529280525454,-0.7769519863483547,-0.3341817981059315
intensification,379360.53242808604,84572.27092151831,1206063.825381656,150166.7419130531,7.463825248913341,0.19583597323345067,-1.8499008315019232,-0.738227058263316,5.772981114000294,-0.4948465326119562,-6.2787508547658035,1.2286945046955453,-53.58164124066317,-53.867309979095495,1.390751268804266,0.19679839292420706,-2.280665980208378,0.3959584694924106,-16.11345447051357,0.5533377262485576,-0.39398587206188057,-15.448628033159183,-0.04325802939239998,-1.7870305516855947
decay 2,166677.56110094592,54427.34070283324,574574.3213840162,117459.17997347092,2.336617067210461,0.1702036610390019,-1.4909518662663308,0.5234265651537015,1.8509883448027848,-0.14606357918997312,2.750244067868687,-0.23743977192056454,-20.023647866516185,-19.82918436631128,-0.4154517354974639,0.005966598689029979,-2.216468205361251,-0.4843859764356001,-5.659380703803917,-0.696409918092095,-1.560635821914573,-9.255289972616735,0.014900506869072527,-2.4733485775915627
