,Az,Ae,Kz,Ke,Cz,Ca,Ck,Ce,BAz,BAe,BKz,BKe,BΦZ,BΦE,Gz,Ge,∂Az/∂t (finite diff.),∂Ae/∂t (finite diff.),∂Kz/∂t (finite diff.),∂Ke/∂t (finite diff.),RGz,RKz,RGe,RKe
incipient,406340.19955560664,349429.9568411386,2522249.232385551,366110.07855870744,0.6494106121429978,0.3864613241749349,4.741197721366945,8.591657231484001,12.360939030980548,7.645384973215197,-24.3308404815173,1.6887764100540836,194.40454916943938,254.39409491147697,0.3623340184991725,0.05175423965546363,1.1771962388790322,-2.785995386829812,-2.231097457639938,-3.74094635846586,-10.147870855783582,16.709134690367417,-2.2261844527359407,-9.280182278637
intensification,433458.71868958423,182488.3424687716,2244950.68116822,357470.18417041155,-1.1239406067014215,1.010866529173134,-4.249368719159975,8.395005634542866,14.154287636490354,-1.737801363910217,-8.514123793018841,6.543867870606037,12.952296527974726,-34.31603903317763,-1.7422115496592723,3.9345459638838816,-0.8451005813600808,-0.45278365804713694,1.1608155497321273,3.1215826217171783,-15.11246229537872,15.048248668612368,8.669156811232813,-16.0666596025917
mature,234915.01629634053,91579.71392026106,2247667.3130596853,772341.8144983479,0.8195493901217656,1.0745411160913734,-16.002928733645593,3.5228085206041913,2.5610567707714633,-1.7455653848005483,29.865757720786526,5.434707821337858,-145.75019221150507,-265.28985831525983,-0.42991756380760127,0.45925165253523004,-0.9431987664322357,-0.9296204769754377,-1.1409776472481639,2.643369873061837,-1.6101650309905604,-15.823356024510858,3.2642123123379285,-22.317075202525807
decay,327681.65538093436,156195.4614073039,2443922.702503872,953778.6305127078,1.5874474732862742,1.6238019327766033,-43.35663811077436,1.4781173452403276,-2.6976601739303177,1.7901507463756896,1.588926536163702,-22.339921089507914,106.00692505855532,5.994446099290737,1.678223573402757,-0.9828350997927596,1.7080160998075413,0.0656594553075483,8.740525560000838,-1.8895536908550095,7.616925679800736,48.92078966132522,-1.8701758786044165,-24.384388057361786
