,Az,Ae,Kz,Ke,Cz,Ca,Ck,Ce,BAz,BAe,BKz,BKe,BΦZ,BΦE,Gz,Ge,∂Az/∂t (finite diff.),∂Ae/∂t (finite diff.),∂Kz/∂t (finite diff.),∂Ke/∂t (finite diff.),RGz,RKz,RGe,RKe
incipient,1007536.2227348763,195787.5571253729,2770607.91038958,353023.5023776858,1.7070534397168569,1.0113729042240456,-9.701564010487395,2.834100599921778,4.503539640073623,-1.855479523258542,-48.59114917150979,10.205500771993831,239.5902731184309,78.79398236353988,-2.6399150781332072,-1.500914633916658,-2.226172219386258,-3.755978438217723,10.972913514419815,-1.878702052634235,-4.0112855155189795,67.55857325670014,-0.07777121926144881,-24.61986743503724
intensification,546894.0042304023,187688.92432640892,2483014.189328387,549886.9577927734,3.7798386052441444,1.4977368234212591,-0.6794347621663324,6.82302454072836,0.5678475806698111,-1.9222247524847944,-19.416596672156146,20.380301044772338,47.71171504268988,-16.29621383179957,2.8087386248545005,2.3549018529097347,-4.988684728553409,-0.012405614317442137,-7.756687628945244,2.7481019501082273,-0.27895688055781587,8.559505200133088,7.235106855474454,-25.134658397558805
mature,83148.9566701273,58076.47628109198,1210925.730025549,430011.7396678393,0.8953128476555559,-0.2815617832606229,8.97194996607822,0.4861018335521388,-0.7355598303086385,-0.8160741874742696,-1.3679999302100787,1.3146372311854135,28.330334422344187,-8.131075177667151,0.4418414723074596,0.9666776546028715,0.1288510149263086,-1.6992731449822411,-12.088693804877266,-5.729854480993237,1.4781619096298797,-20.587956688400965,-0.11553534069520995,1.4413564203474303
decay,127927.68671732358,38926.38977933153,1938476.193999801,228898.35806492253,-1.0203582464659888,0.046625578224502744,0.11253678861161373,-0.001965661344751606,-1.2136926865639444,0.05710187370876135,2.8332883890036293,0.6284015501842795,-30.288202417560576,-31.864149900025087,0.07165290340195851,-0.04395881899543725,0.19965424222242162,0.08128784512249754,2.2436391848619355,-0.1742071845587454,0.4396142605448806,0.3181722537126794,-0.0244052681555184,-0.6881062847866599
