,Az,Ae,Kz,Ke,Cz,Ca,Ck,Ce,BAz,BAe,BKz,BKe,BΦZ,BΦE,Gz,Ge,∂Az/∂t (finite diff.),∂Ae/∂t (finite diff.),∂Kz/∂t (finite diff.),∂Ke/∂t (finite diff.),RGz,RKz,RGe,RKe
decay,566599.1099972798,237713.2815878647,2014404.2815682094,208113.1440128753,-1.8533313715137696,0.4742060954184388,0.415137622054393,9.312498627563448,11.440239673377276,1.2852753418213987,0.18073109731652792,4.791870958586968,130.50103092652193,147.6232698755007,-0.06194145162339212,2.336500702168223,3.3590776591824962,-2.7669274596337505,-6.460793521932817,-0.551703730500954,-9.460287290290111,-5.203330869789968,4.786089730689862,-14.24093569459698
intensification,527844.9627179039,205831.67089818208,1852667.6060192082,213556.82089457946,-1.0469315434389015,0.7332760682456725,1.442221711612632,4.486040409716217,7.659552333380878,-1.142924511423296,-2.0422610248124533,10.307886325454188,98.79138150642694,133.5087763407657,2.2576673914183467,1.6367509300355896,-4.898679075276835,0.39836005799198126,-4.504061777712859,0.7977095495974316,-12.87188688385094,-2.857090921074135,5.294048910885823,-12.553995473960343
decay 2,466521.22583177965,186982.82751567767,1638704.7923746058,249670.17540779972,-8.084051584658043,0.5455499732406888,2.2937094873720656,6.130752384708448,4.6277512747360845,1.251464805146413,16.803545652125216,9.669345100118468,52.34994521009164,107.32551739456659,-1.4453848195673513,1.6875348127426624,0.23116529844393607,-0.8039403361563008,-3.8131401968729266,1.0623326101671675,-11.935087587709502,-14.826343751712166,3.5297972701650457,-12.444055387287683
residual,490210.5710004171,168550.07314813856,1634096.4222899107,272108.1445544043,-9.163120038759416,0.0629114238113616,2.635325279221293,4.244408944600156,4.490571937917865,2.7403377910182343,33.28217121930595,10.450011734981032,0.2952504058676197,65.40512345816941,-2.7283240969242706,3.679052716312666,0.905048273503969,-1.093060314068719,0.7127970899278255,0.741808930202134,-12.685732279361952,-26.04157936984,0.3480994157018413,-11.31728647015776
