,Az,Ae,Kz,Ke,Cz,Ca,Ck,Ce,BAz,BAe,BKz,BKe,BΦZ,BΦE,Gz,Ge,∂Az/∂t (finite diff.),∂Ae/∂t (finite diff.),∂Kz/∂t (finite diff.),∂Ke/∂t (finite diff.),RGz,RKz,RGe,RKe
intensification,513794.7595766225,175906.5135519267,2406563.3640865,315185.4503420545,-0.0110560697143801,1.7057031128175149,-4.80157469343622,3.4022832950386865,15.008595479149127,-2.039445245151867,-21.83175912038514,4.184422985751067,98.57450939350959,80.7874721746636,-0.16012251858512355,0.8306641388263771,7.4842619911242885,1.3574354562689774,4.962348592126581,3.034745459851918,-5.829686444921706,31.60673847566232,5.093460883642016,-9.353535514374057
