,Az,Ae,Kz,Ke,Cz,Ca,Ck,Ce,BAz,BAe,BKz,BKe,BΦZ,BΦE,Gz,Ge,∂Az/∂t (finite diff.),∂Ae/∂t (finite diff.),∂Kz/∂t (finite diff.),∂Ke/∂t (finite diff.),RGz,RKz,RGe,RKe
intensification,1021901.4567499147,185842.29923152502,4553244.172631376,370444.0367112044,0.7436796048906142,2.5380115649934916,-2.702541954997811,8.612648797878544,39.354833746746806,-2.140540833831707,56.116568978913485,23.819237227792744,-70.98544315719282,-133.42318214338223,-9.657148014057244,-3.5667755697928487,-10.177713395926974,0.34815488829485775,-31.692665489456882,5.82037003133352,-46.25085597278967,-85.85037211826317,8.563332955011617,-29.31405794933558
mature,812317.553233156,202976.46991184264,4135939.853791504,486215.63586314564,4.012636600825555,4.096369071076843,-5.815560064063503,12.001919291092959,35.99555783835167,-7.288059215443175,-24.11297236186825,29.73275925841041,25.761151079258312,-42.44858404726007,-3.294124285870404,1.7819646522007906,-8.011621045807992,2.6905578626393316,24.69182933298676,-1.6815449424816173,-35.89817321225727,50.607725158092954,17.88416729809862,-49.23178355604849
decay,588204.6204221096,299120.7444168549,6321775.057624754,339100.23175645946,0.6775867348352617,2.5612703217175836,0.0938800315760789,5.424986056696838,27.186479294493623,-6.0096988147492585,-60.635774324435346,19.289322389265617,302.5909090025982,204.0757295363001,-1.7953172298805455,1.6311048944586386,-1.9692637962294635,1.159089169535535,25.176760748774015,-1.3140613172483913,-25.916886034170247,85.04106830679801,10.032503719264048,-25.93448973163477
