,Az,Ae,Kz,Ke,Cz,Ca,Ck,Ce,BAz,BAe,BKz,BKe,BΦZ,BΦE,Gz,Ge,∂Az/∂t (finite diff.),∂Ae/∂t (finite diff.),∂Kz/∂t (finite diff.),∂Ke/∂t (finite diff.),RGz,RKz,RGe,RKe
intensification,304996.9654917545,212870.82860970887,1909585.1645757738,456369.5096651361,-0.9050594213554402,1.7198039061267807,5.812471063982473,6.643814395126182,4.138390495909837,-9.46325034608375,1.509684561690981,5.979107781735006,62.41729107477183,74.91161915221409,-0.0018960360163828404,1.5344236878007231,1.1952558431447569,-5.491960465694855,-2.1304354611316643,-5.057303365833372,-2.1283901679937403,-8.547531665449679,8.895300369388298,-11.867754478712088
mature,346196.87222364673,82768.8438855513,1647724.447186037,378922.8181837741,0.8590236060873471,1.4461648837386523,-10.575437880374366,0.49661101771962884,2.164062768335063,-3.2553740020540167,-13.451613700346583,1.6838289813534688,56.54707960954374,56.522651419388325,-0.7347792663453032,-0.4822117447599119,-1.0098824367648949,0.9585345042415471,-8.383998762557676,6.586566439350933,-0.8687567152739587,14.784029212075923,3.26435464027654,-6.1693114400965285
decay,389976.9407205513,148164.20851865778,2115472.1838315986,383558.6909222793,-3.3302839772620616,1.125108864805991,-9.692159768678945,1.6375396856031372,-5.159831990081268,-1.5879000728565746,-22.162682781728293,-8.887873093948485,154.09283727792135,135.77062390361408,-0.13454230961785923,-0.21579338406457732,1.592696180369742,0.16868021017710097,8.89282639392662,-1.6866687738494317,4.54735305799494,44.07795292159592,2.2690111038308216,-4.128495134183026
