,Az,Ae,Kz,Ke,Cz,Ca,Ck,Ce,BAz,BAe,BKz,BKe,BΦZ,BΦE,Gz,Ge,∂Az/∂t (finite diff.),∂Ae/∂t (finite diff.),∂Kz/∂t (finite diff.),∂Ke/∂t (finite diff.),RGz,RKz,RGe,RKe
incipient,568091.2722219,189035.723403332,2033408.0092406725,267786.672597395,1.1376241428070721,1.4277662221690535,-1.6526262411738941,5.632419514930929,2.676683796305451,0.2550996229385399,-42.07279657280688,0.9062395440044804,80.76881706770084,52.589058821158574,-0.17917326410141926,0.7044608700136817,-1.0662473820891627,0.9489288329789431,-4.024234141931412,3.5640863393611824,-1.1775408134184882,38.563564529242285,4.898482502802278,-4.627198960748121
intensification,411166.0999651331,189656.50469305375,1950228.8146105364,292858.14371264755,1.7598442353859796,0.7605551705524192,-4.4608826920643825,5.031045781705997,2.112612420278384,0.5331011535880782,-22.391799271336808,-0.8858998971821184,27.435249955462968,-10.958083900934659,-1.4547586066647251,3.260795418088681,-4.705725921447177,-0.32431805193711893,-3.689711740866879,0.5520928638232896,-4.297938935787163,21.403125987148332,3.41307140562838,-8.053935712764972
mature,187769.85885490142,174292.89856044188,1596089.4291309647,345566.59529006254,5.086464571662309,0.6176261778106097,-10.936070327046068,0.5055358970221376,1.4568717561082896,0.36159498109449606,-0.4953044215943727,-3.4299199414735035,5.157797036267984,-35.40864420257222,-0.7951452914626468,0.09419285033362639,-5.273299021232206,-0.28823393957207527,-12.558507505759609,1.9072751830231216,-1.0260800278675761,-6.213597328781479,-0.7619192014550435,-6.104411099571581
decay,51243.976977564336,203768.54165740532,714868.5719188212,553448.8391383204,-0.3508923785257827,0.4102651209103582,-2.3560537050710093,1.330086450580337,0.6534815051963173,-0.4423661704625811,-1.9365621048355288,-0.2696681234421596,-20.825388859843844,-20.682086071477414,0.04811335039601895,0.013505524819300164,-0.24896095584129754,0.1336966268647232,-4.486063850788617,-0.8233114893420472,-0.8430697186530395,0.15744433764370508,1.4958841269972831,-4.239783521551234
