,Az,Ae,Kz,Ke,Cz,Ca,Ck,Ce,BAz,BAe,BKz,BKe,BΦZ,BΦE,Gz,Ge,∂Az/∂t (finite diff.),∂Ae/∂t (finite diff.),∂Kz/∂t (finite diff.),∂Ke/∂t (finite diff.),RGz,RKz,RGe,RKe
incipient,1835077.4549981523,164747.15284804624,4844118.909859852,303720.25468051195,12.0801576765182,3.3750644669739764,-13.763949885537736,2.4954126360554003,5.889354900883454,-6.339654714779144,-0.14924232765970213,0.7357921860884208,-79.560019250389,-217.65014914310265,-2.0620453059225796,-2.6174975257953648,0.5242034377181474,3.630203155817425,-0.4414968758968805,5.44922433393025,10.09007068032687,1.3915376607823593,9.090206039677993,-11.54593037375131
intensification,640411.9831336811,576059.4522494606,3918945.1355221225,835215.1298839654,3.212264323305367,4.86288965781586,-9.450020710904747,16.01519626672443,6.84807683777668,-5.835524749953432,-36.842204677768386,10.92146422676391,173.0572381612665,119.12319107850901,2.4635676156966677,5.279061351253558,-10.288199923635549,1.0983394329629899,-8.086925555372455,3.8691812660947997,-9.061122780291003,34.993035509995316,18.086170791824998,-32.51749993829829
mature,121386.05544716245,199562.3600901209,3043730.614749164,731483.8322280151,0.5559054944328594,-0.26850255201411427,-10.303054236143135,2.9859030999713863,-1.8817096152491857,-8.249049463321693,-39.93254139771763,-22.23555338860005,256.3067126555983,155.94698002085767,-0.5610397659696194,2.4712909532913825,-0.3308345300080163,-5.939085982367367,-6.976208450870535,-12.498488684011294,1.8382780276599142,42.70348168855737,5.564369132939829,-3.551892631525763
decay,702965.2632852987,42101.370984720146,3176983.145105488,115526.84444734656,3.3988349229538883,0.059594616584608275,-0.43555070357494846,0.6550449880297821,1.9427154762912493,0.553281934322262,-1.7476293735734976,0.004175317973001211,37.19246546169436,-40.53359613294892,-4.107954694904202,-0.4051795743129685,3.6944698570977756,-0.19003554970348568,-1.2739588779638336,-1.7059161504553642,5.210183920345022,-2.4896137237692755,-0.14786711258057392,-2.800687160033096
