,Az,Ae,Kz,Ke,Cz,Ca,Ck,Ce,BAz,BAe,BKz,BKe,BΦZ,BΦE,Gz,Ge,∂Az/∂t (finite diff.),∂Ae/∂t (finite diff.),∂Kz/∂t (finite diff.),∂Ke/∂t (finite diff.),RGz,RKz,RGe,RKe
incipient,481956.4250950466,227447.87758461083,2704457.664018743,388610.67746923823,-2.1697323250808362,2.1580665254644456,-13.3506840626584,3.731305816398907,-4.463212120362953,-1.4413440383776515,-19.808914370295582,8.318214137518341,184.71872422485058,118.77667297839223,-3.0055992838435617,-2.6583996056704415,-2.305372856120566,1.224430189180091,3.2797426481091527,7.969022008206218,2.1461734646259965,38.60907340614397,4.239013518492205,-17.431182008369433
intensification,590138.7748550697,409861.49459256325,3932501.671327,669793.6974879694,0.8167813482687357,4.420962911135713,-20.98597652826659,14.695828801093105,-0.1743072208579436,-9.63547725276045,-30.689252122809204,10.230272090852798,236.3107141765803,173.5567692848281,2.3977275017550226,5.246862375455191,-0.6949358390903049,1.0375997579131937,14.14083104552212,1.2662916637378625,4.717115641172087,64.99927834832917,20.947942900631034,-44.64578575647462
mature,278231.3244418807,147820.6081609467,4071208.791778821,646287.9472785068,-4.295477379582775,1.5229218256434873,-10.10854315232791,4.494230476700522,-1.3736647977401493,-9.061805061199168,-7.234095731052878,-8.296197584089061,173.44701506614575,143.56218657079035,-0.33053967064311707,4.748096202110323,-1.8453503603560828,-4.067942098658655,-13.220449299534836,-2.025972434190767,-3.2442411165552207,8.417666963428728,7.9651716135975485,-8.332548479130136
decay,327819.7331594469,59751.29870625392,1959383.3481248948,216445.45385187556,2.1224615223107803,-0.044802718397526635,1.0341668087087683,0.581685410129084,5.809052309976005,0.6000308352389119,-4.879370447778767,-1.158267288407517,49.268268311419774,68.30268540483922,-5.402192143659214,-0.598709579617391,2.7929238472896096,0.12234843144276604,-5.9415485747033685,-1.161649878246779,-0.9384696587731423,-4.218806457944147,0.14880572473046477,0.44909880874042213
