,Az,Ae,Kz,Ke,Cz,Ca,Ck,Ce,BAz,BAe,BKz,BKe,BΦZ,BΦE,Gz,Ge,∂Az/∂t (finite diff.),∂Ae/∂t (finite diff.),∂Kz/∂t (finite diff.),∂Ke/∂t (finite diff.),RGz,RKz,RGe,RKe
incipient,696050.1919253626,404930.66330467793,2237843.596325995,483712.6212115932,-7.519270668422354,2.8108538353141888,-9.172654792168565,4.536102214281482,1.7920662222980344,-4.113692870084967,-0.7121596166560543,1.0786726848143593,78.00111789694944,19.543052232445675,-4.658712672083143,-2.6249318402154795,1.588853574300197,2.3657208563707393,11.369229541445327,2.6552006713552814,-4.9116294811060035,28.773314618692297,8.204662105422997,-12.132229019909124
intensification,362412.2260851165,302134.46854387916,2747021.664804932,492525.7658529567,-3.991869726717572,2.5661065007589667,-7.818621979198807,7.846644858659621,1.606666821332099,-2.3728805531715977,-16.44555751079566,3.59385446149501,200.86345409318338,180.1796142986197,-1.5906388234068278,1.7691411257954772,-2.785535872861773,-1.2749725409274355,-1.5209730527943772,-1.736038919661131,-5.817965920152478,26.73507616391765,6.378446370144816,-20.99516021901457
mature,192463.80039897864,131383.45508975847,1809081.4242686548,154053.12531081928,3.778432696977319,-0.15847099399894138,-2.1379216932643166,0.5542749276651319,1.654165963952534,0.41805195561984004,1.6992669411543346,-0.8200096051853418,120.20064203018936,115.81551437229457,1.1948974580058858,-0.19621460688372824,1.6841532369155847,-2.300383390592065,-7.503775492547566,-0.5852524575253429,3.6499489759414288,-10.843553437414904,-2.005689424547832,-2.4574394732694493
decay,249074.00428050244,53980.74844804718,2832703.2345977095,96405.65999238016,1.2120110565406699,0.10905019284652193,0.13362059827875744,0.04417883528407492,2.47480396265719,0.37713540596428535,-14.699823202001943,0.7996748821912899,-88.81070091494146,-96.81094831415774,-0.654941846027837,0.18333949439063996,-0.3430169482451998,0.20950352643406908,20.58225332812927,-0.5909461216271474,-1.4967596615151981,33.936444875311786,-0.23250323709266313,-1.301179240823755
