,Az,Ae,Kz,Ke,Cz,Ca,Ck,Ce,BAz,BAe,BKz,BKe,BΦZ,BΦE,Gz,Ge,∂Az/∂t (finite diff.),∂Ae/∂t (finite diff.),∂Kz/∂t (finite diff.),∂Ke/∂t (finite diff.),RGz,RKz,RGe,RKe
incipient,161776.28834880656,122356.47312651388,1819179.116338489,226815.92898777203,1.577186593621042,-0.0458824408349346,-5.017598920934892,-0.1563269635993358,2.292643980547419,0.2645638315058719,-5.024066857376932,-8.660751254454906,43.8804818767304,58.486915059797965,-2.626360973259142,-3.2333649196754024,-0.5839573309485045,0.1660028910201651,-1.0472296268990504,-0.5932702955879682,-1.345297158709816,7.417249557791731,-0.2090054632501079,3.2062090015313824
intensification,141067.14036868795,87283.281267481,1982539.8526877447,192691.9594614366,0.22315736585927415,-0.03287786609796753,-2.5318426130931453,0.617389829685154,-0.16467007320718696,-0.7914470164846578,-11.878449170371058,-5.527264103533709,79.48618941205616,95.59125523845722,-0.1714899484350294,0.1503516037109144,-0.11001962284953544,-1.085044588305418,5.379973274728738,-1.1494571955192041,0.2449299501189582,19.567107692333668,0.35667012396236125,1.228574465236206
mature,180400.3952571059,50872.18451877512,2305703.583232795,134588.31531279808,-0.1667517101239851,-0.02117406592569125,-2.2246118790480693,-0.09793110563107524,-0.316371605321476,-0.017009146743857756,-27.016350813752382,-2.7275713637597536,107.18673780321312,126.59984489266397,-0.5088596675744665,0.0792694624383715,1.957317456820247,0.02496903217457054,9.265656146139818,-0.6783696869787699,2.085763286092047,38.67337054906426,-0.034778860786955745,-0.0774790966360106
decay,289020.2319101409,77719.02061686266,2982106.709251108,142278.01847252192,-0.737718592079382,0.048806079144834084,-1.0080340794767688,0.11418815317295834,-0.07459967077285697,0.6825863081401509,-10.962901696487807,-1.4766497163336418,142.40346301126604,167.50697829461953,0.057898277572976456,0.21927812351804832,0.9401250378256466,0.36820045758522546,13.010645013431372,0.36778764354436677,0.32581219566395564,25.71929938147533,-0.24900377652680114,0.7222151272282807
