,Az,Ae,Kz,Ke,Cz,Ca,Ck,Ce,BAz,BAe,BKz,BKe,BΦZ,BΦE,Gz,Ge,∂Az/∂t (finite diff.),∂Ae/∂t (finite diff.),∂Kz/∂t (finite diff.),∂Ke/∂t (finite diff.),RGz,RKz,RGe,RKe
incipient,150946.2899398389,169217.52967576336,1257036.3671631587,276880.1949770208,0.4849036897568375,-0.11493581582424757,-0.3055991402358342,-0.49491813029318243,-0.8580046578798491,3.4457081881325458,13.863342461929554,3.37114663890409,-84.09636883386962,-102.97827075833469,-0.5770665955798441,-1.560648672187294,-1.093979354775456,1.9928143296133396,2.4636388147332817,2.031229991918096,0.1339931770369834,-11.579008196717274,-1.832876172988141,-1.1505976569286462
intensification,119527.69235030671,297983.7703544515,1155082.43816183,324857.5879269683,1.39324673402646,-0.3861520055780291,-0.4807598225488016,0.5204139804746456,0.6910466693816641,3.052083203263135,2.7294399120346653,0.8120420249864146,-46.17698410818879,-49.321689529245,0.07806661636984741,-0.13421154886519107,0.09586824592439344,0.5286594940272296,-1.331271034936963,0.7593806137735061,0.41191630499116005,-4.973197858449287,-1.6168577231832306,-1.0538352142363556
mature,166023.78098726537,172100.56079973897,1266628.9358649638,367160.8531638099,1.8501222638565349,-0.788105282380382,9.988636500367724,2.0686107844368413,1.689695443960324,-0.45107424550462677,-10.45082715962265,5.048783565683092,-14.217304668888053,-15.503825470958517,0.3962335959830685,-0.4009738335400927,0.8151429277090217,-5.054069002123857,5.347507082643396,-2.281063342776412,0.18746446522485072,3.9595754780417884,-1.7462786898020066,0.590178807471378
decay,151839.10504299632,126955.51211272686,1179288.8030392567,348811.0313629387,2.4433079845339107,0.07012294029535276,-4.0565945552462255,-0.2445492466170907,1.6257970650373612,0.8995884962011402,-4.136132981865533,0.21578802457163268,44.37409911754882,8.86276330417351,0.5758209665039455,0.5863020866420101,-0.5209373222224267,1.1479856205495977,-8.484992429352452,9.726668703977765,0.3666965375694756,-2.7355728767746075,-0.06627506256398619,5.698835370776998
