,Az,Ae,Kz,Ke,Cz,Ca,Ck,Ce,BAz,BAe,BKz,BKe,BΦZ,BΦE,Gz,Ge,∂Az/∂t (finite diff.),∂Ae/∂t (finite diff.),∂Kz/∂t (finite diff.),∂Ke/∂t (finite diff.),RGz,RKz,RGe,RKe
intensification,531328.0237138631,137428.76307774987,1711919.4442761391,298159.7592323232,-0.7923495963811821,-0.018167438808266205,4.738540460094194,1.2606730991502701,1.6188998577557683,1.146780160787195,1.3085356037333724,10.186606743838684,34.0811067577041,47.06895793418407,-1.9239671050602432,-1.794536250996631,-1.4488016410596838,-2.654959347991207,-5.321832208082673,-1.9826828437620052,-3.8782185340049002,-10.576558675529057,-2.522898970819866,-8.691422226656766
mature,397807.48414348374,42963.00454360708,1258257.6969524417,206878.9328792303,-0.9319492109421372,0.45156673242331113,-3.4532079258905606,0.8607517262898309,-2.4352619301183287,-0.08762397763398949,-19.512684756826534,6.555654580578732,49.98080823726876,61.58353443669446,-1.1852642267183644,0.09445242628378,-3.362587179978183,0.2716096222940771,-10.290118549666282,2.5440004974091828,-1.40770772837868,13.607723343992948,0.7684185937945862,-8.32561373534994
decay,343704.53637467563,73738.56289565703,1006296.4401762086,378165.87160647364,-1.5584418095629686,1.4388105109747436,-9.01398044511928,2.04195921406151,-3.691729076469803,-1.1426624656068465,-11.330159388800476,3.514625930015255,44.515907851115685,39.595654926854095,0.2187149048778792,0.5087949639408096,-1.797981515380521,1.0345720257186046,-5.588885469524622,5.848327955650221,1.7741162625010571,16.313696173958103,2.7803831944122175,-8.722237633545825
