,Az,Ae,Kz,Ke,Cz,Ca,Ck,Ce,BAz,BAe,BKz,BKe,BΦZ,BΦE,Gz,Ge,∂Az/∂t (finite diff.),∂Ae/∂t (finite diff.),∂Kz/∂t (finite diff.),∂Ke/∂t (finite diff.),RGz,RKz,RGe,RKe
decay,141652.3134441166,52509.34874176672,566607.8751852517,143171.5531283613,1.772082821693856,-0.10097231832972636,-0.03494900928839875,0.7291976622398161,-0.4544069781998974,0.20834270260142512,-1.7958514991512686,-0.38923130582830123,13.83409834681955,10.316570309051869,1.649008197742327,0.8395547547068204,-0.7839497987265742,0.19921307085954687,-0.17558853766833754,-0.3596108531371639,1.3415676828374528,-0.11687085092252669,0.8210403488276643,-0.7345262188370776
intensification,101154.67980025879,46713.94368609524,539317.5446127057,151542.92295332748,0.12062434308784313,-0.04932918076503082,0.030300402990252485,0.4727984699747161,-0.34954980056214807,0.016882429533776423,-0.24857976233163165,0.13763445955314862,10.106723608721547,6.790947057698719,-0.3201004533052584,0.8032475324829722,-0.1803920259827208,0.2723979040149734,-1.6880615874710159,0.34147325857013466,0.24045293690223962,-1.5904065712174797,0.7776431252209439,-0.23865926796747763
mature,90507.79362448413,63182.91393686495,430359.3866352225,163056.34807595948,1.3337954617746706,-0.19304446697925853,0.44943241968941383,1.0139290517546962,-0.3657796852905227,-0.027090348483628048,-0.6895504190705204,0.04955840326947845,8.77159917726357,8.156294479685883,0.647952357688038,1.3042704740978333,-0.8099630928177268,-0.40660243102114546,-3.371130530991975,-0.2420970848350124,0.6965675872682078,-4.464807993385538,0.8274614361964374,-0.8561521201697732
decay 2,66729.7826492051,54457.47069856759,550351.8294278655,130928.81794257232,0.422718826050432,-0.1843771044170687,1.2640695655620366,-0.3353958870529186,-0.7960163388201207,0.1907819722972467,-2.7163606889638765,0.1560389251146044,27.297476773717435,35.83493127238863,0.4862726046443107,0.19127198262703152,0.1519854472492442,-0.09756037661920729,8.054187483334621,-0.11499968491218555,1.186343507702728,9.083759780686028,-0.43936113155230394,1.3284268425881653
