,Az,Ae,Kz,Ke,Cz,Ca,Ck,Ce,BAz,BAe,BKz,BKe,BΦZ,BΦE,Gz,Ge,∂Az/∂t (finite diff.),∂Ae/∂t (finite diff.),∂Kz/∂t (finite diff.),∂Ke/∂t (finite diff.),RGz,RKz,RGe,RKe
incipient,1098103.3911749348,137657.2331492246,3347319.346101053,261695.78215107712,-5.819562233733349,0.7615344947362717,-4.638216324213459,2.2184273646940924,11.303370752446495,2.494607342982747,-49.03776200858475,12.428485938198753,51.458087177614615,18.34890566542697,-8.767972810667569,-4.408454335470407,9.204450280980607,2.56258470072321,27.39596915084808,4.567119081093492,-7.156948210462967,86.89150971737965,1.5248702276982835,-14.71801054601281
intensification,831475.3541375044,201416.9202178047,3963989.590568253,349282.7450521409,6.273824595286955,1.2682741112025473,-12.190458669654621,4.071059894073985,7.008063963788479,1.4869177107017848,-32.69773750352498,2.2324284524055935,102.60285414068531,-6.012084134782403,0.40851846675193143,1.9590552204148075,-5.674743727520566,1.3768613514228238,-0.006044601885976577,5.117472451767597,-5.140708984819543,38.608326976006666,2.6927294235924752,-13.376474564366601
mature,556022.950579331,332468.9705839165,3273973.9739117436,992540.0113405215,12.177913389294314,3.444273800229837,-47.28656744085618,8.137636503364165,15.815080040735912,-1.4306743265492539,-39.91654781060988,-13.68972100674392,244.61258332318954,113.34725382493488,4.252308055815762,3.5624091421721866,-2.727729951377855,4.6000605826301335,-23.773174707082937,19.38364439441728,-2.920622802589615,51.252027155088804,10.724097612313713,-22.35083854305914
decay,513279.48746591667,455977.8548818133,2644508.906967654,1439378.301012267,16.29535653142569,6.100419473484726,-64.4955542625664,15.832339058005651,24.587777142841162,-4.051577350083706,-37.127276886973966,-23.759109499638498,211.8087171258869,100.91067581896684,7.01540910117071,11.582992874823685,-3.8193869516930192,7.2496637716716705,-27.928949972887875,23.12977912517686,-6.011388089623768,57.3985246452268,21.033160706276302,-33.439004695756694
