,Az,Ae,Kz,Ke,Cz,Ca,Ck,Ce,BAz,BAe,BKz,BKe,BΦZ,BΦE,Gz,Ge,∂Az/∂t (finite diff.),∂Ae/∂t (finite diff.),∂Kz/∂t (finite diff.),∂Ke/∂t (finite diff.),RGz,RKz,RGe,RKe
incipient,244484.1850167599,72810.00010165235,1839633.3797466035,139191.59555332505,-2.088649777082462,0.03749378475267776,0.32741730010594455,1.5827682430283139,3.6333899074915323,3.0379550948805014,-19.77360854549654,1.0495833513033566,59.64076143300488,73.7433019467791,0.4217217635543306,-0.9446622201562523,8.570436992309729,1.0021603357443847,27.7996812129881,1.240675360502083,2.8858910924884102,49.33452223546116,-0.490520300860481,-1.0642589337236428
decay,457907.8411154092,63630.996094499664,2308356.008598888,127711.74789848458,0.7582440157240926,0.08376560270354504,0.5488776824892879,0.887347977241901,9.404383096391193,1.4269702132136841,-6.94427052715076,-0.6112260682771155,20.33220141468947,47.46358998119258,-0.17684635278378927,0.38101656366566533,5.737825855868192,-0.9105230449466809,16.690859189888688,-1.1991548209357652,-2.8245476220953623,22.32800801882607,-1.5339108836220092,-0.926399047411263
intensification,659771.9646210975,57274.13814267237,3162870.098916755,120957.75098462675,-2.531463841722399,-0.032530863044247696,1.087177134734362,0.04745463391525834,13.15740993699563,2.3498917387568286,29.212531922292772,1.4343866884116507,2.4450001436622246,62.3666770225797,-1.2668985924675482,0.2766402638276867,3.4462454989417126,0.4941543838703148,16.38375375402105,0.8380044509086441,-12.275159142820566,-11.384491461283687,-1.775751857927008,0.4433402633160969
