,Az,Ae,Kz,Ke,Cz,Ca,Ck,Ce,BAz,BAe,BKz,BKe,BΦZ,BΦE,Gz,Ge,∂Az/∂t (finite diff.),∂Ae/∂t (finite diff.),∂Kz/∂t (finite diff.),∂Ke/∂t (finite diff.),RGz,RKz,RGe,RKe
intensification,141348.69509812753,468540.89941601176,1676029.480653242,915018.3247646777,-0.8015977016577668,0.819878561852153,27.042709503763863,17.694189869942413,3.54997775998514,3.792641921959426,-21.368379361607108,35.41237426880998,42.4654713623218,71.73294994773087,-0.15708306303404126,7.597877750047807,0.3209820889802412,-5.65592688544631,-8.19734709901732,6.432033179091224,-3.2107148108105132,-13.070079539516312,7.425742500684524,-19.6318214558973
mature,150014.4238292749,188318.2094357573,1233567.7715640578,1058484.9683800566,3.4765263989302184,-1.582308019581848,50.695306228866684,2.6562387978418505,-4.297620537860866,2.639744716892319,-23.32290597355771,29.403243601220588,-33.74571563282774,-36.27781359098128,1.1065877197311542,1.015819628666578,-0.900475771411861,-6.051748839829214,-2.930880472492098,-11.314773039661961,5.291363145797376,-33.7798071267313,-4.452946739297834,7.321050790142283
decay,137009.9323395638,48257.070495850836,1476519.1227489335,325747.5969726593,1.5642361738137205,-0.1865497924529368,10.904833719870165,0.04592110580001467,0.546919511102557,0.506927618707103,-0.7676348787675038,3.3919476315191037,41.04608020988902,-10.421609410524097,0.3326981726029064,-0.10974840757340926,-0.2566385459033065,-0.6058229442413544,2.8767454072467182,-5.492724117381576,0.57412832435492,-8.824689607669658,-0.8802796646955063,1.9742408651694694
residual,201460.08640908575,95334.59204990709,1638264.34004735,127193.36775597051,-3.406799068254837,0.2828513465315262,-0.1015114709820233,0.419407182640731,0.6520251852415192,2.4794400447702327,-23.95702450117369,-0.49172795402947267,201.35859247496535,174.20875466226397,-0.8714897393184569,-2.0055305727857613,2.0073208909102656,0.6005284762624368,-2.25086597074084,0.13963892579291393,-1.7686520160545636,25.21446906966971,-1.7423557323985908,0.1104482261996321
