,Az,Ae,Kz,Ke,Cz,Ca,Ck,Ce,BAz,BAe,BKz,BKe,BΦZ,BΦE,Gz,Ge,∂Az/∂t (finite diff.),∂Ae/∂t (finite diff.),∂Kz/∂t (finite diff.),∂Ke/∂t (finite diff.),RGz,RKz,RGe,RKe
intensification,376721.55380981945,251004.53469299505,2115843.661224883,561287.8323928403,3.001138250555397,-1.9076639477682888,2.363736957000768,-3.2287047802155078,0.39135924550861795,7.1547219023076805,75.48587147449311,1.060000893642478,-141.117544582666,-138.78698375509958,0.5353903759768179,-2.2304893051266985,-1.2818345040474313,1.960670177420166,7.909765893800284,3.5771723942415763,-0.5797194467689409,-72.94098078824898,-6.515092557334734,8.109613237815374
decay,146415.162851791,319950.084010038,1869607.0284361413,493110.0965472691,1.0315865043795414,-1.5319436294860767,2.057570838540003,-3.9491114693053686,-3.393176811930804,1.1323695358541097,40.49418977317652,-5.587293818392919,-143.8126891763753,-127.2146261898542,0.2475595492390572,0.6015719081594179,-1.9012647693867397,0.39339425424190405,-1.4059195730526397,-6.142657469388113,0.9915549174375289,-44.98926668914871,-3.1561431214314974,5.451318656850176
