,Az,Ae,Kz,Ke,Cz,Ca,Ck,Ce,BAz,BAe,BKz,BKe,BΦZ,BΦE,Gz,Ge,∂Az/∂t (finite diff.),∂Ae/∂t (finite diff.),∂Kz/∂t (finite diff.),∂Ke/∂t (finite diff.),RGz,RKz,RGe,RKe
incipient,371302.2844486192,86531.14108320362,1425773.5361855368,198366.46129582633,-0.3182551061327836,-0.12202869800503198,1.4907456222391369,1.5862972306627698,-0.5510103140405573,-1.0339278015000326,6.859541211208067,-0.6986605327866822,33.7614570107173,36.271290707426985,0.6440658827051757,0.4159508060851131,0.10180552414913425,-0.9315224673838501,-4.571776466693379,-1.633078593961856,0.212532034051876,-12.603808194007797,1.8107312627839844,-1.0299696695988068
intensification,311308.8711843044,108945.61764408079,1335872.8724794807,120807.51404984294,-0.5826335732695832,0.0735892570286602,-0.32631768331255606,-0.5330477457778501,0.07678039565523011,-0.44208676999406643,5.049981780661175,0.748507360296306,-42.32604545557506,-29.710226074705627,-0.03025125786234495,-0.39222267515716175,-0.14222413487668842,0.5120447295943843,1.6052227911668655,-0.37928479933481296,-0.7280488467728414,-2.53580773291217,0.34749449678194017,-0.9210620971658249
mature,342376.959977822,116851.80084820726,1571351.6573394348,113842.25726230344,1.8529302799219813,-0.18127362338255215,-0.4036738250380711,-1.5176726663370466,0.8535095981284813,-0.398521427176689,14.641010059828753,1.9883420933919598,-85.09386846141203,-78.52448408161955,0.6248140579478486,-0.8264271792821147,-0.46827778925529523,0.07829790327181065,-0.6209880675933231,0.853555089810946,0.34986926915565275,-16.711254582305987,-0.8595797125059947,-0.020788162282038503
decay,242343.13121133286,170186.7793906768,1439123.9172863967,199176.08302332243,1.2426370724711635,0.2944965205615313,-0.2431128363992869,0.18615777049006615,0.195909422062174,-1.4991154678806724,14.482839175605493,5.833864057545274,-82.52351619956741,-74.01681310797329,0.09395360606365932,0.49938067626250643,-1.9279711679930058,0.2804820687436887,-2.766836537315401,1.9598466322173431,-0.5867469970224851,-18.249199948992768,1.6712587865528958,-4.303288032217284
