,Az,Ae,Kz,Ke,Cz,Ca,Ck,Ce,BAz,BAe,BKz,BKe,BΦZ,BΦE,Gz,Ge,∂Az/∂t (finite diff.),∂Ae/∂t (finite diff.),∂Kz/∂t (finite diff.),∂Ke/∂t (finite diff.),RGz,RKz,RGe,RKe
incipient,104959.9196452436,229178.21731771072,1550163.355081265,274026.5574164677,2.4709604659458644,-0.20023122527945011,-1.5054922486541529,5.454409718025372,-1.0355882200136188,4.34566460073436,2.9541153294768243,-6.356436436366695,89.9587392056673,88.36826478903303,2.0713736490187142,2.6445769370164327,0.5725055613023157,-3.301989753847168,1.8129307605892404,1.2426883231336874,3.878823021982349,-2.1066527861792963,-1.9930134112767057,0.6392227928208563
intensification,222109.73810729614,94640.35988769298,2836344.248701057,202623.17369246154,0.7231986949402178,0.14916257218668516,-1.1765278785106228,2.0900205740262603,-2.1242077778783037,1.558006028112043,4.9247600118055646,-5.057298587534081,118.3159523247141,129.53634099755,0.5504731869843209,0.956451307316894,0.6605517822647703,-1.1821932058816955,16.613791029776436,-1.0851886333082914,3.657120827269976,12.142360201541276,-0.7993412321541626,0.7055615016889073
mature,199969.93423669162,44679.455838674374,3703200.4203496287,152975.37257005903,1.2771988147775113,0.12643469304438226,0.7213459717265183,0.18289038559102905,0.7590795338606948,-1.9788817560577256,0.23803852887986565,-0.6277176502525033,-108.91851853382457,-85.82695176137531,0.978619141219703,-0.09371650785688601,-0.3936669560664295,0.0383476464919256,3.5669512168429494,0.23488546376886818,0.2508870178947693,1.330367901459054,2.0736850950962977,1.4010587001568608
decay,204495.9554579578,64022.07443203699,3835291.1557157035,167507.94787671755,1.7739834732039845,0.04664531457164028,0.7358944789639369,0.08439933639537026,3.3293272625791968,-2.9200898450432184,-8.006463332768071,3.2458722886981444,-301.9010954857674,-243.09161297135486,1.341295935967458,0.9776763155081116,0.660385779843489,0.9699631839216074,9.242222278416937,0.3407358075273276,-0.8483126949600835,14.738807659017088,3.9278070507885556,-2.2536413386022502
