,Az,Ae,Kz,Ke,Cz,Ca,Ck,Ce,BAz,BAe,BKz,BKe,BΦZ,BΦE,Gz,Ge,∂Az/∂t (finite diff.),∂Ae/∂t (finite diff.),∂Kz/∂t (finite diff.),∂Ke/∂t (finite diff.),RGz,RKz,RGe,RKe
decay,421988.51419770654,28095.63893026096,1700543.0789834373,93566.55493006895,5.321924831051044,-0.005480708655763058,-0.8875007475815762,0.2691694529942631,6.695071264979694,0.27530520800784625,-26.756993831329954,-0.5554474910588313,-19.4597237384314,-22.061528233618432,-2.015878217444942,-0.02855249093971296,-4.593617341236176,0.09604073913150979,-17.724355389924938,-0.09302778659802965,-5.972244483820587,4.598214357935547,0.09538569277368966,-0.6942504961150375
