,Az,Ae,Kz,Ke,Cz,Ca,Ck,Ce,BAz,BAe,BKz,BKe,BΦZ,BΦE,Gz,Ge,∂Az/∂t (finite diff.),∂Ae/∂t (finite diff.),∂Kz/∂t (finite diff.),∂Ke/∂t (finite diff.),RGz,RKz,RGe,RKe
incipient,1221704.1546928696,107988.83716981196,5596760.951425998,193783.7840739684,0.8856491654976425,1.3249565381633643,-2.44604425834298,5.067562977586027,13.966814346027004,-1.3540546767248045,54.7056551712951,-1.3340433789869088,-120.57348843972429,-114.35111359105456,-4.595246991288373,-4.630817986775331,5.639454767648821,0.4477669708524034,25.05064669878593,0.6132057633868573,-6.116753874717176,-28.094613379663837,5.544428086999871,-5.56635809355524
intensification,1296045.1945025015,138729.4684576357,6221654.244035415,267289.2132343589,5.148337057051659,2.7873237647282756,-3.3759900698289163,7.630004741827332,25.774217355995646,-4.320730758384847,40.769912893015004,-1.3747506291641924,-116.03242253140444,-139.80479085912393,-2.0475768383994812,4.5162615899681295,-2.17803466216665,1.5762016971205017,9.23016676117385,3.8674621327855134,-20.016591196382365,-33.3120931190639,10.739613432604406,-5.763782049706543
mature,860483.0665176002,309860.11233592796,6067733.469404372,617208.7866952365,5.14438305121319,5.715048254282547,-14.399836715725067,13.717920433851413,32.6260914848608,-7.151165691311846,7.2459925189558065,7.893935278069151,91.81944438427463,38.21384968436433,-2.2796983932875015,4.247120760440894,-16.235623980448626,5.544741171665444,-24.02491585262669,8.50527797274997,-38.00228415981369,-22.015454707070617,20.698779042546153,-27.506414454895662
decay,237997.5101152846,410601.77757044765,4796012.68321587,572583.4704329337,1.3339482913474443,3.181150760098371,-0.8629064642359836,14.818706599698283,13.370845320920557,8.916112271637132,-14.516011248920845,13.812175864753442,322.885819706046,363.1740627546266,0.3812522142694991,7.161781949346486,-3.4857060467182532,0.061583106930389785,-10.569952799315908,-2.5384622433463133,-12.341452316192997,3.475016622493474,2.78302667489317,-32.03225117203402
