,Az,Ae,Kz,Ke,Cz,Ca,Ck,Ce,BAz,BAe,BKz,BKe,BΦZ,BΦE,Gz,Ge,∂Az/∂t (finite diff.),∂Ae/∂t (finite diff.),∂Kz/∂t (finite diff.),∂Ke/∂t (finite diff.),RGz,RKz,RGe,RKe
incipient,190109.5470177551,55407.187130756945,663263.3282723477,303236.67866482463,3.2692031938973805,0.5320949368652227,-3.3309005227469712,2.495146263306818,0.014905827087583303,0.13812521080415616,-10.773740977905186,4.514766337805254,23.927606897636423,11.97531556413088,3.1541563856462553,0.8531812626341112,-0.24293936551250184,0.12756791557048983,-2.164076415008713,2.4075667735394912,3.543452938162518,8.671361891746065,1.9524940312079293,-7.9332463503195525
intensification,123529.45231859399,65210.57758611214,522498.9110643492,420276.7298569702,0.41586573842955715,0.5288551549806029,-2.3537514775162114,2.834846120354856,0.9104385950362659,-0.12860356971564665,-9.425413089626359,1.0636458987228008,18.890868149621742,12.119844410429437,0.06523116819646127,1.7710391828672196,-0.6674001887974846,0.09270066533219586,0.5327732468859542,0.21703247252226232,-0.6331178904235901,11.896072075598966,2.5272952004220954,-6.035211024071605
mature,117320.06066831108,66169.91340737524,754229.9826196361,381352.59383990185,-1.2191056992732918,0.5634051701670446,-0.2482515453105335,3.9063338464696153,1.4921002072244072,0.018861019345880047,-15.36139884495186,3.4742580714962026,41.4546608944049,37.02767707826939,-0.9468353325438075,2.625268065168641,-0.29325057456923614,0.2090362837188678,10.894339208234744,-0.09994601788877644,-2.4410513108998906,27.72309529777043,3.5331039406755584,-7.728789481165127
decay,173005.0344760965,81033.1132384718,1302283.564355065,371062.3317457406,-0.5802235018363049,0.9891930053395562,-0.8123451769347949,5.01149858239342,5.894480466308065,-0.29353418317373703,-21.10978440700437,3.714373975712634,71.14063075061146,60.731722739595725,-0.0666713523462184,3.84102146472243,5.725177076645567,2.299868516769252,39.86486233157598,-0.9014202574605378,0.23966611384075276,62.367215417351446,6.615708276996852,-10.439637992501385
