,Az,Ae,Kz,Ke,Cz,Ca,Ck,Ce,BAz,BAe,BKz,BKe,BΦZ,BΦE,Gz,Ge,∂Az/∂t (finite diff.),∂Ae/∂t (finite diff.),∂Kz/∂t (finite diff.),∂Ke/∂t (finite diff.),RGz,RKz,RGe,RKe
incipient,789663.3923954007,186760.98084084276,2279640.91405141,230001.2758810902,-8.633195096390192,-0.25538723190547225,-1.1352644126837377,6.364886596716319,4.362691871520798,5.326580343632083,43.25930334359191,3.6753358355306474,-15.378406012721081,36.13285950170972,-6.119443832526072,3.6367051194620017,0.8813126193920269,1.010630119309808,4.534890484238259,0.30080668537933847,-12.369961580424434,-28.955953350279724,2.3043236042995163,-10.874680159551367
intensification,1122436.4437672195,266205.1039804833,3685867.147506421,651552.5533217303,2.8478057884970696,4.899715766491566,-20.84965746717827,15.61132365988789,26.48852067191817,0.01246886033668622,-6.358435649338411,-0.5573950154647498,4.430191450131131,-121.39161795956628,0.4817251379421444,6.134243319308678,0.45947571644621504,2.193264316782682,16.998489330488006,5.955494430533934,-18.28152340048332,41.358776658507615,12.892403349842324,-29.948091681067478
mature,426347.4826321802,532750.9254754289,4486530.309575996,1375631.4009048305,-1.4001158799938564,4.605977955758688,-14.959337244205829,17.971427681616202,3.62444457040583,8.573216991038196,-64.17588201050414,18.577374727322304,256.0606826746791,224.60606232568327,0.28863101602299435,1.8850032012943898,-7.115099670263884,-3.7464336569367753,-21.987686518905228,-4.757504879733095,-7.533682164904883,58.54764861579862,1.0457990778825448,-56.26564453287743
decay,277854.19873335003,66088.26437350811,1747316.129111591,167719.32604687387,0.0986931606331414,0.09831915261499054,-0.4006889682194525,0.47704848328071764,0.5898542423159763,0.36653750004142166,1.0503862348127062,-0.47693590359041654,42.2334687849127,19.29245041002743,-0.04222238938815233,-0.6948233830534137,0.07531721184832664,-0.7305539737402842,-5.5697543509245,-2.464240301767597,-0.3175247172195178,-6.318144778150901,-0.7183621431159788,-2.8650418496773504
