,Az,Ae,Kz,Ke,Cz,Ca,Ck,Ce,BAz,BAe,BKz,BKe,BΦZ,BΦE,Gz,Ge,∂Az/∂t (finite diff.),∂Ae/∂t (finite diff.),∂Kz/∂t (finite diff.),∂Ke/∂t (finite diff.),RGz,RKz,RGe,RKe
incipient,1979631.6381056209,250712.82625971554,3407885.5772670433,300944.4373155018,5.8990309117901,2.2834842361966743,-6.393389550984661,8.927877608194224,28.27781533946098,7.833673674199527,19.804244667025376,13.348309157066364,-3.844453023689722,-71.079738448451,-13.112469322316677,-3.7237841426467257,-19.60733381064766,3.9272189471776735,-9.96631495396459,14.180772527922368,-39.70263400212187,-29.276200981795405,2.7379386449756957,-14.48880378832288
intensification,596747.5500248577,550866.6239482921,3035651.2132086563,1082224.707151423,-0.808780212630729,5.308125432732657,6.983883478735083,26.01594180858382,11.28773166277891,-0.9349187200000643,-20.756089842426455,27.312448802663766,121.56434074987143,101.86253899787575,-0.7993762198983658,16.070223516628044,-13.28005120020589,-0.5895112406132549,-11.454736916832852,4.8804207605714165,-20.06843764288287,3.126249659489247,21.053223855237963,-41.46408637194108
mature,277741.1926118524,105399.84552587783,1744367.0121548604,826003.826791439,7.5355127524665395,-0.9479325918942842,28.00695559402122,0.033869745948325675,-2.1436994770456375,0.7166161482348846,7.283001939187756,12.624582262348994,-62.20509597931411,-117.44073379631142,4.9183917205064995,-1.0171269744173417,-1.4225847972890355,-4.205064248996084,-13.701407758066413,-8.214289499670402,7.308694840328856,-56.52687804374193,-3.9398780593883584,7.134214086053503
decay,172486.83460294065,40668.36875314005,2080911.70200862,311223.26901070215,1.3575818693294912,-0.1911258713100917,11.058842940136698,-0.027697069465786425,1.4693640462393607,0.6905018037442734,12.086241299959802,4.317866193961622,-87.46224973108761,-111.99089928325817,1.0722946518056875,0.014278001267776877,2.195277897987294,-0.1903325009753971,10.119563767943085,-3.009539232351079,1.892369849767333,-14.38310234148291,-0.7174055028753652,3.759134583289784
