,Az,Ae,Kz,Ke,Cz,Ca,Ck,Ce,BAz,BAe,BKz,BKe,BΦZ,BΦE,Gz,Ge,∂Az/∂t (finite diff.),∂Ae/∂t (finite diff.),∂Kz/∂t (finite diff.),∂Ke/∂t (finite diff.),RGz,RKz,RGe,RKe
decay,232685.17949803013,168272.78070504282,1840838.3950158919,834010.7161477191,3.635633838597185,1.8502759596864229,-44.04722330504046,3.0362107549016457,5.0960069212420045,-4.291108905786555,-2.1483453417195246,-38.458048086319465,52.270825624523624,6.639695320472869,0.8370081943826383,0.5729172992229263,0.4338194683524714,-0.5171980561582538,-2.998551254203773,-2.8650809658531315,0.8237223453940737,39.561383553959026,4.959845644843523,-11.490466939475766
intensification,175550.95740482994,112544.68750966723,777624.7596167935,473600.55327132274,1.502073018956641,0.06646843155824814,-13.040467709684775,-1.6814207021996528,0.6486605606966208,-0.5233452350812293,8.288308264675516,-4.293079330661081,-8.430159312913663,-23.268971604860464,-0.53105333600224,-0.4879730707765773,-0.29136582237007413,0.1908464468974997,-3.0531468425773776,-0.43496565095161294,0.628515067448194,0.19693958347523915,-1.0336974517791717,-7.5009333277756545
mature,202100.17697124244,145343.8441016259,818023.3009563359,414482.799578355,0.4958922334486564,-0.17629694106555627,-8.754309373663682,-1.5637245867094813,0.14496430840592936,-0.8287581455616985,-2.151518183028806,-2.042274986490751,20.18798595116309,13.013729193201742,-0.585955238274527,-0.20248677989539943,0.5175795057115988,0.42182775328743866,2.373552383929893,-0.4374360017666765,0.6922104896887694,12.783487707173725,-0.13684174679478767,-5.585745802230128
decay 2,214083.6367534383,108183.68852591437,821454.2188349316,192699.01648537387,0.4207808628315539,-0.16562276679426344,-2.523855217099145,-0.6286199107609851,0.3798888598538034,-0.1290832327071262,-8.369493054264854,-1.7964306775816337,11.560020252146975,8.59238132166757,-0.2360160944963032,-0.2689722897275998,0.13509542888048343,-0.494633698951552,-0.9917825532400437,-1.397433092298812,0.01036466506397055,9.480784855292402,-0.8285476102111473,-1.4962377210553381
