,Az,Ae,Kz,Ke,Cz,Ca,Ck,Ce,BAz,BAe,BKz,BKe,BΦZ,BΦE,Gz,Ge,∂Az/∂t (finite diff.),∂Ae/∂t (finite diff.),∂Kz/∂t (finite diff.),∂Ke/∂t (finite diff.),RGz,RKz,RGe,RKe
incipient,369977.95395833586,88353.18871980044,2474828.5676180795,322113.34340929124,-1.781263143934884,0.4319448356380839,0.2641774658884797,1.2439889858690159,3.263642739016209,-0.8428752959348245,-5.046369191105013,-0.007438282044367472,107.92745468120688,62.310320302361035,-1.2725545858840719,-1.2845486778724604,2.623603977640791,-0.31400432240603443,17.638532280692274,-0.3373097158951189,-1.9893570696722174,24.201987149843692,1.3409151237597219,-1.3096829538312877
intensification,401702.19157431566,154680.31829792302,3390859.1308008707,347530.46527268714,-0.951504118225212,-0.09832375015429025,-0.5291253196598753,1.7563729491023494,-5.12667870775731,5.076091621522623,-20.806016758743397,-2.2377538847014344,196.55180342872967,142.1114126737686,0.0034542969244937384,0.06603985859174906,1.0156512233335049,1.0334819837979252,15.611452898966132,-0.9511830435461558,5.092502062711313,37.89809909559462,-2.1879129384680573,-0.9989274276069464
mature,566647.2774098081,134537.23849200562,4623829.645103688,183856.7942730541,-1.41143690045691,0.3763254890292738,-0.31830607394006916,3.8951024657963735,0.5624064938770967,-0.7121715280994129,-39.37696779527447,-4.154642616612334,286.15230988628764,222.2860387811103,-1.1460308710143516,1.7451846994690638,3.6180773968217967,-3.5262227869297007,19.25410281265287,-2.8618756254112214,2.020559491517064,60.36081358232431,0.704725717936812,-2.920641548535331
decay,618281.4112552895,84208.13558602463,5145284.131173701,98410.55300196692,-1.255654297088261,-0.1526654574095977,-0.11505023260205433,-1.2422118463226386,-1.1993304586304652,-0.12516254295218493,5.312116175090073,2.0668639021123507,-115.4229794464145,-66.91630119239134,-0.7654447797000462,0.05900967597014176,-0.20536785896540452,1.3287652546779671,6.120492173830342,0.12825802165147535,-0.41435715483279817,2.1790805284305823,0.36438140871711105,-0.811444266740291
