,Az,Ae,Kz,Ke,Cz,Ca,Ck,Ce,BAz,BAe,BKz,BKe,BΦZ,BΦE,Gz,Ge,∂Az/∂t (finite diff.),∂Ae/∂t (finite diff.),∂Kz/∂t (finite diff.),∂Ke/∂t (finite diff.),RGz,RKz,RGe,RKe
incipient,519135.0932454015,474626.61513631867,4291139.009589452,469778.838308088,12.809699144467787,1.6034482104792118,-2.8826966301543613,15.290310950242407,9.187500363332406,22.686668951943915,-39.01687299121219,-4.208518458023965,290.92150986660835,323.21074092992984,5.1106584928062935,-0.6244795006375071,-4.983503457660607,-0.5205205825217386,-12.431504913293132,8.437367813983899,0.24214353395398605,16.65836556360564,-9.520326794702457,-5.527121308388904
intensification,420366.0760199083,409963.86712672503,3871937.665037484,487974.11757308885,-1.024237596746141,2.2057642777032385,-4.962825467729672,7.27380261610305,0.16081749971049542,9.469725336798387,-27.775938623558375,-0.7941524854219661,239.07629876162775,234.82011026466776,-0.6040606597754459,-0.4608025927789505,2.6056187066773173,-2.385499096506133,-3.6825640252195107,-2.1390369751097342,3.62632788792392,30.080437662814674,-6.787186094904707,-13.581512573520492
mature,743500.3200665057,186417.80153237094,3838476.3387887604,473047.53861128417,3.8379445207234375,1.6548884593685178,-30.03166071059195,2.5466601547780594,6.327949466470568,-4.4748071860434875,-10.608987155869267,-7.318160953197325,157.132971590852,33.55389580069764,-3.074240926189764,2.238449435852966,4.223115142035459,-1.9599785517380355,-0.3488483343255795,5.079978752601016,3.3879986556568458,36.4538550114122,3.4066003297149927,-20.18018115957167
decay,802627.2954770596,302479.12671759474,3389987.643296846,573179.8497738021,-4.508035691651499,3.149422365516989,-18.434159420650012,5.3967649985859865,5.7903738561342095,1.5437867126883418,-28.061055413886766,0.30876937000879096,220.8920880775847,90.60815498705396,-3.7928706262260183,-1.2232749724657581,-7.081465675878657,4.451986688250684,-15.57510211298206,-0.2735131534005893,-14.230452858147377,35.428148413206216,5.155542608631339,-24.41320694264538
