,Az,Ae,Kz,Ke,Cz,Ca,Ck,Ce,BAz,BAe,BKz,BKe,BΦZ,BΦE,Gz,Ge,∂Az/∂t (finite diff.),∂Ae/∂t (finite diff.),∂Kz/∂t (finite diff.),∂Ke/∂t (finite diff.),RGz,RKz,RGe,RKe
incipient,594733.0595275257,181132.52407907863,3555500.023729688,436556.1237994448,-9.604567418281936,-0.7691701252646425,2.538446062085628,5.561892004216523,-0.828985263457416,10.082749501637895,63.98887492330536,-12.107453936628804,83.62555931208288,40.6902187094715,-6.9657907336349565,-3.629243559994096,3.2300854344009013,-2.791925646640895,19.632313612167792,-0.4745721575923327,-6.314666845688259,-37.29043995494126,-6.543613018797626,8.609435836905577
intensification,793126.4367985731,110275.56653200791,4169996.8533782074,366866.2811317184,0.44834370964476555,0.029056684487603776,1.3647688790060817,5.479024112847857,9.11526954084771,3.775930071511893,11.049810257893245,-13.214471183124088,38.31810822990957,-27.682747142698922,-0.7275062157864034,2.4088612727861345,9.923575422984053,-2.3916091679404707,22.770157282147327,-3.7266243642156773,1.2857062762687108,9.907234435603238,-0.7175718110921104,5.373591585066635
mature,1173134.8374777518,48292.60140253602,4874400.589175118,227842.6004911306,14.315052650105219,-0.0019976071089138,-1.6891016408010229,1.6144097155642698,17.173511230304836,0.03486724334330625,-60.8675786529548,-8.449461798379916,3.110494930364915,-70.80196985293793,9.986201680155727,0.5590114651305463,11.719396109027343,-1.0620969232917656,20.154473968963593,-3.9398629094178146,8.85893992171881,68.39610161261419,0.5194431560381119,1.2060875325968095
decay,1481984.2481402054,33741.90548225073,5209244.534302161,111582.5649451611,15.268155964163851,0.19658987557443863,-1.4433887576749374,0.10800744028905865,16.840665754308652,-1.1685387478754368,-47.10172319209589,-1.518153810283152,-58.276550756326365,-91.14649864184096,6.439141566069068,0.11482242029050231,3.5512545049086826,0.07162524381958128,4.06934201980192,-1.3055743497244718,2.1753345903383243,37.34629800540889,1.151581556409638,-1.3388167374053164
