,Az,Ae,Kz,Ke,Cz,Ca,Ck,Ce,BAz,BAe,BKz,BKe,BΦZ,BΦE,Gz,Ge,∂Az/∂t (finite diff.),∂Ae/∂t (finite diff.),∂Kz/∂t (finite diff.),∂Ke/∂t (finite diff.),RGz,RKz,RGe,RKe
intensification,254015.41048848743,227867.60758987814,1593883.6245804024,267137.5507477919,-0.18662578759015153,0.612542164701942,0.45444620770717503,4.0371383708430955,0.9608767267675425,-4.441996431734578,20.112386762902037,3.5417349458491465,61.634126454722725,60.683452773915825,0.4808099914637091,-1.2653482169488606,1.1888122016731575,-5.321551078014498,-10.14131158676731,-0.276420558467978,0.6538518520174055,-30.521518769786365,2.5450415598612346,-7.4008476674530455
mature,198981.1996718105,52509.67968526368,1278539.400349873,172892.14700773402,0.2199534596764202,-0.21500668107221857,5.933353743981012,0.03726096724880804,-1.1339238741072253,0.7442282890765125,8.407882685322404,2.9690402131978573,-23.643812699066274,-42.628140097877456,-0.031304637915023054,-0.08272347148476397,-0.385029472480017,-0.1475687369030675,-0.012151238710449134,-2.1357397314489575,0.7538411802314101,-14.573341127690284,-0.6395293776585533,0.7913128320853894
decay,263150.3689530297,87646.14473955521,1358171.3882593994,170587.9145665084,0.02402204321556952,-0.4560016937964204,2.8028991973921067,-1.026928922835869,-3.2449500173605097,3.1737719971465155,-13.30156601141369,2.419255494483933,-49.93224160249044,-66.17505501257112,0.14169146004959843,-0.21951576284684846,4.412440436790757,0.7283643279479908,11.065625679057533,0.17448184956431997,7.225410803570415,21.540270449863545,-3.016334898237973,1.5850544753083629
