,Az,Ae,Kz,Ke,Cz,Ca,Ck,Ce,BAz,BAe,BKz,BKe,BΦZ,BΦE,Gz,Ge,∂Az/∂t (finite diff.),∂Ae/∂t (finite diff.),∂Kz/∂t (finite diff.),∂Ke/∂t (finite diff.),RGz,RKz,RGe,RKe
decay,1451790.481081657,180727.59625944297,2518686.593226092,461928.4882051559,6.109437606091933,5.113757703148678,-10.71106585982764,7.49182211546119,35.1474036396578,-6.330839081584124,-36.08985554074794,0.07325813816966598,20.501712438479903,-23.32140683455371,-8.629614217686004,-1.1061326869384898,-8.769541538205372,1.2516079775168043,12.083508038250441,-0.012567119394328604,-32.69374986862257,52.77499183273409,9.96051147141344,-18.288713232852825
intensification,1107524.2991491589,297477.8837154711,2890691.0258506993,474229.97623649053,6.864963297966602,5.800127138049923,-11.92407254900304,9.494257372804865,26.63246116112572,-5.570432410622528,-42.866502296541725,-0.7484949755684737,88.28433725328946,21.72570272171921,-1.1369876529254692,3.7137351076397493,-6.779124369528764,3.482805564953096,6.712383217064852,1.7734521255803681,-20.746495094637957,54.63799476464302,12.747368210330563,-18.896382820659063
mature,876968.1967121055,403669.1569421296,3112546.3548141085,579884.348845678,5.63226969382683,5.274180370875815,-15.17730385498912,11.741585402065311,21.824243035027685,-3.91394646709451,-37.51792759651406,-9.86225250777861,127.87017170764258,56.2612691275162,-0.2437681555604092,5.824964671805369,-3.378633306670206,1.2875615918299688,2.9662005211203355,2.3424521333793273,-14.296426276995248,50.0291622787967,11.668913090113975,-14.714184615896496
decay 2,717563.1407842112,404401.33013613976,4002276.930458176,555144.7526047362,0.2143073213170989,4.293908636570242,-5.014027032964911,16.226351855038207,15.139968328588912,-2.4909208744147646,-68.53728487984384,-0.2689566916589433,250.84654562648643,191.09243565532643,-0.3472893236595732,8.906990493799174,-1.7603941756136767,-0.9939664277127169,28.15570019741424,-2.0305535101283843,-12.392146546315246,101.49270478890587,13.429397665170011,-23.00197570647256
