,Az,Ae,Kz,Ke,Cz,Ca,Ck,Ce,BAz,BAe,BKz,BKe,BΦZ,BΦE,Gz,Ge,∂Az/∂t (finite diff.),∂Ae/∂t (finite diff.),∂Kz/∂t (finite diff.),∂Ke/∂t (finite diff.),RGz,RKz,RGe,RKe
decay,542954.8058714143,148881.97795705197,3506788.005330852,457925.79123310046,-0.5321614683791165,-0.019663187047617353,-5.2952716872276975,4.042376375366889,-4.03760667032404,4.499031076895133,-23.918696384296748,-7.652974020154387,116.39699847831213,61.75913878167994,0.5582295424781901,0.6030633055384732,15.614232218726373,-3.8833373437501173,31.996376932229474,-1.8182115730840538,19.10001423362368,61.74250647213303,-4.320328858230744,-3.5028856155242534
intensification,997266.7659896425,115803.51528188649,5887449.123949237,399613.4980844999,15.855643753443301,0.29683788270490286,-6.780805001466453,-3.975386491989863,8.51319932276697,-5.368064111803494,-26.974779606637362,-4.134074007402436,-18.457124441103765,-185.77598176294688,8.689419903701525,-1.8270892859723915,0.0391731020548323,0.8753523903974896,39.37933115003922,-0.8684656879968202,7.678455415436065,57.279272004699735,1.9711921275062179,0.4601898099290263
mature,730425.9005640551,207529.12951180106,7100559.186961277,375149.10447094636,26.568401001747528,-1.5443755038314209,-2.6444414611833764,-13.533772794342072,11.73331280580208,-10.75783060224962,81.82626903924518,-5.839237473213242,-340.74705597339755,-471.02092945718795,11.212916858513863,-5.3166520669366575,-8.011848050178509,2.7051597054029153,-6.341444336739872,0.5847291577344651,5.278864641935519,-112.09167291654921,1.4735930171418825,17.313297964106404
decay 2,232471.31998148208,240524.62742434882,4092305.316417968,336524.099380761,2.6934423614330263,-0.5068197543798972,-0.6488747454093016,-2.215209047844351,1.1950090194280352,-5.362623434029429,79.67533213636294,1.4788363494038743,-243.1696810215767,-255.94081349663261,1.4612067769550432,0.28245015905776344,-3.8100821093468293,-1.1972997553703337,-44.447130571860214,-1.3499419750740023,-2.818468521721736,-126.16703032424691,2.4569343851946415,-1.2624440220428272
