,Az,Ae,Kz,Ke,Cz,Ca,Ck,Ce,BAz,BAe,BKz,BKe,BΦZ,BΦE,Gz,Ge,∂Az/∂t (finite diff.),∂Ae/∂t (finite diff.),∂Kz/∂t (finite diff.),∂Ke/∂t (finite diff.),RGz,RKz,RGe,RKe
incipient,637153.4935103687,147779.75323736353,2539324.397459911,385510.79709844245,4.334814995856224,2.3988410685092716,-7.166416088768483,10.851885309714595,9.886786922186907,-1.7210890499747031,-40.76538467267277,6.935671340531282,56.007952533897765,10.460726115591982,0.9938158745351837,3.13663126906288,-2.4320496070337687,-1.4886101660177316,10.727824279248221,5.07284515491211,-5.585180464855179,54.32481004483326,8.685523125162295,-19.881127584102252
decay,609185.3628017306,147131.28170811484,2879001.0808381927,404385.75681794726,2.3300627524398223,2.6388376186986164,-9.341336850978438,11.228074706243985,12.102100950771202,-0.75903355801198,-26.686231093694772,4.6352835912178705,37.7624970158491,-10.854883837235363,2.971358079219916,5.221401968888657,0.4515366979554933,1.2204200185453624,10.034952200738664,-0.7503574936522623,-6.681663881677269,43.73245739297205,10.56869066410271,-25.955052642092554
intensification,631724.5486497348,193085.0616649944,3146242.211148777,397267.75007848965,-4.5952729690510825,2.7742066735612227,-5.803518451870039,10.416346213940097,13.077340557501932,1.0131300646361454,-8.982567439388182,18.48767485947268,51.3857411518418,12.15707883477954,-0.4695047431694791,3.4861348954284552,-1.324490907770324,0.1208469209346151,2.154207575320896,2.599660353998266,-16.222897760762116,21.5355664356302,6.749856396677341,-32.107879171284544
decay 2,633548.3899318388,180702.12561724783,3133142.294351808,463664.38415866625,-5.725163425058481,3.750804347160302,-2.622806247426331,10.051016939169955,14.453926630602316,-4.710473313502163,1.0475081562693784,19.16241102507615,52.39568681929644,11.844577320169357,0.1819770996926785,8.490093478644628,2.371405443011013,-0.6519413975647048,3.892058098523897,4.0121959900839474,-14.056880265489484,11.192519614739329,10.35874450794711,-27.824038221588488
