,Az,Ae,Kz,Ke,Cz,Ca,Ck,Ce,BAz,BAe,BKz,BKe,BΦZ,BΦE,Gz,Ge,∂Az/∂t (finite diff.),∂Ae/∂t (finite diff.),∂Kz/∂t (finite diff.),∂Ke/∂t (finite diff.),RGz,RKz,RGe,RKe
decay,429436.47984058247,185214.74664096712,2006737.498827453,268628.9475640293,5.675374184424293,2.0090996434271853,-0.27930509295253086,3.5527175083234446,11.696222148313064,-2.1471722271182543,-23.340544069349747,4.927301283040129,91.02733387810561,67.89853506373062,3.499556875794454,1.2565167801550123,-0.6572147701588967,0.022916110789546845,-6.181108050408684,1.2494914734486358,-4.668963090620481,11.763366927469297,3.7137062028040617,-7.50983241086747
