,Az,Ae,Kz,Ke,Cz,Ca,Ck,Ce,BAz,BAe,BKz,BKe,BΦZ,BΦE,Gz,Ge,∂Az/∂t (finite diff.),∂Ae/∂t (finite diff.),∂Kz/∂t (finite diff.),∂Ke/∂t (finite diff.),RGz,RKz,RGe,RKe
incipient,1192407.9472089112,195394.85310001948,3403445.5819106516,295608.12705651904,-11.290033075394033,1.2610975988847584,-0.060079804932742675,6.648994372943348,5.804405877196825,3.9630207357395815,24.435041342860206,8.434508311833198,106.7183151704487,-59.83837607008886,-7.820911730571017,-0.39903659669972186,-2.766956373065916,-0.46812202399099734,5.603037118144983,1.0026368732740156,-18.600297726772016,-7.481891344388445,0.9567540143280109,-14.140945616435275
intensification,816363.4687849085,136119.33006259415,3718570.8845842085,271523.8598428306,-4.279776717890623,0.8185997822817667,2.007488383070931,6.11913995700484,8.526465492103316,0.03263970615386902,17.810820528518114,4.331626649758513,177.38394812435124,29.307410626710233,-4.000816635260717,2.3808850460584376,-7.615127844912691,-1.5885126054808747,-1.05987456076006,-1.7071007080995295,-19.602770272624866,-16.598406754458484,3.6793878630883294,-10.150378931791952
mature,494446.2799226122,52732.40991195042,3319953.165555488,175267.1002667019,-5.012803006593601,0.3271371681219483,2.4534176940963737,1.6737369570515452,2.21486923234416,-0.9218268642479871,60.43692974120151,-0.516117272136693,-64.71909372184041,-73.80227401551241,-2.1429384359026353,1.3417911134432108,-3.504629774324016,-0.6658275537765769,-4.599610450282408,0.15302822560154095,-10.40516484513983,-62.47715487898669,1.602599099401007,1.448826234783062
decay,353403.35294611665,94035.27795278156,2851511.296655327,230237.77058035892,-0.27382027761909267,-0.10683718115741041,3.613183628932365,-0.8264637468398743,7.654976194295143,-1.8482349989716966,48.06768994662691,3.7158818525491353,-289.62685641777205,-245.32723963876714,-0.17690696118756194,1.2285078764273407,-0.5884280809597001,0.5440889044903514,-8.416095254149475,0.2600086355061946,-8.624061734031347,-59.82314855208966,1.6726973377795846,0.983774158729299
