,Az,Ae,Kz,Ke,Cz,Ca,Ck,Ce,BAz,BAe,BKz,BKe,BΦZ,BΦE,Gz,Ge,∂Az/∂t (finite diff.),∂Ae/∂t (finite diff.),∂Kz/∂t (finite diff.),∂Ke/∂t (finite diff.),RGz,RKz,RGe,RKe
incipient,531713.6038272324,257730.07459434657,3318184.01735405,196772.6071030542,-1.2828729789424993,0.557070515227594,-1.4689131060716176,4.312028323875068,-9.967030413797572,0.5234345167977202,-40.25230508211801,-4.171015665180513,282.73036241308824,299.8698019192483,3.5988014471058865,-3.972787534644557,-2.3258822686569625,-2.803583405668119,-36.503526420604686,-3.105737308326077,6.915345681425704,6.500564746527445,0.4279398861816349,-4.715663073092249
intensification,289615.3959788449,117153.43463364839,1730032.8813756055,131717.97699931584,-1.7622931705492533,-0.06693033165031513,0.0022268085143880064,3.19000367882245,-4.29751731695716,-0.404840623006864,-5.187548544111091,-1.2327033683693351,73.35384219962367,90.33803898697245,-0.333788671756195,1.3987215552036274,-2.718951557848453,-1.5817232485405148,-14.797849672396136,-0.3282761770276504,-0.2506577430908616,-7.850234766250183,2.080051384939115,-2.283349678966378
mature,185392.43089015957,46653.69022338851,1366457.1795703496,132460.23045457943,-1.197592312373555,-0.2241285825669872,1.5166615622199353,-0.321388161282912,-1.9436971300059624,-0.46913817317338197,3.981606910481805,-0.0420537748344176,-40.01238958313004,-30.75433809149187,-0.2374312739044083,-0.17077493507984576,-0.8663152592956114,-0.31855818702380556,0.6388803764442729,-0.519033138310749,-0.3443390242301913,-3.661795783883912,0.053320407433651566,1.3610703600265157
decay,224626.73563001194,53416.266937299035,1683897.549624928,111106.93457613671,-2.449455772385001,-0.0037528075754148073,1.0401397234171372,0.1288405356418448,0.9001870264696792,0.15729284983929165,3.9083476005276636,0.7977701044486933,-60.28575521111958,-63.047571360355285,-0.790344060676555,0.10015169445648013,0.531472736915381,0.017192389574675445,3.425438898874678,0.047751729634939094,-2.8219228695147143,0.9264073473148785,-0.0075071170473566436,0.1612808129615383
