,Az,Ae,Kz,Ke,Cz,Ca,Ck,Ce,BAz,BAe,BKz,BKe,BΦZ,BΦE,Gz,Ge,∂Az/∂t (finite diff.),∂Ae/∂t (finite diff.),∂Kz/∂t (finite diff.),∂Ke/∂t (finite diff.),RGz,RKz,RGe,RKe
incipient,856155.8272187768,240721.13338376404,3548914.7930010385,345833.80148254265,13.277551427909913,1.7026693730395366,-2.4178091815304934,9.44057498212374,13.264010261384586,8.352404698012855,-45.061178432743006,-7.444938459962952,172.1981114499783,164.9456879858202,5.431108410785464,2.286838455125772,1.83419543747622,2.727900068196956,1.9856094798185275,5.561602618232967,3.5504059770410823,36.18704566618212,2.1134009792683024,1.148156914541687
intensification,707785.4045895756,683947.0642876566,4876465.100489601,1028913.8054411489,-8.012196409144265,8.550627631632251,-25.743145204483564,31.436888429089734,15.848070971885965,15.282044766814037,-48.02167476339046,1.0171830619712214,393.704482434464,349.4580951227451,-5.352578929135187,11.081904440750941,-2.413093355515188,1.5201235719169184,9.567657532271886,2.8185960232113825,-17.722733104913168,91.34467390929017,9.124339602560369,-55.37862067233314
mature,380942.31090537336,393928.9360673029,5307668.748368811,923268.6745518713,-4.485799469236948,1.2315740287793593,-5.287495189899421,14.853431779926536,-5.35291007473467,7.016559926763255,-24.30865777224419,7.089185194729886,442.01916628998765,449.7224999609764,2.2984174541886566,4.808497454329963,2.060929928382049,-10.859470276696262,-11.205164032933292,-3.872149514165835,4.159614562659129,22.876788398447275,-4.25417245231234,-31.10226167872168
decay,542353.1926482817,183605.56112443528,5075150.12675061,405883.51464160084,-9.073494581860276,-0.26897734245688015,8.758802838126035,2.6200820994022225,-6.75823101917614,10.458026267375484,-29.672859751831954,-3.1302842845096315,260.86604162406303,256.73594956074646,-0.02031154663149337,-2.8668896528577297,3.680891945683514,-0.8241802759945963,-1.7542969954423289,-10.591341985781403,1.0966510405424978,28.233254500123866,-8.393147101510978,-1.3223369625479593
