,Az,Ae,Kz,Ke,Cz,Ca,Ck,Ce,BAz,BAe,BKz,BKe,BΦZ,BΦE,Gz,Ge,∂Az/∂t (finite diff.),∂Ae/∂t (finite diff.),∂Kz/∂t (finite diff.),∂Ke/∂t (finite diff.),RGz,RKz,RGe,RKe
intensification,825967.0888675784,190844.63922056847,2569510.5355165806,561617.480424896,-3.949088012991682,2.1562109920953474,-12.512216566400461,11.728353925010648,3.3094223910934653,-0.09805049908102444,-15.553686969600225,-1.575939141021495,53.90269225113067,21.504571714777466,-3.104604379018217,6.303383647223914,-3.811923625536604,-0.6199653944397232,1.3527323756282095,2.732650698522542,-8.914223037526408,33.367723924620584,9.0502280375566,-19.931980651867075
mature,503028.77651730506,67316.82634279947,2495950.9119903585,573649.2759983905,-3.073492838443784,1.0276348520546281,-4.973969279762102,2.826792239957066,1.574527475734459,-1.6243201227467334,0.35426251516874274,1.9388039421996606,20.187522024970303,5.212952850162695,-2.1267632251207287,1.4224993752434156,-2.260351615906319,-0.2844150616939318,-2.0547602201969126,-3.6476784558133333,-5.880737078029934,5.638439382840228,3.1390624489552392,-13.387243917732164
decay,304066.95942074404,122440.01850850186,2020144.2063822125,499076.3905789895,-0.7762084972338986,0.895606299011304,-1.2666878461912399,2.373628341879882,3.0032824696180063,-1.3735229552773442,-5.875554549943382,-3.101568301572246,19.970045225899824,3.697837765752397,-0.061669807017122005,0.788205662590094,-0.10582330414424045,0.4513602001083613,5.827006634138142,-0.2860439765970985,-2.989707971984841,13.745457527506664,3.3029051982542845,-0.8247918630959736
