,Az,Ae,Kz,Ke,Cz,Ca,Ck,Ce,BAz,BAe,BKz,BKe,BΦZ,BΦE,Gz,Ge,∂Az/∂t (finite diff.),∂Ae/∂t (finite diff.),∂Kz/∂t (finite diff.),∂Ke/∂t (finite diff.),RGz,RKz,RGe,RKe
incipient,253263.86605014143,62948.66034105244,1757336.1630111134,187361.9741817617,9.087028027362663,0.431796135397495,-0.0905733261516591,0.6829493287019927,1.8716231993278083,0.5389175930205092,-13.973727469588509,-3.4259504532280625,26.15488028747424,17.672110626850515,6.297702158070857,-3.384396185842122,-0.0338317108546093,0.0353451389211261,-3.340450707793676,-1.148315577677632,7.613369252577741,1.6368220605838264,-0.2524192607948854,1.5041122206967783
intensification,236954.64652967654,61065.04876802882,1402671.6147131876,159849.93259701403,2.4076930090966253,0.12577347197178895,0.480476350413306,1.2727507470380828,-0.20801517101775435,-0.05656128972809429,-7.201539254859431,-1.2897022204807262,15.413794546725924,12.266520385032331,2.3213835578452557,0.9231653118702495,-0.2890051560852832,-0.16595919907260445,-7.395119444347851,-0.32435716500732054,2.452476496000885,-3.0817495489983493,1.0375793657217836,0.17307065884862924
mature,226983.61822040216,48409.581073386784,1269863.9529021466,160848.24964858207,1.551453455310496,-0.06262952154641395,0.703411645276801,-1.0780313828824317,-1.9389529270778978,-0.3373532049374447,-0.2241157379346418,0.07083401850404653,20.60244553917837,21.391009187909532,0.42174661449896517,-0.8555947533083852,-1.140082451093339,-0.2283067224777606,2.7974019574423923,-0.1431470529560883,2.287694409748641,0.7666525947897375,-0.9063553788763337,1.567461956699098
decay,210324.28218358484,65484.19576268577,1441566.0665163773,175278.5981245325,1.6095670588668656,0.37735918451389555,-1.5330289672659407,0.264660435739055,-1.152875243694867,-0.8944070416989764,-8.675332519542819,1.0181206794976878,8.018194991476097,18.525350526643248,0.4664751318711764,0.03496731627718911,-0.44314390829022404,0.41191221695511704,1.702586156958784,1.1814167259712114,2.696657578785405,10.301380584900679,1.193620509879253,-1.634393356531472
