,Az,Ae,Kz,Ke,Cz,Ca,Ck,Ce,BAz,BAe,BKz,BKe,BΦZ,BΦE,Gz,Ge,∂Az/∂t (finite diff.),∂Ae/∂t (finite diff.),∂Kz/∂t (finite diff.),∂Ke/∂t (finite diff.),RGz,RKz,RGe,RKe
incipient,859246.2874995775,140336.6222918104,2373497.9809206068,219702.14009996707,0.5354849079518477,2.186684062185743,-1.139790970296487,7.2287435956341906,11.960588869284035,-0.3329506420543731,-33.577940309667966,7.697502403421746,40.067532525801205,11.872126969688349,0.36124606821103744,3.353297325770238,5.0656412663118076,2.742567827917612,3.721800722304951,4.359941502366273,-4.172778632834638,37.90404709431756,8.117578003420435,-11.70609546698615
intensification,537345.7000702191,469461.1184561711,3897483.3039593217,869426.3172487108,-5.041185967624052,5.6880063261713625,-0.20551401960086466,22.81227150432703,9.194869630195736,3.222928272010758,-93.9941247498699,40.23515518236947,291.47789704518993,287.7474660557293,-1.9914780845700735,8.206542319007328,-4.7984737843428515,0.6014496487284117,15.257566883067025,2.778654616355431,-13.346523055991275,114.49839162016183,14.502786554873317,-60.47428608994192
mature,199583.5098011492,112762.13322093655,3961987.8041206514,358440.8957884811,1.6470429391038999,0.21800147102935688,-2.0516767325558667,3.73613283884914,-1.5428484747710614,-5.285187866355072,16.03451616983699,-6.367357467446611,239.04377314076123,180.311789165486,0.33629762130537416,4.82920949744316,0.791203031151794,-5.2044305710720895,-32.246040145675735,-12.26261155337058,4.199095916056112,-47.87592252206075,3.598888663102767,-11.683063657328976
decay,179777.9428992192,48705.85903406751,2126249.0635056603,323955.256571806,0.683544410644539,0.365082265209904,-15.155951485364824,0.4896261425055649,1.0812576984849622,-1.56734850253611,-14.595821744016453,-8.82579443513582,186.833663769831,123.42300367005164,-0.4967992037558927,0.27701927005640137,0.10774378673128053,0.25926383560277283,-4.506978883690161,1.4195676234974761,0.07511276410076091,24.561249935046575,1.9511562154345437,-5.400215569237094
