,Az,Ae,Kz,Ke,Cz,Ca,Ck,Ce,BAz,BAe,BKz,BKe,BΦZ,BΦE,Gz,Ge,∂Az/∂t (finite diff.),∂Ae/∂t (finite diff.),∂Kz/∂t (finite diff.),∂Ke/∂t (finite diff.),RGz,RKz,RGe,RKe
incipient,837488.4896467645,135454.3334912556,3543181.807869081,135984.02736478313,-1.1279779426576806,0.5696018558866641,0.17870826907146062,1.730674599958902,8.571137701321629,-2.1922205289395933,38.843971191374926,1.4967805284395659,-113.73395723346103,-114.91065780382881,-2.23466398889737,-2.2156782289558787,7.360616622349539,-4.332172952576488,23.277973378689627,1.534159737066963,-1.7688971657431043,-14.616728139099072,-0.9788796795646574,-1.5145871222600444
intensification,703255.6770384641,47985.42185863645,3376612.1116070617,199450.95140118327,6.070696485255894,0.34502565541152863,-1.3317557848839132,1.84937435396443,7.976038481283682,-0.6866812085090782,21.378688458963055,0.5274083919083953,-45.869993993798616,-101.12982876582315,1.6166582091414519,1.0186296569919457,-4.501333433812794,-0.4068178257677826,-11.291652414918287,0.6645453859457928,-6.061649774429055,-37.40928157425331,1.7842120812941968,-3.043993144810946
mature,409870.2112295977,42895.57979433642,2481542.2336000544,249268.07794544037,7.418129410266971,0.0830581557895579,-2.499526230869857,1.381104752794341,4.1676274042154375,-0.1561351629636254,26.893341939857837,0.6860405602956683,-33.07964019826638,-69.14418289132786,3.667216033609291,1.202637465104575,-4.0512080456894,0.0964103129400601,-15.16343277832907,1.978143074097364,-0.7176478838483076,-46.975377897584025,1.5505920729084686,-2.5885284698625024
decay,354583.03501909034,45376.959480521764,1795912.4184248967,346760.99849855184,5.675510909431677,0.1790991192458351,-4.1568365608038755,1.8780425008399255,7.309792885058417,0.03325688315676911,7.4262696249918285,0.25624302398124493,-3.571051710313796,-28.16900852914849,0.6406926926827978,1.4290484697357522,1.3849107528481006,0.2178611318200149,-13.064243716770958,1.771844183750935,-0.07027210353280251,-22.009187690390586,1.8835476302573362,-4.519277901874111
