,Az,Ae,Kz,Ke,Cz,Ca,Ck,Ce,BAz,BAe,BKz,BKe,BΦZ,BΦE,Gz,Ge,∂Az/∂t (finite diff.),∂Ae/∂t (finite diff.),∂Kz/∂t (finite diff.),∂Ke/∂t (finite diff.),RGz,RKz,RGe,RKe
decay,1001369.2794702746,70326.50800131424,3708565.65161344,154701.85890646942,10.349782883277953,0.47403046055427545,-4.209967167300286,0.2951801635943085,4.4278850969646255,-0.5908462129069412,-47.51869703509339,-4.559601620055952,28.978250918610225,-1.474688538696896,1.814604886942341,-0.74781992952429,2.165278248168467,-0.5331148442511144,3.0745986785065744,-0.29262797615443387,8.56120649503607,44.4534799976223,-0.12111892830414028,-0.23817368699307637
