,Az,Ae,Kz,Ke,Cz,Ca,Ck,Ce,BAz,BAe,BKz,BKe,BΦZ,BΦE,Gz,Ge,∂Az/∂t (finite diff.),∂Ae/∂t (finite diff.),∂Kz/∂t (finite diff.),∂Ke/∂t (finite diff.),RGz,RKz,RGe,RKe
decay,179883.4128716164,79527.05343707312,2092313.0946112287,244877.06513118526,1.3927992656867,0.5166512679537695,-7.127611994644454,1.1055259027404658,2.5025972675220927,-2.0415060646074754,-12.737851769996743,-10.233463822951977,4.10425932848124,-8.455587664970858,0.18407057026591445,-0.8748736480941016,-0.6234512624141442,-1.087591051200169,-8.70461714137892,-4.5684981362501915,-1.2165979962957671,9.768047357575576,1.542789648194003,-2.568172210683135
intensification,190829.55105346313,61923.3779347985,1753687.9002765014,174485.50306123565,-0.7560598784055517,0.5275056393037789,-3.9436747636600424,0.14862911704221426,0.7213281416572108,-1.1291611980961322,-12.855531171497375,-1.0182636494713841,19.148359964924566,5.784250698594684,0.11258120664415709,-0.05146577855638327,0.36578786284353254,-0.06937991731448491,-2.06216494855191,0.4213937709221123,-0.5840945179154512,15.493100865011058,0.6809047585200827,-2.652646460308761
mature,261137.3259463048,58604.373767892415,2002293.3668165922,235144.64166848012,-0.005623208865063696,0.677108360299167,-5.3106233983081355,1.1594855447235275,1.1368820508591921,-0.6393532639972818,-14.465228021186702,-2.539468496386361,32.72094853426815,-27.139029780539904,0.16745494408866904,0.18985604925932462,4.334526357319523,0.30051920940033605,17.17244626271762,1.1698985219636784,3.869129457894434,36.95392089107752,1.4222496578219783,-2.7607419246816245
decay 2,518786.2837371476,96571.155326235,3147281.2874648883,244991.9895196484,2.1333536305770524,0.6820781701452876,-10.56849592463141,0.3856125989907305,-3.743992680395674,-0.5680226699122971,-23.201955456527564,-5.926668945686937,38.9539175598385,-44.66784703676728,-0.16234123828285923,0.11869052084887476,7.3676672745158225,0.43771443133941584,19.576385591282843,-0.6146196816675944,13.927091755633837,51.213483341864766,0.7092715300971559,-5.642059259602801
