,Az,Ae,Kz,Ke,Cz,Ca,Ck,Ce,BAz,BAe,BKz,BKe,BΦZ,BΦE,Gz,Ge,∂Az/∂t (finite diff.),∂Ae/∂t (finite diff.),∂Kz/∂t (finite diff.),∂Ke/∂t (finite diff.),RGz,RKz,RGe,RKe
intensification,322881.8637427224,286804.4708527877,1607012.114622632,389143.75216475734,-0.6371411073137939,1.320984466036526,2.966273192278138,9.926945764444271,4.1011092483503715,1.6935393961910037,12.410374406640065,11.431764982590275,30.532879368619408,64.6999071289858,-0.0023916853960939863,3.790924848985922,-1.1015146577660022,-1.1734446112870185,5.610734209227679,2.9142389767252683,-4.51878054739364,-9.12877228237673,5.738977290929721,-15.478198578031138
mature,213654.79377323436,172176.30648029968,1668157.2321880083,435521.6534121571,-1.7972054107224498,0.658711119059163,8.236713819843178,9.583495452398545,2.680246121327271,0.7533968800695857,24.089446422662256,2.3214097365347626,10.034882344772084,52.46470817969298,-0.6276278671733608,4.605951403736051,-2.717966387775668,-3.811033598860267,-6.677280754799032,-2.0180792945407533,-6.536706800766227,-37.20623558658201,4.36035385440953,-5.686270663630882
decay,317132.42483963637,70168.84906274299,1833465.4065913074,174820.664068378,1.7748924431263138,0.1400187122515945,3.4780418697004527,1.5042867467780707,3.1953566296353575,-0.8227386229033066,5.904170675311172,-2.542024689812509,-37.85763352055885,-46.89879534623082,0.4701017195422093,1.3137655738187168,3.3371871722543887,-0.37094996390127954,8.108036319825489,-3.214679137708535,2.0567416979969395,-3.0490686683124477,1.8160566935285025,1.3011006750263556
residual,976156.5497950665,63731.957611457365,2393760.4477335126,123634.73129564124,4.062372654974864,-0.38570828255028045,-1.6954966122246702,-1.2475904307788648,-1.2107749413946662,2.0788974554643596,-19.728055751458168,0.33984783655308387,-30.550150353995008,-95.93836810108365,2.6057794320019974,-0.33395853813604637,5.515287148180721,-0.3132680656366367,-0.2298416888305269,0.24461888971678383,10.40272646199997,17.131338019877443,-3.25404766932958,-0.5431351282821056
