,Az,Ae,Kz,Ke,Cz,Ca,Ck,Ce,BAz,BAe,BKz,BKe,BΦZ,BΦE,Gz,Ge,∂Az/∂t (finite diff.),∂Ae/∂t (finite diff.),∂Kz/∂t (finite diff.),∂Ke/∂t (finite diff.),RGz,RKz,RGe,RKe
incipient,915516.7673681729,85539.82963048932,2329819.4264137605,91297.71981426983,-1.743831259251244,0.3109792622794568,-0.7574113474168949,0.2081871572450674,-3.158376372135058,-0.04741036507123495,-13.6467716180783,1.159826014513278,41.944551200031114,31.36479248656292,-1.9423014743725062,-0.7701246081579654,-9.707099202690909,-1.1324222930380852,-1.7107274416925993,0.4336514546209667,-7.9815748275276395,14.43728678305384,-1.1878040330012398,-1.6917730645542737
intensification,602867.8501475673,94601.08985947313,1923380.7421366812,294467.7225399187,-4.947714496049513,1.0322471117866654,-3.3113250760149384,3.450669786485457,-0.9322515998825295,-0.6595992862357863,-6.690171386244974,4.617403725491863,44.230067057267334,32.32878071709421,-2.8406138279600466,1.753310538142339,-2.2439833837135046,0.16547240542574163,-2.485443339524443,2.03056689219847,-5.227199168093821,12.463767618784981,3.24349436636032,-9.34883169579379
mature,301071.40578417334,92656.0469028651,1859587.036353137,624976.0811114793,-2.8072723903735386,2.173694828837264,-12.702621473437654,5.227978495968456,4.125494542910093,-3.2473398784691194,-13.864857046826293,8.196949656743252,79.66784668928672,51.77990895379425,-1.5815722890793853,2.9024259272736512,-0.18881119223202017,0.17356669552625736,1.2718680322399503,1.4619374354126742,-4.9478832966783886,30.646618942877435,6.475190241126569,-24.665612190736688
decay,227978.77189004028,122670.24769751869,1798699.7724342935,770749.4095749367,1.5752722141474385,2.15592997652564,-21.417383843335816,6.094016009351003,7.068105768282902,-3.7775061220120834,-15.695934055554474,-2.828887517984479,89.27374538744452,59.939581999496916,0.2669905345996484,3.106554158430977,-0.2593789087116164,-0.1388995410228517,-0.09489985510760883,-0.6721858321600092,-3.596282486321441,35.443145829635235,7.576692613814594,-25.35469816686236
