,Az,Ae,Kz,Ke,Cz,Ca,Ck,Ce,BAz,BAe,BKz,BKe,BΦZ,BΦE,Gz,Ge,∂Az/∂t (finite diff.),∂Ae/∂t (finite diff.),∂Kz/∂t (finite diff.),∂Ke/∂t (finite diff.),RGz,RKz,RGe,RKe
intensification,328686.30869674304,166306.40465480773,1382752.695632457,497398.750501171,0.8544261524123744,1.499448333053133,3.153073342314956,5.796759155620026,1.932386303738575,-2.9550882142528714,-4.78698903194064,10.130941978806142,11.304132572543482,61.764827699329786,-0.4137002913062556,1.732399947789243,-1.8546108167933621,-0.7929619416174609,-4.728266214655563,4.2949709181270785,-1.4331226350664297,-3.9487766774422517,6.459437095202304,-8.479656873984133
