,Az,Ae,Kz,Ke,Cz,Ca,Ck,Ce,BAz,BAe,BKz,BKe,BΦZ,BΦE,Gz,Ge,∂Az/∂t (finite diff.),∂Ae/∂t (finite diff.),∂Kz/∂t (finite diff.),∂Ke/∂t (finite diff.),RGz,RKz,RGe,RKe
incipient,494957.99020328035,230212.78124295574,5539319.055112857,407070.33418244804,-2.6889807495335556,0.45243438298030747,-2.6745899590005537,9.705202883193417,3.469728868070084,6.475707692664579,-0.19387714476158413,0.24715499158467868,273.6655999184246,324.7493569716721,-0.5193681667797175,2.9079238297503274,-5.563678934156203,0.3884784377409839,-8.835182437696165,0.4030220458374909,-11.269954168779535,-3.277734584400471,3.165539245289514,-12.223925787941157
intensification,399441.45882992545,203240.3284504995,3805466.671047561,389746.43008800363,-2.785625956180358,0.7189330321421477,-2.3132674682719085,4.28141762061364,4.115036522929566,1.550681895848941,-7.2027528978569295,6.514761033438222,195.72724583266088,210.16940698762068,-0.7099076038303723,0.4392924461659241,0.7518180266986577,-0.561451224160376,-13.568812192063056,1.1801851467698303,-5.429911420269119,-1.2671658697538613,1.4503514684621743,-11.929260975553941
mature,437233.4474485046,133176.840739733,2893522.9360428513,541170.4607488947,-11.47273276281453,1.6327980877448856,3.4899279575587445,2.6615438910461187,-8.059018235891912,-10.580608372049968,19.52279229345456,1.50390350636271,-33.011936017670784,-27.80524536611757,-0.7976498919889933,0.8863042773924699,1.0708160571510164,-0.3395880041966728,16.44935346102496,-4.831152682388207,-0.7101003820267145,4.909365972826183,11.269766171154528,-5.5066721222382915
decay,641884.527155078,71698.57764073425,4283461.481296158,224501.3166180946,2.6971959829475654,0.9196426121073492,-6.708094457965008,0.5952654217290794,3.311576789110096,-5.183327020123081,-28.23996031332125,0.9507765616638334,41.54134815246669,-35.81007123356291,0.28779900619436155,0.3509275718039437,2.0955611255554345,-0.3937983390447602,12.812928313196133,-2.094465576909542,2.400822931500253,45.06378710153483,4.465151490700051,-10.348602018267462
