,Az,Ae,Kz,Ke,Cz,Ca,Ck,Ce,BAz,BAe,BKz,BKe,BΦZ,BΦE,Gz,Ge,∂Az/∂t (finite diff.),∂Ae/∂t (finite diff.),∂Kz/∂t (finite diff.),∂Ke/∂t (finite diff.),RGz,RKz,RGe,RKe
incipient,475368.45316888345,55066.39484872799,1978941.9428027086,170625.00156614205,5.155759898978854,-0.0882283913312746,-0.59279892180301,0.5280741862355489,2.601516580250515,0.38446480420504175,-15.873521876083117,-0.09834786485310087,34.867684038465484,30.407884692981032,2.776492360633311,-0.2463863390800439,3.7001353703285873,0.3607566922872803,1.5943930247341094,0.7109188048780619,6.166150297725653,12.904953923641381,0.5925944656490619,-0.311606438307396
intensification,621177.6134577264,131241.9095578732,2168337.2787435194,188927.23913332738,7.702326584866418,0.2916549697908589,0.21212511605917633,3.915518196242221,3.324293688810709,1.2677938440550118,-31.356774965262694,-0.8600654841510061,78.24438995012537,63.08358084688582,6.95536837297868,3.4222696019624643,0.967065462880073,0.23430081429427613,3.527840293462681,1.5036977567491534,5.636753328726641,26.97016355779978,2.5903701966906265,-1.3396298392828854
mature,710532.7813945119,114170.92219843886,2367706.357024805,366884.6465452687,13.931908618608766,1.08596301750694,-7.503834821210888,6.005977830856763,3.9473036753006205,0.0818720234356487,-55.02489239638988,8.396591664892611,89.70427613444718,49.23298415868945,12.75996472301891,4.421800457528228,2.3629626652459734,0.37299707713018676,5.292035347718759,5.305644428087586,13.43353062606106,53.88885394671075,5.211139867044361,-16.600759888872677
decay,645609.5321242118,84949.99786312082,2506337.7691208837,438524.1175911285,4.105776885510865,0.9540972305437624,-11.649104617708936,3.568887025338623,1.4707780546497933,0.645890322506173,-53.879153008757214,1.8954723808716842,70.98359525280323,25.512627096678308,1.9646591587410374,1.2198241655972064,-1.5143412657783668,-0.6545565039520528,4.6835065408658485,-1.9572993914456482,2.0747547956264674,66.10598728182114,1.314342968336635,-19.070763415364887
residual,736824.6875010129,78889.49174910203,3199683.964092594,236757.16063605735,9.121116064314167,-0.1561146431013234,-6.1277710327830475,0.9673618472412883,7.307777359318259,2.455461394932613,-35.8873214039497,-3.0450776657901923,-13.36249800042336,-64.7352270080178,2.5425809010205906,1.00653587351714,1.7373371740309267,0.1364778458438055,7.663921508176039,-0.45631732658535246,3.3945612359255146,40.55789788059461,-1.1955070587461956,-4.506372540819496
