,Az,Ae,Kz,Ke,Cz,Ca,Ck,Ce,BAz,BAe,BKz,BKe,BΦZ,BΦE,Gz,Ge,∂Az/∂t (finite diff.),∂Ae/∂t (finite diff.),∂Kz/∂t (finite diff.),∂Ke/∂t (finite diff.),RGz,RKz,RGe,RKe
incipient,947339.2698089085,136452.49669489756,4123013.0557581782,273258.0456448907,6.419863536803233,-0.6011998807470801,0.6100782882038461,2.6606799633641396,8.198856002379783,2.743576868688559,9.639296344987217,-5.1041117517452514,12.034193879443452,-27.89373705990545,1.7914973770798799,-0.09895489242546242,7.485500998466822,-1.0971880121214612,12.886735997861434,-2.1992018357645047,5.105308652143191,-3.782502172132863,-0.5788850366988,0.8543082408204535
intensification,950460.9447369284,338703.7207946126,4848788.133727958,891140.7617104914,3.881251682623847,1.2102494964453243,11.41631949811271,6.592646264327574,10.028100735571641,7.615266731614764,-9.63766099368359,34.75612558529989,-81.11843918776667,-68.34858543461596,1.0140155130735105,0.2937054482984376,-4.177258511458942,3.2930783180010654,0.49552452208244585,5.129449701292095,-9.113858067961413,-5.164385664970523,1.060208354268551,-24.803002650222655
mature,748956.9408724019,514405.7834454728,4461068.550055477,1117825.1003753673,14.70582721372443,-2.297761592445425,24.598760147555332,3.25737926367851,10.4664979381114,7.268644184643863,-34.433134060759265,12.888539550376935,174.3203835787214,114.61340600756091,6.177122577858333,-3.4078584758656376,7.012491442419262,-9.87134688924135,-29.971345721991117,-12.413577611745668,8.954059125586866,-34.84279902251161,-11.584850217761277,-3.9607362782457867
decay,322236.68637723126,120755.11078270269,2181729.464023887,565379.6334578091,6.007095372851896,0.4377565897007148,-9.338267110308754,0.7908572065470629,5.809771528097694,-0.4683024612210942,3.5331550434878918,-3.3869912147449157,67.6555739978783,-32.9432044436376,-0.9353109266735068,-1.1093902664707107,-5.014735193203063,-0.9225651755100975,-3.848514329038174,-2.0308501065834426,-4.379654758748146,-4.050497635069202,-0.10116209744265514,-8.772983208694347
