,Az,Ae,Kz,Ke,Cz,Ca,Ck,Ce,BAz,BAe,BKz,BKe,BΦZ,BΦE,Gz,Ge,∂Az/∂t (finite diff.),∂Ae/∂t (finite diff.),∂Kz/∂t (finite diff.),∂Ke/∂t (finite diff.),RGz,RKz,RGe,RKe
incipient,500314.5273588933,95685.46535044964,2489750.025533516,374298.5954348268,0.17191082770049113,0.9462043015875619,-8.188568443985698,4.200242006793809,3.1863637159282994,0.005859025824847042,-44.028572814715325,-2.300819436746817,45.681698921768216,2.7618592853427772,0.6099824951717923,1.8196759396930404,2.8152073065716565,-0.8418225753750447,19.95263952809655,-2.3636150706318295,0.7469587199314099,71.99786995909707,2.406356104006356,-12.451606084664522
intensification,634577.5815916918,162613.59584290514,4690662.983475291,275888.7478078134,-0.811138104026652,0.6167849039609934,-0.5295855210041299,5.994971518733823,1.9838226381260597,4.693315781976137,-20.25680189026465,-1.9408250718188378,168.39990133755154,134.04541991297344,-1.5840394266565845,2.698617391389657,-0.6964493906362571,0.08968335251834363,0.6449249939431775,0.9914451981462206,-2.8746252288279748,22.24245050923861,0.7745541853150356,-3.5922867697728944
mature,585039.5103468626,80593.6472263108,3143492.159041162,425199.194074798,1.527325346858511,-0.19181739428543487,-2.2630928452746475,-0.7941814493787528,-2.093168094155286,0.6961473038722151,3.633859679456951,0.7008628055096489,-62.940420361052624,-88.79391619853594,-0.48822666670938986,-0.03167354614162859,1.4807501021585012,-0.32845863849217977,-17.367934779602137,0.2657291570870793,4.9094261488868645,-20.26602696064295,-1.6269699974577125,-1.9040450443184649
decay,406469.94208500115,135926.89120444315,968973.7192439947,744166.4741492367,6.520723039988594,-0.22821122089502704,-15.548765932295941,-1.0530880247286851,0.23679287015306688,0.624577019223344,19.02835706342771,-12.007449122819535,-44.441124712026706,-49.08197067980813,0.37120272183872555,0.5264135669906926,-1.9955657032828884,0.40614568772628984,-7.714949158222325,1.4656455471806384,4.060153245657612,-17.715263329342683,-1.043308135330712,-1.0225832375670827
