,Az,Ae,Kz,Ke,Cz,Ca,Ck,Ce,BAz,BAe,BKz,BKe,BΦZ,BΦE,Gz,Ge,∂Az/∂t (finite diff.),∂Ae/∂t (finite diff.),∂Kz/∂t (finite diff.),∂Ke/∂t (finite diff.),RGz,RKz,RGe,RKe
intensification,339001.64450172393,114338.53166113047,2019127.1957993242,219478.72014615175,3.9722634575387143,1.0782896899697767,-0.6751514893738575,5.679008295786295,6.6997480035678585,-0.8693908994196733,-28.77686384041217,1.494792826811391,42.53101633605682,9.069011575459026,0.9894499774072076,2.790194948710319,-0.6365745778981107,-0.802710910191213,-7.250612937540271,0.5844200910231636,-2.285769433957478,18.22913893470704,4.667398595044977,-7.2645325209483795
decay,228298.8212830505,63502.078463239275,1298298.0207347914,207449.43439379393,5.170228911384822,0.6315827518764138,-2.0625906775929987,1.7421270096472474,3.928014182429968,-0.6716010442317246,-8.81847468655157,-0.7857169116490361,-0.7638981660399737,-22.265932662236747,1.065643597704643,0.7962577094828613,-2.0874212200278865,-0.38236963750901615,-10.146856699820658,-0.3499112826916467,-0.21362373919661948,-4.436020247060913,1.3997756644935426,-3.368912058282857
