,Az,Ae,Kz,Ke,Cz,Ca,Ck,Ce,BAz,BAe,BKz,BKe,BΦZ,BΦE,Gz,Ge,∂Az/∂t (finite diff.),∂Ae/∂t (finite diff.),∂Kz/∂t (finite diff.),∂Ke/∂t (finite diff.),RGz,RKz,RGe,RKe
incipient,566060.9273271594,344621.2325150737,3803906.8743381184,452104.1896626915,-1.5782295113737268,-0.7282857274223562,-2.0145601456693054,11.40969217175909,-5.939637333863184,19.88278221274351,-56.51774268893688,-13.77761565517253,224.62398002358125,240.925746088825,-8.508133399460245,1.99908899270936,-6.795786678201629,-0.8171666912078271,-11.905874126172124,4.695882589583122,-3.1626645831345286,48.20465821980778,-8.561971004769891,5.049245927327258
intensification,535678.8103861634,293179.5832928671,3566688.124895637,572335.4814717374,-8.223502816771033,0.2893368806131902,-1.7953192450778923,13.473427831755767,-7.647326214052274,10.127701607066,-52.62457394850669,-11.3287134767134,219.1376996627525,209.3702472830861,-2.953732413662087,6.644849999086938,2.4781323504666255,-1.7280805138241109,-2.865785207901386,0.3732782702861639,2.191292628361057,59.777610802454234,1.3283088302524644,-3.566755329834095
mature,884700.0723824864,145165.6274447106,3513874.943032599,480069.2865333651,-12.999821646819727,1.1605567525165101,-5.451419380647314,6.243905636830988,-2.6526357171459063,-0.15910883676564602,-57.429732548834565,3.797784423009071,144.41180986026734,82.44230408086152,-2.387605001720787,1.1913738541332997,10.042761568576498,-2.444776799195581,6.760876892905723,-3.2995947608834806,0.8561323914191861,82.64185046920733,2.797680921884543,-18.792704201370853
decay,1335126.0108416565,76961.1590336437,4098471.9911398157,302157.96368581307,5.933446597300916,-0.26158190735771253,-6.508964165439631,-0.3323506511773968,10.891235687837838,1.0665396213482075,-81.17615517548862,6.148256421770879,35.20623957786818,-72.81671797345913,-2.3138303774437197,0.17106506600406726,8.77500714235632,-0.6132299042656724,13.453594996836477,-2.781175018358231,3.5556361444616855,95.2052677404638,-1.7505382694335638,-15.10604495439134
