,Az,Ae,Kz,Ke,Cz,Ca,Ck,Ce,BAz,BAe,BKz,BKe,BΦZ,BΦE,Gz,Ge,∂Az/∂t (finite diff.),∂Ae/∂t (finite diff.),∂Kz/∂t (finite diff.),∂Ke/∂t (finite diff.),RGz,RKz,RGe,RKe
incipient,117967.6081906745,219994.45133653554,1948759.6853870766,203156.39452399328,0.9086826024760996,-0.28786218631802046,-2.054129992948912,-1.4993488957130676,1.350720745855719,2.343979649711114,32.31411888505081,-6.1712069857253065,-139.76516372069435,-159.45577268995157,-0.16408138639992786,-1.5649671495839972,0.10431031261803514,1.7075326999145268,-0.7533941395557234,2.7393297029351555,-0.6255900170796048,-31.922065634133716,-1.8479336591916338,8.355755591424618
intensification,547782.6888784998,261232.50716082906,2244128.105146486,575929.2381674913,-0.259615515260849,0.37461305535367634,-19.149830187511352,-0.945549511032678,-2.671671868665489,2.3131135133460994,3.987756216241096,-26.200524932658485,-42.76017015990408,-85.78266815765741,-0.32649929352781193,-1.1895322767982084,5.363777884143714,-0.5797828626638348,4.567611689261545,2.8663440187933062,8.150447292902028,19.989301175792654,-4.213058942396288,10.86258827497312
mature,809046.452572624,148361.02930964503,2389687.334962457,630470.4384442667,3.688554232929061,1.6509571879157172,-22.569174897030173,3.88648502847183,-1.0974856240479818,-0.8805202574133131,-27.530709261937005,-25.992019445916725,7.373075160498009,-74.60409333981463,-0.38616316758539254,-0.11659125245746221,-4.716253686843069,-1.0746462601222573,-7.728983411965891,-0.47610492327907145,1.7207433580496918,38.68234651407222,2.0414018378471686,-0.939745402864351
decay,476204.7972062929,81147.74292479761,2236969.4059346905,294801.10795407154,2.3357320668367287,0.29676393469414414,-5.564423069383901,1.2887890795722547,-0.26077995823815653,-0.07698958893499237,-15.473757543163412,-8.282179287514982,75.94205747117029,70.50674523885833,-0.14041511750753038,0.7158361126500999,-1.7889756946353608,-0.37415450160984937,3.5691841736237504,-3.6681395482581145,1.1043002651336677,22.271632719334338,0.6948602322032543,-2.2391724096992935
