,Az,Ae,Kz,Ke,Cz,Ca,Ck,Ce,BAz,BAe,BKz,BKe,BΦZ,BΦE,Gz,Ge,∂Az/∂t (finite diff.),∂Ae/∂t (finite diff.),∂Kz/∂t (finite diff.),∂Ke/∂t (finite diff.),RGz,RKz,RGe,RKe
incipient,463665.6374688235,97055.81689676708,2758195.628514895,356601.17114129907,-0.7916514412715172,1.2819754115702784,-7.3202933642293715,2.5009080731370608,4.607140707726847,-1.6812403714057638,-15.46769230288273,-0.9201231206968368,21.897984724851167,16.669344774103415,-0.6366064491174638,-1.314624190142789,2.92974625318575,0.8353428442632019,15.448168828379824,3.3433728104633302,-1.1870704842423354,39.02780593676345,3.7355158772357484,-5.557705506206266
intensification,451349.375294211,158854.21333892999,3473674.8589699306,409585.56058549264,-0.2034317928406355,2.014374189993801,-6.973886911393981,6.027422600785187,3.020356064082893,-5.710294117936625,-28.96480966083892,4.494980140598455,175.62711206437393,166.88855697540785,-0.7218978414416762,3.2329208774365723,-0.12125681302218347,-0.030923896360788218,-5.130699707443938,-0.6492438934288721,-1.3306704799519111,31.0114286576296,9.692418632367222,-18.145533546206494
mature,418202.3561535044,110973.37645193229,1718234.9121058276,277063.7304297897,1.6796957291271184,0.7814056484278562,-8.827370353282165,1.5924439421663,-2.7555665795184168,-0.44404933714124767,-12.86767464389776,-1.3696813662687994,157.92722870351454,135.92086522145374,-0.7310623031428816,-1.2870075312622993,-3.239637916240337,-0.32937830429024156,-16.193494095306956,0.9386228238247684,1.9770300408330541,3.8218551727458503,0.9257093265894497,-8.111510105354894
decay,182385.80528687715,57876.17490100172,929751.7665665762,191015.7393038412,-2.028253500687591,-0.01294914856782281,1.0690807520220331,0.08596184134490542,-3.4316697776370937,0.19549022908273608,3.895731067078227,0.6753487440901045,-21.530714462147348,-34.65510131453906,-0.3381005115335006,-0.4726271184511311,-0.22068749054339754,-0.3424633623522251,-1.99899530132287,-1.1635483052202653,1.1697796378382832,-4.935553619735542,-0.43904260152223296,-0.8557781386332415
