,Az,Ae,Kz,Ke,Cz,Ca,Ck,Ce,BAz,BAe,BKz,BKe,BΦZ,BΦE,Gz,Ge,∂Az/∂t (finite diff.),∂Ae/∂t (finite diff.),∂Kz/∂t (finite diff.),∂Ke/∂t (finite diff.),RGz,RKz,RGe,RKe
incipient,240837.73848311463,253847.71870870542,2527271.834911888,233050.8338444921,-5.96276212743398,-0.22045552488294073,0.6304544068578957,3.552125060827754,3.6514660218505726,11.104155605168534,5.374809022956455,8.189438871524056,150.48434716122708,243.76724688020923,0.542314275579193,-3.5225189612859427,1.4988561225822739,-1.0661548755473613,14.604098015783398,0.0964846958139071,-8.335827551585218,14.561596713403022,-8.3977298950052,-11.014624829680008
intensification,149927.99715342195,166314.9297107581,2310603.313913126,178438.40751634433,1.5863250953477537,0.054417550252085535,-1.1632572997630395,2.3096233566604036,0.9049732766867347,3.919621309267643,15.172921889139587,-1.1895393802217973,185.35390867058302,191.11326792227797,0.9063757665210703,0.48019123887395854,-0.5019904131712399,-1.7469967025099877,-9.356119851334265,-0.9425493232311268,0.23377895574186472,-24.952109536058565,-3.411412205369313,-3.2258905994327733
mature,152140.27489471194,30370.780133750963,1543970.0040257939,148355.54580687635,3.2040994490107817,0.2701565558110418,-4.343859392461023,0.5336232497020686,1.3400662855796945,-1.05042839924424,-13.454054709051553,1.859900791747718,110.43685500758177,32.76401247300391,0.9184416022312245,0.2388239555460534,-1.7187780210477035,-0.4314407378130471,-9.350213436852266,1.229786689768493,0.41541169819442575,5.243601215649526,0.8824543553222198,-5.507596744142316
decay,93671.36091487226,30608.18807677962,1026218.3539611913,213643.80122327138,0.8093218685086604,0.10595897090951724,-4.3617938289289615,0.4963810057493099,0.9013514539405055,-0.09417350285846234,-6.465757686445957,0.9081389611146804,22.321441510183835,-29.32931684911027,-0.1270610796263529,0.2564889291314838,-0.6221899255806311,0.09674033460924103,-0.7497215895570568,-0.5838314825953121,-0.6082605401029589,9.268508057309203,0.581335872307496,-6.350145278388265
