,Az,Ae,Kz,Ke,Cz,Ca,Ck,Ce,BAz,BAe,BKz,BKe,BΦZ,BΦE,Gz,Ge,∂Az/∂t (finite diff.),∂Ae/∂t (finite diff.),∂Kz/∂t (finite diff.),∂Ke/∂t (finite diff.),RGz,RKz,RGe,RKe
incipient,690974.5200522133,190369.14607433486,2276307.857258295,338354.64280054887,-6.735269526744855,-0.019188678221301995,1.5178277064335355,3.4047260872351934,2.8404235728897618,-0.06964458128698907,5.735979975622715,13.116795618316985,89.84265809494458,117.38074209034829,-1.6751068290168334,2.4474076499748123,-13.727239641793076,-0.8971932398501253,11.596179515782302,-2.384154966641125,-23.322121419648994,11.077641360470905,2.5963661068933592,-17.387848965759776
intensification,568014.6196641477,166353.62614258693,3869596.9687190712,344770.6840720894,-9.24704059778543,0.5102371592972981,-3.6911396393037066,10.3421017564342,-5.162253891678689,5.210190455835361,-20.474426899913446,-3.304980018999278,151.26788527514145,153.8237324740938,-2.8889981611673834,6.5231323375039505,3.1020087685839095,-0.5444612827384329,26.441455954031007,-0.2290534149006153,-0.47254077822553286,59.85406309103358,4.07721285856311,-10.957314791639245
mature,1093200.670917802,66475.25075746249,5793363.825460046,275691.37536832644,1.4020334753081192,0.6120356728307496,-7.0081587933944345,2.929593845199803,7.292374038988799,3.0654688712269715,19.463043689113203,2.383252991743723,70.16754269599457,-32.97264399840746,-4.590146744203951,0.01044161065019481,7.056317718276136,-1.1380973514350992,15.190854523671444,-0.6205175371070945,1.7780128274262048,1.3339361526445543,-1.8860080502930168,-12.941523167445052
decay,1769561.070885906,85205.4845950674,7823370.583374486,204988.28676265903,0.5765837773761392,0.6262829325167985,-6.709128891530442,2.5099790765860175,2.5060071328838083,0.252754328694102,-4.108999542069364,-2.1809577767632375,110.06178600336341,13.687783692261146,-0.2624066050924417,0.7193453037608362,4.144939192810432,0.018259806900960195,13.322752764171447,-0.82601631029646,2.8417987698195586,23.564297420395114,1.6492016222760766,-7.864166501649679
