,Az,Ae,Kz,Ke,Cz,Ca,Ck,Ce,BAz,BAe,BKz,BKe,BΦZ,BΦE,Gz,Ge,∂Az/∂t (finite diff.),∂Ae/∂t (finite diff.),∂Kz/∂t (finite diff.),∂Ke/∂t (finite diff.),RGz,RKz,RGe,RKe
incipient,1060716.312731418,288800.9966207719,2646990.506553743,203398.5928787056,-0.32971888196758226,1.0866509474892256,-1.328097303382055,2.7317279116363644,6.464999282131384,5.857537410561847,-28.05374630623895,4.9355218700227175,124.77881103496776,139.79659360145777,-3.6356588629746533,-1.3306806826915445,3.94541672231648,5.402926530205551,1.6026661744071917,2.114573994310144,-1.7626504942932606,31.31422866599578,1.1904660837908416,-6.880773090730993
intensification,744522.9349913533,359950.1222995183,2779361.3080287334,513278.1997514721,-13.31311301860245,3.6405974552762013,-5.259666740613463,15.122338121385964,2.59364325917627,-1.2039613379591716,-7.646217565877878,4.129943864454835,109.86787586095276,112.37834271384499,-6.808800664581592,5.7871575197417515,-5.853866020973968,-2.0233309249119427,5.2892763928347115,4.34795477905308,-18.120024843476486,31.508273717928507,10.662371079156989,-20.163993947401178
mature,537485.874152917,117380.3420470216,3153422.750676941,674871.8083153102,-9.862361162131052,2.1324681240665955,-12.850802686915195,7.660657120060422,1.4687505850482245,-4.961209404985739,1.980434780002032,-3.1332374369438925,73.78394489913875,38.631292098503025,-3.0410461501298514,3.367037988537923,0.5337661173811392,-1.966011569947241,0.5881510767568102,-1.3572144635213812,-8.664877505731543,21.320880145801027,8.523386831032324,-18.735436833553106
decay,751307.2960376544,99685.84517490484,3388662.682513752,433298.81468156504,9.77269479509472,0.18990444104429444,-2.610970359239599,0.07130184464646461,10.339329711296648,0.2679015585973539,23.759950825094865,-1.7524937398652414,-112.39123004050171,-142.68097443449815,0.23737543251588397,0.6425219255059317,3.7842876451996865,0.5298887957976388,-0.5732025112407334,-0.07939924172314855,3.407557170042053,-31.494877772190726,0.14338464080245517,-1.0091777057439706
residual,1807944.6974566795,242694.81184001864,3321611.5886741937,774222.5920841674,22.319688744941754,6.241523088146422,-44.24013562627668,8.727256720020684,46.05648475562927,-0.9326738566274668,-24.75236724134921,-31.122224202191642,-48.12089385368856,-197.51587041491777,1.0045631618787165,3.582300829124139,28.266380865135886,3.4877041944602283,12.105048074232815,4.558092374287381,10.771107942594792,58.777862196916956,6.906111682961958,-17.28707576981834
