,Az,Ae,Kz,Ke,Cz,Ca,Ck,Ce,BAz,BAe,BKz,BKe,BΦZ,BΦE,Gz,Ge,∂Az/∂t (finite diff.),∂Ae/∂t (finite diff.),∂Kz/∂t (finite diff.),∂Ke/∂t (finite diff.),RGz,RKz,RGe,RKe
incipient,1350729.2135203588,137997.99352472948,4394040.999172553,431131.3480507257,6.612439828043234,-0.305745236885002,0.7166020506915317,1.7538932602262556,-1.1576796850658062,9.019100797843944,-0.4029112678433897,-1.0685240821447346,149.15213445017216,90.62897075007504,-5.762047795563461,-1.449665609662898,-34.95856105972259,7.230559711297389,-6.454319851016798,-0.3575805391793363,-27.494186783498552,-13.380450461908174,0.2710974105647015,-0.3263476665693257
intensification,1218968.3322410116,195026.3852018133,4112449.0952109625,293752.1573582483,-0.6022943452966061,0.4192835395591581,2.912852408520687,6.78583188528327,-1.6773703357912086,8.096102228389116,-25.482528400587118,-7.278131658217916,166.17876003675465,103.2079488525094,-3.6291204167141555,0.5754575833700296,3.1649993390346842,-1.5022998975306916,-5.91233808801342,-3.72226586916211,4.659358869088443,17.259632249349618,-3.231853780195694,-0.31711368770677817
mature,1461792.6789228949,47089.46654105416,4191320.3830672996,135366.1681803292,5.802541573113169,0.21064825702135137,-0.9292362773805878,2.8393633971340675,12.610880908035035,2.583269709608075,-54.748316983425994,-3.1908970877396454,-15.123869674222973,-75.45318598442381,-2.5630031235104305,1.1101390242202793,6.366180791130149,-1.165025411667532,10.542432969746846,-2.506903927022418,-0.2315102867703659,60.41744465744026,-1.1195799811628901,-3.084606513797428
decay,1571274.2586821427,66118.02377200889,4570602.274258473,106064.9727748818,10.989251771938122,0.8819469065954447,-2.154894574044254,1.174224897865013,20.81492337859979,-0.8154438598159631,-32.64411316961024,-0.8237008127982997,-32.12684839607224,-126.91273536637975,1.1716546500246114,0.2357827212580151,-3.512151311325327,0.7410940282944715,0.23549564471445653,0.897399190090311,-12.455876011391549,24.045251616430832,1.848815879380003,-1.6080194690206562
