,Az,Ae,Kz,Ke,Cz,Ca,Ck,Ce,BAz,BAe,BKz,BKe,BΦZ,BΦE,Gz,Ge,∂Az/∂t (finite diff.),∂Ae/∂t (finite diff.),∂Kz/∂t (finite diff.),∂Ke/∂t (finite diff.),RGz,RKz,RGe,RKe
incipient,1047599.389191776,294250.06298508507,2741293.6522063278,729928.2794988628,-2.835079387139148,6.899144018218605,-14.266203159745874,19.51430869023098,13.453463239772145,-3.680220617118744,-70.00945184555792,29.591096603971355,132.6394092417948,-0.5154022818280453,1.9869781244036644,-0.173688721679746,-1.6161156695339014,7.2090477026605395,13.31071537325094,11.919211686471288,-11.005514278226588,100.42144976569388,23.50443299179166,-51.45239676747693
intensification,546064.9428210033,540586.9214803451,2779827.844857406,1160982.4639868333,-4.697235011206041,6.7051159129921505,-14.95277397415381,24.734684933460912,7.546622166829077,-1.4086266015353113,-50.58080002734992,26.43524279056423,161.824146603975,79.54564605098561,1.2791353494581836,11.317674249517388,-9.298650288627918,0.9031119498106016,-6.676323641925436,7.362083962055653,-14.837391553670889,63.55448537078434,20.341307571814678,-58.76061773612331
mature,113570.59815632987,210870.02424031036,1855894.8625743699,1344295.177125282,1.2103973286340532,1.3704111778018373,-26.17591762763069,1.8561034481809995,3.2413849809046953,-8.070367605125465,-3.497843484087096,-10.52608264879537,116.12604478136745,68.30165169700554,0.7903131831763779,0.3465562526506702,-0.15250187102990403,-6.06151931648639,-9.837718485085766,-7.86931609969366,-0.8130783454987084,18.62564529799797,2.494540559018236,-25.37525452670998
decay,309800.15017467266,73314.17859982129,2437340.733065191,620291.3158638894,-0.7402896539919975,0.36428807720511713,-12.24233315534625,0.5707826088088087,-0.41576486182921274,-0.2612372261298989,-30.2664093583684,-10.268799943599078,81.00546115428062,44.86799999888315,-0.2774141681563645,0.17349795101297333,3.454085811742694,-0.20996104437337318,13.826682816954555,-3.5896222153816146,3.4938490967850258,57.07571498466119,0.25777071336021734,-6.133938035937594
