,Az,Ae,Kz,Ke,Cz,Ca,Ck,Ce,BAz,BAe,BKz,BKe,BΦZ,BΦE,Gz,Ge,∂Az/∂t (finite diff.),∂Ae/∂t (finite diff.),∂Kz/∂t (finite diff.),∂Ke/∂t (finite diff.),RGz,RKz,RGe,RKe
incipient,579631.0441011529,211051.04585580583,4365992.29549849,294966.25673120585,0.32849840694828375,-1.3996192929981817,0.26344783382308196,3.910260713205974,-6.576800363017938,15.046897072443121,50.429040177374226,-13.446550206077776,317.2551578827213,284.8010449732107,-0.2663705982609125,-0.8599406915519209,-1.187223686646797,1.950465801116101,-5.869191645983122,-0.440085050660995,4.318455790321244,-56.89017806412871,-7.7865512651228626,9.35965227603389
intensification,516749.95835988695,214664.7893251695,2899232.7882181243,236257.1567481242,3.184812234420218,0.3322390705490194,-3.351291973059524,4.876026415955599,3.3650445537041382,2.5746227579434104,-17.28281031010415,-3.804910985846328,131.34224017887703,41.11387695409073,1.926002396946217,3.13210458803876,1.4201723169971487,-0.593830035671975,-5.135920346311277,-0.6609648259273118,1.5721790682622476,12.31336970243218,1.3753345517911948,-5.083372229096107
mature,887056.9886124253,99707.1968676419,3034659.197433886,130882.08237091496,-2.6628534212737476,0.7134454917963714,-3.314801231967903,1.0092144791696567,-2.6631844951906105,1.2062574373510546,-23.209584931963857,2.0601600644093074,143.54803678594982,59.48929859022661,-2.2029196375800373,-0.33316689916780984,-3.1386365476395452,0.6651768360823548,4.014510068150423,0.18797610061651654,-2.4248599819263124,33.20174965335593,-0.24531161389541448,-6.196199674930351
decay,636107.7201201108,190633.85932333535,2583929.1472481373,200689.92907199328,-8.284567682724694,0.9681543786504225,-0.4903806143458871,4.331619302663911,-4.615438771419499,-1.370931027605445,-18.781784813915568,2.0655740797805278,101.0937459742448,76.7700119047987,-0.7770769610379136,0.648230879233395,2.0899793077626474,-0.2292818684605624,-6.185707255890085,-0.060882716052285776,-0.6109952248921233,21.37102585509606,4.505114083158371,-6.948456712842613
