,Az,Ae,Kz,Ke,Cz,Ca,Ck,Ce,BAz,BAe,BKz,BKe,BΦZ,BΦE,Gz,Ge,∂Az/∂t (finite diff.),∂Ae/∂t (finite diff.),∂Kz/∂t (finite diff.),∂Ke/∂t (finite diff.),RGz,RKz,RGe,RKe
decay,1200142.9356470094,161909.6052131433,2665350.8064827695,227551.2639472861,-6.693615397283314,1.5590880335834398,-2.06281050371063,0.3301062019694067,5.337178135373171,0.6331453224212575,3.806232298704606,4.051045878937273,81.63366050515737,91.1530286822778,0.6971573738554072,-2.665710396183477,27.30697942413205,0.24816581878813995,30.854729840181893,-2.0543963186799883,16.83527392505901,35.80492344247123,-1.6139613352471507,-8.4983589032973
intensification,1418280.6910606,288017.9139398483,3342226.697677665,282560.78185021254,-4.617749273150039,3.249073439173602,-3.2328322631912223,5.800902459127262,15.017076459610744,-0.15819338742383385,-31.272089032463896,6.978690523066919,127.27591686220588,138.92070078089617,-7.504490726808631,4.033748015624304,1.0794988184315824,4.310159685365354,12.763371500612834,2.5198363262099432,-15.3062534751556,51.88604206941799,7.02018209274285,-13.49258891917546
mature,1250583.6905582733,398018.4347184033,4035481.9416262563,349775.940640384,1.2111770219999705,2.375492271018595,-1.970778803900587,10.137425200846309,12.062567703127208,4.250239662589298,-50.26714251052047,1.0090754980323426,197.8832490424504,190.57654575974584,-2.5463017165403192,5.041516713539938,-15.3012044306797,-3.811736592713303,11.578013590989565,-0.8421921874422845,-23.77710284078834,62.604757883410656,-0.3000433254748888,-13.959471690221521
decay 2,1049067.6875745943,255183.8698635344,5120543.100983983,370135.51812074863,4.680930487446172,1.344973692593689,2.665823086345635,9.259770441767655,6.4490292829634415,2.659369937303722,-57.32396541588316,1.4383434678912304,237.4183540540399,217.79630435952285,2.52438677075882,5.566069204093969,0.11466388637524189,-1.590314466622135,21.766734549778274,0.3135363979277433,-0.30846121654833814,71.74394639186963,3.6651123452481094,-7.718754425385507
