,Az,Ae,Kz,Ke,Cz,Ca,Ck,Ce,BAz,BAe,BKz,BKe,BΦZ,BΦE,Gz,Ge,∂Az/∂t (finite diff.),∂Ae/∂t (finite diff.),∂Kz/∂t (finite diff.),∂Ke/∂t (finite diff.),RGz,RKz,RGe,RKe
intensification,418948.14761618647,335453.39462183625,2603311.653545842,520883.26079708646,-2.0262078981335865,2.2798793532817423,-0.16386619141169934,14.534994209794966,10.68522177202589,4.913971657321129,-1.1645147973501067,-1.241278240837183,142.34304132105316,97.50440423529902,-1.7243831962823897,7.975269322994142,-0.016712833518606567,3.9191787069997575,12.93145352552144,3.2243929505329407,-10.448263150396341,16.28604241241683,11.260321906191853,-10.233189209836544
decay,443250.74761133204,499536.04811408865,3214824.5565229566,808538.8721120777,0.39480833506610175,3.7007019949281292,-10.050469466488385,16.34822383487325,14.956540123653488,0.5978980649570637,-14.977251847538843,-1.1917361453681907,184.1474618858957,97.20411695749618,-0.6566786009511819,12.531619386695182,-1.3471659493699344,1.128718011099475,8.766016966990103,8.370317147942451,-12.208195743029192,33.39892994595123,13.17834178608753,-16.83664000805099
