,Az,Ae,Kz,Ke,Cz,Ca,Ck,Ce,BAz,BAe,BKz,BKe,BΦZ,BΦE,Gz,Ge,∂Az/∂t (finite diff.),∂Ae/∂t (finite diff.),∂Kz/∂t (finite diff.),∂Ke/∂t (finite diff.),RGz,RKz,RGe,RKe
incipient,476617.9804177126,186576.56290540445,3912109.2109495862,223975.1049727014,-5.477612437468587,1.2610094041264375,-0.7652608845501826,3.9397653191600397,-1.0503563765827606,2.639336652584525,-38.16040501223396,4.843162075389056,291.5354355115014,318.62850979447893,-1.2080537380613874,-2.15871550647562,-0.15011092209256557,0.8973234330594634,9.206844564744381,-0.7425255558265995,-3.3163575788519553,53.61012289899711,0.9367426955085403,-10.29071383492588
intensification,417511.73205255886,150219.73573208268,3971678.069931502,179163.49664636955,-3.1321827752080256,0.7454284829124809,0.06260441273864628,4.229072155549328,-0.08139916047612836,2.4778905201914414,-12.66790237089639,-0.6626359025691928,219.91411159932687,235.4600806229743,-1.081498687202322,0.4421191745186496,-0.3061141740527797,-1.637052684663731,-1.9665822270613997,-0.7805401267462734,-2.6114693058721956,13.770898506304366,-0.6312995322183254,-4.284371966987762
mature,501783.39742926066,46161.736325812446,4201488.803310387,131250.36151125364,1.9275859573371241,-0.0502418630053371,1.0317105818407823,0.5473959934097735,6.412624355987933,-0.6987094827758403,2.8869969793983223,-1.7520584607994965,50.3754057579732,5.326162936494825,-0.15309711998543807,0.7658348043986565,4.691741489001217,-1.309642386879428,15.795859211036872,-1.0853141249510663,0.1564612273450725,9.949565692460643,-0.013295047688477002,1.151058924279439
decay,792615.4515079911,80919.70682133421,5360148.916114049,173628.66149463886,7.521088590187772,0.0003061707387146078,-1.667528885163551,-4.525992349713463,10.808192625059204,-3.223312724384477,14.51406513809792,-2.4700956515335326,-288.3264957171097,-335.83222833044056,2.4616784542874166,-0.14651727153998387,3.3992263770678233,2.197890841625053,28.01120752866083,2.059728580597906,0.11242851293510407,7.643582685538689,0.8949050455573521,7.38828769668135
