,Az,Ae,Kz,Ke,Cz,Ca,Ck,Ce,BAz,BAe,BKz,BKe,BΦZ,BΦE,Gz,Ge,∂Az/∂t (finite diff.),∂Ae/∂t (finite diff.),∂Kz/∂t (finite diff.),∂Ke/∂t (finite diff.),RGz,RKz,RGe,RKe
intensification,904579.721548116,447480.49595523253,3886103.1473301253,516767.74456509476,5.253472130094293,6.070993837258886,-7.369741128540062,15.140924702220278,21.62519089510013,-7.506526123945984,-41.948063907173704,-1.1918391142843403,237.08107866479574,155.82268184625738,1.161421114289944,8.507863772210051,-7.21986144484761,2.483999920516427,2.033040461188104,0.18041066658789348,-17.520586372594565,46.097373366807574,19.060456909423802,-21.138416049888104
