,Az,Ae,Kz,Ke,Cz,Ca,Ck,Ce,BAz,BAe,BKz,BKe,BΦZ,BΦE,Gz,Ge,∂Az/∂t (finite diff.),∂Ae/∂t (finite diff.),∂Kz/∂t (finite diff.),∂Ke/∂t (finite diff.),RGz,RKz,RGe,RKe
incipient,374795.14659531176,501285.52129766875,3078835.470748172,315330.34659474745,-5.5423987463493605,1.4812917635523817,-1.592479515243856,4.967833885142207,5.6643963895536205,9.805659450691834,-29.891935845908385,-1.226901312384703,213.60097698506732,215.51779309081684,-3.6617375705491093,-3.3911284139187035,2.268964793373649,-1.5810829052822395,22.583807182360033,0.5416795636885344,-7.456538578976948,59.61062128986163,-7.900200234384248,-4.791732524312826
decay,869331.7946720673,176520.8957533001,4922576.360973885,242206.43043250637,-3.0875790942099095,0.7104068015014675,-2.793728677933574,5.782429585731823,3.459044017893605,7.6051667531834095,-27.508352182601556,-7.577659702335609,106.4022650320422,85.75272151629417,-1.828573620923839,1.7980784969307972,8.774157992296065,-3.519721296813072,24.204087022086306,-1.557373001065653,2.937941681694018,57.59374697683135,-6.052865265766126,-2.5558715623954398
intensification,1642932.9998197872,67610.31806993703,6456620.088780881,222736.6963507556,0.25386842705774143,1.182663535967494,-4.664670846366704,3.3517356935550033,7.101073586336458,0.4511583324491668,17.84251458401246,-0.9987971333998668,-70.80079919377874,-109.53177548122011,-0.7382015421554549,1.02075324792791,0.26869885736470384,0.29688807112113025,-6.793817922004179,1.065399187097253,-5.39584276594652,-20.22553008670768,2.0148018962594727,-5.952210219424589
mature,1018283.8559198002,193066.1807271108,4401771.31336414,579339.0248455494,-4.525009754242606,4.339490625966272,-18.266439133683555,12.413835935999566,7.052028980260498,-5.1771384961386,30.5880282737634,-1.6137130818995884,70.30501202269781,18.406293352445065,-2.5295373820332716,5.465667147167113,-11.35212671355505,2.2748075103352807,-15.765604630115893,6.045742357977278,-18.589674822091883,-23.562184015953136,15.526291316507177,-23.020819629806255
decay 2,308114.841761986,253326.31158177464,2286789.253660692,519142.5258084809,-7.513874755911785,2.007869188888665,2.3243564336732168,7.164883870204888,-3.862535363385174,-4.114989903999507,-20.86851696780202,3.835765074115124,116.29011038795892,127.49313680452667,-1.9897742894733499,2.055815463770845,-1.3726519459361435,-0.4465017035037793,-7.333312497040534,-1.591650003859595,-3.0161221495740893,18.724722793000065,8.825502881811952,-10.267942514506393
