,Az,Ae,Kz,Ke,Cz,Ca,Ck,Ce,BAz,BAe,BKz,BKe,BΦZ,BΦE,Gz,Ge,∂Az/∂t (finite diff.),∂Ae/∂t (finite diff.),∂Kz/∂t (finite diff.),∂Ke/∂t (finite diff.),RGz,RKz,RGe,RKe
incipient,1102016.1042349606,342197.02285255055,2331369.7670988855,404228.81292151194,-2.7248765119824943,2.562008588135359,-3.385410041854333,16.48146859461426,19.413643359651157,2.702442491107042,-46.010790929370394,9.741219526563782,63.98759807161749,45.67641520995426,-5.079839407632073,4.866295999463335,-9.826046628059297,2.1257348358927555,-0.7430332496851598,7.397168759879118,-29.40255791155759,51.37804423352207,13.342752351264616,-22.210929403153262
intensification,617973.6168740451,570485.5255125065,3610586.966489853,780731.0267070408,-8.495915874997886,6.101925895997429,-7.743287457789384,26.888018913425185,10.769816592042897,9.754003845111708,-41.81425851647545,0.2457924869312887,229.4596591233132,189.74921863570418,-1.0876093652960213,10.504760004332688,-4.646182487324316,1.7849132652924928,21.56583460445288,4.663610952847145,-17.80998905836767,79.61929645371559,12.817002437608542,-30.213487905298713
mature,384707.72148485185,501681.6744208274,4422486.145123314,1049955.7851726995,-2.471842153333951,3.621821118851999,-36.530132027697036,12.505674630565228,-2.0060717139207824,2.5618294933615275,-31.927673026014233,-24.724555850586494,369.00244907385706,267.77055000806024,-0.3237513949033703,1.3050108808324703,-2.6969895744493417,-4.3489483821758395,-7.281739141262703,0.12465871699812442,0.4590611049894891,63.64790806578252,1.9730756361758612,-24.186592090677646
decay,472811.5458281426,134730.1373843082,4478299.609940245,493917.9353054211,-1.2314642733794834,0.9001322214334215,-15.235961088511191,3.817770487780589,-0.5421966434260508,-1.0476662150970033,-55.78857996505022,-10.134019745065482,350.94141232020553,229.38958144915387,-1.4081114979216707,0.5351399242826187,4.328221858437987,-1.897454475572934,6.32585801704894,-4.93628698724759,4.539086449917973,78.58186334398982,2.067850005871238,-13.85599881847389
