,Az,Ae,Kz,Ke,Cz,Ca,Ck,Ce,BAz,BAe,BKz,BKe,BΦZ,BΦE,Gz,Ge,∂Az/∂t (finite diff.),∂Ae/∂t (finite diff.),∂Kz/∂t (finite diff.),∂Ke/∂t (finite diff.),RGz,RKz,RGe,RKe
decay,576730.5498077086,119177.05569706982,2096975.1405323793,234443.22249183757,-0.23843208409964745,-0.5838543441779601,-0.38616148495253555,2.73834830922423,-1.1196615938204837,2.3705284723304487,3.815775147257624,1.4123988024245917,31.535941672296694,58.949889386095855,3.029914181880631,1.983503149195028,-1.5546190403096367,-0.9369628236236467,4.89020540195217,-1.0631167674928246,-1.257243874766761,1.6990238237467286,0.01471135744809482,-5.600025364094182
intensification,479823.8747125904,88869.39911389873,2410239.709818329,198796.0728665275,-3.549636209226571,0.013465853232648178,-1.0891118331641776,2.6405599879770882,-0.588911221125118,1.3541266519913866,5.217712293665324,0.47480379808449297,45.791018280973056,56.65401799400045,-2.3656252781765157,1.5229031056478275,-0.39696959189105885,0.19236941199377747,8.472526810339126,0.21424138765434408,-3.3442287267598645,7.893562559064553,1.4653368947468308,-3.9902342315714145
mature,500276.4898498322,95868.34130999888,2774713.3098076247,206342.43688192294,-2.5974221951044596,-0.177316291126519,-1.7960143767489407,-0.7401869344823693,-1.1676366296377854,-1.045636739428274,7.535767980115238,3.507685900871654,18.907197277294664,17.1369044187811,-1.053838704870946,-0.2123846051063699,0.40777550807635854,-0.04947380822988905,12.417568260539168,-0.35911647231086435,-1.199326348516835,9.27523685227733,0.43329228784253476,-4.92262981544909
decay 2,456843.40905424947,148841.28836841419,3886744.6546799405,197941.4232731794,-3.468165013785318,0.15149613707512996,-1.2309560425819421,-2.306438734105457,-5.189775062123348,-3.3721762400611826,33.94724108981199,6.241924573647966,-88.14927745485787,-106.78194031378264,-0.3732885789968132,-0.13704410861555644,-0.7740906381604037,1.5515051959701247,29.996849569741794,-0.04956167952491382,1.0990155472527563,0.748729536297064,2.4657465648507197,-5.216003561649365
