,Az,Ae,Kz,Ke,Cz,Ca,Ck,Ce,BAz,BAe,BKz,BKe,BΦZ,BΦE,Gz,Ge,∂Az/∂t (finite diff.),∂Ae/∂t (finite diff.),∂Kz/∂t (finite diff.),∂Ke/∂t (finite diff.),RGz,RKz,RGe,RKe
incipient,334942.7060610546,95122.84068449,2066770.6990811755,182003.9120925261,-4.699131487486165,-0.06984329123392825,0.4273340391448718,0.40681174024323413,-1.0177998386192975,0.7441626887582039,37.39554232303945,2.9796516943383144,-23.72744482884069,10.079638425569417,-1.2196477007385065,-1.2690042350414432,-0.10180114358875235,-0.5752894705767995,15.988659123569406,-2.4981497233433156,-3.852976083689547,-17.13508575112875,-0.842797127857841,-5.457279118779993
intensification,390213.5675986011,83835.69910676061,2376641.479211492,162737.49203787048,-4.090043220496904,-0.07141750541269506,0.22481575991807695,1.7510023085812627,-0.6803753293365495,1.1861265749236078,33.906535301275085,0.05945936479703553,-1.0807620229616781,23.77975472991307,-0.61986989852048,0.4867865310575894,1.261280234137764,-0.13128498555869442,4.761969908942257,0.6354769871638573,-2.2198051624352866,-25.279337931754,0.5050082535116551,-0.9501689262963637
mature,422412.7062048961,74144.7371385108,2541712.7310362076,219320.28147735615,-4.265812018569852,0.015216564040588798,0.8478459411564094,2.282416965253268,1.1007193500021932,0.8544494948502921,28.32327750385464,1.5219081563773842,-7.631299712028449,-1.6720445357056315,-1.9137535536886408,1.0161221766385473,0.7671568410848462,-0.7143875091183576,3.6325491933477503,1.5976579892440694,-4.58415796344661,-21.272762233093452,0.69836339724403,-1.3588211912301733
decay,360623.0350673583,61934.6267777174,2500573.132478928,222469.8807216317,-4.821146165326115,0.1379269684064814,1.6290455068190768,1.7569653466721942,-1.8196299101863465,0.23082497932992582,12.431184021029935,0.864127267212929,8.341330703935535,14.69945847400821,-0.656010002996956,1.304534982068577,-1.6352980640033523,-0.3272779007979807,-1.4337695184736072,-0.13349797669264393,-4.4988873507366405,-10.672852880996503,1.0609354981378063,-1.12554508375869
