,Az,Ae,Kz,Ke,Cz,Ca,Ck,Ce,BAz,BAe,BKz,BKe,BΦZ,BΦE,Gz,Ge,∂Az/∂t (finite diff.),∂Ae/∂t (finite diff.),∂Kz/∂t (finite diff.),∂Ke/∂t (finite diff.),RGz,RKz,RGe,RKe
intensification,929352.1906037211,57176.88299074444,4524662.471225529,95092.45688056792,-1.3482118206064757,0.1756045959240796,-1.2019177777483792,1.0416456448591633,4.99461398807971,1.0590145012588992,23.60153020406356,1.203574847150802,-33.401740380160035,-23.68965110546207,-0.8524812857587759,-0.4936232390304839,2.1158800982413313,-0.7986395963109335,0.8136940765841534,0.36065966252723924,-4.051341114520773,-20.237706529124555,-0.9916130486347497,-3.086478607231105
mature,942262.4700249151,49203.833532628545,3723076.908429722,289176.35576873546,6.53002716750779,-0.0284286429719833,-6.560487506902105,-0.2087253220662468,6.55011817228461,0.1638888887754458,29.20317699668182,7.528892040049532,-198.7949412959101,-214.29414238491154,-1.0017651628740343,0.08880230269687887,4.444028303638823,0.20805329456312902,-23.36587035482512,6.555029310376093,4.395508655890019,-52.53858701211263,-0.13613227330658031,-7.325624914509298
decay,1012603.245715777,98307.31834328185,3211138.987104261,475198.7241857807,5.434634327118057,1.682653917551844,-10.966701200440365,1.5524338558208672,13.680363408334843,-4.25192420804792,-28.097985497404615,12.239417563604873,-38.94690259394041,-86.72861975335924,-1.4634946792632004,0.12762123710047218,-0.9536358518361998,1.402045116017751,2.5920749391935525,0.11571520660212713,-7.5167110155011425,36.22212730992048,5.523749262334694,-24.64283741326398
residual,1304437.2238904792,306317.8912617314,6313570.268076859,310523.77390597446,7.194076928002246,2.6766699538220755,-3.620443771322465,8.118170464146134,-3.1495870137445756,6.991846113589987,-40.21703784189475,-3.7885785791719884,391.3515662166672,323.1585274140035,0.13165818810306468,3.306619239869195,1.3941889363277609,-0.054764423611718044,3.277253016264536,-0.6322358563711009,14.414522831896662,39.92065770147951,-1.6051100268776457,-8.582271512667713
