,Az,Ae,Kz,Ke,Cz,Ca,Ck,Ce,BAz,BAe,BKz,BKe,BΦZ,BΦE,Gz,Ge,∂Az/∂t (finite diff.),∂Ae/∂t (finite diff.),∂Kz/∂t (finite diff.),∂Ke/∂t (finite diff.),RGz,RKz,RGe,RKe
incipient,1105776.706460826,116284.01000511412,6279847.004617587,206196.3102713841,-0.1982782638129513,0.5435664891778047,-1.0594034763612716,-1.267852877540903,13.245335986679606,-7.007000568525432,29.90948541310982,-2.4222248415908805,-305.10113582003606,-331.64187745156346,-3.2380421661803838,-1.0373394097089979,2.633956318363683,-0.30699997368134674,24.577813057976226,0.7355688655965733,-10.266091442951073,-4.073990614959377,4.888581228125377,3.366243108367085
intensification,1074990.3989972202,144578.20150790157,6339923.639209297,404175.32086113846,-2.3162423961890446,1.9912021692925932,-1.7983628702123717,5.188118039505894,6.057451872156445,-7.328542106558746,22.477938844364655,1.9372727098102958,-12.384476720478641,-39.22421961691658,0.19077060727174097,4.535110184328092,-2.676437864235685,0.19572911101376098,-12.289250824377001,1.2147584568760497,-9.058929963288582,-30.652584402340246,10.721187087785811,-7.708995162652513
mature,501713.67752445844,143105.38562544814,3256330.409289728,520770.27583950927,-3.9259160378512177,1.8150515209653797,-9.086739829170222,4.345135551048127,-4.954795412501116,1.9879129946323737,-52.95023702469533,12.616156615435175,270.7602038161134,259.7893692999154,-0.22214487450297266,-0.08165820784974262,-1.0781456285400286,-0.8230847951650858,-16.884294627052107,2.7371986225220675,1.76578526707525,49.07859826466466,-0.2809137597147119,-23.310833373131455
decay,351195.37222959683,193545.4218676206,2591814.105116968,779933.5377198335,1.908829696213361,1.5887388881905955,-20.403024073402793,2.335265452834432,8.83068235867476,-0.7434288088831252,-29.91168011285987,-20.386489037917805,172.58157358376684,161.24552145771378,-0.056176349612504284,-2.576606579260761,-1.2058964932721996,1.5306309661945476,3.7595263814991364,4.471210331746194,-6.539010267543004,52.165400871548435,3.020586339721509,2.1194098434267716
