,Az,Ae,Kz,Ke,Cz,Ca,Ck,Ce,BAz,BAe,BKz,BKe,BΦZ,BΦE,Gz,Ge,∂Az/∂t (finite diff.),∂Ae/∂t (finite diff.),∂Kz/∂t (finite diff.),∂Ke/∂t (finite diff.),RGz,RKz,RGe,RKe
incipient,179892.20908316798,255017.26197544808,3312699.582343807,367614.5554590519,-4.371936098353879,0.8896744407396279,2.4831447074673707,6.963056663471652,-1.0434698609312554,5.906692807224485,-53.50720224857767,24.29766321303008,293.08850792982116,322.48316067597324,-0.24586714459529802,-5.598014123827812,1.5053678228661773,-2.152577485100672,-19.00442574238252,9.479708293190065,-0.9334239738168172,36.391567897081664,-1.9858880695931325,-19.297866875844296
decay,225933.22166167645,159454.16194639026,2830204.5916872555,452760.98527227604,-3.397100394741835,1.2568839016012592,-0.3278376828539134,5.04905835233098,-0.7228277025412745,-3.47873583613699,-28.492878384427577,5.630023112776643,254.49282391934918,258.84920959357436,-0.6699948894945764,1.8403224476103666,0.6209195607757519,-1.1357165218958418,-2.844505747489111,-3.2302916343306753,-0.7964692298235493,29.373310714534217,6.135193764970871,-14.23721078229221
intensification,268613.2973785599,141267.46146929733,2868547.9948110315,254862.6739955828,-4.014045271825544,1.15820896943923,-0.0132657565277041,3.8066703926920513,-1.5473713621186775,-2.55358907020774,-23.09724706070009,2.036172443869826,275.45187308610423,303.7808708726336,-0.8817767922994941,1.0867193165177655,1.2902654629520178,-0.3267034110977787,11.711242186724643,-4.226869580806022,-0.0181994773156182,38.835800275777984,4.875347082362783,-10.082978173895604
decay 2,324712.9011151843,130878.3826182529,2997217.404753618,196124.13456950607,-4.583965362257697,1.068240564153701,0.6775383124612214,2.9083009503473076,-1.6711775165269718,-0.8814664901865411,-21.541874770135806,2.3492843903243634,276.62102657629663,303.4857122100612,0.597483837963524,0.6431832755979664,5.308819868662454,0.10599609767871206,1.9968103877331107,-2.2140479478850956,3.464272587085429,27.44511220766539,2.8275229740588603,-6.794094976095546
