,Az,Ae,Kz,Ke,Cz,Ca,Ck,Ce,BAz,BAe,BKz,BKe,BΦZ,BΦE,Gz,Ge,∂Az/∂t (finite diff.),∂Ae/∂t (finite diff.),∂Kz/∂t (finite diff.),∂Ke/∂t (finite diff.),RGz,RKz,RGe,RKe
incipient,476809.55751937034,95170.51538596218,1376977.8943944718,196563.10995221476,1.4155776904332844,0.2998083642124465,0.04047259996657637,2.8428852287493855,-0.29250823005297777,1.5378668823586419,-3.1283525425497025,-0.5624034722418106,14.19156561451436,2.9905045655826097,2.2330575018520937,2.254921814485993,1.2793863054788437,1.4492963730287098,6.722721887070355,0.12752153612616657,3.2872805901775526,8.395024139220197,2.4545063552070077,-2.112487620414832
intensification,410355.1982962011,195495.18532434246,1845565.8627729139,526867.6537365473,-3.7406620676130182,1.240462208117979,-7.568035819580665,4.134445172945166,0.7829147286949849,-0.7719393429397731,5.149005454393698,6.433818343063031,43.40136347990172,48.567593683531626,-1.9775189952305934,1.499163197391985,-1.6067512284897496,0.39282705058411144,-1.64019448168875,7.737135963295718,-4.889865816679773,4.519497951111233,4.058749358351072,-10.399163372293145
mature,382795.413147333,152645.2493191463,1678623.1376360345,1158309.035050885,0.5454684815386767,-1.0569035109295644,-19.003017457844685,-0.11115771987527634,3.4811802625166792,3.4058153816135768,3.8923032390127457,-18.518356665812988,9.912550877175855,-22.733803237055856,-2.4179864958680004,-0.35390351489389976,5.206208176979092,-1.2451038735207849,10.58171307594421,-7.401166033411994,1.213592885071524,25.14695881323747,-3.7051734640800738,-7.774669105568414
decay,759857.0809780711,138180.16438316132,2548143.401805803,429078.27361417457,3.2952032627964476,2.4534803924683963,-16.433786349284066,3.8924538356322755,7.27326341145263,-3.418583842818054,-26.2264585272351,-10.941192536103165,146.76639277967553,94.61743940726626,0.8572904555452152,1.1318691073702927,1.2609919177024755,-0.0228636580102333,9.997386971558004,-2.558398628975758,-0.2635878384853098,49.362428585280725,4.834693627971699,-11.943446277788938
