,Az,Ae,Kz,Ke,Cz,Ca,Ck,Ce,BAz,BAe,BKz,BKe,BΦZ,BΦE,Gz,Ge,∂Az/∂t (finite diff.),∂Ae/∂t (finite diff.),∂Kz/∂t (finite diff.),∂Ke/∂t (finite diff.),RGz,RKz,RGe,RKe
decay,372533.71559756115,33835.793942495395,1407716.9032880673,173586.852978949,1.8365648743894414,0.26051486521926615,0.07885956755099335,0.682220050613378,5.293091289967059,-0.22410156457116878,-15.982964078212436,-2.280453837126461,14.83424456776823,13.91947770646187,-0.5143259221741466,-0.09199211687196938,4.963201650052806,-0.07745378019878954,9.665586333138942,-1.2364014550632139,1.7671900996944563,23.733125969410942,0.5683529697664909,0.44069189900086253
intensification,711973.3673093746,32360.40656911217,2007624.1723159219,129191.12455141882,6.7539540744425075,0.32880911971605625,-0.5862319745319957,0.4565758754928872,10.83435118860803,-0.22663910901516995,-29.97171887259695,-3.253363781890027,-14.576022559360672,-29.859124166470497,-2.759955604585017,-0.045369459505204636,1.0574138752082065,-0.04651240477804086,2.5252992101974625,-0.7976100305167141,-2.6941741192412607,26.329295982883902,0.30789346001396,1.41294590134843
decay 2,654824.5440953025,25039.245716386544,1942099.9313995317,140778.48502755037,9.340274815664799,0.31844764101628326,-2.566451039873268,1.111348009276533,9.415966632201195,0.0705844316378679,-25.993725259204247,-1.0240866499973087,-29.412540205467696,-32.88837696335588,-0.08674827439246034,0.6192510779520859,-1.9376571481360827,-0.07442340706265836,-2.407730414882882,0.7980859274110607,-1.694901323656196,16.81217106852983,0.6478925295597235,-1.8556264717414315
