,Az,Ae,Kz,Ke,Cz,Ca,Ck,Ce,BAz,BAe,BKz,BKe,BΦZ,BΦE,Gz,Ge,∂Az/∂t (finite diff.),∂Ae/∂t (finite diff.),∂Kz/∂t (finite diff.),∂Ke/∂t (finite diff.),RGz,RKz,RGe,RKe
incipient,281248.9966431032,190129.62326412598,3390739.704575977,296191.6208971042,-0.5923222395772447,0.08053395878524525,0.6748058772485431,3.776024766539681,0.12927968867985604,2.0902712909789534,40.34696131390831,-3.355977753316729,26.170897017141556,-32.95599530852284,0.1670001822869828,0.570758333233943,-1.4845958889387452,-1.2308342474695073,-15.072564085470585,-0.8486098551918291,-2.1256638584106007,-55.5020090370502,0.37438526930597577,-0.5938509911662385
intensification,257327.93146966578,86588.64186939693,2959861.458386293,219124.45943591255,-3.952605621384541,0.401885515561711,-0.7774940093897327,1.920610598155013,-1.8803873212286828,-2.157505653237325,0.8041327761218288,-0.23932478696129378,84.84951787245458,79.50410132206737,-0.10157954218128507,1.2384496307522592,0.8187092093811378,-0.8944140828362954,3.41314508876917,-1.3278285475536515,-0.8516235752130095,7.339111943421614,2.781816652994331,-3.786608368137103
mature,327347.2808439908,40153.02825779057,3439144.933061382,119558.56901094601,-4.710782522700414,0.04548527689011946,-2.1667359110972564,0.1589090954439645,-4.155581064022273,-0.8171604850536743,-14.853778713323878,-1.3428918936616787,127.89021178843275,178.46976101370453,0.3699507920002743,0.12653442868786405,0.8958496748464793,-0.6287357468750964,12.555117132215585,-0.11683358562153441,0.38613349305845723,34.286414279337144,0.3018485567324231,-1.0995866985010767
decay,406801.7574058789,44737.28607847468,3768820.461801941,162511.2882237825,-3.6717925443080084,0.1091486097046949,-3.394427787917794,0.6795771258572801,-3.171264396374286,0.5484745378263159,-33.5250195889834,-1.3858284127919667,152.35076361661513,204.65327113999916,0.08951403984830927,0.33846590969610596,1.8026078688616427,0.4649815349605076,-1.3290359113394028,0.7764207567399664,1.4112283306326157,39.2622040098698,0.4869355132867768,-1.9117557442431414
