,Az,Ae,Kz,Ke,Cz,Ca,Ck,Ce,BAz,BAe,BKz,BKe,BΦZ,BΦE,Gz,Ge,∂Az/∂t (finite diff.),∂Ae/∂t (finite diff.),∂Kz/∂t (finite diff.),∂Ke/∂t (finite diff.),RGz,RKz,RGe,RKe
incipient,404123.5171114219,329052.67563079187,3724802.3928117687,485638.5119003285,9.188003693238633,0.8962532766173653,-11.867476671652742,9.624927718350396,5.02130958324982,1.1831016904825762,-63.91329658447417,-0.7221514918896759,209.00578057125705,136.21578655476472,3.031242819946064,-1.3758211160537557,-3.456373837853144,-1.327475483249016,-21.17478065566742,6.163824858743864,1.6065735487530324,45.41798890722086,6.21809726800144,-14.6064280393696
intensification,375865.8113738989,111811.29066530704,2561184.0133681386,357012.8970556735,2.933260992460366,0.26706082341305687,-5.311524050599192,2.982941249592622,3.2929245064898525,-1.047284854819098,-13.962208296096481,-0.36687747679968025,48.989999396502796,4.30862043670579,0.9364224598085459,1.9786877964872915,0.7152969461225563,-1.1291833116463377,-2.319601061427531,-1.0710790682176192,0.622694255506126,14.020870292807775,2.6339819693523254,-8.998666891609755
mature,650930.7906581934,112509.54904569135,3549885.368250893,200835.14436001575,4.414344147743517,0.8140558943171948,-4.718285325100453,1.5946701400925662,5.849686927172909,-3.6716829946832896,-4.102031568471742,-2.5681135905647667,-61.15694369711268,-149.0783239901038,-2.3682085830242037,1.1427575221740784,3.171601304724086,0.5453763492618557,12.353874584761666,-2.8341681862008294,2.5503144196118885,16.759847330590343,4.997673589720517,-6.579010060829082
decay,870928.2355222289,59934.62004746401,4208607.923411192,104406.21187474276,7.1030049394486925,-0.05318120217442579,0.5116475018882856,-0.5617577597133104,6.618338805619366,0.019072139226956074,-38.33588668790533,1.2021073134186402,-138.9519857812399,-174.7167653416243,-1.791427523252262,-0.14620093598717224,4.597912910496882,-0.6320064808986213,7.244908371423591,-0.5953649467889506,5.029397842151783,37.966142617991935,-1.159655177664462,-0.7240669986059947
