,Az,Ae,Kz,Ke,Cz,Ca,Ck,Ce,BAz,BAe,BKz,BKe,BΦZ,BΦE,Gz,Ge,∂Az/∂t (finite diff.),∂Ae/∂t (finite diff.),∂Kz/∂t (finite diff.),∂Ke/∂t (finite diff.),RGz,RKz,RGe,RKe
incipient,691278.9044419895,290349.3012449047,5376018.310555588,339906.46725972247,-17.060728666048586,0.910146900182534,-1.215004595305219,16.524295018235282,-8.30748664940008,31.67821823996732,67.75030846698272,-1.5337354682390512,97.7690589483532,128.8513609207568,-8.561408876636117,-16.39505481393171,-4.398551640755462,0.602525275621657,-29.459527582636067,3.2502605982435733,-12.241646757221432,-78.93410278826498,-15.461544846292911,-12.955303547057875
intensification,463505.3999822234,212967.9610428299,3904252.9990001405,396529.8131185601,1.0397142213911887,0.5884345912434936,-0.24249310622108006,6.204529983411042,2.1032097299172925,1.4873187629035576,-3.294064690583673,-0.10953978820716258,76.89919648014582,93.13469703097265,-0.034964898946631066,3.0646780082198677,-2.8576728216887854,-2.2006869706120096,-19.889046364427642,-0.0827993408946867,-3.3327337389713967,-17.392202789014082,1.9280896586519853,-6.420282642319648
mature,315554.97426921077,60267.42884086143,3374526.6776076565,411946.7420207927,1.8613446027734395,0.35226884960595684,-12.25981631228285,0.5100864863042606,0.590516154679971,-1.695053255312111,-25.458003004802617,-2.000824274971733,67.56723877410947,20.91153945439764,-0.5210614586198092,0.10690293128352567,-2.8418365210894785,-0.6860958690913335,1.9417772327864085,3.131731951536692,-1.2187392233900534,37.798251947098436,1.166775022919081,-7.637346572078684
decay,416569.83276911615,41959.91956071681,3884464.034512976,311718.7304261418,2.4902777442713226,0.2102764759183374,-8.458378125505103,0.18062145247733463,3.3723944613815084,-0.41132364962526097,-29.34272909500732,-3.927702488948722,101.29423829721073,6.848159750052493,0.431228932225558,0.09403269888706603,1.7157557613069097,0.08939791519352755,6.6116495664983,-1.6673574549638088,1.0439155201150605,41.9224790427394,0.4710665413777858,-6.3786545439975235
