,Az,Ae,Kz,Ke,Cz,Ca,Ck,Ce,BAz,BAe,BKz,BKe,BΦZ,BΦE,Gz,Ge,∂Az/∂t (finite diff.),∂Ae/∂t (finite diff.),∂Kz/∂t (finite diff.),∂Ke/∂t (finite diff.),RGz,RKz,RGe,RKe
incipient,282229.96962020814,92452.62112655598,2056852.2633960326,210242.32153630364,-0.3298954346731434,-0.08678672083502309,-0.8615121994188961,0.8485524702075637,4.992783608023546,0.0045772149134879515,11.628558145042021,1.1033437033433333,36.63363287015976,43.25514006461462,-0.5266557110004553,-1.3200708441227516,5.314814642562961,-1.0406697251316999,6.151198030677474,0.305470965268272,-0.09465112096875128,-4.285952480272507,-0.10990774900260089,-2.507937407701521
intensification,298163.89558465086,132075.28646725853,3596551.272058896,211405.51969858375,-1.2683777892289176,0.16530415340076704,0.11699286663061292,1.0262026464077587,3.5149606665347553,3.8415868149281795,1.4186493034551826,7.117277121087194,59.64493682417216,73.72924427077533,-0.3322291176613252,-1.0169859975616728,0.3946509863379121,0.29102129640469254,3.3451775229530094,1.3389050918394139,-4.223383316024995,3.0779131420961323,-2.6896670255164965,-6.687581809024927
mature,442661.0606368813,159589.25138581073,3279539.2312072054,814983.088109068,0.41963273812754087,0.10997125765039913,3.8902157745575843,2.091825828860065,2.1682424030730196,-8.242630756138626,5.535955271006774,10.869885153973259,-24.05750919073699,36.1342968758311,0.4833528338223803,2.761757210815355,0.757527464492073,-1.339956237657029,0.4882749603538817,1.8302911475062096,-0.8811109428030065,-9.35752882333802,8.884529089691261,-7.2412040607695305
decay,513926.48356904445,132981.62022240213,2776029.954086892,798119.8945349639,-5.013145914554199,-0.3720281602451167,22.31039041242395,0.7480703598774447,-9.932019195901841,2.767016548415236,22.09499295328914,7.909816738196952,-114.48611802571409,-100.28999644685172,-0.055020976613243,-0.03130033609284215,0.63222586077888,0.46302503623141805,-11.033041934419357,-0.5723674707640247,5.179070981881404,-50.42527938557826,-1.183892992061256,13.080135843585532
