,Az,Ae,Kz,Ke,Cz,Ca,Ck,Ce,BAz,BAe,BKz,BKe,BΦZ,BΦE,Gz,Ge,∂Az/∂t (finite diff.),∂Ae/∂t (finite diff.),∂Kz/∂t (finite diff.),∂Ke/∂t (finite diff.),RGz,RKz,RGe,RKe
incipient,701588.3654122284,60563.77691050867,4362974.217422721,139050.17273783268,0.7353008514373084,-0.1721240957862212,-1.4870589780213572,-0.2240337725582433,-0.7917427299834244,1.9160263615716528,8.688825339845616,1.2454850865212466,213.6286768543216,175.23245902804456,-0.734549836682976,-1.603866420471262,-3.184060361960094,1.2219352847404528,4.577027861003658,1.545840074534265,-1.8291408763255828,-3.36003935225791,-0.7460007536032219,-0.9626702174500951
intensification,467315.1127007646,177818.7775931357,4587359.734371389,269256.75262393255,-1.1901998947546009,1.0467686137181524,-4.714500312014849,4.933788353878763,-4.281229883750947,4.084403713275329,-9.915158238965425,0.06446295970299054,315.1333724243947,283.9072160108105,0.7819951084355776,1.1052199253001416,-2.403055140697396,0.48463897907771336,-3.067847030696579,1.8439019339308889,1.7347434620171027,12.752011415038295,0.28725500596299436,-7.868849691665712
mature,548512.7620287545,93615.90864572,4054834.099065067,244769.31490471726,7.200711410314964,0.3612840604306705,-4.045512885763473,2.195907695918521,8.387505477364508,-1.0634581451821261,-39.68876439828347,-6.043916158201172,257.22046256555296,231.3091640566824,0.09420656897403001,1.7137064867541032,3.6869724058582363,-1.8691205447363415,-18.779287197353895,-4.0515329293549085,2.8614623992393637,17.754278676378078,1.0289612359336353,-4.249037352835731
decay,1270599.2259788457,75165.77564930836,5398470.660377739,155813.69640915113,-1.2358269044383274,0.08892013634076093,-2.67551241122354,-0.628633831330685,12.118827156147722,0.5981974370055373,-12.44434861539369,-0.9264744809002315,-108.22030969041914,-159.18731627214459,-7.105117983647019,-0.24232797290657215,9.362597013628127,0.057628723504767096,31.04163086532574,-0.16287152900956378,-3.90313691061716,47.3973187963813,-1.2581226811722162,-1.2832756280021882
