,Az,Ae,Kz,Ke,Cz,Ca,Ck,Ce,BAz,BAe,BKz,BKe,BΦZ,BΦE,Gz,Ge,∂Az/∂t (finite diff.),∂Ae/∂t (finite diff.),∂Kz/∂t (finite diff.),∂Ke/∂t (finite diff.),RGz,RKz,RGe,RKe
incipient,182235.87318153144,73053.87424853905,965233.7846400719,113553.87200126819,-1.9344281218760677,-0.05776828074245074,0.618169445292859,0.8705035417691344,0.12442620032192005,0.3689620038948059,5.5393058484361495,0.006573936391693291,-11.14803843878999,-9.570497107384561,0.027543893634517185,-0.15239089239920622,2.5325676741370913,-0.7824613057724147,3.9989332571563403,-0.15603382300490734,0.41594507119665297,-0.22411391469659905,-0.22315148715563562,-0.41494185587287613
intensification,236828.51325876894,39893.92221645456,1006063.5380599151,88115.92998389465,2.321796394712889,0.06899018527946775,-0.3094765007583727,0.37325470108408293,1.4970348983774373,-0.05196857658934046,-3.0913911452840495,-0.32824281891293317,-18.883711667904652,-29.417921161079068,1.6368374655917648,0.38588546604383417,1.5035783749893383,-0.06707319188271293,-1.3809607441286698,-0.4469121834464738,2.397330056604257,-0.3018894927991364,0.2891599005112428,-0.8014005663759963
mature,273287.81562139344,50865.515914334515,889359.3590120637,84974.19427301953,5.971270376828078,-0.022350008287523166,-1.0175616041324107,0.06350995952892684,1.583471701551798,0.12205614100653206,-5.21223581712853,-0.2921735613870556,-24.395892220397425,-37.085644102606224,2.5112252927223175,0.052198542407980573,-3.0363721121552523,-0.09240534174215022,-2.1016309236677384,0.1444218780330376,1.329076554833505,-1.8431038792348755,-0.12860151493223226,-0.6444761242412443
decay,113049.3777005578,65191.56211689574,509254.5304433905,77330.39825637847,2.7867864012793606,-0.01717573279146828,-0.4143229660392811,-0.05351320140538698,0.5653543135406847,0.13395979236167382,-2.472412008776285,-0.3048144566480388,-19.669796729651043,-22.526071351303333,1.3696875556223667,0.14199937245267125,-1.4994848116813018,-0.0263290339633534,-4.927051388198952,-0.20494549401262108,0.7047715432659062,-4.827102814662748,-0.19662629493894593,-0.26094080199847636
