,Az,Ae,Kz,Ke,Cz,Ca,Ck,Ce,BAz,BAe,BKz,BKe,BΦZ,BΦE,Gz,Ge,∂Az/∂t (finite diff.),∂Ae/∂t (finite diff.),∂Kz/∂t (finite diff.),∂Ke/∂t (finite diff.),RGz,RKz,RGe,RKe
incipient,896040.9906655742,64282.7948668219,3712315.641634463,220975.51533897416,1.3035387403703405,0.7197155507182785,-3.3417969101954745,2.743155790789132,13.141172806319318,-0.9314283996624177,-48.52254828577057,5.277701943354044,-2.3860165941000213,-80.01240154220484,3.1410441433296796,0.49999708488975597,12.877753342581263,0.7422493414300378,21.87615176699593,0.5694158946170994,1.759834827350567,72.43695822259163,3.6971179811633093,-10.793238749721553
intensification,1257616.3784401207,413276.7244042818,5205626.47344694,680536.5060227098,-6.292966617131931,7.180098537488623,-16.009244579986447,24.089436968700827,26.069228362578723,2.430985664284299,-34.84039264607002,2.3690520396285,251.6300794917497,174.56707162404297,-1.917735429843098,7.212717779436902,-5.622370204047315,2.3103404889845143,7.850658617710096,3.1384103635998355,-30.804466646269358,64.99326246089849,16.788693255912424,-39.329323224715935
mature,563224.7803993333,325435.9460210795,5576752.669610283,576095.2871558811,-24.39278883541935,2.403648629989658,-13.447272071376295,23.8746750872712,-12.53975818623402,10.794498823845329,57.460381901625986,-9.598985283508155,363.3197485119651,239.35822228619068,-2.881700880828729,4.527111738503075,0.4875678783967639,-7.645457213206089,2.625566181379894,-11.035857642769207,-8.961814140798905,-16.994754813450445,3.0310704202301246,-38.75881951790855
decay,872837.2585487802,55600.410532278176,5973441.56416322,155370.1447578833,-6.979712035008757,-0.12803147206152105,-0.5188567610525326,2.564300575123761,-10.328652450743807,1.0331561099319517,-9.387418070844145,2.5565125749028144,46.71402453653466,-104.33081687650913,-0.877752025843062,1.2405448378779058,4.939968716772377,-1.97733250053315,4.126649457092235,-3.9589342158888554,8.160877660445905,21.012636323997672,-0.31815656327982006,-9.598604126967961
