,Az,Ae,Kz,Ke,Cz,Ca,Ck,Ce,BAz,BAe,BKz,BKe,BΦZ,BΦE,Gz,Ge,∂Az/∂t (finite diff.),∂Ae/∂t (finite diff.),∂Kz/∂t (finite diff.),∂Ke/∂t (finite diff.),RGz,RKz,RGe,RKe
incipient,1153691.6530273175,55682.19068831361,2105363.9983485136,197246.34137837545,12.362113535949849,-0.3850917835510254,-3.2889875940757087,0.4672659458285648,4.644277014134105,1.5830494138249007,-16.575237654032083,9.58049493719186,-36.05464101670392,-68.51805202919974,3.2131268309675494,-2.6852751542985187,-0.2326756141516078,0.5082307043438562,-9.131103017375247,-1.7936240379197612,7.100069124113108,-1.6289913052173013,-0.2224609801014543,-15.130372515015894
decay,1031883.7650267117,58167.04417617926,1880334.7098978888,217564.94087438763,6.510393110733491,0.015141595280945754,-3.4064039221211324,0.920322434641387,5.135384577034469,0.1667107287909871,-25.31974675693147,7.77109753574316,38.35948285833783,32.77379981027542,4.2866789160666485,0.8179403976999812,-6.977846246255393,-0.2120334165230695,-6.496322718245396,1.3796287903799476,-5.587696117275427,15.719434850073712,0.5264366940463847,-10.718195102125733
intensification,837605.1704233837,47505.4234157095,1823244.2489376396,238132.82102101023,3.3171187663763364,0.1965622962056936,-2.774705034733369,1.600158173239977,1.6902814235265633,-0.4934232054310233,-19.91472968635309,4.62459145768023,84.4120624767496,101.31868790524008,6.006483294133462,1.221120428496216,-2.2980640293921817,-0.3684578139684142,10.817657905008549,-2.01135908382777,-0.4746643903367149,30.18997385971868,1.5285612684968923,-11.010813749481349
decay 2,812887.3546182591,35863.082005589335,2202963.6788171176,152174.85089701824,4.448952573001963,0.18512937867026225,-1.2897936472271512,0.6966333785163668,-0.9566273473058908,-0.4860673239715453,-14.969230494614024,0.23356395364735277,120.51753116445279,135.56872563086853,6.095419042983451,1.2998540169436184,-1.5482282976344448,-0.24450614667325402,14.401510192347104,-1.9648778225683408,4.042481001343671,26.211581761186313,0.7530651771443958,-4.184868801959212
