,Az,Ae,Kz,Ke,Cz,Ca,Ck,Ce,BAz,BAe,BKz,BKe,BΦZ,BΦE,Gz,Ge,∂Az/∂t (finite diff.),∂Ae/∂t (finite diff.),∂Kz/∂t (finite diff.),∂Ke/∂t (finite diff.),RGz,RKz,RGe,RKe
intensification,232765.795431282,270039.5439073697,1458503.5974875155,324935.5898092038,-1.4960334877898704,0.042745699263320065,1.2985686197835429,1.706972178366301,1.987375279438217,1.2025893787521322,15.182336617174416,4.359040034441462,34.52553833868803,45.8082902385793,-1.5414300455096674,-4.718099203915034,0.2765003360586769,-4.688976951144365,-4.089928167064097,1.5793930160390606,-3.164162731906089,-19.074799916232184,-4.227339850793517,-3.18805057698516
decay,342217.7068056426,181145.99631580818,1622089.6557417682,290351.70281795785,1.2309709863805256,0.3700146353322385,2.8964349286454985,-2.021944202334993,0.3268025245638799,-0.15475542912940743,-20.30698322167436,4.045888035243324,-26.959675141395344,-37.52695262848819,-0.3093796125117575,0.442129720277819,2.768881261961571,1.3036003095197628,6.974641493241321,-1.063257228284159,4.043064359110455,23.154218799889655,-0.9336030990180618,-0.19076613254699193
