,Az,Ae,Kz,Ke,Cz,Ca,Ck,Ce,BAz,BAe,BKz,BKe,BΦZ,BΦE,Gz,Ge,∂Az/∂t (finite diff.),∂Ae/∂t (finite diff.),∂Kz/∂t (finite diff.),∂Ke/∂t (finite diff.),RGz,RKz,RGe,RKe
incipient,658896.1519577998,88622.72302892864,3177483.6267087376,312350.03377408907,6.092808358779726,1.3162825002155893,-0.7462362894860181,5.761089271570447,11.964933167186993,-0.280293623120995,2.9141974223147598,-2.183765023164838,38.14966171334315,-9.368219030794453,2.6169920705758414,1.2470762381689782,0.7386909806391891,-0.6219067322983153,14.501072281413652,0.5362802452253337,-3.8171513275524873,6.240302789805189,4.103193662177538,-3.7872802926662934
intensification,724827.0752006215,144985.2779924756,4205230.616648883,288280.7491898076,0.935755773723629,1.123923149388104,-3.423119045834176,5.804247360179874,4.006752776304143,2.8576475766234353,-12.65895592507779,-1.5228558446751448,144.91089264955428,83.08720022357707,1.2177093569252895,2.524688561324218,-0.12089447201590366,0.45222047861708325,3.503545883320444,0.05914647269990055,-2.067968325208314,18.649865080508782,2.274897112785419,-7.6453640886390035
mature,285396.7386523274,143848.702047482,2797035.999759731,433613.26148578746,-2.412313133549329,0.7814907721199493,-11.012030653888994,2.772378207260787,-5.363273718708118,-0.7013850221758771,25.961536928883476,-6.1839198259211186,246.53425792629196,160.81852605741852,-0.6161976348332715,0.5961761449059243,-5.073924644494789,-1.8223861006255162,-35.450282358321374,0.14324046282046526,-1.341473287216051,-47.987475499766546,0.8698863566911985,-7.457248572408202
decay,137968.66263150444,25069.130584403523,1359462.1606085345,141064.86293840414,-0.5711278798881948,0.029950254852280384,1.1222398254788486,-0.2039318962703078,1.1053258603729306,0.056302306747128716,2.358619862314587,1.2258813846396195,7.907678047397645,6.367117656876666,-0.9217653230253857,-0.45954117311312537,0.501197919394251,-0.051443589594097526,0.07232833468118349,-1.0329439638347384,-1.1453055660145943,-2.837403473224055,-0.3416280474638144,-0.9326536267252016
