,Az,Ae,Kz,Ke,Cz,Ca,Ck,Ce,BAz,BAe,BKz,BKe,BΦZ,BΦE,Gz,Ge,∂Az/∂t (finite diff.),∂Ae/∂t (finite diff.),∂Kz/∂t (finite diff.),∂Ke/∂t (finite diff.),RGz,RKz,RGe,RKe
intensification,645809.2013121315,73299.69311000906,2444057.784175054,200179.61161431033,1.5275781542281845,1.5123617445359165,-5.2855216458222,2.937184093582279,8.13587638245046,-4.62244588506255,4.518324805875616,-3.885251164861913,10.986864215894972,22.598011853529282,-2.109646978284885,0.37960296371844554,8.389157961451719,-0.12244105504306044,27.962597147842406,1.3452316985535444,3.2932214777653592,27.202215833560803,5.924827179065852,-2.9922228759890217
mature,1033931.4204166508,106504.00288582774,3634038.0926429247,249141.81408166862,-0.11087959312781233,2.97240642762522,-13.796740011324065,3.48174047534053,2.6697216070304224,-8.187902330061556,-19.242762633510843,-14.372586523141976,56.206610738678094,19.913857096164627,-1.5898128931108606,0.4454189343169414,5.459511533289764,0.7933345310757522,20.27850133808646,-0.16121545922002106,5.65131676075675,53.42888357604918,9.490570908852618,-3.06710942274264
decay,1498668.3753845305,107465.86521989242,4178213.3012635126,195566.0642675072,1.3664238357271372,2.5433099036506097,-9.664779788057311,2.6951739719236563,1.4117871795986112,-6.21479847757351,-32.68849623485306,-9.046000950165197,66.00152675564038,58.31476803955194,-0.6873451424098137,-0.23002896725497418,1.4655827425082868,0.291172062310916,-4.090867589757705,-0.13245697196859835,3.9635293022874225,36.89598459742553,6.657834608157471,-3.446409781784369
