,Az,Ae,Kz,Ke,Cz,Ca,Ck,Ce,BAz,BAe,BKz,BKe,BΦZ,BΦE,Gz,Ge,∂Az/∂t (finite diff.),∂Ae/∂t (finite diff.),∂Kz/∂t (finite diff.),∂Ke/∂t (finite diff.),RGz,RKz,RGe,RKe
intensification,520918.5842696078,110067.71300397057,3555977.2985998616,209044.26290062966,-2.033525504631654,0.2731527019718592,0.9539764320876095,6.749768468125048,1.1194081165144296,2.15637105210537,-49.86048502135039,-0.0268866644957948,150.43871206455032,141.1120040307646,0.22643337127859198,2.4690122266051753,-0.9090649350812088,-0.8728729163319949,11.896773486789748,0.29841372044943953,-3.7888458542554337,62.83680758068419,3.447371797715823,-5.470491651092203
mature,522173.0232662442,87229.30606277361,3847019.275708209,194316.46417117742,-0.10517313244211561,0.020839709986656747,2.5344543633705565,3.0228573650851,0.3517862405601113,1.0047097318182725,-26.28352451732673,1.5105718184145887,151.1296737732833,152.25730388263736,-0.6287515341278573,1.410913013449162,1.97198541343136,-1.0954795923141032,21.456004248771848,-1.6034696036545593,1.5358657504157895,45.31024753517014,0.9018283309660675,-3.602444423783692
decay,537403.3897318839,41761.95422224341,4871181.151946223,217453.77804886136,1.0408144454153676,-0.6721447831836037,5.241473837197079,0.4932436214004154,-6.677043955281669,2.282892352338119,14.352045934160875,1.6587957108189855,169.64591884014018,206.38639618113322,0.5341434315986604,0.4784148796465245,-0.7453292847121394,-0.4251250012648188,22.946760934425566,1.9703250691214829,6.300384332801293,2.3124267176522473,-1.5426289490189187,5.059759574099161
