,Az,Ae,Kz,Ke,Cz,Ca,Ck,Ce,BAz,BAe,BKz,BKe,BΦZ,BΦE,Gz,Ge,∂Az/∂t (finite diff.),∂Ae/∂t (finite diff.),∂Kz/∂t (finite diff.),∂Ke/∂t (finite diff.),RGz,RKz,RGe,RKe
incipient,397078.6447280918,188138.3783828939,3140076.827693682,552591.1842578996,3.750297950008354,-0.003463112946114862,-12.132596423346522,0.6972183121895621,2.3256138718448125,2.0648396611585405,13.286923809419791,6.6515359312608275,-213.93930080609093,-299.95196756800857,-0.4976031390783214,-1.3303018935154796,-3.5978393367230037,-1.63368138733367,-17.124229539368166,9.023650657529291,-2.1766183715055765,-22.02885487544979,-2.9978396233565334,-10.457700009267619
intensification,203254.81072951452,274592.25217363925,2858811.8785142875,1277995.9124775326,0.2541235602841027,2.7563091289855985,-17.63057511044999,8.84516661799306,5.168593843270188,-2.51320345373672,-27.272563122687874,25.90656140525232,109.7393314425552,78.61672378700466,0.9486875243223464,4.047660892880857,-0.2775385074674966,0.32738627503030854,3.9360961953640614,-1.2911157481228954,-2.4356996614679822,48.585110868217825,8.929447217774491,-53.67341888181827
mature,310694.00503238005,114891.48681230727,2175777.180126888,353808.22141313064,4.304787571417829,-0.3451923231740628,-4.591439746289656,0.5664182667013813,4.609650124410162,2.186426383059688,-4.737367331827043,-3.203783875963647,21.95454330159973,15.133296691717593,1.589765037367911,-0.3654677453736676,2.0358569654097156,-1.6862396902512389,-27.739502118099075,-3.0862285841661627,1.385802089243318,-22.715482611400205,-2.9610554834354827,-5.040302721193551
decay,213810.49924043647,73907.41857075744,1284537.8777295046,235644.52327135165,-1.066789524598957,0.23103321011929848,0.015430249292526099,0.8849326183633471,0.6775731109287509,0.35620368545867936,9.146975193610643,-1.4107816616869335,-44.991787320894424,-51.2347646040431,-0.1951875015283253,-0.5321982667138773,-0.27236501753313885,-0.08831482963239058,1.2865719258893589,-0.8991157495429406,-1.7856944429415484,-6.809043992414855,0.20938089315297867,-0.35783645692682853
