,Az,Ae,Kz,Ke,Cz,Ca,Ck,Ce,BAz,BAe,BKz,BKe,BΦZ,BΦE,Gz,Ge,∂Az/∂t (finite diff.),∂Ae/∂t (finite diff.),∂Kz/∂t (finite diff.),∂Ke/∂t (finite diff.),RGz,RKz,RGe,RKe
incipient,1175663.2248253983,151316.68683116836,4071511.013063312,309041.7619042856,-4.158316451064724,-0.5110438714133867,-2.6946601358709965,-2.11432520591984,11.85948306289352,-4.474757088939385,63.98151393684861,8.902109907572926,-437.1004384621856,-507.2658100302216,-20.260922267629542,-6.973010602005543,-19.70566876181587,1.3993052326799618,-38.55000569521583,2.696452894642689,-36.234512147187495,-95.67854304512872,4.270780987112894,-6.7859919428813935
intensification,912652.686187455,213692.96637012542,3301806.7684007194,520578.6955883241,-4.295723100824329,2.5883316115000996,-3.8152016692771205,5.162566492333206,11.935418653666115,2.566456879924233,17.19502642082956,15.134226931081152,-142.82344318043891,-188.42446809634,-3.353794708143278,0.2067407351376687,-3.0149508869688306,2.0573136855127387,-2.0918336955235697,2.4811364348610514,-16.65776102995918,-11.175935346251679,2.0650916864216127,-21.630858657830426
mature,674313.0636081985,371158.3734662708,4093329.1391135,614312.2188629207,-7.429707285618123,6.603804746937607,-19.145002376695707,7.919680674164477,9.800654936009135,0.9887630313730877,-26.08744513936973,3.5128692702392486,207.38395033310394,150.71995638308482,-1.763081912953855,-3.928132765600836,-3.2287732244821585,-0.4731729088539781,15.691573815646752,0.5187254798904501,-13.85533069917181,68.3537286173303,-0.1460600130001965,-30.05882684120898
decay,808416.119192376,198966.88020452176,5512356.560760067,398290.7997486847,1.7540745172139958,2.219259175202474,-13.765774587453576,3.0355341866642216,5.618489017221346,-0.4226570390618687,-89.06154219561728,-3.174966370070671,356.71000798913815,239.89988915419497,-2.0247853188031857,-0.942357216167673,2.048350700992471,-0.28539145754356876,4.677798008487135,-0.23481664873087957,0.4031953761875941,105.751040274344,0.9535405929800471,-13.861159052778005
