,Az,Ae,Kz,Ke,Cz,Ca,Ck,Ce,BAz,BAe,BKz,BKe,BΦZ,BΦE,Gz,Ge,∂Az/∂t (finite diff.),∂Ae/∂t (finite diff.),∂Kz/∂t (finite diff.),∂Ke/∂t (finite diff.),RGz,RKz,RGe,RKe
incipient,260587.41264436353,298062.6395259874,1528862.265598489,198119.90322064355,0.1889189232966311,0.13888932088173694,-0.5873099756873079,4.519671834702874,-2.0073205744440124,4.338046975286764,-22.14818273685305,0.6422537924888203,119.61998216543017,137.89961744480792,2.3441851542039593,-0.12220740405694908,1.6268707841183272,0.13655474583146085,-4.210471601110406,1.2992273216354706,3.9619996027407085,18.33610218813332,0.17929028436583305,-4.450008281243531
intensification,257686.68253831708,208285.28647173147,1216187.6572551068,315751.63393983437,-1.356169092549426,0.6832241866009943,-1.2099923477541108,5.602057037671332,-1.129913280766156,-1.4997362265376355,-26.496386553964204,8.090762829697976,89.43537312064252,89.93422498372138,0.2667012952138948,2.426549680546307,-1.288526660748938,-2.6194678061059613,-7.551333436943509,2.6245582937334273,-0.8315582859312133,21.511214557324234,3.7991012715020123,-12.27825392138999
mature,190652.40807202662,107706.84369983834,952130.2104821061,397464.8058427527,-0.5756615156099212,0.9291881441733989,-3.8310110449259023,3.7379469527987736,0.5033072455698702,-3.7811958974654796,-11.833390697804639,2.797717013272425,38.3610115979794,25.833068896046086,0.5125041905926573,1.7585918609059914,-0.23121720606905,-1.125613541335127,-2.0089382918690695,1.1914956937932086,-0.3809978230754424,14.231124966471395,5.4643411647557265,-9.175179317203892
decay,243720.1169936781,97162.61679657003,1101628.0867723974,449245.56682509684,-0.9205915803277592,1.064756808668783,-5.631954999031675,5.228018284475543,0.5407771183598067,-3.3669061230953776,-1.3403087331168808,-3.1662378728035065,16.010250221445073,0.12897615197422407,0.9678757963669856,3.816184960586403,3.5430929740513286,0.4793989379624052,9.972491978075762,1.920901085028576,3.146481084032546,17.865347290552073,8.009566536864543,-5.772834325675136
