,Az,Ae,Kz,Ke,Cz,Ca,Ck,Ce,BAz,BAe,BKz,BKe,BΦZ,BΦE,Gz,Ge,∂Az/∂t (finite diff.),∂Ae/∂t (finite diff.),∂Kz/∂t (finite diff.),∂Ke/∂t (finite diff.),RGz,RKz,RGe,RKe
incipient,522726.1926455534,175347.67751684692,1425412.6657830405,237137.0840052453,-4.523558586541769,0.41999643439855827,-1.562763538497427,5.403823158250182,3.384569490048599,-0.209303930653362,-3.2890262798506007,0.604213605008305,28.151976950227585,3.792943172799775,-4.805768664946844,3.152448421390681,-1.5450083752169204,-0.9278039064558969,1.9761227500068597,-0.4570501819266092,-9.03314001740873,11.351471154896656,4.265326748049088,-8.027850483682522
intensification,502626.2304452452,281774.73593253864,3160051.8246465116,465319.0858739433,-3.808806041308389,2.4913735549824665,-3.173718030869694,14.453149549193796,4.091840748104032,6.377915642397128,-42.68759134831988,5.954615697906396,198.30785917835357,147.5570251020535,-1.440919763529387,6.742918424100132,-0.24235789458955576,1.5042741315930432,16.442244665021047,1.9200366240576119,-5.651631129019512,66.11236008551901,7.0881344834072415,-21.66144665391227
mature,188458.62462022394,123156.95495444657,2981029.0450510276,422360.6194019218,-0.3375656392998956,0.7003383130361763,-14.839703513792315,2.7177824970587214,-1.7824640876342,-2.208750736326202,-1.0277951941768024,-5.244267386694832,254.71245614841627,144.8731171429787,-0.026424096995469375,1.6511020294366943,-1.4778172212667715,-3.2747356726904107,-21.032845613042163,-2.3070101493120285,0.6674195401037087,-4.827781265773149,0.9514592476583358,-14.620228773468233
decay,429042.35928548477,65815.20221307174,1229669.2494391408,174995.57428267595,4.763734842866854,0.055374277857963554,-3.10989764854677,0.3704211061041178,5.0533164617394055,-0.15185179892157744,-3.086320824686018,-1.3059401411434401,14.680240587929973,-1.6113730176690575,-1.444568672619852,-0.20720841291133973,2.305475466087007,0.1425782146996196,-1.931532050200945,-0.4169402047593629,2.07126812507242,-0.49904841983501486,0.6094768418673507,-2.5913188182668074
