,Az,Ae,Kz,Ke,Cz,Ca,Ck,Ce,BAz,BAe,BKz,BKe,BΦZ,BΦE,Gz,Ge,∂Az/∂t (finite diff.),∂Ae/∂t (finite diff.),∂Kz/∂t (finite diff.),∂Ke/∂t (finite diff.),RGz,RKz,RGe,RKe
intensification,1066968.1749367677,173382.98076249068,8624877.799959049,340219.7322032566,-2.9488559340191913,0.27502804630554106,2.352981733190658,6.9190732825204355,-2.3516354323959656,9.328894247133318,-11.637120233430132,-6.434681915894551,291.8268752046013,254.783432607671,1.3366357652351708,5.159442127848028,-0.29678292016312513,1.0449251211589852,16.220142616854016,1.7707372531323606,-0.6189753754808098,28.453137051112687,-1.6399238897594384,3.639327619697132
