,Az,Ae,Kz,Ke,Cz,Ca,Ck,Ce,BAz,BAe,BKz,BKe,BΦZ,BΦE,Gz,Ge,∂Az/∂t (finite diff.),∂Ae/∂t (finite diff.),∂Kz/∂t (finite diff.),∂Ke/∂t (finite diff.),RGz,RKz,RGe,RKe
intensification,1194869.6254575115,88438.71783361977,3682201.257965231,181045.51428199522,2.0591459560448238,1.0870170071875165,-3.5957124826667073,4.2620886490867536,7.72797322736715,0.22198996571459298,-8.96007229305856,-2.0749930465735438,10.766623628042195,-46.05650799348336,-2.7875548213757937,0.06709643715269371,2.4692298929030527,-2.2189511701485625,13.710799794427635,0.3477888628842812,-2.112580371231756,24.207438614108074,0.7341305060360822,-5.435019222295635
mature,825108.9689944199,84279.15032749812,3469859.686765909,178743.2283369469,1.8843738647491246,1.1623389604918986,-4.566295018233013,3.2253992210434785,8.752089259560481,0.023061560973214046,13.419954800721792,-0.009953861584927115,19.45187381939891,-5.925828262753968,-1.3347373153248945,0.6898339610258621,-7.012437833784252,0.8929530553656105,-14.249841567875565,0.690941505037952,-12.717814268103703,-24.987875215113473,2.9329517549439768,-7.090798872653611
decay,384761.3287659372,109094.61742733208,2887209.6910051545,196636.1042195789,0.12195189968250636,0.9785084512034817,-5.700045249054111,1.641600766988002,0.872470644493755,-0.26167530350019874,-30.469314387705296,-1.7765163985177048,175.25938803820787,171.9371531836293,-0.2668112178113138,0.025345927383721517,1.3438978180964518,-0.1459679135963913,2.4316616346141156,0.02813429221774529,1.571887524488685,38.47906937169101,0.7787997056883276,-5.5369953253066635
