,Az,Ae,Kz,Ke,Cz,Ca,Ck,Ce,BAz,BAe,BKz,BKe,BΦZ,BΦE,Gz,Ge,∂Az/∂t (finite diff.),∂Ae/∂t (finite diff.),∂Kz/∂t (finite diff.),∂Ke/∂t (finite diff.),RGz,RKz,RGe,RKe
intensification,502003.2731335143,121721.61769167734,3300990.863108611,437402.6399821033,-3.1923233156479918,-0.7328637847026284,1.896593489168253,-0.00400077787687773,-2.6978871474837263,6.302223946933798,21.40049830332057,20.34772472860878,-128.41950805444972,-142.91670819605872,-1.8077342736323632,-3.307999808798375,1.2434442116319764,-0.27019821102386016,11.12616331689805,4.8230479849315495,0.01614425876508226,-8.978605159942783,-5.843559151131909,-13.624082476632102
decay,527681.9287108487,138289.68949558135,3440744.0322286887,564412.6886228238,-8.141817159443129,-1.1284474497060444,2.992458352540317,-0.9588137032766925,-13.491273138287415,9.159700324076585,17.044213995919716,12.325166486893846,-58.88107687046849,-116.0454599485494,-0.5151891777828113,0.13723251018182014,-0.1566400962081379,0.33757566682349094,-1.049074888807952,0.044521458424076996,4.0643684329301015,-12.943930077824854,-8.652490910823744,-8.32937297265276
