,Az,Ae,Kz,Ke,Cz,Ca,Ck,Ce,BAz,BAe,BKz,BKe,BΦZ,BΦE,Gz,Ge,∂Az/∂t (finite diff.),∂Ae/∂t (finite diff.),∂Kz/∂t (finite diff.),∂Ke/∂t (finite diff.),RGz,RKz,RGe,RKe
incipient,1170929.147852902,89872.49381643039,2685925.296529313,176558.27217855203,0.08219409194260126,0.5201672520617042,-1.7309730112013126,3.1655930235123044,5.831459208682689,-1.5173491550735758,-9.918574848291927,1.0303058481891376,31.855197507064506,-15.8132313085339,-2.328054362053216,-0.7597231247909876,1.6662294714622512,-2.3331836945281053,-0.4470581096101139,0.20898409357423373,-3.562868393216133,11.12029565794053,1.8295912319960717,-5.717887789328521
intensification,998119.8955677996,156239.06693950164,4375036.118659877,307656.7422002066,-0.9840074982281017,1.6732314690355483,-6.854273759544014,6.714160040576424,4.430077917043183,-0.9596784764916658,-35.54524884273645,5.248673343138655,109.886090155852,24.673424453846224,-0.1439822928705985,2.274662514873099,-3.2598050352421915,1.647144374855692,14.079855019517135,1.4662939403987882,-7.0006589814779305,57.46338512002569,7.647751422888232,-17.3508132028603
mature,326801.9510493597,199571.45540338036,3867893.6945771505,360805.75582373625,-1.6330675145338933,2.295658551641136,-12.981719065062562,3.7906533286883786,-3.1789278597014214,-10.706041876069603,-45.42170497322797,-9.218364410870809,281.18766202023505,240.42162445644541,0.27758677422813494,3.465078619305603,-6.912264467010045,-3.883308856383914,-34.95520304373907,-2.3691217860447287,-3.0707455702013804,25.081288509085347,8.31772779673293,-9.923129768924857
decay,203520.7117349806,47771.99753262265,2933538.4980714284,173477.64397004846,-2.2144234505605565,0.0854567952150826,-1.847581415729327,0.347224977699957,-2.0130448056608166,1.0704240507823766,16.960150716110093,0.10846237674134714,13.706358251766916,-10.141766255583034,-0.4132321182170791,-0.23657599853030273,0.18600898455595835,0.2571310653889563,2.426646388274621,0.5673298626327838,0.07008713487130153,-10.471499461545585,-0.5515248029085458,-1.7359389075378493
