,Az,Ae,Kz,Ke,Cz,Ca,Ck,Ce,BAz,BAe,BKz,BKe,BΦZ,BΦE,Gz,Ge,∂Az/∂t (finite diff.),∂Ae/∂t (finite diff.),∂Kz/∂t (finite diff.),∂Ke/∂t (finite diff.),RGz,RKz,RGe,RKe
intensification,1438198.396443709,400387.27981232636,4090675.490319272,737579.1574445128,3.1406291769592785,6.416664496164152,-44.91149891772633,0.9533120719330266,-4.779539798927628,-17.319003477451105,-50.834222988716164,-22.648778182202918,61.657606410605815,-75.747336908583,-2.1551113592674427,-5.319609766118513,-4.8399191747301575,2.7766942425288987,-8.004780908914634,11.817117587527768,9.4969142973209,84.60031182056858,14.632345295748877,-11.398915219928668
decay,1240244.9295807432,433515.1300928861,3394401.2850789973,1144931.6409590878,10.173788571797541,6.987265803656503,-53.490306744121725,5.3556493174561,3.9023671036959224,-13.777790078376654,-67.72065373141005,-41.00726031644192,127.50827922721835,24.76696423932257,1.2113926624683706,-3.213903688573218,-4.27754975221471,-0.9868673775885706,-13.741621721154994,2.488376364844231,8.981137519543411,97.29555018257926,11.159306214587682,-15.350319380291682
