,Az,Ae,Kz,Ke,Cz,Ca,Ck,Ce,BAz,BAe,BKz,BKe,BΦZ,BΦE,Gz,Ge,∂Az/∂t (finite diff.),∂Ae/∂t (finite diff.),∂Kz/∂t (finite diff.),∂Ke/∂t (finite diff.),RGz,RKz,RGe,RKe
incipient,1066000.7183009014,78203.93181428156,4157645.92195956,160591.20861806028,0.04107405420821897,0.014519064822016897,-1.4486903819703527,1.2096444508474264,15.370187932703177,2.3333424906466096,24.785387591510958,5.039121294896869,-93.01479724230559,-54.94782748432407,-0.6438480029948375,-2.6447182542128322,11.627918298705406,0.8159130828050853,7.440687102763827,3.7438849070956133,-3.6866765149675347,-15.937084160984995,-0.32230402181611484,-3.9535712206190348
intensification,1130808.759734789,103376.65674608422,4167259.807185718,273165.4120394279,-0.017287415131557494,1.4420908268186174,-5.171661256552805,4.949477574523094,16.46080697439579,-2.055816645071709,39.60351273387939,0.9496453423254396,-147.29727850213968,-135.67547435069991,-2.9496207467773865,2.508104786362529,-4.459866994385894,1.2081924727093896,-4.801091418971717,3.183767442779095,-19.495870557094626,-39.215655481166756,6.771395865485575,-7.8870167306222445
mature,834432.2982908906,172774.07303633261,3896714.0320947315,412517.200710231,3.9402711905890864,3.044978917961137,-9.52873978188983,5.641905973850568,15.062259543808072,-3.3436560235410195,5.561655823053133,4.018235637609903,-39.823412529910556,-53.000342246771766,-1.7535740906828046,2.545551864926245,-9.636998471529502,2.0055182433758927,-4.683814089469767,3.2935180820083847,-17.714007906787344,-4.657001321222156,7.946101322806344,-15.895363311341917
decay,485128.16340829665,287595.0241014638,3692518.62325352,548876.1271421215,6.5932089329531935,3.599400068047579,-13.090625339915107,6.787974066056861,13.45075870645784,-1.538702694316832,-13.370190967231764,-2.968887600844967,155.22057287435243,103.15859827425743,1.9380614033877421,3.474111418804958,-5.79955099411018,3.180485654147443,0.0013131608245329218,2.7926469787693127,-9.057700699567247,19.868920535018216,7.907762346473557,-14.117064826357689
