,Az,Ae,Kz,Ke,Cz,Ca,Ck,Ce,BAz,BAe,BKz,BKe,BΦZ,BΦE,Gz,Ge,∂Az/∂t (finite diff.),∂Ae/∂t (finite diff.),∂Kz/∂t (finite diff.),∂Ke/∂t (finite diff.),RGz,RKz,RGe,RKe
incipient,976925.3473943091,111105.24228942914,3683137.2333161407,240002.63008432408,-4.013184733294563,-0.22008598035640559,3.288161933743987,3.040949443440996,3.140581695390388,6.688501706443788,28.316165288398366,0.013022298436985066,52.79451903889543,19.95341467870011,-6.623798415538492,-0.12463308153126122,-1.1047756755438976,0.24064571228495976,-1.266057311397356,-0.029467082646655873,-8.478628084585251,-28.857199800245144,-3.186820570361427,0.2047231092193503
intensification,680074.9823157074,123018.58695650927,3478689.044774501,222560.6867339474,0.07572193136636392,0.8335142779157984,0.7833532698461868,4.778960570244763,1.942356468880827,1.6406779515968433,11.793857347740884,1.2541231878157297,-14.718256620559048,-83.10990337063443,-2.4654297175501463,2.880717312225833,-4.955231365233176,-0.3212581686511587,-2.7423114741790635,-3.675896609492644e-05,-5.988351624831842,-15.3952440231325,1.9835101720809634,-5.249767247180401
mature,299829.1692612854,45451.44554226429,3265518.7830231674,215369.94337671515,-1.1020338160357077,0.08299604634262557,2.619636070308547,0.458672105309249,-2.5336428703570104,-0.5089988895739967,-8.20739273046129,3.892201125481771,-110.08484770768958,-115.60559748973422,-0.6380315171478909,0.19870887219488545,-0.6679980867004129,-0.7169841528791369,1.05310405228504,-0.46090317462816177,0.8466070139635157,7.74289452847349,0.16769079566148312,-2.1921403351106354
decay,409674.8852812053,46225.37444463503,3138643.152735903,133366.07590630598,-1.1218495639168453,0.08450129490522919,-1.7089943477131775,0.32857734063788063,2.101966349656606,-0.04445973258899478,6.938751628124684,-1.7030293270761863,38.691760771549184,32.71096277409429,-0.6016585215745371,0.17719786317511277,0.7538717489112183,-0.011639055012701204,-0.6014725537798322,-0.12370349985518321,-2.3854428697570045,-4.709380270274494,0.276896723308945,-0.4582458611300547
