,Az,Ae,Kz,Ke,Cz,Ca,Ck,Ce,BAz,BAe,BKz,BKe,BΦZ,BΦE,Gz,Ge,∂Az/∂t (finite diff.),∂Ae/∂t (finite diff.),∂Kz/∂t (finite diff.),∂Ke/∂t (finite diff.),RGz,RKz,RGe,RKe
decay,483546.943895754,81692.46717801201,3491050.16893699,142025.54095986526,0.6055496978136222,-0.12237967593398716,1.4013738512723843,0.9604208599756238,3.581572945855376,0.44340952970438036,24.470649770970816,0.0030109957378664787,134.0181278322125,152.15567776775765,0.025380814878501357,-0.5646642040587816,-1.8702874524935478,-0.8767993441420348,-2.716644086792049,-1.0382440749550028,-4.968690376469288,-29.19421740684887,-0.23740833793680421,-0.6003020793961085
intensification,427431.97112271795,69526.96943642029,3262129.0326689193,97184.50435538398,1.8483677110551966,0.029706700494005353,0.7163126624790341,-1.2838786503557795,5.117923492952118,-1.3686480471528188,3.7011373283757885,-0.14611306392288378,64.13706816393753,36.708981638324055,1.0509860840384582,-0.6861980466490931,0.18084446123965153,0.9855925127422973,-0.5871499160203881,-1.168520378316728,-3.059004620163264,-6.852967617930407,1.0406552090453314,0.9777839984409695
decay 2,512543.0192443339,141575.07363076872,3653523.1771876244,91478.1430524281,2.2865753762933734,0.11037687672861396,-0.206114155955956,-2.2955006303708947,8.088412953927781,-2.4127214215566584,-13.52778749884603,6.355344471878103,-115.89836135381006,-134.61570720690915,0.6303560953255642,-0.19090154325158598,4.008086663344176,2.2312209142280937,12.865076665494291,0.37980734416150536,-1.6833740375616177,24.312402944002905,2.2380648286852427,-3.8861506533016597
