,Az,Ae,Kz,Ke,Cz,Ca,Ck,Ce,BAz,BAe,BKz,BKe,BΦZ,BΦE,Gz,Ge,∂Az/∂t (finite diff.),∂Ae/∂t (finite diff.),∂Kz/∂t (finite diff.),∂Ke/∂t (finite diff.),RGz,RKz,RGe,RKe
intensification,444024.63723281684,138325.09510831966,1700656.3513497515,520483.03602133616,3.0950922201153332,-0.5967330398688868,-9.558858842445037,-2.2553837818185283,-1.1217100024473994,1.5668413205671938,-24.636512539479803,-3.7107870847535196,-0.2799144211789064,-17.18379816045454,-2.5593656910480895,-1.6990964566263647,-2.7283986641272033,-0.6511019748615623,-2.3168728929618587,-1.4539481237126137,0.891670518566642,28.78340626884765,-3.876594037378398,-5.046636099585604
mature,372937.0523672362,103759.57677579432,1633679.8531882472,378999.3963801092,3.933103068956592,-0.49365758691131484,-7.8701214195902365,-3.0615781698108746,-0.6805692921937465,0.7315920468764674,-19.750591402274587,-8.341216583130388,-16.84637583488454,-18.57566708373597,-1.0462945776512322,-1.8831954730249332,-2.13094943789813,-0.21936787741850433,-2.9833395835657224,-4.0484208827047965,1.9890653363408934,20.704270169342514,-3.518880507194531,-0.5157475493537707
decay,385995.17571298935,107035.25264961274,1757944.1255757972,191481.99028089558,-3.1647404028301693,-0.1576947496490571,-1.5745560451401899,-0.3375596005015145,-3.8702594036148525,0.4595149125789949,20.40416994892302,-0.49518418429216077,-17.61350411700812,-7.783303333824627,-0.2774979487447403,-0.526322916339649,0.13210827582270876,0.040199883203654536,9.321373186110558,0.09938311235485117,0.6799325269583351,-6.343500314842105,-0.5991798802277978,-0.6424291479916633
