,Az,Ae,Kz,Ke,Cz,Ca,Ck,Ce,BAz,BAe,BKz,BKe,BΦZ,BΦE,Gz,Ge,∂Az/∂t (finite diff.),∂Ae/∂t (finite diff.),∂Kz/∂t (finite diff.),∂Ke/∂t (finite diff.),RGz,RKz,RGe,RKe
incipient,713270.6964288873,126131.70563830384,3171242.825660986,198551.75638361988,-4.467887832259722,0.19653070431880967,5.005125075540439,2.682455582901908,7.60679363927405,4.083140821198949,50.10547493576623,2.577401458305606,68.68737100478896,110.43681635151583,-1.4327275522688674,-0.3737975383874687,1.8164745992594669,0.7878523826547061,-5.507444524049578,-0.5150783927105433,-10.061676167955495,-56.15015670309653,-0.8093635599611446,-0.7698103583776174
intensification,641905.1173670859,174799.25866797497,2467552.948543931,287330.8638331809,0.9959668633162556,1.1071228791954066,-0.48750013407883935,4.677852612289391,11.784695910550171,0.6547289465932472,20.898765477103822,2.887869180068025,0.4508137062935944,-26.619631634021772,-1.312964082452789,0.4105552544760198,-3.70231632616267,-0.09265385537662152,-10.78997203471881,2.9270910466775857,-13.383922494201181,-32.19720424106005,2.823346931124117,-5.12613087975867
mature,240223.5877763752,124970.9091075303,1423215.517309933,636297.2235712003,0.5786650812441906,1.073758195801975,-0.7655594196237242,5.862535587133206,4.337243726839357,-1.495690309570487,12.43290933901523,8.657815637244163,-78.70960141567242,-87.40498593255144,0.19340520530192248,1.6650074501171155,-3.093733879742093,-0.7416500237726686,-13.81353591914194,3.785162869512355,-5.778554329535285,-26.059550919777635,5.542817677129048,-11.500747774488737
decay,134336.17740921112,94543.23380907284,950632.3467986695,800296.340835052,-1.392469846327544,0.22911095803615292,15.947729834124475,1.826066811500316,-0.9322224715277135,0.7950767486950886,2.93643884752895,12.91645382580201,-73.12340135324514,-46.56447312939103,0.32746051765630213,0.38573646847925225,-1.0799431891177007,-0.23427290147871876,-3.9906554722044194,-0.6707254086845514,-1.3110796058813783,-21.4823543075303,0.567606203290356,0.534483788137596
