,Az,Ae,Kz,Ke,Cz,Ca,Ck,Ce,BAz,BAe,BKz,BKe,BΦZ,BΦE,Gz,Ge,∂Az/∂t (finite diff.),∂Ae/∂t (finite diff.),∂Kz/∂t (finite diff.),∂Ke/∂t (finite diff.),RGz,RKz,RGe,RKe
intensification,1021763.4616919195,404743.01190595597,5718824.044547288,555549.2193387338,-2.225113968810908,4.109232310546882,-8.809334679452517,13.808187868344689,17.808925348161136,-1.0700330861133358,-116.05639299675917,-1.3586479628117858,331.5380873024467,213.03077368292472,-3.782819888336663,3.703589141515322,7.516886622813235,-2.587550673863409,32.35695778969063,2.263244818754232,-8.407920383611927,159.44779943471323,8.181437970047734,-18.99562976623119
mature,1371858.5659500584,282039.0504763229,7625817.299098243,501156.1965194548,4.679337732891225,3.2301968142017063,-8.785621952999884,14.790095255831083,19.87174025773732,2.807522151805463,-155.05336516331965,-2.607216092031743,441.98609951861664,267.9060156199328,0.2990395669167171,4.77833067917795,10.42020459885959,-4.704879726185327,67.22474399173743,-5.5196902183937855,-1.5420011117847974,226.38439337516576,4.0474965636385845,-26.488191335193008
decay,1791026.5250883768,69153.05129401672,9643071.223633893,169125.386936803,9.53552796522277,0.3301782723491543,-0.5820833820170004,3.150474274337247,18.09424655221712,0.8388365000604936,-36.78703217962207,-0.6113300526918939,-67.63894984125125,-230.98060391493897,-0.2572754095309648,1.5296734398986136,2.8470422020573007,-1.8082190498881658,10.373236875826475,-3.694063935469651,-5.381498112587893,38.2068244722428,0.17324045203943356,-6.815291539132004
residual,1355256.6747747355,66914.51071248797,7046016.446290807,182904.0238589753,-3.48861257924098,0.43487101272849815,0.04851217993436027,-0.16827818602777098,10.585773993141302,0.057677223832757196,96.49328422583248,2.171252098664611,-289.8444655272224,-357.1898636618781,-3.5163760564301634,0.4822849229255024,-9.68344263582154,1.126153582590182,-53.42637773934862,2.929698520625581,-23.32295819547532,-146.47956156587446,0.46532716000115604,0.9752367879231014
