,Az,Ae,Kz,Ke,Cz,Ca,Ck,Ce,BAz,BAe,BKz,BKe,BΦZ,BΦE,Gz,Ge,∂Az/∂t (finite diff.),∂Ae/∂t (finite diff.),∂Kz/∂t (finite diff.),∂Ke/∂t (finite diff.),RGz,RKz,RGe,RKe
incipient,206091.28917692392,140042.8541176607,1056745.9503352141,137393.50257404376,-1.5136363139887221,0.06229743148153935,-0.2670236093759567,-0.37614030757797695,1.8454678548452996,1.8297687556469342,7.959828236568056,-1.9225662511859616,11.229420292635954,21.681553303449633,-0.7113251126582902,-1.8450885287939947,1.048237617857506,0.5704405233839303,2.8916544896012537,-0.43338823291053846,-2.2485691194949764,-3.287513823602123,-1.6977659713225206,1.5982947164774433
intensification,270063.9518151895,131507.43602460652,1112827.9676973845,168102.08844914153,0.21161906412773934,-0.009777176887750766,-0.2956556538869019,1.2379702581597871,2.4686670494436163,0.25493785304773364,3.1235033361890623,1.8803540478786789,10.910605090949474,7.396217152754301,0.6067354683746521,-0.13209216858777156,1.2026244034992053,-0.9925686546009386,1.5789696257079464,0.9358229440414766,-1.0642007587044222,-1.460497120721953,0.0002409273988656535,-2.4781570158838915
mature,249170.85527780015,86307.46177218594,1246367.160664039,164546.07269224664,2.1998171169882363,-0.2644313734427972,-1.2858036346801944,0.0741253135470235,1.550687643525652,-0.3714027021298519,3.8151202586686135,-0.7061622521908969,9.258674743900118,4.422425637957276,-0.3093360644143015,0.6354749988584407,-1.815512172952193,-0.1743626846076847,4.786391405261788,-1.520176225508404,-1.430814072932406,0.05725766428513287,0.535596704511988,-2.173942921544725
decay,212026.43071963385,91705.2690734535,1610130.2719852289,125284.64921468352,0.07079006564622309,0.01874556330080994,-0.32187158035636115,-0.8663260613804986,1.5954401299205145,-1.3627537992249124,7.195781343885877,2.2768854869555226,-10.936671834042643,-16.606192351253387,-0.0467913654000712,-0.11640501562987127,-0.1575413277792048,0.27049322344495763,7.6980828852597964,0.13501336453020543,-1.6634458287526863,0.7533830560840576,0.7481753979885611,-1.5974176414011791
