,Az,Ae,Kz,Ke,Cz,Ca,Ck,Ce,BAz,BAe,BKz,BKe,BΦZ,BΦE,Gz,Ge,∂Az/∂t (finite diff.),∂Ae/∂t (finite diff.),∂Kz/∂t (finite diff.),∂Ke/∂t (finite diff.),RGz,RKz,RGe,RKe
incipient,780845.5621508465,475733.32138443796,4287779.251850708,430078.7232300237,8.409581897561075,4.237069243864278,-8.128367596989126,5.483534687479553,11.680213517558153,-3.637474475034808,-81.80389399636725,-4.461241937550435,285.9856378586718,172.79799412366992,1.2365497587901184,-0.6799513268909975,-3.603704277886963,0.4705192287180934,1.5614357886347334,-0.4166636079846732,-2.6372666540197622,83.08411548443003,5.354459147368177,-9.567323954902916
intensification,835026.8227589596,466590.02345599135,7010924.978413718,549926.4693894492,-9.728535394725007,3.692944800408573,-2.8416753038904057,16.000839074752115,-17.68613227466357,14.954474511952094,-33.321344351256826,1.9083188263073478,509.3631498253754,453.14708500502917,2.4311594485713526,4.738880640585928,-0.13097391100371908,-1.441333069876594,18.82361160365353,-0.37829626640381364,11.51956776934342,64.71516665352577,-4.0879133074851515,-21.129129471353675
mature,400885.780750935,104191.56418727507,4350462.637812126,429371.72228353156,3.074912101804727,0.6946713428773834,-6.272317557686108,0.903784938223127,3.5078618424472445,-2.657738271255818,-15.633117684673225,-1.8820228055683639,248.27122950156257,99.10517438774289,-1.0714979193172445,-0.782445970362483,-4.180239842159895,-1.8345512011254261,-54.41362663468894,0.5810271782957448,-3.918518239925027,-35.583103494134335,1.0323006654761346,-4.713052512045127
decay,881504.6176910758,90065.54540966099,3887706.468121575,236505.43980756428,9.167070758986528,0.7314920439604408,-3.9773288834718397,1.1876480906372198,7.798729516294344,-1.9730344038609384,-29.825443058462163,0.39551276822887826,82.83314603405354,-33.053975812598324,0.7848052262778479,-0.07265548693238924,4.992955885052488,0.04164507346158251,7.66547430915224,-0.47146034682358384,7.09278917170511,32.301175492099716,2.4708355239992996,-6.031950089161523
