,Az,Ae,Kz,Ke,Cz,Ca,Ck,Ce,BAz,BAe,BKz,BKe,BΦZ,BΦE,Gz,Ge,∂Az/∂t (finite diff.),∂Ae/∂t (finite diff.),∂Kz/∂t (finite diff.),∂Ke/∂t (finite diff.),RGz,RKz,RGe,RKe
incipient,964504.8161840369,214521.86052736788,3260324.550595721,154493.02679122842,7.664601229033241,2.0096082563290874,-0.569355144616482,-0.22320990274135152,30.44348956258618,1.5882717372649118,-21.67334666614978,2.272296239410366,99.5836844329804,87.63805802844458,-0.6382253706501652,-2.177295382563045,6.105844384851946,5.4456841176457305,-3.0712842504764892,3.2009830891516757,-14.663435692371905,11.506816331256529,1.6245942213103806,0.5825416078661799
intensification,688437.6621750082,439690.4824459505,4682936.371140524,461826.12638793176,-0.7420114457026442,3.3151370718063857,-6.209505871268855,9.84369126143966,9.450767592033962,8.562944791523426,-54.57839804168847,6.49117234105734,245.09592106442096,136.79736262761233,-0.5613169341390388,0.2640250201027045,-3.7273198260491998,0.4635116627430219,11.828013269828263,1.986893390315892,-10.604961791979417,73.35792862848822,-1.5708789391471298,-20.557476083449963
mature,315466.8743564726,349409.9885163173,4719127.397718322,524493.5080865786,-10.140217430309242,1.6320730147020566,-10.494243494790176,4.299129201094643,-10.813249593189374,1.47730965659383,20.519159077819623,7.807243240006433,313.572509502731,224.26952099605137,-2.8509062694382066,1.2824827939642296,-3.0032718055913783,-2.244561340627634,-14.435575871047561,-1.7057245444866151,-0.69816662800919,-14.320274023767764,-1.0548148108288775,-24.30634048037787
decay,213231.72416042717,118996.90509829808,3184586.5479895542,197410.70930424862,1.6474085277790624,0.3982461450070482,1.538518431155021,-0.304374110805325,1.9243130391466299,-3.8378153690716776,-0.8967793471650342,-1.5528470064875484,104.37393392575582,61.191355359719815,-1.1685943704758814,0.3386968698667726,-1.228908411150331,-3.6584945508095252,-34.002499648017164,-5.612644592710128,-1.10756677751085,-36.29164725978621,-0.5232994375502212,-2.2169050442622322
