,Az,Ae,Kz,Ke,Cz,Ca,Ck,Ce,BAz,BAe,BKz,BKe,BΦZ,BΦE,Gz,Ge,∂Az/∂t (finite diff.),∂Ae/∂t (finite diff.),∂Kz/∂t (finite diff.),∂Ke/∂t (finite diff.),RGz,RKz,RGe,RKe
intensification,527355.710702697,94567.09829423574,2385305.608952579,176413.62494281845,-2.940394517228705,0.36108673357879073,-4.126218749152645,4.172677598971744,1.0770992030566087,1.1578679762879223,-51.48122303132209,1.4397398887735755,69.59448302396679,48.49429232507253,-5.113708501719577,1.6979776433142912,-1.8572216146021885,0.029032137305105565,1.4919311256044712,1.4470504747490562,-5.513628601308711,60.03976742330791,2.682755026410137,-8.291585762148909
mature,544895.701235805,117150.60637840637,2335925.1777710505,216695.2792946117,-2.7690859021698184,0.7094258677991652,-4.488274827545305,5.869483090152354,4.506762997921335,1.0101745401225175,-50.37280712784834,1.9736037405173665,69.24079077348162,41.743755511691596,-1.2203286233554502,5.033610648646363,3.875907342845056,2.064195000778927,-3.897688977097062,1.3931732280307307,-2.6905156894469324,53.7324788804664,6.214077683009599,-10.938188430184294
decay,486791.4961813198,97286.23045416488,2000542.6143138441,197282.17840518922,4.143957289671184,0.5932868907098552,-1.9403545045305244,2.026418760485781,7.283849957610616,-0.47973924391462563,-41.25610130077546,-2.5459860553518827,53.91661870563057,38.65142436694334,-2.0757721954035686,0.48192710147412504,-2.114585197995658,-0.6006844971662876,-9.166689765774947,-1.3118048092689354,-4.661190975225234,29.885808749859848,1.312186616524264,-2.732592018933358
residual,418913.3322466187,95952.05625685162,1514202.014333044,142502.9063112246,0.15383623856216097,0.4593779699732678,-2.208320263083918,0.9615082186408861,-0.0882151183728382,-0.34578357565150875,-14.882699357435031,0.37566781589368853,43.520079883775836,40.78674992901063,-0.20291928518318342,0.2633551100617342,-1.8440725297532963,-0.1740312695875254,-2.137047313098471,0.12205181215749515,-1.1426432028450293,14.800136068858313,0.6738825547316015,-3.423444485460997
