,Az,Ae,Kz,Ke,Cz,Ca,Ck,Ce,BAz,BAe,BKz,BKe,BΦZ,BΦE,Gz,Ge,∂Az/∂t (finite diff.),∂Ae/∂t (finite diff.),∂Kz/∂t (finite diff.),∂Ke/∂t (finite diff.),RGz,RKz,RGe,RKe
intensification,322938.1971633363,91490.22059785877,1760158.0530919496,130932.08455251968,1.2838618536260904,-0.33247270609978674,0.022789655918010708,-1.0612165458511886,1.4194345307806266,-0.16916065974935657,11.337366865813765,1.11103807688676,-89.2435667713943,-77.04583390453426,0.11935766228727825,-0.3524496457341649,-1.8513878793154126,0.2232094439934661,-5.875067688562618,-0.12246738614713969,-2.3194332625697354,-18.519086063920486,-0.3363737360085793,-0.1494992612647003
decay,131753.49864286536,89294.95405469486,1614083.3601052554,156566.68233594965,0.3320867537745005,-0.3414319122688176,0.007745008104103501,-0.8977295464046892,0.08073639482051906,0.2934296104428903,9.511327100645312,-0.8573528148199212,-51.979896387632614,-44.08791645847249,-0.20743496003672623,0.24200054578192923,-0.22606260975174333,-0.34177098371674525,9.468037129000576,-0.5855370132831444,-0.31614416306657933,-0.3831217335233395,-1.191498228295507,1.1772903560455694
