,Az,Ae,Kz,Ke,Cz,Ca,Ck,Ce,BAz,BAe,BKz,BKe,BΦZ,BΦE,Gz,Ge,∂Az/∂t (finite diff.),∂Ae/∂t (finite diff.),∂Kz/∂t (finite diff.),∂Ke/∂t (finite diff.),RGz,RKz,RGe,RKe
incipient,926412.6019452548,135426.52699261124,4112246.71234039,352385.4160582591,-0.8831291465563987,-0.32210626809116355,3.038439108464544,3.145342004704949,0.04684216864713033,8.019592304935484,30.767323477208922,5.87892760983938,127.53973540476956,30.624473612463657,-2.697301389365375,-0.3084358906727402,3.0745612704515497,-0.5986061575074869,0.6411687052514358,0.4893420803293145,1.8224836871568568,-32.28146473386563,-5.150750189646857,-5.496488425750471
intensification,833186.175154781,144484.20326038502,4153953.7053306703,380798.40768028377,0.28609477481365925,0.16677266142410146,4.231215319303193,6.1186031402325165,-4.4793779277720995,6.409467232870012,39.798132031773214,-1.9941518163334766,72.91126597709773,-29.047429583878827,-2.071161129983877,2.2307537413921383,-5.190661195795032,-0.01264990858210949,-2.880182543768758,0.07990109463372168,-0.2584158317851724,-47.195624669658834,-0.4702866626437063,0.18666509003787482
mature,478542.26191733294,96660.13944540382,3477444.685478001,289199.08978066227,4.056015605555594,0.119130335986215,3.8310121738242087,3.4941334489050226,-4.3219051555905565,-0.9391060146819372,6.742687259326145,-2.0816634816340343,75.64289945245281,15.472567849281429,0.9742084414879693,2.238747784184099,-8.822159484422697,-2.433192103132692,-34.97564029898058,-5.8276602313307455,-0.32510838729033065,-49.60535533768653,1.880917024468053,-3.4091180247775257
decay,268779.74888627895,78060.16413844141,2297176.2353037884,285639.555949865,1.9729009737933783,-0.18375076706553223,5.65895293865775,-0.20829784707275864,-2.832458102803221,1.6151699888702509,6.30695004354362,7.856319068532137,-42.31358056715045,-32.12955990369767,0.49189132729026425,1.5800977950275847,-3.6817922429234935,0.859638105823733,-19.108195988405896,1.3771747255203381,0.9398160666075743,-33.04699994440064,-0.7800789630537441,-0.6118935572812909
