,Az,Ae,Kz,Ke,Cz,Ca,Ck,Ce,BAz,BAe,BKz,BKe,BΦZ,BΦE,Gz,Ge,∂Az/∂t (finite diff.),∂Ae/∂t (finite diff.),∂Kz/∂t (finite diff.),∂Ke/∂t (finite diff.),RGz,RKz,RGe,RKe
decay,209517.01823788832,42855.003663186995,1291110.949632313,98938.19936592726,-0.33723706943267395,0.011873651019951671,-1.2437854911359043,0.0161629847069278,0.6960980171923419,0.1965680481492531,12.806754332195727,-0.13821411002291953,-7.83718021444389,-12.7417162596632,1.0277790799590443,0.5197971702244882,4.782185611023937,0.8036435254484161,10.904286457645629,0.47921002583444466,3.760724175418873,-0.321445313981519,0.6113648109861389,-0.6425243399854681
intensification,474908.8593595106,45560.46283564792,2022547.4248500338,125759.59145858994,2.693637898078793,-0.32649132077233023,-2.5177707086495262,-0.477156370185332,0.7341422689577868,0.9535137657163857,32.62449678234352,-3.729452023524408,-45.56961682344182,-63.7740194159377,0.8986665603755168,-0.5452337204024426,14.245456259218214,-0.6197714558149696,33.5983420402716,1.1980875821207697,15.878460567566888,0.7979780684988134,-1.723950270944357,2.8869252671809833
decay 2,701262.7430779446,58531.064829016475,2436958.1041625873,150990.26965539527,4.011372427667367,-0.6697864112631485,-1.1215385778309168,-1.4812043757367706,-0.8453972748748179,2.3335298720199296,44.07181777334054,-2.4538365862929417,-81.02134322912097,-107.08827666594823,0.26275320740038377,-0.11511340059979842,3.1348638530372988,1.299852850680827,4.693367023965872,1.1901389148166943,7.321847144316336,-42.26828459921112,-1.8450949858127241,4.003641299015489
