,Az,Ae,Kz,Ke,Cz,Ca,Ck,Ce,BAz,BAe,BKz,BKe,BΦZ,BΦE,Gz,Ge,∂Az/∂t (finite diff.),∂Ae/∂t (finite diff.),∂Kz/∂t (finite diff.),∂Ke/∂t (finite diff.),RGz,RKz,RGe,RKe
decay,534060.0343373906,311512.50135531015,2926938.127169997,801830.8369420432,4.446635164955156,3.7418993380949073,-36.687515136036126,4.319539155642707,7.049882678133339,-7.126138336880758,-35.595436310643656,-25.24000100354692,83.69923703945052,20.11757005042601,-1.1314183639865865,0.6674905049124081,2.142145131758952,-0.2421998290024403,14.530004220661738,4.244857361673806,3.2807969566756774,82.36632050238636,7.461578325426118,-11.522195926458112
