,Az,Ae,Kz,Ke,Cz,Ca,Ck,Ce,BAz,BAe,BKz,BKe,BΦZ,BΦE,Gz,Ge,∂Az/∂t (finite diff.),∂Ae/∂t (finite diff.),∂Kz/∂t (finite diff.),∂Ke/∂t (finite diff.),RGz,RKz,RGe,RKe
incipient,975157.008745648,102138.24884098938,3280376.7523262044,156438.50742379046,0.19529497014995217,-0.39593260748242565,-0.528614536574268,4.657211666763939,-3.363286410753472,3.9731689728939528,-12.927745855428858,-2.2735343216555215,97.4306002697086,105.74960900873069,-0.9520431255392113,1.4417362309906145,-4.467577973814349,-0.37961742639664436,-5.40725942343833,0.5763660505847296,-1.304929200393349,7.853805998414844,0.7003578749557686,-2.335925831097957
intensification,672256.4848378238,192182.0668384795,3008825.2029670104,322760.5106779141,6.96491755253879,0.3313283706546031,0.21307027597222075,7.919401731898208,-6.060849664611288,6.4951707018830955,-17.84326394123901,-3.7126947875459515,125.90987820605979,121.07345272220437,6.3849407432759415,5.873847744274419,-3.4144298273213822,1.5659472390571585,-2.6602026528494624,1.7193282233488498,9.942665760483296,8.00507345987854,2.65884989841767,-2.274308445031188
mature,209853.90098615014,245410.74798489097,2317682.587551531,400503.4054922279,-1.5960933415906378,0.9057211033243048,1.2807283025255325,3.7103030244613495,-4.598493481826951,-3.292832353541999,7.182775160711165,3.80062444491843,123.30226831244025,123.91892435350766,-0.26164249624655916,1.5729351462725747,-3.177346906704134,-5.314666413915059,-18.27540967233822,-3.4139680135198436,0.7307743368564847,-25.142819793984277,0.7827478607639846,-9.64416718037409
decay,184102.2736329241,72498.65250319731,1199892.142799249,411863.7178200552,1.7142723082510978,0.7731079145839185,-11.075682435087641,1.5594394233454851,3.6046807626748634,-0.24489910629467998,-2.6350743297709083,-3.965596061665609,86.11981208840031,55.58734539967206,0.1598973165585125,0.7569882447346359,0.5489712966100927,0.8551080213168502,-6.968360581607896,2.937796193268807,-0.5683292432297541,5.0281238749995545,1.8863386363730967,-5.7317296034987075
