,Az,Ae,Kz,Ke,Cz,Ca,Ck,Ce,BAz,BAe,BKz,BKe,BΦZ,BΦE,Gz,Ge,∂Az/∂t (finite diff.),∂Ae/∂t (finite diff.),∂Kz/∂t (finite diff.),∂Ke/∂t (finite diff.),RGz,RKz,RGe,RKe
incipient,801451.8912496249,433265.716929398,2298483.195869418,327087.4861810062,-3.781877456411689,3.963510873218983,-1.630065219748709,12.962638576667317,22.923356737073323,-10.393158216043018,-15.620539251677895,4.524940261528684,128.56291381729002,115.11078367852504,-14.183152545816824,-4.675301603311127,-13.252907076164426,-14.118846033606694,-16.651547150272634,-3.60131131345452,-35.99463039643045,4.38093477756566,5.273439885884658,-22.71895537139923
decay,624703.5122106605,174159.23615170748,2047813.8408116642,250538.69350030436,0.9891817056004907,1.8084705948468922,-0.27029198079072286,4.707383566839066,6.746406235047258,-2.609717266510297,-21.889559076678257,4.9403337422884,81.29300564167727,81.32380830845186,-0.3012980467532191,1.698987347206784,-0.012799833516769832,-2.0481782503221377,-0.9648922751246117,-0.421446489304902,-3.9615537681166444,20.20577707674388,3.4604519881803313,-10.33945577922309
intensification,649522.6398419277,147554.0318174544,2398109.4534451985,262719.49843545764,-0.22094178490744557,1.4324923665944855,-3.0026997771995227,6.764325678496785,4.239035103810269,1.0725584798380448,-11.904981250421047,2.0407917699050486,71.65043408940606,73.37543258963082,1.1915651163402314,3.1133189201761144,-0.27849532615858386,0.13768319336440016,6.772541315251501,0.10596102731721785,-3.305979848281813,21.901164127779516,4.396958025428656,-11.70185619828414
mature,801010.8878997954,83724.70455589592,3653933.9227556726,228294.1710467386,7.663714411568888,0.6757768029677138,-4.153388836605062,3.490812574265027,0.13671322138768646,0.4233117249939012,-34.23607429007195,-2.7837496768259857,54.38613910837421,49.00713492397268,4.786997764485934,0.8814379031647801,3.671274690281628,-1.140104376522788,6.241033681756558,-1.7004815863031557,11.874052683430543,36.96678239686467,1.2516196697806234,-6.560933320347258
decay 2,779036.1071977704,120636.62536607015,4432541.675095684,288954.58818672673,1.218958507596405,0.9775468846922968,-5.348496348002751,0.7763859921731653,-1.1639303837569455,-3.596556356723348,13.07469614424179,5.904648551123084,-167.94563594743687,-146.8581021062755,-0.21251648779863141,-0.040022257353714036,-2.0304524521164065,0.47954573133086564,3.6368844121210318,1.6222764820201117,1.3299833239292402,-5.3082738917144106,3.874941195535082,-10.40725440927889
