,Az,Ae,Kz,Ke,Cz,Ca,Ck,Ce,BAz,BAe,BKz,BKe,BΦZ,BΦE,Gz,Ge,∂Az/∂t (finite diff.),∂Ae/∂t (finite diff.),∂Kz/∂t (finite diff.),∂Ke/∂t (finite diff.),RGz,RKz,RGe,RKe
incipient,95653.90553206895,57860.094623435165,817311.396403328,136613.22114675448,0.27805229743100557,-0.06768378144606296,2.160135054469087,1.5001124966128272,0.3715209372830028,0.20850403650038557,13.252998619226908,2.855760634725708,-15.742434167411888,-9.911404404938402,0.7425773184761485,1.061638795403616,-0.41427061425473255,-0.05912272043793501,-4.395269949108374,-1.400707621368268,-0.575423035552793,-20.086455920235377,1.3001695211205695,-3.596445698237717
intensification,35610.14775419725,68958.28934042765,730366.0929307113,110018.55561090008,0.4759418876599381,-0.02469684752076019,-0.26522053286649905,0.4343737492749662,-0.07384666123233548,-0.3258237081996548,4.363580482986347,0.4436841088444234,-13.285876576629605,-13.740933771955808,0.4771663911692232,0.7526161273858322,0.00535019985404997,0.05244343196590242,0.1187515938496571,-0.08445051011494056,0.5304419012255633,-4.455550243930129,0.8373377369612836,-1.2277289011008292
mature,79738.93476553126,73109.07106439813,671282.7894071417,127682.71162443215,3.8899255700993414,-0.14092004317944193,-0.7953961031336725,-1.7386184604941484,-0.5818804527777219,-0.9569076356045555,0.48659878868490586,-0.07150155786129662,-10.836478344948507,-13.510188207703534,2.7316474312895087,-0.873063398837128,-0.3586725857858668,-0.06733339077982484,-1.4755819166113342,0.898403531460577,3.9722133939117548,-5.0567101722619086,-0.7081241724899761,1.9131274466823496
decay,115575.33551706286,68948.19153077074,1630766.7137206022,211243.4352890601,0.5198513429035314,-0.12945856097667197,4.239807438075902,0.391556985296739,0.781911037104641,0.9802073896234829,14.231542540101804,2.1766887019810772,70.12954702980493,89.47145328238602,0.7896329862472196,0.13222690285887254,1.6976275052679488,0.43992140437335375,21.816368006334297,0.6152370717701159,1.3061092500901672,2.82516668525306,-0.019270438976718273,2.286798822568202
