,Az,Ae,Kz,Ke,Cz,Ca,Ck,Ce,BAz,BAe,BKz,BKe,BΦZ,BΦE,Gz,Ge,∂Az/∂t (finite diff.),∂Ae/∂t (finite diff.),∂Kz/∂t (finite diff.),∂Ke/∂t (finite diff.),RGz,RKz,RGe,RKe
intensification,1212581.844682776,167241.2725402946,3670245.8959882893,303097.1270404538,5.454265357843164,2.643726051139575,-5.7651458170219545,2.8366186482498037,17.519684236072123,-4.513990722907129,-5.855339235163102,7.952870512102339,-30.87545886669036,-120.8241343258622,-7.7051450135747555,-2.127749823608619,-7.28428271281909,3.934675649643148,-1.7810654894559128,0.7477303533233747,-16.705975539908476,4.385154204885981,8.641558969660505,-15.806904624050722
decay,836240.7859665913,376294.24600267125,4245340.738164268,236774.42536717103,1.4463641457187668,2.4142651624520624,-3.0483954050943987,4.859794330511535,14.295453811823682,-3.2446996003293713,-47.29759039043628,10.362453267214763,354.0259642042284,313.78533424006145,0.7337872895776784,3.3828707047990867,-12.129466389235484,4.792365513184173,15.508830565585471,-2.783086087181417,-22.564290892888337,64.40845221539738,10.482594281573018,-21.05372909000211
