,Az,Ae,Kz,Ke,Cz,Ca,Ck,Ce,BAz,BAe,BKz,BKe,BΦZ,BΦE,Gz,Ge,∂Az/∂t (finite diff.),∂Ae/∂t (finite diff.),∂Kz/∂t (finite diff.),∂Ke/∂t (finite diff.),RGz,RKz,RGe,RKe
incipient,811552.8218621517,172956.3881930328,2610625.1026266823,470634.5042787644,2.3503861554579,2.1345108734707288,-5.167269395434393,6.168398893103987,11.631562553410259,-1.4711257089915208,-9.964907470749932,4.513055827186372,30.878759703767866,1.5380473047488565,-2.6908664042959614,-2.1448082848573744,-1.0832008897102507,-4.3347234563610435,3.642292078708958,-3.4005911375110087,-8.22986641419188,16.42408278943538,1.1702902722637354,-19.24931525323576
intensification,516223.48673887475,82345.5258798903,2742639.7465699087,316841.12776938005,-1.6467674076139949,0.6451507090419755,-0.4349154333757904,3.5463659127325915,4.151531021451593,0.08708373243917937,8.175999905946409,2.649979117464229,9.180807970891328,3.554623951693459,-1.3371496277011006,1.826983272259369,-1.912451123264324,0.3996948353522811,-0.3237083261139561,1.471106924412806,-7.065598843287937,-6.418025391070581,3.2138263066037176,-5.160153539159805
mature,264164.2485818413,219346.5376843041,2169093.5391889797,1026439.2042240159,-0.7865861571464464,1.274317973589466,8.11387617636266,6.908148865140874,6.751027686073985,2.950199471295464,-13.044405395760464,35.43681052226359,-33.17092733426093,-29.093928123229905,0.01651059720677615,1.8372019124158179,-1.9449626029503422,0.7520521266307071,-14.1691797388586,11.26214983958869,-8.208258472581308,-8.452064362314351,3.435683546886653,-22.96893337145312
decay,344806.4678478554,241602.7224552197,1180811.5921438963,884774.3722595664,1.7246927620157064,-0.21439577531639908,-13.281245985970362,-0.22456927377287988,0.30363803091054786,0.9806314884886271,-2.271622224681407,-5.613123973825067,23.07333851388296,9.97458488799423,-0.2576984291815541,-0.6029545346576086,0.11138282572880885,-0.14604373112412006,0.019107859564042266,-2.5260186331741137,1.3180417815175685,13.84728330820011,-1.1368487180692275,-9.969571371546538
