,Az,Ae,Kz,Ke,Cz,Ca,Ck,Ce,BAz,BAe,BKz,BKe,BΦZ,BΦE,Gz,Ge,∂Az/∂t (finite diff.),∂Ae/∂t (finite diff.),∂Kz/∂t (finite diff.),∂Ke/∂t (finite diff.),RGz,RKz,RGe,RKe
intensification,751033.6846935654,126440.69065750603,2445791.7216194132,313499.3733348442,7.034719130699277,0.440918592509614,-11.805043244793783,-2.1261111487888633,10.292973482288463,1.3711739465788373,18.128620664549647,-7.877912054249982,-173.78065631079403,-272.6809453251641,-2.5755859563999857,-1.7187430450354226,8.418560000867162,0.19126348322914177,-5.019054074486116,0.7807747477956235,5.601224241787589,-18.37735062494125,-3.7469402046481726,-1.0202452939593156
mature,1223270.9998302383,157029.13560853712,2586926.4867644957,459117.62737032544,6.105110616238668,2.274085643114845,-19.234231431312832,0.2902303488327791,13.899603776365291,-1.060670757242374,-16.719006911058724,-12.143954452579635,-46.68474238770644,-109.7220020181155,-5.887382409778472,-2.2514680202140513,4.769449117318906,0.19980223390348725,14.432206555836162,4.0505437611903465,-0.7509583996928727,44.280334281969054,-0.7233823031362044,-3.329963566375626
decay,1375013.6670409918,111029.1344606997,5036696.435173383,324597.832030129,5.139262542225986,2.067729068388642,-11.113080226306645,2.807458488389289,18.464963211805244,-1.319653171628073,-77.20470484737334,-7.164301180403301,73.02317680108676,-37.91241388530555,-1.3471729320958137,-0.33570370564014995,3.5785509024633533,-0.35400461617182877,44.546412006622575,-3.8169163635128482,-7.679420698727261,127.72493453807655,1.7053779754568914,-10.573153897805478
residual,1730174.822063192,233516.63136105292,8849152.606078448,247045.6049208962,1.1915749504537752,2.912533072571156,-6.461892850686361,7.8389140271568385,15.559742417389904,5.499660725729382,-46.49125316913671,2.8981729126098306,283.77421497774804,184.268440510336,-2.598242634626376,0.4540679596230849,-3.2602660898368807,0.43555948060243377,6.51595674596483,1.057496411330467,-14.715900484201851,58.27752781533414,-0.1377202905412666,-16.141483379122565
