,Az,Ae,Kz,Ke,Cz,Ca,Ck,Ce,BAz,BAe,BKz,BKe,BΦZ,BΦE,Gz,Ge,∂Az/∂t (finite diff.),∂Ae/∂t (finite diff.),∂Kz/∂t (finite diff.),∂Ke/∂t (finite diff.),RGz,RKz,RGe,RKe
incipient,564871.5760745533,153583.07317988502,3758808.3127761935,170465.2610897801,0.5850355245596578,-0.3629564553152416,0.6526791786248204,2.0166925815766557,2.6301278027863813,2.416542489827906,29.30324359296613,-1.642221192582296,77.8003486817103,76.5457128922713,-2.0568263236950934,-1.0626660031782498,-3.989786939151431,-0.8181474783998454,-8.088982483839148,-1.4828754671364814,-6.397835672693397,-38.62994077998976,-0.8550409313358541,-1.2046676775060206
intensification,414036.9116070828,118880.10248616264,3552426.819683831,155612.60790770748,0.7783383892312676,-0.6055640760809298,-0.2992369882915839,3.407706917433744,-1.2063318240522034,2.179372393726476,20.829897979187923,1.632780753410061,116.45792362105956,128.9716047547175,0.1191598754936635,1.2855221631803555,-6.207661446485681,-1.2116092423718643,2.4190013018338856,-0.1059433245060346,-4.828555309283141,-18.88999807829372,0.6222893574163333,-5.445667983641424
decay,307084.8767965853,87087.58621654211,3589477.8496717066,142773.40931445127,-0.5492829049917747,-0.2228854540132164,-0.27535868710034794,1.410099853858762,-1.21787868685597,0.3527962484106065,6.979187189555881,3.333343914617908,165.7703176740318,203.95821831071987,1.3111191257870618,0.7169311056114276,-2.2714489144551546,-0.890917886271615,2.481858178121566,-1.260690500893674,-1.8257385866041755,-3.672687419342193,0.3892711731897569,-6.279492956470691
intensification 2,265074.0589684769,69110.23569275187,3655224.646946331,88240.21542594537,-2.2035483121222854,-0.14084071347894725,0.2641456408774013,0.2536426891867617,-1.4825959794909807,0.8221427435378637,3.2760529739925386,2.53334024863785,221.83824735276016,274.86381923113845,1.4552975082777582,1.0421643474623947,-0.5189928768791754,-0.158056486056132,-5.944642559247707,-0.3504497254501781,-1.3807859229894277,-7.281292861995362,-0.5857158269282867,-2.8732870223973883
