,Az,Ae,Kz,Ke,Cz,Ca,Ck,Ce,BAz,BAe,BKz,BKe,BΦZ,BΦE,Gz,Ge,∂Az/∂t (finite diff.),∂Ae/∂t (finite diff.),∂Kz/∂t (finite diff.),∂Ke/∂t (finite diff.),RGz,RKz,RGe,RKe
intensification,722890.0778211021,400279.0658430518,3020546.0124759036,753047.2989309645,-0.35467660302039344,-2.9850128108925422,-10.676778928156553,-5.70087589769285,-19.743984993228164,13.724443797884062,48.30136804896798,-42.7329737963022,-172.544280166841,-208.57672149825146,-0.6653786876870497,-4.656176226911561,1.7468599113658672,-6.590774372032871,-25.086553551089313,3.7755808200742567,18.151155490681095,-62.35646606888033,-23.03108125671724,41.53265158591275
decay,763567.988657227,136975.20838356146,2365458.6220389563,542849.6282115132,6.653923148006246,-1.1635744403055555,-14.147579560642125,-4.717457538943993,-8.603782159787457,3.0720087673730783,-44.99201889666453,-26.92326340981821,53.31480940515529,-34.95028606367153,-0.29471488023293596,1.7943721176395184,-5.029211369205472,-0.707096282126896,3.277860715707233,-13.517957466833437,9.064919498282674,55.76353602500763,-7.332988148138413,3.975183921286649
