,Az,Ae,Kz,Ke,Cz,Ca,Ck,Ce,BAz,BAe,BKz,BKe,BΦZ,BΦE,Gz,Ge,∂Az/∂t (finite diff.),∂Ae/∂t (finite diff.),∂Kz/∂t (finite diff.),∂Ke/∂t (finite diff.),RGz,RKz,RGe,RKe
incipient,513713.07595740416,117297.80005561495,1534810.6094245755,458081.9085796626,0.38367705404769686,1.818399623500645,-0.021071992211548447,2.511615807071687,7.245592020478495,-2.825816219846505,-58.62155235594389,21.606946112482138,53.723015111880095,39.70652257008886,-4.850074868969749,-0.11578643649284603,-2.497457446096504,-1.1154387387101499,-1.8097852224278237,11.231314247540142,-7.5409727890266565,56.44916207167992,2.4035936647073974,-12.90831966422523
intensification,592839.1275578485,151106.44740324357,1962429.8951512203,573763.9335915645,-3.3939087641053822,2.2609416433151424,-1.9182111822776777,5.410599524462976,8.890681297870751,-2.330890505401471,-70.93304050877953,19.3797286002597,87.35715034010852,77.02710197213675,-3.594818817223262,3.3300921759575792,2.5517597164550816,1.1762111702696534,14.770560671847896,-1.9528618500941806,-7.471888702205908,91.01572112701047,6.656759556818959,-28.661401157094538
mature,732133.8303603833,226510.41011722965,2922330.918863249,495835.7149957082,-2.677326545029335,5.573550617798883,-7.565875510709915,10.808485367724199,17.322217293779858,-3.0103662619833154,-89.26298673848481,13.25011296828865,144.85007145150604,124.48602113186885,-4.606430455543317,2.543284965040105,1.8978814985159558,2.409595533233511,12.696996748595005,3.5711418798124885,-12.528111722494351,112.20318554281907,10.654896545142142,-28.053331966910278
decay,747863.5371613052,286963.8981449853,3405415.484496718,551664.6687994705,-2.5836450803950437,6.489032550858634,-9.907528683388508,13.036394644583345,19.822024629327924,-5.529402113531783,-102.05591253672019,5.582198479266206,161.9776525626172,123.78338683285938,-5.298419867395207,4.768006205744519,-1.700860191911781,0.9216056326953238,14.821533802761204,1.361596490308691,-17.617497350776112,129.36862010326493,12.998369839951815,-27.16452531692937
