,Az,Ae,Kz,Ke,Cz,Ca,Ck,Ce,BAz,BAe,BKz,BKe,BΦZ,BΦE,Gz,Ge,∂Az/∂t (finite diff.),∂Ae/∂t (finite diff.),∂Kz/∂t (finite diff.),∂Ke/∂t (finite diff.),RGz,RKz,RGe,RKe
intensification,421645.4753139854,59004.35995022567,3844974.1468027793,80832.62304016319,-2.611860202373159,-0.1103489923436491,-0.193266731357023,2.113929483361763,-4.556607595981887,1.8022831590974555,10.948063937723335,1.0021560456493257,167.9097878668553,203.88933631545783,-0.8355576553747348,-1.5963402823535293,-1.1694282694578053,-1.281071688555857,-0.1785815370465087,-0.7110971593281856,0.6649701318072727,-8.321518541039662,-0.8590763719479007,-4.020449419696297
decay,430433.8842619476,70890.73186080741,3704867.1850231737,72152.98899894992,-0.8839795218738409,-0.04209648101906089,-0.17175877549137697,-1.4288765717300518,-3.2082672807847286,0.6512354280411655,24.995104488027817,1.3600976856522788,67.52819458003201,98.8801435362137,0.08251968491524472,0.24815061412699033,-0.6584814565538899,1.5334876680685805,-2.500738083222941,0.30988331222956245,1.6237098213379366,-26.44010427388554,-0.5045278506835756,0.20690342281595792
