,Az,Ae,Kz,Ke,Cz,Ca,Ck,Ce,BAz,BAe,BKz,BKe,BΦZ,BΦE,Gz,Ge,∂Az/∂t (finite diff.),∂Ae/∂t (finite diff.),∂Kz/∂t (finite diff.),∂Ke/∂t (finite diff.),RGz,RKz,RGe,RKe
intensification,375191.01749081525,330087.2972576545,3335144.759241942,235218.9457188671,-5.415955249270178,0.6141734873142941,0.3517538997293303,8.518180834690098,-3.659222443093913,4.386863742516739,39.9574130520605,-0.7188500080329137,55.054908002411075,67.49598747903639,-2.740050557316256,-3.048752404452426,-5.608635622161439,-7.959174771405296,-30.196529118133828,1.3654371511687908,-6.75119494102341,-65.08974082065347,-4.442031166546232,-6.082139775759062
decay,258578.60259212463,96260.63489216818,3010623.875591304,221885.94494325723,-7.30445859827569,0.3474581495489199,4.1571668539051165,3.2858385034982707,-5.570897813996257,0.13082458068005862,25.90329878626311,0.44445576431489625,-42.07208476098986,-24.79093130373272,-0.7775267363456227,1.0129694259153592,0.5112601853884198,-1.9576414460230651,8.870257118930752,-1.6027084330796153,-0.8748424493420953,-13.885749922961784,0.8499143272462274,-1.175835846987665
