,Az,Ae,Kz,Ke,Cz,Ca,Ck,Ce,BAz,BAe,BKz,BKe,BΦZ,BΦE,Gz,Ge,∂Az/∂t (finite diff.),∂Ae/∂t (finite diff.),∂Kz/∂t (finite diff.),∂Ke/∂t (finite diff.),RGz,RKz,RGe,RKe
incipient,122390.09761281824,38223.87379188505,387737.30455740204,101498.58401022542,2.42828871689745,0.19751192801786094,0.14942053150387555,0.909815618261588,1.1845809264461937,-0.20835797945991402,-6.8435994962057665,-0.8650709289535333,3.0275823491411678,-0.1783032559873378,1.692224618932677,0.5247039609329386,-0.00561628216903558,-0.001225920742962619,-0.0520877908165725,-0.26045552356295887,1.4356034363000818,4.213802456987868,0.9194357489606786,-0.15577968136713802
intensification,123732.8393348926,37297.432949910435,381946.1167065404,88827.44771326947,1.893092095519649,0.004313307353962335,0.20168497226315005,0.8999256934786993,0.08616199055444085,0.010727556694671916,-3.0725237759433495,-0.3509300462023815,2.04902123108511,2.708610958971853,1.553906739522325,0.8219839736246244,-0.14086590675317012,-0.022404677870343406,0.42851750884470546,0.02332068790310804,1.6703775055660004,1.4062642170052557,0.8624801515597219,-0.3239899871100598
mature,102045.5046107789,51214.823040127376,393250.6052320408,128464.73547415288,0.7566783570216545,0.1485270609488949,-0.37204399624997625,2.3060766680049287,0.2717064466561739,-0.302850740635634,-0.7244534380162975,-0.5022560250930012,4.427913045494231,2.5471200036751824,0.7111393784260452,2.1559350866666533,-0.09409551238994567,0.007770725588899611,0.47367884314751435,0.7646224524170201,0.5394034589244302,0.8134979203921335,2.4681710732805677,-1.4112421867448839
decay,87286.11256514784,42976.56110310706,451104.31966099225,134791.9648335241,1.7499998261455678,0.07101650631073166,-0.399916555519467,0.2902093950351528,0.5595600004563391,-0.10637129178624315,-0.651988613378461,-1.2592790020763014,13.330262518357792,10.967662955076467,1.0714980763703261,0.4969732260575506,-0.3226691106667288,0.1573108688512903,0.39853479607700326,-0.18625705385594718,0.9387872213332312,-0.2995598611706357,0.4828750493619546,0.3828959976657344
