,Az,Ae,Kz,Ke,Cz,Ca,Ck,Ce,BAz,BAe,BKz,BKe,BΦZ,BΦE,Gz,Ge,∂Az/∂t (finite diff.),∂Ae/∂t (finite diff.),∂Kz/∂t (finite diff.),∂Ke/∂t (finite diff.),RGz,RKz,RGe,RKe
incipient,346569.72247462126,55834.32979703024,2196806.267476955,187760.42739779007,1.558073331714936,0.02259630060454808,-1.0409003856383325,0.9183024676453334,-2.1875947688485438,0.3019435602061059,-20.596251207816344,-3.4726419210007125,123.52334713409645,117.80267296393318,1.7790554257703537,0.060080362496901206,4.503664799855953,-1.0436473360386955,20.295783703370805,-1.1395415797549031,8.271929201023982,40.37486196511054,-0.4498847292040164,0.3738974879621435
intensification,473446.0032700183,311743.03711708577,3078182.896098269,782660.8092193733,3.6238726516411606,3.0178547514723384,-14.72669970544658,5.345432202228329,10.593079865165121,-0.6616095851629455,-21.123241529480715,14.789026234309455,11.414997145809261,-47.57268717130315,1.297281856212211,0.8395497895352951,0.3517685440425098,0.6302803034403961,6.768870484704619,1.079215425994419,-3.599583918009113,38.99493906799075,3.6194673393593315,-33.78194271598994
mature,723281.3494403929,166104.2753493535,5068628.456707884,425554.3486101568,6.665557053850215,1.1516154490769401,-23.11974394370944,2.898643652326782,0.8312341444881088,-3.4404125000026657,-11.251193968316315,-5.979128530055339,402.95064126870426,263.928409792926,-6.451446363080566,0.5027775714222715,1.4998132978452867,-2.125784648243714,-7.7447172707993985,-3.0348982300299356,8.485751656284334,19.960663587376143,3.0616560550087932,-23.074157296010817
decay,591337.5374712939,83781.04918984765,3394547.218152803,237153.08283078924,4.560982386512179,0.6972042921080247,-9.8437906348019,1.330487524876303,4.694654048672496,-1.1969668604904808,-46.3658860647099,-5.812450549766556,246.87934480210527,173.5859198473607,-2.58505679648441,-1.4887861148625285,-1.506178970272999,-0.2527525566059004,-17.717283473494728,-0.6837540439794478,-0.9426463403252908,33.931410839504885,1.5774975366528585,-6.045581653891094
