,Az,Ae,Kz,Ke,Cz,Ca,Ck,Ce,BAz,BAe,BKz,BKe,BΦZ,BΦE,Gz,Ge,∂Az/∂t (finite diff.),∂Ae/∂t (finite diff.),∂Kz/∂t (finite diff.),∂Ke/∂t (finite diff.),RGz,RKz,RGe,RKe
incipient,237995.7969908036,251014.80647492097,1790960.7651709788,590593.2207125,1.2516519011725324,2.034848986308893,6.882681710842091,9.65273241112455,9.70140292253855,-1.011532177993614,-35.72211465200523,15.640715386988916,86.73489494221664,109.34153100742114,0.4921191135858317,4.596123424645699,-1.0652917979357,1.6100360829743754,14.348236165446266,-0.926296346943254,-7.480193832992825,41.936017205436876,10.239451685783646,-19.337062434214626
intensification,324295.9451383629,306794.61416327156,5293769.893008991,504733.3801848099,-4.346019770053666,1.897901674759725,-7.556191084305928,7.845450131275476,-0.6806662499618933,6.9679157593408,-84.55320994620745,2.5483499381276387,325.5329887619445,290.8775086834646,-0.9032276145266672,1.79909557055722,2.9747494552637685,-0.991510846572728,35.49155078851964,-1.4122297052640174,1.2072976099317212,131.94697158908667,-2.0118781493977766,-19.36222085897306
mature,634120.9754338397,135982.11356851942,7003107.966331199,253539.59461065472,1.121187134671864,1.23320766469441,-9.126356385003756,3.4454460958238755,-2.5259814040689417,7.999968088076142,-36.21689318803075,-2.630134572626149,236.5704035853464,205.9807030009496,0.02144671052013214,-2.0133509768147815,0.8943274332729304,-1.288822415044496,-13.909494549364135,-3.544566793235037,5.774703636708146,30.312567888998515,-7.076552071991172,-13.486234701436517
decay,570599.441141474,65758.72624658748,6304673.840930313,130733.19114044833,-3.004733062049687,0.12067675716011013,-0.8339149366468465,-0.04823504409911502,-5.7707096833790095,0.6373979999992756,33.59478638710447,1.4197410583615635,14.341945819918582,31.446197598024696,-0.25388841611971313,0.025714724673194134,-0.8901681876821418,-0.21326086962572827,-3.5136876496028835,-0.47267157482948496,1.9964851908072896,-33.26982603801083,-1.019570670884229,-2.67809252573878
