,Az,Ae,Kz,Ke,Cz,Ca,Ck,Ce,BAz,BAe,BKz,BKe,BΦZ,BΦE,Gz,Ge,∂Az/∂t (finite diff.),∂Ae/∂t (finite diff.),∂Kz/∂t (finite diff.),∂Ke/∂t (finite diff.),RGz,RKz,RGe,RKe
incipient,778652.6613439508,163027.15666507123,2216967.712260907,573961.3794358671,15.284766958444603,3.234108936209443,-14.874180787784002,3.958663110181689,21.98491514066849,-4.395810554738988,-42.29035367931383,1.8028192345740692,29.299039835151696,16.57374746336754,3.00535126098505,1.070499161751212,0.6807432911408984,1.5140138561427443,1.44269003032338,6.695070367998125,-2.785295954873548,43.32245753897661,6.6343785848539785,-13.94059276454164
intensification,867526.6540457065,270836.89700474765,2637440.9243440237,716181.7198788072,-1.0397023862198238,4.98807330633569,-14.963088803805222,9.45667426631138,18.98023802907922,-4.990207462995858,-34.47589745028374,7.022134885906195,105.06812116659243,84.79518282714169,-4.553935036202388,3.0920432540736944,-0.5429839520956574,0.8591682516147556,4.718742212636909,-0.6188817430857316,-15.574851061059011,55.19743085294568,10.317976674586301,-32.06077969910852
mature,544403.7670695763,339621.0152418541,2898929.9134254023,831048.9539391616,-3.5218932016120057,6.213690835872509,-25.836136653861626,13.15882908003963,12.612369545680131,-3.008800703277572,-14.16923972326902,-4.68863248631905,198.4488192301493,171.2134936672575,-3.644595744877082,2.0459981740288122,-4.018327168913392,-0.6880494320159999,-6.492346006442105,6.281346483963646,-13.938899080333021,37.03492357230055,9.265889515428695,-28.02498676361856
decay,677078.534953439,308947.8730910021,4371994.935982349,822643.6079125333,-0.5853768716971389,6.767217502032703,-30.489106437640974,11.42259946294361,20.029336207719286,-7.451063001623754,-70.78280552223154,-13.475158299449502,241.45410158144807,192.48847570287407,-3.875514988751845,-0.016151704511970566,1.698531275033761,0.0854535444679762,12.379583203341967,-1.1558433642663573,-12.148964302349954,114.23687203491164,12.191898507002639,-29.592390965401446
