,Az,Ae,Kz,Ke,Cz,Ca,Ck,Ce,BAz,BAe,BKz,BKe,BΦZ,BΦE,Gz,Ge,∂Az/∂t (finite diff.),∂Ae/∂t (finite diff.),∂Kz/∂t (finite diff.),∂Ke/∂t (finite diff.),RGz,RKz,RGe,RKe
incipient,836629.4379007446,321717.3284736193,2851735.7920509707,245650.0511121588,-2.982182071506635,1.1229281530808723,-2.26024173953624,11.176621316177947,-1.322806174841204,16.45652772507721,-20.854888530483333,-0.17113257200788512,181.1242507279204,182.5934450451996,-3.0903401677500217,4.097030652725079,-2.0056653158967626,3.241831082375708,2.3162064441762586,2.7155974081590006,-2.542113059481321,28.413518785702465,-3.161003479604428,-10.5501330755473
intensification,648436.2063246946,466497.04036888847,4499133.699858648,557646.3857916688,-1.9504552813272953,1.8856232826447865,-5.764432477024229,15.116911074334164,-2.3281802413467894,16.13559846954691,-42.256303544557305,-8.258353752407782,271.1421581868725,213.24758512445004,-1.0243643085527512,10.481431431779454,0.7545614478383691,0.2645574373786194,23.9973256089693,1.6418632987582868,3.01790969050265,73.96851691187814,-2.639753240478913,-10.981126500192325
mature,928941.781706222,275224.28759984125,5964683.466690128,540912.1305053987,7.657284969721381,2.315781769092251,-29.59000246048306,5.130018678399191,3.0274661146970208,-2.0303643298687404,-22.410381966500243,-14.466402942689312,321.8179890285376,202.8321217783057,-2.505745828823239,3.4197606371533524,-4.700896617070061,-1.8543624645657673,-23.51440383328433,2.6317848346046016,2.2447040070465487,20.82869562397759,2.9902387746099133,-17.621833361588333
decay,562228.6992085847,120186.33185780353,4451277.000773176,347894.0086872628,3.6849067938903826,1.0230553875902424,-16.5517486274085,1.7369733554309024,7.320814782579703,-2.7600279681695428,-58.709559602718485,-11.509087482433143,236.8885131984052,146.7054717380863,-1.8991613295045227,0.13283864154176905,1.5695561047703706,-0.9000769316259575,8.02943932225424,-1.9335482457938569,-1.043296496328707,79.6058407584908,2.5738690043842456,-8.713182746200117
residual,1323942.1085804282,272850.780055326,7944065.69225902,372097.28918717866,6.328666462203034,3.6128710883290283,-9.276334940382545,10.329196420729994,11.758757630490171,9.401214200256321,-97.9689667387042,1.1984645686325077,290.28353416246136,145.59527174592117,-1.0509347496195331,2.0719201633188766,-0.565425265550837,2.3096197666362364,5.685976657929298,1.514053463166413,-2.382645345508947,106.60261187481301,-0.3752691012191215,-19.28994246657863
