,Az,Ae,Kz,Ke,Cz,Ca,Ck,Ce,BAz,BAe,BKz,BKe,BΦZ,BΦE,Gz,Ge,∂Az/∂t (finite diff.),∂Ae/∂t (finite diff.),∂Kz/∂t (finite diff.),∂Ke/∂t (finite diff.),RGz,RKz,RGe,RKe
decay,514101.5257595116,125778.13934470512,3535328.2884185053,195632.18308007612,7.899497872829563,2.014013223819285,-2.2328026202556024,0.12507960753680092,10.079354550595124,-4.499238874271004,-55.57523278787374,3.0841571651584796,143.41737685807308,99.06194240742602,1.5824862292870008,-0.5989952401372677,-2.0803519859020696,1.250290968082006,3.4990379714373554,-1.2280024403198113,-2.2461954398483464,53.40757550673713,3.860596226070526,-6.6700418332706946
intensification,550968.1292090697,308063.4663518398,3973532.080813017,334898.41780752223,-5.075741012458399,1.8288399063868965,-0.8836311959781294,7.184615692934943,4.663638895681593,0.5903537801611213,-52.929678451777725,-0.7690263644709106,197.41800478711068,169.25520468614897,-2.470571877578458,6.851950798072437,0.18638539582862265,3.434309429939901,6.950703210768822,4.271115820220495,-7.724154605924473,65.83975387098307,8.199731436326827,-3.0281047042216684
