,Az,Ae,Kz,Ke,Cz,Ca,Ck,Ce,BAz,BAe,BKz,BKe,BΦZ,BΦE,Gz,Ge,∂Az/∂t (finite diff.),∂Ae/∂t (finite diff.),∂Kz/∂t (finite diff.),∂Ke/∂t (finite diff.),RGz,RKz,RGe,RKe
incipient,873119.8558361543,124135.2456975368,4316636.6098067295,473375.82505296986,2.215439560481934,2.960477466009185,-18.171976426793016,3.2736568560158146,10.30435250378818,-3.081197232065213,-26.84274721284212,5.764636449136288,-68.18876385108818,-152.21784357611756,-1.2104931747175345,-3.559990227725556,-1.858544816964002,4.353064704752934,-31.46990029295182,11.473998206960085,-6.986980294261063,11.329383786201385,7.747441326824775,-15.736271524985032
intensification,538974.0428568631,220020.25260744177,2823238.9812905365,868424.1271496635,1.1438987120168354,2.7730803291581125,-18.388580925539856,11.087644171443218,9.606322610527707,-4.276812416494294,1.9214269519483396,1.9171967013587192,-66.86404016183351,-132.44415331352795,-1.9593357022631919,8.111168513623857,-5.139565473541858,0.7163697852764126,-19.145745305166738,5.529536245609882,-10.828909042894619,-3.822490043592052,13.307746044055811,-25.86388555273191
mature,287823.56954090344,272393.5456224708,1936947.042379927,1328092.4515054317,2.8320527648321687,5.112645773476428,-12.48317158747485,17.22759543579698,22.6974606789411,-5.273204266966551,-45.33550925030311,22.7735421524329,68.19322604721685,2.746524570655661,-0.05538121630183782,9.446798722179851,2.3188123809134935,3.387870983782097,7.452434860999806,8.886837880436362,-12.433949759719011,62.43906293394559,20.7760249130692,-43.59747129526837
decay,289821.6059060284,296350.3561430141,1817139.5097194323,1325052.7168245611,1.526552262916316,4.317603103231979,-23.68676072207088,10.866691914590886,15.06009420904056,-4.982613891411045,-28.693068310145275,5.480500345021895,83.13609928150251,13.765526772831056,-0.46967893766056884,3.133558435276132,-0.33595127776759137,-1.2391434906405436,-7.752717117636251,-5.201811919894984,-9.551890120659857,43.10055965166359,10.292559212129408,-45.235764901578634
residual,206420.86780201076,135383.38661626927,938159.9631238002,564302.898512052,0.4368185727148315,0.038995869009818676,-8.121200134503887,-1.1174055765964281,-0.20388882568456754,0.38255765952165666,-3.802022132529708,-0.012642965256816649,28.77987164034134,14.591348065988768,-0.42231944995176735,-0.5074588786302411,0.2145788829489366,-0.10983955505089199,0.727984117949571,-1.6691902527257276,0.8942821503581544,12.214387812268335,-1.6487986601787954,-8.66034184537637
