,Az,Ae,Kz,Ke,Cz,Ca,Ck,Ce,BAz,BAe,BKz,BKe,BΦZ,BΦE,Gz,Ge,∂Az/∂t (finite diff.),∂Ae/∂t (finite diff.),∂Kz/∂t (finite diff.),∂Ke/∂t (finite diff.),RGz,RKz,RGe,RKe
incipient,441509.054432869,145436.10011254682,3398040.4157911283,191705.79566361773,2.382485948138799,-0.1093917841003306,1.6187595172314602,0.5405618937603098,2.826865992223864,0.2685120357036089,78.46944213167765,2.588616254569825,-54.32092860377702,-56.57227294843429,0.6949352558636933,-4.277151485644087,7.433658462021256,-1.204806139137948,39.72169545257943,0.4238508440734181,6.879886633835861,-42.74899214446849,-0.8233644969809162,-1.0865677870252564
intensification,331189.6665560027,127807.08169678491,3193669.7119954014,210256.55197956445,-0.19132698213918367,0.44792297353913263,1.7818009291049393,2.7117561017972274,1.0028344378402614,1.0622721917969937,59.20063378343076,0.6889587882201187,-4.5572449257956205,2.544797458273306,0.7919257365230056,-0.30432230904644086,-4.2305386167418835,-0.5500666528530628,-15.94564140334148,0.8919287626755883,-4.976777063182196,-76.73674913373797,0.651494283608038,-0.7269851982368183
mature,134301.6040592233,66499.16517444878,2126815.5626789643,274896.9393971955,-1.00854334095797,-0.11941440324996098,7.368181084569615,2.7280193121842102,-0.30526855289691257,-0.04954508343501007,23.769851242564357,0.11247976419717275,-8.901367533429385,16.706860422031177,0.1898989873274241,1.8853634045489378,-0.827670915710985,-1.1642885840963686,-11.233896690847056,0.2502090385395685,-1.6503601070220033,-41.363385677023054,1.7326902147728125,4.7778910467278015
decay,264649.7095610052,37782.65077991792,1703643.360790088,211999.1183809193,4.214744012252337,0.042737186533218556,-0.7891398648378187,0.48429431396269784,7.2234803172534,0.4503915469375797,7.228008926759319,-2.4601215011009105,17.036305855017282,-17.921090047519353,1.5857362875217116,0.36796079101681606,3.9172662815768025,0.058611215683316086,-1.9485702540440475,0.7286505321023692,0.9512671631089576,-12.602183328217885,0.04977679617521581,1.9153378544027633
