,Az,Ae,Kz,Ke,Cz,Ca,Ck,Ce,BAz,BAe,BKz,BKe,BΦZ,BΦE,Gz,Ge,∂Az/∂t (finite diff.),∂Ae/∂t (finite diff.),∂Kz/∂t (finite diff.),∂Ke/∂t (finite diff.),RGz,RKz,RGe,RKe
incipient,111908.16841243718,142926.52712331864,962547.1914225965,238343.69886453485,0.8977532858978327,-0.3511339188229853,2.570747137540398,1.5515729920863954,-1.3952819759916315,2.2224409731095927,-14.305800828519274,1.446178493770505,73.87248025154754,93.46957874589438,-0.899398335156513,-1.6551519650527735,-0.4435641656615203,-3.0514241941905333,7.51390644807196,1.3671246517319378,1.4983371774049588,18.351206853153,-3.3711582563907454,0.9401203034154356
decay,101632.21515528638,107971.60715447534,1028734.573203449,250227.24023006088,-0.057639921757713625,-0.16576428337692065,1.0590141750731636,0.1040502081415534,-2.211782977760934,2.1479271079319773,-14.156728271219713,-0.8297191608148784,72.12703305985437,93.59096664474421,-0.0828770444787552,-0.5285694482155474,-0.07647204370384147,-0.8139620602853995,5.033313111566288,-0.10303442822258083,1.911906728922458,18.188667129470552,-2.6920746766989034,1.6816486995239073
intensification,165425.33643650656,241214.0136569072,2084148.6950384933,279120.55805256404,-1.1530409496670402,-0.17918668796813192,0.10628458791508512,-0.9070712540545218,-6.499662292734034,11.65152949551701,-11.328814236768602,-3.773565493412533,137.81818264557504,174.13730923893112,-0.7268734183258557,-3.7345477954841555,0.3875737677471524,2.241231028653558,17.973618014236813,2.7337475415873635,5.555008422846016,30.34918861275737,-10.138183032949842,7.520668876969504
