,Az,Ae,Kz,Ke,Cz,Ca,Ck,Ce,BAz,BAe,BKz,BKe,BΦZ,BΦE,Gz,Ge,∂Az/∂t (finite diff.),∂Ae/∂t (finite diff.),∂Kz/∂t (finite diff.),∂Ke/∂t (finite diff.),RGz,RKz,RGe,RKe
incipient,390848.2392826874,261721.28744676855,2251561.397343641,784960.2057858161,3.833007077546785,1.828091261914106,-5.911889967890087,7.253526413117632,7.429662328922502,-5.586405003750407,-50.18948618197709,16.887694019441454,108.23598880890393,30.019504897079223,-2.3962950163096783,-7.862904208397861,-5.568389667184369,-5.993507632358091,-11.657548893516239,-0.40070123654634726,-7.33695365664598,40.61082017880415,5.018332522595841,-30.45381163699552
intensification,251397.36857411754,137684.46287180978,1835696.7770049782,712213.8416067605,3.440823269164143,0.7946568249995847,-7.451435363599333,2.656547785026053,4.63330515215994,-2.7952387406197636,-19.63226772720387,3.7568490111288626,27.94004327985284,-39.612150832308615,-0.3418359365434004,0.12148674696699924,-2.3098601598642747,-2.1122683454840474,-10.45962830333911,-1.5244554675657753,-2.707685217860487,13.18325151829995,2.544861355162185,-15.389287627320021
mature,199875.68626362953,91575.01665961198,1418992.236414551,659729.9818268532,4.150724653941713,-0.1225223002458664,-5.136095913894831,-1.390585069576968,2.6758986897136654,0.12508771929051288,4.359055237836391,-1.026486960435106,-39.45650203876646,-69.17740377564779,0.3313378033006614,-0.06900348379614765,-0.6824135390409679,0.28564285346398455,-9.977611181149195,-3.1785563715102363,0.6698901249412132,-13.351295159032468,-1.1075076351576298,-5.897580255392993
decay,185982.94987811722,94529.29220943316,1310578.7048631196,516700.6626113979,0.8834425281112719,-0.4303796104335301,-5.017157187199225,-1.9478131955592055,0.7076653069061761,0.4092108265680944,24.756383192897044,-1.2514260523685663,-31.69772023431028,-53.78799600377255,-0.3870641136910093,-0.5631473416567593,0.41838336785230146,-0.15913268794450763,4.112935397049969,-0.9489675133213415,0.16378097862386723,-16.50973313675912,-2.085777099638277,-2.7668854525927955
