,Az,Ae,Kz,Ke,Cz,Ca,Ck,Ce,BAz,BAe,BKz,BKe,BΦZ,BΦE,Gz,Ge,∂Az/∂t (finite diff.),∂Ae/∂t (finite diff.),∂Kz/∂t (finite diff.),∂Ke/∂t (finite diff.),RGz,RKz,RGe,RKe
intensification,860283.9853946328,135583.71544834157,3644636.365782594,245093.44634047922,-8.604566777569396,0.5254054332033706,-0.284276751677859,6.359583359807018,1.2617025800964214,8.681027138965492,66.95856702174488,2.860139400112672,53.36218554471052,111.71399573476465,-4.8872297074227005,-0.3863286448590511,-8.61136323847427,-0.21463796029290624,-8.293130490505668,1.76677464206033,-17.952227162936715,-66.36285398300329,-3.061487172654751,-7.7372248695372186
mature,691459.0835970622,125263.28251580772,3285063.386949897,284665.77098564984,-7.819493928811106,0.1264107738253281,-0.4257346613207359,3.085875207771953,1.1784609660998426,7.480988761728028,70.61148589159953,1.352274856931623,27.676932037597965,98.77937428207693,-3.9729574215076973,0.7226065412893632,-3.932984091007941,-0.6695737422541168,-18.831591026110637,0.3207413506594565,-12.804528212093562,-81.19784832757833,-5.19109807003552,-4.543143375364855
decay,517668.59079648956,60783.97900687378,2756275.3260104614,185903.4799963342,-1.3539534682362058,0.03545354849524558,0.14228351008658485,0.4317301443221885,2.7207999862522105,1.6262417352316516,26.714581087117587,-2.4891354469199585,-29.616491206630517,21.980577442188853,-0.6763607274756182,0.4580336461708038,-1.7427964844479333,-0.9600868281199776,-3.707040943661409,-1.748553814114151,-5.782096390441104,-29.20995207262937,-2.1900519675246857,0.451134998570204
