,Az,Ae,Kz,Ke,Cz,Ca,Ck,Ce,BAz,BAe,BKz,BKe,BΦZ,BΦE,Gz,Ge,∂Az/∂t (finite diff.),∂Ae/∂t (finite diff.),∂Kz/∂t (finite diff.),∂Ke/∂t (finite diff.),RGz,RKz,RGe,RKe
incipient,291382.8232186185,424861.8876833494,3163344.600243163,271092.13651840604,-0.8401312918342136,0.7632441278779973,0.6421327938197993,4.232096661932233,12.597876248020553,7.5761645682025085,-47.63744388893008,4.755500267801217,218.82869828302452,192.13137228674114,1.2140952425240936,-5.350283800460186,6.4509626727008325,1.2565260801439608,10.117000741240451,2.033040107331788,-6.223800739275936,57.95244312818494,-2.850785954004312,-6.312424028581863
decay,399472.0631449007,306885.7825147158,3613550.902590877,431725.488299801,0.8472034049693896,1.824358001929578,2.238330481453103,7.793245774143886,17.717921757371904,-5.03104250527727,-50.09966972673381,18.91703558034346,246.8351221777124,182.55903541429376,-0.6661696022189016,3.1125911165554547,2.2652126231139187,-4.3385640541487795,10.438293520367605,1.9090273661113393,-12.781147727359016,57.45242936067892,6.661366223342799,-22.562923506922907
intensification,491295.5321471071,144790.0013534431,4044098.37285893,396253.93427344656,1.7372814495581355,1.80846195637779,2.051981203458252,5.969395486081597,18.048328428806194,-6.781873299197952,-41.76064203610423,12.397605817605932,189.21524953575647,89.47327672196391,-0.3128810202756951,2.09060279522883,1.8598931811523005,-2.0973018860677675,24.01662902955703,-3.493132453045048,-12.642691841717966,61.988008412644874,8.84550494283399,-19.808152553274322
decay 2,506565.95826641837,115033.75830099986,4770349.213663203,270365.7072373134,0.1406425605336732,1.3858886577974632,0.8905678820655317,4.860239554816108,18.82091300079547,-7.834436898919763,-17.144475902868443,8.058345071870297,170.5689417536156,128.93899567420002,-0.245066606061518,5.089095635392958,0.7518673792940097,-0.8663119991973036,28.91360924258463,-4.614531640491328,-16.542514403170326,45.02687470285387,10.442475796741105,-16.642548385112203
