,Az,Ae,Kz,Ke,Cz,Ca,Ck,Ce,BAz,BAe,BKz,BKe,BΦZ,BΦE,Gz,Ge,∂Az/∂t (finite diff.),∂Ae/∂t (finite diff.),∂Kz/∂t (finite diff.),∂Ke/∂t (finite diff.),RGz,RKz,RGe,RKe
incipient,40724.505545406246,53447.809154056325,408789.53101745405,165224.85773198775,0.05490601065915666,-0.1425429791949295,1.2234882854757796,0.19533524932585852,-0.7058740041858006,-0.18541134523588185,-3.3789428066778613,-1.4615637482765285,6.569858805744836,6.428623749009727,-0.08642031335372162,0.21758200945485817,0.0012914296930338724,-0.0939784546813472,0.5040366826090434,-0.13104450582448565,0.6195284653430615,2.604585193151968,0.4293111190753227,2.3586722786019636
intensification,63951.38644433007,60920.03260130036,393831.62452506763,177534.48589664628,-0.03189155152489183,-0.2612604533453636,1.1266517603114017,1.5044689957483253,-1.307115034475663,0.3769926496371682,-2.9030864236249885,-0.9559196284081983,5.492656485432879,7.288873575347706,0.3685819283536319,1.64473867349739,0.2719055826212445,0.015118857079247082,-0.0423905358822,0.3846243163527462,1.285868612226652,1.7659356789562786,1.4038556565357676,0.9627267093240213
mature,89436.19000575747,79077.68605846394,453761.15790693864,238492.8883850922,0.11270277658036004,-0.4250881367891487,0.9530668906435413,3.014565090940525,-1.496398700741823,1.4597474146217249,-1.0502410810335534,-2.051024050564303,9.087414745388141,15.823141674022924,0.8914962503755981,3.500559821027127,0.46578764414922647,0.8120773276462027,2.2036202531105813,1.1187444238885897,1.6498009846822606,2.1880916669202333,2.7919831407541515,1.1082702741559092
decay,132999.32904976487,96385.06293539325,1175365.0423843055,212347.10962667476,-0.10233178971139897,-0.3878942044015617,1.1662027750249344,1.082891369634448,-0.875646255148438,0.18337419347719583,7.828363325768288,-2.1321167598438864,41.61071465124801,62.17838332422268,0.5050475227806476,1.4899939979118675,0.9122155481985693,-0.21250216673375227,9.848228255281972,-0.4703766541477238,1.2976358092340468,0.9559939442001475,1.074909213825062,1.7450515110866482
