,Az,Ae,Kz,Ke,Cz,Ca,Ck,Ce,BAz,BAe,BKz,BKe,BΦZ,BΦE,Gz,Ge,∂Az/∂t (finite diff.),∂Ae/∂t (finite diff.),∂Kz/∂t (finite diff.),∂Ke/∂t (finite diff.),RGz,RKz,RGe,RKe
intensification,172167.05459193417,110117.89966312537,575175.7924063136,197900.46568783786,-0.5760074882659885,0.2414946898344567,-0.6864135345658152,2.555269038567041,0.46747644652979126,0.3147081574431668,-4.808984476055005,-0.30964612182645584,24.1158362663775,30.57376848119289,0.4771976587417082,1.0545073870302302,-0.0639234437642323,-1.0256674702084012,3.263468546857289,0.16384795378297332,-0.8659126887255552,9.334874045744098,0.9733987210810159,-2.7681884975234277
decay,249814.74543232506,91042.9678704332,800151.9934571522,171799.99057713075,0.16588031117351387,-0.16328980675244187,-0.42075641407790054,0.11233105830831594,-0.9165602191547345,0.26507468143455715,-4.396783311873057,-0.4951923974004409,24.265039456036682,29.441995535788088,0.5015695543283919,1.6689746767012341,0.3458395606489764,0.010018423982912875,4.611947730167722,-0.9489949878131024,1.2649902842247829,9.263607144945166,0.020564607609113897,-0.9868900627988779
