,Az,Ae,Kz,Ke,Cz,Ca,Ck,Ce,BAz,BAe,BKz,BKe,BΦZ,BΦE,Gz,Ge,∂Az/∂t (finite diff.),∂Ae/∂t (finite diff.),∂Kz/∂t (finite diff.),∂Ke/∂t (finite diff.),RGz,RKz,RGe,RKe
incipient,1349959.9752762741,214803.8043809197,3511991.7457728656,219427.01598789595,-3.577614225515366,-0.3345281224365154,0.8410425262135465,5.936409191759825,1.6575671335602253,8.350319318085868,-19.493826133683392,2.5120619911471493,107.76831263402954,114.28519977026004,-9.07720526226897,-4.778072646495605,2.749364550018546,-12.13568561919925,-6.878969990277967,0.575950079162578,-2.820344931493561,15.351427842707245,-14.21506762308878,-7.03147857753085
intensification,986657.2084535357,110570.24567612683,3012260.334181984,288358.66729671485,6.227401812486862,0.4583619607765552,0.4212123082551165,4.192862240187522,7.889469261879432,3.0756598467879863,-12.27126912853865,5.600364413718113,-7.4496210056833165,-53.493941977843704,-3.3951584198150178,-0.3286524060192159,-12.512099739598105,0.06629738168273765,-18.286126484122878,2.8217208330718417,-13.71580522821412,-12.663471476326205,0.7251378143057192,-6.550293512578676
mature,573597.0618797013,89054.31056918153,2226309.5460478724,363419.39231046726,9.304049919639093,0.6135081180282773,-3.368253947518387,2.6301088310442724,5.58670372715456,0.2177999631530706,0.7216838175306761,-5.142516081579255,-118.92470289728357,-136.36480073128305,-0.5062168797149611,0.6448820832765023,-5.870392780381479,-1.5100974519296173,-15.449704761511356,-1.8663712701400972,-1.539538469868668,-22.107184551162735,0.28870329793330735,-2.722217967123502
decay,551720.9834798786,58041.91039073105,1723128.9533890197,276130.73268441716,3.9902327806937388,0.37755376553691844,-4.0693178240580075,0.9828835875718485,4.119491607990921,-0.010744576272430898,-25.40490397896617,-5.118354066735008,0.4581063943641684,-7.523885676741254,1.1765509645755021,0.5905155450421398,2.90689385652607,-0.10810278654863184,2.318448334322514,-0.546518509253346,3.155188794765807,27.80243735665295,0.507971611758729,-0.4803658541481941
