,Az,Ae,Kz,Ke,Cz,Ca,Ck,Ce,BAz,BAe,BKz,BKe,BΦZ,BΦE,Gz,Ge,∂Az/∂t (finite diff.),∂Ae/∂t (finite diff.),∂Kz/∂t (finite diff.),∂Ke/∂t (finite diff.),RGz,RKz,RGe,RKe
incipient,672306.4946030938,425597.53968346654,2646535.290630214,712115.4499182323,1.0463751120309126,2.0207584814041453,-1.6263328960703063,8.881316589157679,5.515285126791658,6.537119673494765,-29.83653768522348,18.932924387764782,99.20102915710083,27.336093030775487,-1.9684455830624357,-11.886496429641545,-14.829311583745868,-12.743150132879167,1.8442981450260474,3.174826802471712,-17.27746311710247,32.26079361428892,-12.419711698620398,-26.26574707052106
decay,497670.56397973455,233306.94942002773,2864736.896999439,550898.6154430689,-5.899257451253695,1.279585305573402,1.9386674561525774,5.6625179832138315,10.586534739844463,1.9077194949239311,-7.060205535115051,8.932516477479671,134.87219719650838,109.95844189381663,-2.6885042914051436,-0.7910450752774697,1.3946263874885996,-1.3836480470582857,9.70348243925328,-7.417538013201884,-13.811580498036156,20.72427796946945,1.091565135658213,-20.07390501774281
intensification,512266.1240773672,212435.41918354222,3043740.007607848,346004.169090061,-11.107152946001202,1.2902499293760752,1.4873845613938927,8.211525825017361,12.871569513491814,8.074775405587795,7.892395870929396,8.557977327051333,163.49131952745725,189.43243733103455,-6.437656891009465,3.426266908897006,-3.954771738437844,-0.8289659410454369,-8.671423899554346,-3.626874877555141,-26.643244268554785,-6.94405138587643,-1.982465450991948,-18.90899346822994
