,Az,Ae,Kz,Ke,Cz,Ca,Ck,Ce,BAz,BAe,BKz,BKe,BΦZ,BΦE,Gz,Ge,∂Az/∂t (finite diff.),∂Ae/∂t (finite diff.),∂Kz/∂t (finite diff.),∂Ke/∂t (finite diff.),RGz,RKz,RGe,RKe
incipient,780051.2827697806,134522.88296653112,2591954.4804448932,308589.8445827711,-6.426408861505574,-1.5576177794973205,2.0047480332849545,-1.5848419193115983,6.047118734190933,7.9070816378136985,58.463846265330325,11.771823120733057,-22.813292254005702,8.443543825581596,-4.072107490206109,-4.379784079034414,5.6532374533896945,1.3044008345743048,13.88394438674542,-1.70736487746869,-8.377907921804132,-40.15824105036429,-6.629904943053671,-9.889598045605194
intensification,607562.9051706502,132069.86631544342,2344329.1174729266,442853.99377478845,2.6045792454928964,0.363822133198121,-2.699066098480832,0.675178557805965,6.875671182462932,1.373727165327551,19.642702767734338,22.04239928921896,-92.35883220705935,-101.7536079075905,-1.294059277799791,0.5166240404350145,-4.547394467201841,0.25780441292381345,-12.069362194553388,5.5281350069093635,-8.454664270973758,-31.617578109299785,-0.8045663277958939,-19.888508938596395
mature,293844.8054742914,193892.93394297358,1196460.9061191734,1084186.8832552948,1.9320508528014386,2.667849830776303,-20.87084888098028,3.520338247861325,4.674339443683308,-6.521156887823,-7.944377938810345,17.292327379537976,23.58603301746784,29.54338470719021,1.1600979533890965,0.9112113628714885,-1.542298249033169,1.1359761854136747,-13.223514800317412,11.791341929515943,-1.6167370091387345,13.659661166671775,8.509621490321697,-29.89217257886364
decay,204201.40578478258,215732.31811805142,1383325.5099261897,1587321.2705818077,-0.7774450164737491,2.6600159108852246,-31.440093829453108,3.047978957956806,4.580790672843779,-7.262867493808287,7.509881882397954,-20.11095078892431,45.041524553447964,35.50043185282748,0.8365811985410776,0.0560771336574158,0.11638722272117263,0.304196647291255,12.228038209282913,2.4165238717523345,-2.5818325557111312,36.93569517281181,7.955027188171123,-11.960598126733267
