,Az,Ae,Kz,Ke,Cz,Ca,Ck,Ce,BAz,BAe,BKz,BKe,BΦZ,BΦE,Gz,Ge,∂Az/∂t (finite diff.),∂Ae/∂t (finite diff.),∂Kz/∂t (finite diff.),∂Ke/∂t (finite diff.),RGz,RKz,RGe,RKe
intensification,682565.0371877365,382688.76062360813,5696776.406718011,573283.9430614912,-4.42515160556782,4.3488804783360795,-3.456372925576333,20.62417171129319,12.370419973154135,13.591874439062726,-49.933378541715925,7.946483403062372,325.7440967781437,269.1599635087489,1.664103234316626,9.777638885055337,-1.7430713679339367,3.475493367915087,30.527658715586988,4.276341212397398,-14.189762468319815,88.34256178844706,6.158910161809473,-27.7506868275345
