,Az,Ae,Kz,Ke,Cz,Ca,Ck,Ce,BAz,BAe,BKz,BKe,BΦZ,BΦE,Gz,Ge,∂Az/∂t (finite diff.),∂Ae/∂t (finite diff.),∂Kz/∂t (finite diff.),∂Ke/∂t (finite diff.),RGz,RKz,RGe,RKe
incipient,474742.4451646116,127319.5378314988,2348543.3817496924,293557.7129848833,4.287129556509421,0.7757539497313255,-9.382755227098668,1.5922204199320378,1.2080890171316023,-0.0880949240595778,-6.072424714344624,1.011862538353471,-22.750168438111334,-126.92677211120542,0.7464473810406642,-4.419114328964119,-4.075534383826609,-0.3356653728684533,0.4520088617802442,2.174942125578069,-0.2207398947174648,11.620059246714115,0.5688960213918368,-9.811896059806108
intensification,391144.16066800617,101108.72549218971,2688366.3116814145,307360.7850729448,3.5900828979340886,0.11011202121599066,-7.592356403165696,0.4048104181164566,1.2184838722300253,-0.7819506629451678,2.351556294058479,-0.31529973891502694,-54.492999817604925,-140.4936086185812,-0.32941284709661195,0.625371997536584,-1.7994028482930873,-0.7513722695217107,9.498547865894524,-0.08582019492459904,0.6823081986269669,11.149265077067653,0.3252767903239228,-7.767687277291725
mature,263842.20685634774,69006.45595122887,2972250.4545935523,353408.75117025466,2.1918665988959902,0.12426153396195858,-5.112872121014625,1.0350759814505155,0.1710938505452339,-0.32034762840590636,27.09786884940944,1.1491880362145843,-108.67635747433175,-142.51435456211038,0.23592115221851465,0.5147853349471798,-3.3030568243763305,-0.21630233689171344,1.745236118069852,3.1429441906439424,-1.1580225420636154,-22.431627209220956,1.0148597390027496,-4.154191948035782
decay,337816.20872458915,109019.29902422779,4071387.3122048364,310822.54769940476,-3.086447174837211,0.23350499353466278,-0.19374656971811552,1.199204595358651,8.088479221282936,-0.6981962472171614,10.688621731994777,4.109812276880772,135.99819371011597,118.13626574015535,-1.3973930891421784,1.0264766191458599,0.5934047342970438,0.6511907327009312,11.00029901165144,-1.998570662754286,-10.348016668288443,3.591871024211988,2.3150865817420807,-7.501334104711824
