,Az,Ae,Kz,Ke,Cz,Ca,Ck,Ce,BAz,BAe,BKz,BKe,BΦZ,BΦE,Gz,Ge,∂Az/∂t (finite diff.),∂Ae/∂t (finite diff.),∂Kz/∂t (finite diff.),∂Ke/∂t (finite diff.),RGz,RKz,RGe,RKe
incipient,873097.5406828461,416195.3833672329,2752939.8394662538,270651.4228510036,-22.317613399266502,-1.9143844812482167,0.0788045029554675,11.269136282932385,-5.605415294701929,8.884868326970164,16.579781651726414,-3.059344972129864,72.16267048480435,86.38173828605471,-14.99900456146039,9.431941109719284,-1.0847362188051706,-11.618701908686424,-4.040852678096767,5.342141659758065,-19.71131880461796,1.6181745664878555,-7.320049471475988,-2.788845148088989
intensification,598425.6766342325,273949.8200995875,2939896.9463060717,608330.2707471872,-9.914217471564255,2.083206347303275,-18.16308508398056,14.559889593050984,-3.5250376763258964,3.2047424914281164,0.20996957486759543,-5.384183703913231,110.37037099516077,97.17676998380382,-2.1041931107370107,9.383139891071206,-2.9771520388450674,-0.7553166654733331,2.6194113816157727,4.5365655256390705,-7.283125486780149,30.48674436229299,8.516624088846259,-22.802225447479245
mature,414967.2048577787,208266.67369744336,3002896.388261166,758133.0192487616,-8.016008564365821,3.0276074604999423,-22.96054944216363,8.426290346274476,-1.9424450989273687,-0.9841341134018018,0.8085452749865804,-14.0962006477005,151.4044099734846,115.0947087607861,-2.0701782925142074,0.6710580786304489,-1.457796777380959,-1.132736595867814,-3.9369383112580962,-5.594697573456557,-4.503752782319467,26.23107442028477,5.25008040330852,-22.885336714194153
decay,173965.2808621349,95894.22562799315,1987915.9344935382,330800.91565446404,-2.213376509110061,0.7894940925097768,0.08466545825852663,2.3452533663419244,-1.1559787214968928,2.036076478379341,-1.067167453690658,2.7725638927192944,101.57871514355995,133.4937968444666,-1.0105903852908227,-0.19638210278766047,-0.8077746994397128,-0.11427513450838228,-3.0208120326305847,-0.670634760306393,-1.0756783945431039,0.17506647191160868,-0.5945923390555754,-5.703786561109085
