,Az,Ae,Kz,Ke,Cz,Ca,Ck,Ce,BAz,BAe,BKz,BKe,BΦZ,BΦE,Gz,Ge,∂Az/∂t (finite diff.),∂Ae/∂t (finite diff.),∂Kz/∂t (finite diff.),∂Ke/∂t (finite diff.),RGz,RKz,RGe,RKe
incipient,1143434.6496597962,71547.71417677154,5080808.729781972,214391.79517490376,5.920248723451757,0.8311180790608669,-6.993190989929593,4.4097868222569225,21.949454635559782,-0.16167637397912887,-50.257526836000366,-4.307918302353217,-55.889588373033824,-94.35134326089617,0.6723971247949242,1.2192167755856569,9.394942812436563,-0.5153220811828617,37.60062859511132,-0.2196916856600898,-5.803145020610598,88.93109769758952,3.2250230359923235,-7.314751195493388
intensification,804773.1330443373,219884.6802052749,5420681.234181204,463127.5951513561,-1.084922760989851,2.2187123659079178,-4.778834863182463,10.21742285060198,3.211490091399534,3.0192040886708322,-29.325284974874524,5.34990782353478,183.56226201391337,114.0910981974153,0.21178584044265267,4.850036364904343,-6.376364600348997,0.2290700499569243,-13.985905734002085,1.7139110999833016,-8.454065086830465,21.20313686504476,5.208576445980154,-18.63225443733592
mature,337662.61740333214,49471.97830958929,2817755.6694242256,454110.4227588756,-2.8205989477828712,0.3315772608466717,4.3991915285371235,1.6717068399275639,-3.4901434340625337,0.4001359020781646,-20.93901091172262,6.6916555932916095,149.5666689830887,124.56561654900233,0.4972432533852883,-0.12040584727780161,-0.08525837488965235,-0.9624997011227187,-27.017276325619115,-1.8883186301703803,0.915863372236682,-7.656857994650748,-0.022506024119990996,-5.852489534852429
decay,412930.6645131897,36794.10268826556,3326638.294484318,146953.3311201071,-1.4047769667092418,0.021044726457073466,2.055149992149883,0.5475723749414007,1.2109624219705413,0.25923072063923136,24.92891308638607,1.5275276088804663,-9.912438137406646,-7.464359442377034,-1.557573044787842,-0.3920123535166383,4.164929223903889,0.19472096206214543,9.672185129370785,-1.148306845139577,1.5702345616811788,-15.90710098245593,0.4620178899072414,-1.168256836811561
