,Az,Ae,Kz,Ke,Cz,Ca,Ck,Ce,BAz,BAe,BKz,BKe,BΦZ,BΦE,Gz,Ge,∂Az/∂t (finite diff.),∂Ae/∂t (finite diff.),∂Kz/∂t (finite diff.),∂Ke/∂t (finite diff.),RGz,RKz,RGe,RKe
intensification,601430.3293622936,110485.50697760037,2176860.1098406375,324328.6554568282,3.176751999763584,0.3994645276152997,-1.985297300054643,3.1119082895416423,4.999158415652618,-2.03354370428308,-36.85352177606086,-2.5544169675921395,50.44828671025579,66.67707592281496,-1.8389585038691427,2.3634587201869937,4.980968011254472,-0.21994382627114817,2.838748631948881,-0.20179242748683637,3.558026122980737,38.50081570830079,4.526043639938274,-2.744581049490982
mature,712832.9555634983,91671.90190780167,1966973.8628547995,195258.90413408968,-3.133017062637822,0.512343069963433,-3.991572355695008,1.301392627847986,1.6725710753476957,-0.16201004742143008,-4.268168853630393,-1.7363780630185903,-12.068622429965354,-5.55620960214108,-5.410549839969164,0.23832126479027074,-2.229761780875458,0.24976170852264365,-5.20422938852352,-2.5006747181105706,-6.523006848897542,6.188528883439704,1.2008213138286268,-6.057261638634976
decay,414576.6315540555,129384.08347311479,2110893.3229714283,255938.21418521172,0.3915061493950958,0.5494224185752743,-4.280061921010117,1.0605970988927553,2.3653188836150036,1.0171424214206046,-23.686835823083733,0.5426170289388181,147.40924280061424,125.43927769037721,-0.37932929020484824,-0.3147582612924291,0.5464669236234534,0.6333690331112933,-0.16862758159520652,0.29789221786275344,-0.8779233920211802,27.406764013103547,0.12740129200816974,-5.585383830978937
