,Az,Ae,Kz,Ke,Cz,Ca,Ck,Ce,BAz,BAe,BKz,BKe,BΦZ,BΦE,Gz,Ge,∂Az/∂t (finite diff.),∂Ae/∂t (finite diff.),∂Kz/∂t (finite diff.),∂Ke/∂t (finite diff.),RGz,RKz,RGe,RKe
incipient,476211.4429793118,286453.3325804278,1431939.8559132803,381084.7342076004,-0.5571830079950205,1.9404238523096404,-0.3580333549660155,12.97277734218869,2.871140225049615,-0.37887427135671564,-39.41421434589612,16.211436526233502,91.32620501423378,95.80603192198994,-0.009276431645540187,9.842288038765775,-6.3922196550404955,0.36033905995216803,18.253075918279688,-5.141417559088819,-7.88011903577549,58.58250662713684,11.771566821187932,-34.683664782477024
intensification,258575.03753661353,259368.68457466344,1516018.8479529086,603362.9828700016,-1.798175674568766,1.7873780013177039,-1.578114690259313,13.193917030427038,1.5582500721177215,1.078441602875172,-35.962776214061414,12.176018657107184,91.88266396063358,88.36596682568792,-0.3844614434141399,6.903350053491055,-2.2580431126508445,-1.178996494510289,0.20700348775654567,3.6512468940653147,-3.8270908580196283,39.546070066646045,9.149100931723872,-23.29680348372822
mature,152828.65891852573,124012.81426076624,1764271.9967251378,700859.0720755034,-3.7331608193658496,0.2911025484212391,3.6420666104698665,6.66552547626379,-1.980789663137391,0.701357868011689,-14.874932660851885,3.8786601114778265,97.51188874978911,120.97116556491567,-1.3772786214148989,3.5779984781393557,-0.5524009888010017,-1.8494558852046847,7.6809166774609965,-2.3307736182749483,-2.013669596608222,22.646943547208867,3.8236091746261787,-9.2328925955467
decay,106166.25474494786,135999.1238046148,2096759.535941032,439668.57977082126,-0.7223364857655933,-0.5948186856473358,3.5373507044874444,-2.3347236989465503,-0.3526307839446306,0.835046759083171,37.82689117679775,5.361097677724032,21.611630514486226,51.11011822568259,-0.842407744945289,-0.2512699124085911,-0.6178010193652436,0.7655931975624514,0.7950437645046061,-1.8180618515581597,-1.5823254068335424,-39.846861631014995,-1.8093585748199335,-1.3070851258481977
