,Az,Ae,Kz,Ke,Cz,Ca,Ck,Ce,BAz,BAe,BKz,BKe,BΦZ,BΦE,Gz,Ge,∂Az/∂t (finite diff.),∂Ae/∂t (finite diff.),∂Kz/∂t (finite diff.),∂Ke/∂t (finite diff.),RGz,RKz,RGe,RKe
decay,66380.81666605496,106509.98298849608,666789.9076504164,214425.44371028437,-0.9702940897880108,0.07835608390310521,3.349259514155144,0.684346293170467,-0.7305255615735405,0.2649004782434607,-0.8906871829707478,2.900440174872579,10.284511115828687,13.32498687573422,0.08464915957595977,-0.22349555792662107,1.0119970813382595,-0.921888782603003,3.9068157173130365,-1.5961139831692759,0.8505846370268946,2.4185374759166516,-0.5807990515791019,-1.8316409370571785
intensification,261866.5905045573,106009.87422554595,1733729.508372186,237161.55044147535,-0.8830937817412526,0.29797027056557435,2.041062074367436,2.382431003038732,-0.3282662884298442,2.356174254092055,1.6997312399371547,2.727467754506452,63.88705623206067,94.68330743440264,0.2083262056352846,0.6499841784562115,0.0597408634139227,0.3550578881298469,4.0954649481883365,1.0108898483605948,-0.19711635933191082,1.2377654156250022,0.0833443665109492,-2.0579468348171535
mature,152913.70224671697,82775.41440500584,2223474.1427003867,325185.87084070366,3.2804400097818047,0.17385379460061606,6.0943042103467,0.7409750191875961,4.489598433481086,-1.74779403316535,9.565209832814071,2.2425681283378935,81.38755338716972,24.0255336164357,0.5319613619969576,0.04079495903970165,0.953779014714636,-1.8249180569853958,-1.9951409677468779,-4.988309363520985,-0.08152561438402899,-20.935095020689452,0.4899972007669347,-1.8775483006997742
decay 2,144433.06488221636,36281.37918504539,1361520.4301270177,185808.18117373885,0.49383129549579535,0.10121574702817356,-3.2463024532581137,0.15285302527921685,-0.07187137895396042,0.10811105898490596,-0.30205641818748086,-0.7917417214127517,14.485476410058405,-13.640562810452844,-0.3508026407073152,0.09596927057016517,-0.4831688718505559,0.10275924079378669,-2.945726328774658,-0.11979062106277853,0.18374954962737355,0.10880124717514254,0.04628546005992401,-2.727204378187357
