,Az,Ae,Kz,Ke,Cz,Ca,Ck,Ce,BAz,BAe,BKz,BKe,BΦZ,BΦE,Gz,Ge,∂Az/∂t (finite diff.),∂Ae/∂t (finite diff.),∂Kz/∂t (finite diff.),∂Ke/∂t (finite diff.),RGz,RKz,RGe,RKe
decay,266625.32374444493,88719.36247610083,1005142.4137305114,154455.11617509447,5.423239069741212,-0.6038655474195352,-1.4915177201407204,-0.841104061062544,0.6466131514431497,0.2877364987515604,1.331486233847564,-1.1593631214655404,-38.34177430578548,-49.0640340948004,3.044998791412424,-0.7278665718636309,-1.3708526341529446,-1.1187639515692802,-3.5659701549326384,0.7957218610276868,2.8019077367255814,-8.829177738380691,-1.6437389639638496,1.3046713234150507
intensification,236361.56266051476,103544.82525115646,745639.2815240385,229197.71301952392,4.785111872036054,-0.30377105070946514,-3.109251846500733,0.27600366206108035,1.4978481721272054,0.04517502226687017,0.7965726784904824,-2.3421151940315537,-31.185700004669552,-43.385504085730815,2.5755203039356167,2.3449208600035085,-0.8924844670374936,0.06589647595116495,-3.0242010668799644,2.272277945916851,2.0910081821618887,-5.496633770905767,0.6004961664548398,1.229137631386591
