,Az,Ae,Kz,Ke,Cz,Ca,Ck,Ce,BAz,BAe,BKz,BKe,BΦZ,BΦE,Gz,Ge,∂Az/∂t (finite diff.),∂Ae/∂t (finite diff.),∂Kz/∂t (finite diff.),∂Ke/∂t (finite diff.),RGz,RKz,RGe,RKe
decay,635791.5021800972,120124.38842051793,2751728.4062245283,112092.16125906137,2.2590964785418,0.4715436632481964,-0.05040158943434794,-0.6111957537037576,-1.4775602342724024,-1.0930488302787826,29.40119943813381,0.5950900761744712,-12.069219685871719,-5.860605497170877,2.598877621353993,-0.04657813238774258,-0.7414276098044408,0.6606117894816256,16.470444708739276,-0.18559990261672066,3.4667727662579586,-15.139449618501983,0.6709212028084542,-0.2198958145217823
intensification,702795.3009087347,73402.8867989611,3499569.1735500484,114761.09921443451,-2.3030345917838733,-0.1464603456791382,-0.8342368832463946,-0.34352485814597483,-2.0296696441782642,-0.6750682761864099,59.5165005232428,1.5093504455017033,-45.31465225888542,-54.55547835273893,0.3764512888112687,-0.22585369506399874,4.318862395392979,-0.7803794759719213,19.960659141445888,0.9143944445113595,3.8990371021082324,-36.41856990676664,-0.30237571225234783,-1.0856680260907634
decay 2,621488.4870261343,110048.803714384,3405099.936546348,178165.03447643388,4.02751588693671,-0.3665827679177805,-3.522136002926147,-1.3941341819189654,0.14866534098965634,-0.0871118415537864,73.75191441455756,2.036209474917497,-90.39292276628323,-117.27748308823406,2.9558852034778793,0.1826070711989466,-6.399589766485379,1.138255219382018,-13.703613341673247,1.1306377345203962,-2.8873219884561054,-87.96090764024139,0.19781564693461992,-3.033573561404282
