,Az,Ae,Kz,Ke,Cz,Ca,Ck,Ce,BAz,BAe,BKz,BKe,BΦZ,BΦE,Gz,Ge,∂Az/∂t (finite diff.),∂Ae/∂t (finite diff.),∂Kz/∂t (finite diff.),∂Ke/∂t (finite diff.),RGz,RKz,RGe,RKe
intensification,1505240.9149177964,120267.0624245653,3429144.975588198,272138.2468269533,5.7460882518306295,1.863723419252208,-10.953307367378033,3.796522362060373,33.86511755785495,-1.8386858119163432,-36.92180814069467,-2.9346839675619214,-88.89760055100247,-164.3113846308816,-5.08900683464796,0.3110030258527358,9.729824153867588,0.5891097611123178,27.70090957712434,1.5264872638357434,-16.525481732904527,69.82993683336642,4.360594515836825,-10.288658498040741
