,Az,Ae,Kz,Ke,Cz,Ca,Ck,Ce,BAz,BAe,BKz,BKe,BΦZ,BΦE,Gz,Ge,∂Az/∂t (finite diff.),∂Ae/∂t (finite diff.),∂Kz/∂t (finite diff.),∂Ke/∂t (finite diff.),RGz,RKz,RGe,RKe
incipient,391089.3673763542,218425.7672446246,1462556.8773437573,646713.1890907472,6.395488037986736,2.2989119112759786,-0.9958164195323406,15.373152911726947,9.194793385694528,-2.4509189932276128,-53.83505791767819,11.538215225684544,56.21998157213801,19.562172591032187,2.475102307620862,10.83045877913925,-1.485344637356475,-0.7658430493237596,-15.85781796669652,10.091303814296861,-1.9857380737882877,32.57756833252728,14.759316944354822,-17.815880742646968
decay,324017.3347683455,208236.53066017135,1596184.0391374216,616791.7146510758,-3.1505486881342097,2.696913493857636,-1.9982229410822576,11.101484130689663,6.505684428838205,-1.4397465149158533,-35.67436812681878,-1.444291421256724,101.02210415049902,69.94949531634236,-3.0102783934789237,5.308462428323922,0.4581731260501118,0.030115143371367094,11.743060649440634,-3.1186932928142546,-6.501146497064667,52.56620040547589,9.874432295119247,-14.774108943329448
intensification,526405.4343748979,116671.90169872246,2717903.075180586,515803.5813760219,1.0066647310038195,1.0103831186252066,-1.6870485153591899,3.460214142773101,1.3933515087717863,-0.701770955669204,-11.926962907795481,8.37045718281723,19.187452657384785,-26.925331452340078,0.27180652309852277,1.2480273203522112,-0.6090965340634834,-0.06482165452556946,-2.129702417933784,-0.301992513420086,0.014599806793756795,10.477644274217067,3.086780325291529,-13.819712354369605
decay 2,91200.56740230494,152973.48463563342,704633.1036210161,1149922.020314799,-0.4315704355355966,-0.17326314655172537,-5.921994265759207,-0.08557171176712133,0.25905695193039674,2.0314421018531865,20.951680599072787,-15.64249626396776,7.6127086189929924,10.27257477464631,0.22156518245573997,0.0076730941645102154,0.9963085435259835,-0.14466683815113968,-1.9705370168100513,4.832438083717071,0.13241800950826485,-16.568652914588036,-2.088417505219722,14.638511793692745
