,Az,Ae,Kz,Ke,Cz,Ca,Ck,Ce,BAz,BAe,BKz,BKe,BΦZ,BΦE,Gz,Ge,∂Az/∂t (finite diff.),∂Ae/∂t (finite diff.),∂Kz/∂t (finite diff.),∂Ke/∂t (finite diff.),RGz,RKz,RGe,RKe
decay,275357.54196168424,179056.19670327008,1147465.9107822448,126741.43980593521,-0.5902547282181213,0.08978548715405013,-0.2974810605809691,1.5370007704845998,1.6589144702996297,-1.2244130944306524,-3.2779078224999743,-1.1832956923906413,14.124921821399687,17.84942653695453,-1.4040018178806277,-1.285583526511708,1.6797777298421699,-2.2348709504368633,-0.3276099583202846,-0.5852875423402997,-0.47960598152153083,3.8380336529787806,0.4367574273243389,-1.2364736810152273
intensification,335300.2555089909,207536.80999100007,1224536.865021675,85180.02925923106,-0.05389811511077728,-0.1541927864466609,-0.8680243879132705,3.6393435769458438,2.480453195307056,2.056149363230412,5.676431820306521,-0.44464577311391906,29.623546787022615,31.835503364204726,1.7886697159686271,6.862011150725489,1.9608966560551366,2.6687687997087264,12.063970333120539,0.04929498516682381,-0.7276474408093575,7.309461015838065,4.406155799870819,-4.013427206578371
