,Az,Ae,Kz,Ke,Cz,Ca,Ck,Ce,BAz,BAe,BKz,BKe,BΦZ,BΦE,Gz,Ge,∂Az/∂t (finite diff.),∂Ae/∂t (finite diff.),∂Kz/∂t (finite diff.),∂Ke/∂t (finite diff.),RGz,RKz,RGe,RKe
intensification,643721.1264723943,227046.842752059,4844168.226810547,366260.112801292,7.678600235141554,0.5002218797973981,-3.5821496559497756,4.392294665096804,3.3605632670078522,10.127933580753739,-110.14588051329606,-2.6469329644303645,282.12704703542016,215.8893559202655,1.066822807335263,-2.816628998366956,1.3191955998084268,-2.8678209000605346,5.758932481712425,2.277144558927697,6.137454447739527,111.8083624158167,-9.103681695514867,-3.050366797688519
mature,572585.914361079,226658.13579959958,4305660.658596538,425468.11117702915,6.3377797619158525,1.8860091296399402,-3.5416558589754192,8.697292559179463,12.004094277549342,0.9297043860578467,-102.91196482159995,0.1545840961176366,208.99840297810658,145.34037634755464,0.2074461987907741,1.4549545037971745,2.694573911224369,-2.6245937274146915,-15.411717739287502,0.308260621528972,-1.0857314747691786,84.70412317937203,3.2569853160669844,-12.085271892743545
decay,678996.8501921324,84019.44446137942,3730180.6003975314,230181.1521672973,1.7850815392643613,0.7786048996977913,-2.7153319176717456,1.9751315780536822,-0.5617734164903863,-0.866703147256011,-10.864764664833439,-6.9853428426020905,-86.91217729465211,-147.87672920310763,-0.2332989128482679,0.6702489973172945,0.4999573703706363,-0.523467486376258,-5.935180313687138,-1.8568821605545043,3.625417225823174,5.859834729553685,1.5397623392356437,0.4379971863221586
