,Az,Ae,Kz,Ke,Cz,Ca,Ck,Ce,BAz,BAe,BKz,BKe,BΦZ,BΦE,Gz,Ge,∂Az/∂t (finite diff.),∂Ae/∂t (finite diff.),∂Kz/∂t (finite diff.),∂Ke/∂t (finite diff.),RGz,RKz,RGe,RKe
incipient,1456370.091807883,568247.2827352902,3946956.1197309736,499151.83901991637,8.120664158777826,6.03045919339966,-5.407849210494355,9.331416813298688,25.22549463399321,-2.621624331525404,-31.936972022375762,16.31456075426624,152.3613448584133,91.08515440718921,-5.356211918427182,-2.1268730989349223,-20.604883613077835,7.492794741679305,1.8601832495708206,8.09065995861577,-31.679254894893557,31.084340323663113,13.415376693103735,-22.96316681944351
intensification,380940.4234550326,628299.2737122247,3956331.137317251,685057.8664291978,-4.807921370889698,2.683957243674405,2.22577470220343,12.616922974574102,6.110762673504226,0.0912770481035943,-1.823157793073737,8.233268450088254,271.31865686230435,251.8616755339125,-2.853234879830417,2.7292244329726003,-8.207337618856684,-4.914448876999418,-6.089480319340293,-1.1812622377001825,-16.4420644195762,-1.6841758575802888,4.927239805796685,-19.80567896015911
mature,252249.41979380223,104327.65800285002,2744050.9564790265,281052.49664015666,7.793623023151663,-0.010059597639759832,2.810749292558485,0.22166551884104027,8.364855051254704,-4.003039707446505,9.454408002248766,-3.2815067631950434,142.4179127651279,59.22234375354387,3.6331150297371813,1.356062570841919,4.522439056115392,-5.6600982934300825,-34.926079528151526,-10.266670154768521,3.941147430372592,-54.984859846110446,-1.4253334695027775,-4.396079617856032
decay,238356.54744035812,33860.82738446396,1564940.246638517,168434.86815611625,0.9418103301744443,0.22718329316794725,-9.532970908886176,0.04955014957099282,0.35619201171943765,-0.27810697801715567,4.378370859308901,-4.055603625672898,163.44737564984572,87.5865831005636,-0.14856375193804128,0.12957093619724444,-1.38389225017418,0.2114143210046694,-13.512951297096727,0.873495043795432,-0.5710906385512261,-9.300161577693896,0.31188815542487064,-4.6534223889888375
