,Az,Ae,Kz,Ke,Cz,Ca,Ck,Ce,BAz,BAe,BKz,BKe,BΦZ,BΦE,Gz,Ge,∂Az/∂t (finite diff.),∂Ae/∂t (finite diff.),∂Kz/∂t (finite diff.),∂Ke/∂t (finite diff.),RGz,RKz,RGe,RKe
incipient,1474441.6834400778,93752.07570995425,4677999.527255882,160435.88165281832,-0.7020580206673863,0.45330574328189116,0.970059381771852,1.3456396594894158,22.635686248477146,1.2928602927452673,85.9111440208629,4.476207032703348,-198.9957643057586,-154.89236306734378,-3.0298456240776006,-1.236917736391348,4.806468245099879,1.0615979704030962,8.272823300627568,1.932047949175687,-18.077970280762763,-77.9063220813398,0.6610715938653537,-2.9197393612452256
intensification,568655.1393278243,200845.64429090737,3534208.268985152,299478.13379635714,3.02733238258613,1.3276309408484848,-7.552240587852778,4.359443112635625,3.2883096902003572,0.008120990002367736,3.576543692832047,3.3888265924195933,153.5353466102374,81.70323186831338,0.6873395116151988,1.3658051661683717,-8.356228243279169,-0.5275394181973295,-18.42782859844096,-0.10025774058520165,-7.289574610044914,-17.479464086006363,2.4961517635874424,-15.400768033493195
mature,124626.34135152667,20116.03084988214,1543625.155489662,106431.48281019293,1.0228155632012748,0.08959577058213253,-2.0622110299730756,0.1432788316319423,0.17155666059201322,-0.4729101635897073,-1.5364046305117445,-1.3790233538196366,79.76399958494036,34.49781928591624,0.0017635611537696258,0.0886188962193954,-0.2283999699014135,-0.3002145046789802,-6.574850796122763,-1.2839455559025155,0.7124547032899806,-3.999050698839218,0.2263787199605366,-2.1104120636878974
decay,68936.4402577389,38014.58084236656,713635.9963249762,153016.6812569923,-0.14038287464291319,0.12231032475143837,-2.279144347246697,0.5136339140030853,0.2964264006246493,0.2205583755617813,-2.412618634791634,-1.6468300061006693,51.86598351393734,17.904416371660016,-0.03782209840115253,0.06977971710070399,-0.12921006936885499,0.2774542681792222,-3.628985560614833,0.5473956580653284,-0.44370901988497924,1.203160296066412,0.44821948186908794,-0.5985525970837848
