,Az,Ae,Kz,Ke,Cz,Ca,Ck,Ce,BAz,BAe,BKz,BKe,BΦZ,BΦE,Gz,Ge,∂Az/∂t (finite diff.),∂Ae/∂t (finite diff.),∂Kz/∂t (finite diff.),∂Ke/∂t (finite diff.),RGz,RKz,RGe,RKe
incipient,750047.2125401977,253990.0526616384,2662899.0199386026,307910.349808937,-11.858516957439688,3.395947155289214,-6.786621760746335,5.672945086820049,9.705722327538558,0.0052219589147434005,-31.080913301944815,-0.7855270694289604,150.06257077626864,148.49507070163216,-7.337985405594709,-0.7298588878136556,5.598162642389943,2.376249267108858,7.326624352574517,0.9071843917147131,-12.570129487299086,57.05267637270535,4.648025239724951,-10.76685538642271
decay,852766.6712017239,381690.60798076284,2666958.955042794,208568.32135499397,-0.6703886372362231,3.935612346420478,-1.9022698874470247,3.3448928337048542,13.195441383427431,-1.8560275008855605,-46.92640009311597,0.5718274733031545,132.58353462576673,129.35103288318325,-0.5429558594895982,0.5051166095203083,0.5311313888798199,4.157273244986032,0.6639604074349608,-0.44952977730059657,-9.399086285363357,50.163019025234185,5.422581233155969,-6.268519971755629
intensification,498944.1967836197,425058.19414203416,2830403.2700383016,703296.921222851,-6.501459632402881,4.33108363533471,-12.491476204789164,12.159109584989793,8.103472977624463,-1.702744674623298,-44.7751216405758,8.04455554454431,136.54396695740726,105.95481436761933,-5.910510751240355,2.840672652065237,-2.3799398424157245,-2.759616334585851,3.1653512548431557,1.2846461079160953,-12.65378881710836,66.933408732611,6.77115428969253,-31.410495226407182
mature,385255.44305610063,141121.0469508444,3271576.81663685,510453.632728294,-5.725760228994826,1.3832557926655178,1.5000713011938764,10.252825106760149,-3.2842020326635466,6.219812059161949,7.418553953434246,2.998270751527343,157.20997778264916,169.59248177508505,-1.990468963396823,2.9993882782804264,-0.350038877169592,-1.2955873907233169,-2.1969451192184293,-0.6123291302363766,-1.4083412808353528,-5.389810144851727,1.3541698642093636,-12.36335368732999
decay 2,324497.94175277645,99981.66299628993,2586061.883279968,344945.361629681,-5.367443937769894,-0.00020624678608979256,7.6285022952742665,3.4520731408654535,-6.164172667716843,4.057587252763033,28.710962968217384,4.391653460324671,-8.739867351804898,41.552157430828615,-1.8804339911220915,1.2246046809766138,-0.7025661396120663,0.07728181524520426,-6.242630107727057,-0.39591466246867096,0.09395634354879334,-37.214651433448815,-0.5280260498662857,-0.6111389683845287
