,Az,Ae,Kz,Ke,Cz,Ca,Ck,Ce,BAz,BAe,BKz,BKe,BΦZ,BΦE,Gz,Ge,∂Az/∂t (finite diff.),∂Ae/∂t (finite diff.),∂Kz/∂t (finite diff.),∂Ke/∂t (finite diff.),RGz,RKz,RGe,RKe
incipient,481960.2895947718,58823.87419923488,926085.8774208277,180744.17097482586,9.310416956598262,0.7194729760579677,-3.5956785979676207,1.0744168208455538,8.028623061173782,-0.8873013377565304,-14.743902121970033,-6.565661983050999,-7.560555732651652,-27.129445945667662,1.8689624550302866,-0.41857282437494636,-2.084117807834059,-0.45223487034737225,-3.048678624519426,-1.9470976086311516,-0.08285093635161012,5.980485138819964,0.7900103121967443,-0.05153104439332791
intensification,281367.9786293054,55698.21708907351,728849.2456682302,136727.92456349448,2.7430706901372814,-0.17292093728708063,-1.3264379913339215,-0.5743981879069712,-0.01495466054524549,-0.013121544719943033,-1.1639443908980553,-0.7634274925339838,-11.110348736535522,-20.050977943989054,1.5834249455967757,-0.002977985738684592,-0.8409057115472472,0.0960869496370627,0.6261389973514825,-0.010910665022020857,1.7441987018481981,0.373450689446179,-0.2922687562628848,0.00047702408501235636
mature,298202.19654927484,81224.0786030749,1312885.2391841908,159948.74675677,0.053216034257944175,-0.46634016614539425,-1.5331642771930065,-2.2039711727826563,-0.6173089170152661,0.04250529699383425,34.623354244989756,-0.3218100233233989,-54.05368751321888,-64.88905614231577,-0.3942909922337268,-0.9645357965770831,2.829764113357168,0.2883643882157175,8.363536528492023,1.6566069991461394,3.033948898484984,-24.779869473562666,-1.491771915415379,2.649223918059188
decay,273593.2349684046,145470.70343425407,1772921.3121740718,187625.03003215647,-0.18870947602325513,0.12612788927294635,-1.550717632009275,-1.6480521403006254,-1.5683000418396962,-1.644497020302722,37.864147722698064,0.14391548106148508,-97.91666287972244,-102.35560153172727,-0.44074002896959863,-0.39397868571287414,-1.1703682074042014,0.13704081379215355,1.2820343056811723,-0.5348641775417425,0.33535024768518573,-34.84268630898436,0.007357804521303191,-0.5814451503118769
