,Az,Ae,Kz,Ke,Cz,Ca,Ck,Ce,BAz,BAe,BKz,BKe,BΦZ,BΦE,Gz,Ge,∂Az/∂t (finite diff.),∂Ae/∂t (finite diff.),∂Kz/∂t (finite diff.),∂Ke/∂t (finite diff.),RGz,RKz,RGe,RKe
decay,467150.0102605408,550575.3418600966,3871064.5454346077,1049211.9987322486,6.906158688187346,7.27359676591914,-52.27774001832612,9.39173626492667,25.099695946534666,-17.67234970380617,-46.90896555360501,-55.97908230809446,226.50016689566658,154.31874239928257,1.609538410537822,1.341867402384432,4.356940772825727,-1.422457515604653,17.556376086368296,-3.3962470211813574,-6.562999719602452,109.8369229701121,18.36803168720905,-9.086640996339698
