,Az,Ae,Kz,Ke,Cz,Ca,Ck,Ce,BAz,BAe,BKz,BKe,BΦZ,BΦE,Gz,Ge,∂Az/∂t (finite diff.),∂Ae/∂t (finite diff.),∂Kz/∂t (finite diff.),∂Ke/∂t (finite diff.),RGz,RKz,RGe,RKe
incipient,522063.2294161346,258885.71229489494,3113669.1919381022,405139.64866264793,-1.5630672161898491,1.5532846436246934,-0.22424595234840106,3.1128240204698856,10.984950702217303,-2.2136485633290204,-32.187745387811965,31.73099424833192,144.10565256266935,59.438491775972956,-2.4584218238607116,-6.4612471622590055,-0.08709006282042268,-2.1650168917746746,-2.3457991549644883,5.551373106950528,-11.081823337602879,31.629259401385724,1.608171048399538,-29.516691114199677
intensification,394809.4164202742,231858.48691220666,2550754.520095081,958802.2517321033,0.9903279892574558,2.4843239357744085,-14.760938237599476,6.766219563811379,6.308156651134483,-5.095005158170227,-17.646496439626862,11.838070554858591,81.60161356551525,-10.136322592825557,0.9532087507955223,1.247496018531459,-2.3203982109763905,-0.0973597329901524,-7.775161029043428,4.290057019289642,-5.153902937079008,23.641945658925458,9.279541053217043,-29.075171336979807
mature,264567.1180512641,210542.64160112792,2218193.144937821,965987.3080263449,2.967508063935163,1.4088087255450576,-14.077513465319393,5.777829189602277,6.507608555387541,-6.93871054762793,-16.577177760273184,-0.559863573337848,66.17941508296182,13.88770081628566,1.7265603586690421,2.3129050440021537,-1.9754819127339207,-0.9448350044783176,-2.86171515486113,-3.105781366756591,-4.1067736786412405,24.825468006796285,10.362896007206833,-22.401260448340413
decay,222136.51400200772,142707.66721183478,2643038.895203488,814758.7585658125,-2.864799201051694,0.49263471825633187,-0.2754472203852774,2.9473437581097284,2.4916524643644844,-3.0424593077934174,-17.18917260479507,4.430667948399475,120.43218468399796,137.84398434192406,-0.47515563357960783,1.848533861820941,0.17134832606874528,-0.006872204629660922,18.52554771697525,-3.658800642769208,-4.692468621091102,38.85496674320728,5.490296143017152,-11.312259569663688
