,Az,Ae,Kz,Ke,Cz,Ca,Ck,Ce,BAz,BAe,BKz,BKe,BΦZ,BΦE,Gz,Ge,∂Az/∂t (finite diff.),∂Ae/∂t (finite diff.),∂Kz/∂t (finite diff.),∂Ke/∂t (finite diff.),RGz,RKz,RGe,RKe
incipient,1613897.9938529823,89127.39647580468,5903880.876051972,183842.7305757636,-7.211777120951638,0.42258931821172985,-0.8291563840876659,3.292630459144114,11.62023805740802,0.7486746721446846,112.20311467337947,2.757588799513462,-74.8207851424291,-59.773198693066604,-5.521099107941975,-0.481558252747356,-2.569784043255476,-1.0647292692978185,5.138353958131273,0.7504235690576506,-20.979209903403405,-99.02382721020889,1.0566371994898804,-6.12895207368759
intensification,1035631.8407003462,144640.38681965877,6208086.919149345,251390.21981540648,-8.307342808722886,1.2277325790110518,-1.665608969619398,5.302104148728544,4.533067133464536,0.5600613361172537,86.19299905778387,3.362998826211676,126.03760660064651,165.7192959917027,-2.56861047285433,2.3681945373998095,-6.962485863774309,0.558268056731132,5.75217417417042,0.12005206723459638,-18.575163226950682,-70.46787310527114,4.0725782903313705,-10.210659877325025
mature,463987.2103014565,117527.26417062513,6196623.939134156,211907.21518132748,-3.733803800334365,1.137581469293894,-7.269347976668715,2.2681992620468665,-3.476944664271276,-3.1985058527590584,-11.876832438473846,0.1480973567834948,338.95499562600384,254.2924437064151,-0.12380833538256555,0.35746236765157813,-1.9132354637609992,-1.8939856866006353,-23.450399024244046,-1.0824408161635937,-1.0325131305301938,-0.5704148087671193,2.435137958911396,-10.76808541166267
decay,291951.3452103282,85359.46899755587,3703071.0066675805,153848.7928678203,-3.0779241059554154,0.3050206544049754,-2.096100617905848,0.971735094699722,-4.885490475029323,0.939104287741649,-17.599928516648323,-2.2506796570195062,118.47809581231402,95.93758198878209,0.12751366366503306,-0.4931159068367239,-0.1272413867082244,-0.09863496850072032,-10.376765842973791,-0.6038142247385937,1.9853456367706594,12.397187397535795,-0.3710248159476228,-1.4209702803246578
