,Az,Ae,Kz,Ke,Cz,Ca,Ck,Ce,BAz,BAe,BKz,BKe,BΦZ,BΦE,Gz,Ge,∂Az/∂t (finite diff.),∂Ae/∂t (finite diff.),∂Kz/∂t (finite diff.),∂Ke/∂t (finite diff.),RGz,RKz,RGe,RKe
intensification,391103.66488966445,60665.49689013991,2590233.4317256785,93706.84902241798,2.901213749932649,0.19871644112121248,-0.12672818197370722,1.5108019449410408,6.422893307031022,-0.7966654040249783,31.23472408434415,-0.9442046360630814,10.77597872386366,18.72994010897205,0.3497913243227447,0.5918651373009426,-4.428383330263679,-0.38324342338602796,-16.78079985004224,-0.3177315614414942,-7.751346446240841,-50.790009502345335,1.725507484458779,-1.0110570522931612
decay,255349.6622196291,33600.69387987182,1599522.832442959,73173.96089310797,2.472671777116143,-0.026679022973391826,0.763644877270697,0.49041324542161957,1.344306669927743,-0.02702434099532206,5.6969154759039595,-1.1632188166698498,15.262200164072953,17.61458638808517,0.8020905130358764,0.6062521340919573,-0.36215751570345184,-0.23213083288820577,-12.008001082559124,-0.23374096300604666,0.739528568511556,-20.94123321284992,0.3119857765021276,1.2027094855128801
