,Az,Ae,Kz,Ke,Cz,Ca,Ck,Ce,BAz,BAe,BKz,BKe,BΦZ,BΦE,Gz,Ge,∂Az/∂t (finite diff.),∂Ae/∂t (finite diff.),∂Kz/∂t (finite diff.),∂Ke/∂t (finite diff.),RGz,RKz,RGe,RKe
incipient,191421.308562316,150415.71404782456,868999.0395701182,358860.5277154767,-2.421835191018188,1.0798552306012787,2.0603557247878945,5.219744740782091,2.641706447311757,-0.5604889519709615,-0.2735788375571815,5.189838614318049,25.44431546809039,28.04309643311482,-2.2225368232117386,1.1359838868622714,-0.7479041244609268,-0.0113825292412689,0.3561660598911974,-1.0493304792176976,-4.7315905321895935,0.9912243636786724,4.688995932910505,-9.398558109529944
intensification,109134.88866631925,219247.4610798088,797125.2087420241,378608.01059093815,-1.1947802963071705,0.5882232186648532,2.9986435338022948,8.19868183531258,1.253985760136411,0.6658773214575676,-12.781762683564324,4.1320485599195935,40.101231163926954,50.566718770396925,-0.6387997537608561,6.881080452144512,-1.1085682692066194,1.2099412278496333,1.810281108492696,0.799354330011714,-2.969111106985348,12.788180554561896,8.154522523039795,-8.532732531418166
mature,79875.85699279993,265646.4071077035,1168026.4982855516,429927.7618001591,-0.5167128581756097,0.566137366456837,2.9392221960805776,9.99070777086207,2.072670159648684,0.2679457509878139,-34.16574778884829,4.698791081857466,85.21027781153529,82.58523888669134,0.2504613935328925,7.944332661566349,0.30686282571179113,0.3326425735637558,15.16503348586825,0.9325634692626408,-1.7163828256556655,46.90827193681157,9.489267226981175,-10.817713187376317
decay,105082.67836555454,297398.05630522163,1724848.2365813483,451114.4566346195,-0.4378850011206218,1.2527269385659048,1.6587592089612766,9.643736116968618,4.591769215910277,-0.633914313159824,-51.80908778108159,2.4612857514157924,144.84992899198437,151.94542037573316,0.4739980511362679,10.184882648069795,2.0757479993049017,2.1076464214429937,39.17510401013391,-0.9593254748988382,-1.7011792791600935,89.76331758337484,11.13256991300553,-11.40558813432197
