,Az,Ae,Kz,Ke,Cz,Ca,Ck,Ce,BAz,BAe,BKz,BKe,BΦZ,BΦE,Gz,Ge,∂Az/∂t (finite diff.),∂Ae/∂t (finite diff.),∂Kz/∂t (finite diff.),∂Ke/∂t (finite diff.),RGz,RKz,RGe,RKe
intensification,919233.5419506697,107410.32642544388,2499911.4856959623,243675.86796121145,4.386772849307213,0.8617718029710453,-2.6508877866150393,4.1270859149964325,3.3895447583465987,3.308156084229149,-22.735008108490337,-7.164489573220391,50.70003839228813,3.0910936169271666,0.544251598000638,0.25677102975591454,2.3178050934898917,-0.7363118321291893,6.680653773827764,0.39526589200902623,4.176804987421551,27.679776819625932,-0.7791538043329512,0.7817817636179463
decay,972272.7694321097,84611.42661065924,3080103.8705038363,307199.65677645046,11.298219368735719,0.9649689280142303,-2.766648618140408,4.992918706195167,6.646362570752789,4.1081491475972225,-49.82703447827508,-11.964299873994825,29.907729236241696,-22.707623545687284,6.049350765586265,2.394545391115429,-6.950259379449394,-0.0950041795935234,15.171823154271202,0.06749587767955856,-1.3334336534522326,56.46728688195097,-0.17520354900981017,4.27222842733881
