,Az,Ae,Kz,Ke,Cz,Ca,Ck,Ce,BAz,BAe,BKz,BKe,BΦZ,BΦE,Gz,Ge,∂Az/∂t (finite diff.),∂Ae/∂t (finite diff.),∂Kz/∂t (finite diff.),∂Ke/∂t (finite diff.),RGz,RKz,RGe,RKe
incipient,827618.276326327,158636.2701320263,3424274.958261965,356221.3148333626,-2.5542834887174672,2.5664381191151753,2.1849746151407863,5.009758156542518,5.791116166501688,-6.637598864434281,13.790356937851774,9.005157560917084,110.25988145344412,70.70278777068931,-3.01824021084928,-4.8769738588256955,-14.923235003920812,0.4886413685978449,-21.294054673478193,2.9458954928653744,-20.702196540024794,-34.715102737753284,9.569560270459469,-8.884045609453441
intensification,429016.0198959011,198475.60983465295,2744345.1059835674,368938.4921889632,-3.6160884884765787,1.5108291014825017,5.9038073348305256,8.560656250957653,2.323193328500176,-5.715634619798225,4.640116374780858,13.152972374290599,104.78410739629189,109.03978257295117,0.13762236068756112,3.051988740377078,-8.149625940388741,0.12699812469109206,-16.51529395224039,0.44297302246812664,-12.578078655882996,-23.443129173375198,12.892459893964467,-15.366848267949598
mature,174273.84487236038,128758.06781633613,2088283.43347315,417241.99297303334,-1.2823473132480006,-0.14100208764743127,9.295227446654467,5.5300978436486545,-1.8528647517041061,-2.386768417034324,1.0539347346953682,7.372209758681602,83.47859081742033,118.15664333770384,0.0715953365066597,2.7128359102797166,-3.4636986458666397,-2.578533626194521,-11.496374018029599,-0.12880747181097338,-3.0341832950579657,-20.56318888613143,5.479334722135889,-3.735887627486761
decay,109828.53655830355,53653.05248589597,1793559.5267544703,235951.18055262405,-1.1237975998006329,-0.0017256875146917363,4.3930445194613394,0.5062786142080831,-1.1737237265013114,-0.24133170070970175,3.479846741857322,1.1070616197802474,96.28083406137297,81.87376382139342,-0.02972869773898701,0.9639130788908739,0.14045924741779306,-0.5331365148896147,-3.0855602519876952,-2.1845018177962268,0.18865968660377963,-9.834653913505724,0.21619948754286203,0.5952024676767808
