,Az,Ae,Kz,Ke,Cz,Ca,Ck,Ce,BAz,BAe,BKz,BKe,BΦZ,BΦE,Gz,Ge,∂Az/∂t (finite diff.),∂Ae/∂t (finite diff.),∂Kz/∂t (finite diff.),∂Ke/∂t (finite diff.),RGz,RKz,RGe,RKe
incipient,346867.0815951015,68245.07424414712,1384832.032664682,121215.90521218746,2.693865298812808,-0.01943527609433007,-1.8838719833563964,0.3357784859170276,-0.035507483824836795,0.342132023741416,-13.040807729383445,-1.2008034526370635,7.968730944743762,-9.377808139935793,-0.4533653273662277,-0.1417733819293086,-3.4630487757672523,-0.5386391794400617,-0.7290827297520025,-0.5457091229580433,-0.7531112692239378,11.501731684175033,-0.5255574411701199,-1.5645561395944043
intensification,230677.42740813995,91994.43069151044,965002.0304888344,131684.8829262728,2.875151627800621,-0.04224571929953515,-2.0372945427618903,-0.5357226371484161,-0.4266481367288663,0.609711215353012,-4.398310652890838,-0.057391240133174745,-5.789561251922219,-15.767159277646309,1.0991441161184026,-0.7008959888773847,-1.5072351229807912,0.2941622829406094,-5.114214359629675,0.6548094566914617,1.7523189222491609,-1.553760791777569,-0.8090258502612833,-0.7893712087888379
mature,163908.27067570938,121252.46572411332,783387.5540344799,198849.54070794673,2.1306677704533112,-0.14001285301599345,-4.494336057952501,-1.1584022911375793,-1.2561131074719432,0.9636706496439436,7.388922224747989,-2.6450721093827867,-16.61506206585376,-24.797640367989747,2.250590153215168,-0.6716004671921838,0.6309292692705604,1.3553166298192538,-0.059220927873213945,0.998292430787454,3.877697294179821,-5.084474865122012,-0.6267434579462754,0.30743077335531915
decay,183515.51919075934,124038.55651382227,920712.2916861305,239633.77853694579,1.3014429996663106,-0.16455490718426471,-7.477465732945287,-1.646042528248971,-0.7779630471152645,-0.6460622382061753,9.899446364683659,-7.460083073452721,-11.267211408388825,-22.96171698674672,0.5304780101464236,-0.3440630457462986,0.24968195538406668,-0.42207285503201647,2.218633488444536,0.09404579128046629,2.1645330949813775,-1.5047901429601476,-1.2574982378905477,1.722705660036871
