,Az,Ae,Kz,Ke,Cz,Ca,Ck,Ce,BAz,BAe,BKz,BKe,BΦZ,BΦE,Gz,Ge,∂Az/∂t (finite diff.),∂Ae/∂t (finite diff.),∂Kz/∂t (finite diff.),∂Ke/∂t (finite diff.),RGz,RKz,RGe,RKe
intensification,1007145.3647053455,77936.70893265754,3398449.618559276,183869.04128744602,0.16745932534302085,0.8305053064826461,-3.8398339673971282,2.8654437035449947,4.989955586620263,-0.23188066272055993,1.3514464662048409,0.25488699633104794,-5.427271965136593,-51.3857773646621,-0.08589869518245166,0.8755979758839179,-1.8064279216737316,-0.06014202017523992,1.0777960203786139,0.3208944768324621,-5.798418876468329,3.3987241962278834,2.206677039607669,-6.63927019044071
