,Az,Ae,Kz,Ke,Cz,Ca,Ck,Ce,BAz,BAe,BKz,BKe,BΦZ,BΦE,Gz,Ge,∂Az/∂t (finite diff.),∂Ae/∂t (finite diff.),∂Kz/∂t (finite diff.),∂Ke/∂t (finite diff.),RGz,RKz,RGe,RKe
incipient,1071359.353813591,189238.50661721808,2571418.0156168644,249151.88858039156,-11.527586561172642,0.8004552109652259,0.426349979932702,0.8492300170169743,11.64025680547982,1.0007825048478172,50.14233167002614,16.31626399958081,18.950933708807938,139.9949665255049,-3.9110843855768183,-11.066952410657798,5.231723947580042,0.2252350913786331,5.914869174433708,4.206747708607167,-17.135664208107194,-33.12622591435249,-0.7267726074174355,-12.532396328057914
intensification,599189.0592209905,166460.6591827294,2219696.951870285,372498.1466693799,-3.230849847080936,2.0014005256566194,-0.001223136371865959,4.912913262695025,7.483095202010493,-5.8514704927749355,33.558514413449004,8.062349230056952,-5.10816319944172,24.05258762863707,-2.71923837419305,2.284813342041319,-6.78254584683945,-1.0671683817319677,-9.656818520313534,0.49298176604631677,-15.49509037027426,-39.98325995030974,7.695814848081373,-12.483503863077525
mature,177074.37885813313,49966.784444836005,1562659.9433675138,311003.9367978287,0.06153003897944446,0.2547120659433594,2.0316952038257834,0.5417014546906721,-1.0427808618768541,-0.09003428138795606,4.733773958414074,-2.017662455342553,-53.16731422484494,-65.39922501141248,0.31710758817044105,0.09986586102262233,-0.9177881229186493,-0.08985607022997488,10.096929882634788,-1.7469977970767783,0.44123484388100903,3.2699306814154867,0.2871675999052939,1.7606584074008866
decay,147293.46232720563,32895.880680491624,1472126.3479950258,169666.4027059015,0.0670468049621886,0.2678324849231695,-3.2465876100240227,0.3647222869928312,1.4567166243004914,-0.2754173935092136,-5.140162753042324,-1.3429444015594136,34.36777186696139,11.100650677237969,0.08428264342357276,-0.00037570375673265854,-0.1727873031139409,0.09812626714332219,-4.7380856390581565,0.025667271689624446,-1.294624637529074,3.5816179190460042,0.47043346272219755,-2.242698223767816
