,Az,Ae,Kz,Ke,Cz,Ca,Ck,Ce,BAz,BAe,BKz,BKe,BΦZ,BΦE,Gz,Ge,∂Az/∂t (finite diff.),∂Ae/∂t (finite diff.),∂Kz/∂t (finite diff.),∂Ke/∂t (finite diff.),RGz,RKz,RGe,RKe
incipient,735904.0831387853,110529.53198591383,3340448.225920317,247585.38397875815,-7.74492337705928,0.4192805526246339,-1.9110813180202981,6.242487707861926,2.925735951955692,0.9834078659073245,-19.61188805351648,9.116181989135695,135.48994761309396,177.67323217888506,-3.2487967705170497,3.2590995277489667,7.01519874451722,-0.12126661509011884,33.11978439344418,1.2945915667115413,-3.236180031873117,62.38767714204024,4.718532674239849,-15.975159448306377
intensification,862541.4125789724,104096.9642666556,4062631.7342848512,267303.1849535438,-4.398635774652886,0.7517178239855116,-2.782463183593136,7.209034478795342,8.058250043578324,2.522299316312252,-35.65592186190149,9.32611350181105,166.0071863625842,221.4735769485184,-0.9423287551876725,2.9223998297853258,11.18137936169439,0.6313740562069399,47.328949155057934,0.0163560888911888,-0.5237886325513088,90.16596997520546,4.566391394704519,-19.30125507530834
decay,1276141.4093256588,103150.44418234023,5339930.903228243,266799.9633634737,4.652669574650804,1.1633762363867066,-6.451301643974946,4.914082300834554,19.22635740541253,-0.7938336368172001,-31.494184158640223,1.3246830811983568,102.04542489297445,107.47984277208705,-0.014249865763201827,1.2744909376806288,8.255353896640612,-0.2476524301990741,24.571070195476878,0.486813545536022,-5.154957697734407,57.86388642344125,4.296887271065975,-12.203253480471835
intensification 2,1497431.6727747766,96656.94413166767,6354726.939480383,298456.15646283654,11.696386069730982,1.386444321849416,-12.915871738798401,3.7015225691444544,14.781615450010413,-2.4058029732409825,-73.38219325577306,-7.777167233246475,75.46943290285236,-31.48741947783546,4.531914765271064,2.886825507065027,-0.0023732230337597526,0.0025382966844995983,41.42511997808534,-0.4405860786238244,-1.7011582814637727,116.02679890292582,4.7234195172205204,-9.280813153320203
