,Az,Ae,Kz,Ke,Cz,Ca,Ck,Ce,BAz,BAe,BKz,BKe,BΦZ,BΦE,Gz,Ge,∂Az/∂t (finite diff.),∂Ae/∂t (finite diff.),∂Kz/∂t (finite diff.),∂Ke/∂t (finite diff.),RGz,RKz,RGe,RKe
incipient,205469.6178795879,99396.34299561454,1172443.1160284223,282737.9757773798,2.46477545957414,0.3611715757977449,-4.855220566458583,-0.4713350704079476,1.4506014811019838,-3.5611937412282657,-6.854103864275568,-0.55179612568348,-6.883451415429237,-21.87368754036517,-0.1464278848038334,-0.6522662052019557,-1.5946972578713832,-1.0059422033726264,-5.203262298629532,2.522952413452015,-0.2193517036014821,4.041286672530479,1.7227448916499473,-1.3091369569151403
intensification,125943.06642246511,68192.73150615311,1234873.0660647948,202315.25375443447,0.7433452547630447,-0.07297082276783659,-1.7657460335135844,0.5257933692223459,-0.7721471151763779,1.2361434476021826,5.195765872618849,-5.542595789991186,78.42825499571185,92.66386159686553,0.23847481150142602,-0.07051875850995731,-0.6947827527095474,0.18343485960995234,6.149690843588175,-1.9929458984624617,0.7477387944620384,1.9763257497198645,-0.4539443960020477,1.2581104887927927
mature,110818.10752936215,90993.46004842484,1633172.6084358443,152452.21652721308,-0.7565315811626108,-0.08163082834217687,-0.45568972502913824,1.6745707324898447,-1.6240312198562135,1.9082443830211313,-5.26319318560319,0.2029587829212031,127.34759177470592,142.54800429803814,0.39564812049066744,-0.09422824158031794,0.4454210491994306,-0.47222056491317166,2.6602252554398045,0.07019342577708208,1.2312898595508563,9.135639747234743,-0.6242633871022812,-2.263025814663104
decay,137013.86224125372,100891.20737017051,2202852.8408492375,167732.40499383703,-0.8318217395925451,-0.01792354729983652,1.454257280760567,-0.8347540120631356,-1.0891990915510588,1.748096477561687,7.469644548860009,3.7694098771485898,80.91721023617575,124.0486092315592,0.12426705127958763,0.12053034202537911,0.3378640278753394,0.6007313079694974,10.873282250733002,0.3693332259835647,0.5773178325340165,2.781202160704968,-1.9641956343554885,-1.1110653583413228
