,Az,Ae,Kz,Ke,Cz,Ca,Ck,Ce,BAz,BAe,BKz,BKe,BΦZ,BΦE,Gz,Ge,∂Az/∂t (finite diff.),∂Ae/∂t (finite diff.),∂Kz/∂t (finite diff.),∂Ke/∂t (finite diff.),RGz,RKz,RGe,RKe
incipient,393425.1145962788,196171.25528357513,2948104.5152631127,165258.6885673584,-3.1012910650443657,1.4090886205268778,-2.1667790512989193,3.0089928263746484,2.251023780762738,-3.881123385133995,-26.105727814078097,1.943786201118724,229.31316230705977,240.04144907762102,-0.750117354028256,-0.028628028235226182,0.6921447395576935,-0.3283197124440406,-2.5277808653634835,-0.38471741478306254,-3.251081485722532,28.846017065057897,5.152707878537726,-7.5042754935753555
intensification,362928.32584646594,139307.43362471656,3004586.1740398407,175191.77954766306,-4.885003586662582,0.8032309764047575,-0.60113778071791,2.6587104277694484,-2.8917912961568604,-0.9177598214466988,-19.681372467113768,2.809491101105171,112.93800175727857,157.11945941189316,-1.3848709366362508,0.48629024359746426,-0.5442917185247619,-1.2288445680482587,0.5335500149488914,0.7187297346223179,-1.7342730326257256,25.701063849443155,1.5443947047631306,-5.350609574970211
mature,365681.49194435123,76748.31353669133,3066575.2587509975,219823.11516553315,-7.180664146538305,0.28328839394544136,2.803797077668934,2.1688735094672067,-5.598751730361268,-0.1117011998090634,-4.484276031616623,3.734746037263459,-24.961936037293896,19.577556678147058,-1.2329966032360042,0.7455187086421503,1.4292914695064718,-0.971245017335462,9.8875320465508,-0.7223939958586527,0.13066744727487564,18.748675147036792,1.0260412979953668,-3.822216464920384
decay,438877.7060442605,52240.983826058706,3356072.1685685893,193268.90668463352,-6.734190766424717,0.1870984392556026,3.10018716658567,1.7466828214057304,-5.468927421804168,-0.3665726216396365,-8.44529639865014,4.983359412299414,-73.98438394899405,-49.90337508549214,-0.6390015741199631,1.22535305206647,2.937668004703849,-0.5125767169952501,10.555444020838763,-1.1904144132915468,1.859503099338903,22.634744019327947,1.413580286794514,-4.820269480411022
