,Az,Ae,Kz,Ke,Cz,Ca,Ck,Ce,BAz,BAe,BKz,BKe,BΦZ,BΦE,Gz,Ge,∂Az/∂t (finite diff.),∂Ae/∂t (finite diff.),∂Kz/∂t (finite diff.),∂Ke/∂t (finite diff.),RGz,RKz,RGe,RKe
incipient,771369.8877771815,247081.53875964798,1786591.59613996,252864.93217612692,-2.8250381783520413,0.547424227685122,-2.5749680963859567,3.2847368303367603,12.070073095115962,4.688174808392822,-0.4786119992911857,-2.069389808879764,71.1765487063694,68.73102860684655,0.09614809598272803,-1.0830738216165532,8.372723362929325,-2.5140880406531636,0.20675229319119326,0.5269822289162763,-5.974963682853554,6.085370567220377,-4.464950246394348,-3.2633328889266764
intensification,747786.0643658709,257692.28999143897,2585649.8833477274,464942.43194345554,-1.5060423189730543,3.0200017764386513,-7.202670196931181,12.290435975814463,12.53452892503293,0.5011404344888087,7.125727899621808,-7.045582155987085,34.750292022109974,-0.8389273578001902,-0.9110483897508409,7.528919222970581,0.8425137925521731,-0.2845386100343272,11.761500471164158,2.208552768963452,-10.178055675015159,13.344485087446584,8.484755154852675,-10.238971247795105
mature,901108.9313305715,124528.42281804187,3440197.819536789,475779.927122784,3.28769410054484,2.526607037580601,-16.80760079446018,7.873156696170751,13.868522918472152,-3.823564757311467,30.734863039469353,-16.002079763134013,-43.29047613079549,-101.17940427693263,-0.06717245053031559,4.980813422503916,-0.01584317433958147,-1.78581649356484,5.509570735511146,-3.446677681827155,-8.070064954686291,-11.705385610042867,7.384297922336778,-12.125355409324069
decay,951317.1217035933,117116.3026685508,4694199.358168605,364625.0657178575,8.241232407776952,1.6145554094367316,-8.988769338397939,2.721567722451016,11.572344161920906,-0.6498402628246703,-36.48176235008592,-7.148664186476019,83.19369603998845,-40.29900674231784,2.9424757000983184,1.1356712085264253,3.5420631181126083,0.29941740000183703,26.033209962041745,-0.6451697544963122,1.825506773405388,63.26250924274866,2.056269975840792,-5.20684262886925
