,Az,Ae,Kz,Ke,Cz,Ca,Ck,Ce,BAz,BAe,BKz,BKe,BΦZ,BΦE,Gz,Ge,∂Az/∂t (finite diff.),∂Ae/∂t (finite diff.),∂Kz/∂t (finite diff.),∂Ke/∂t (finite diff.),RGz,RKz,RGe,RKe
incipient,273175.4193162559,109026.03131350593,609746.3468082017,112075.02960297503,1.7076340417495715,0.1670983524792107,-1.3529464540248504,0.8947034065479632,0.19388646859681616,-0.36091434711018844,-2.254434403353047,-0.30261931875841847,-18.490273749417604,-29.071369382781686,0.005020715402242526,0.24598856290170662,-1.5690825015503322,-2.0071077675146616,6.406004089760288,0.9887946847454875,0.11176342408163376,8.305750905388614,-0.9185883663357204,-0.9562358570689076
intensification,196261.95543221728,52464.282446101526,781266.1447741061,137301.09677297715,0.6707727023244021,-0.1078803839574394,-1.659161053192279,-0.69867029686212,0.2778969495959756,-0.9911021722425448,-2.630410275593721,-0.2412425204972157,-17.596210812678287,-23.55377613071178,-1.1306945916804194,-0.2811416200119133,-1.892333403930592,-0.3333879563448688,8.772989414389153,0.1651101013091108,-1.6073380351596045,12.39178804085075,0.0669243029929955,-0.5541381345238323
decay,176051.08784959643,64169.95185314133,1272975.0294580827,125387.04148792416,0.6984085996519346,-0.06562033556847512,-1.4500464962427126,-0.6713613029296744,1.8291862952100473,-1.2880770912847843,-2.367905322358971,0.0539601215302214,-39.303016499691765,-46.043450330713775,0.21744687067950016,-0.3106118378498623,-0.2693084584905588,0.07138751312356308,12.767811246316887,-0.37942270651469207,-1.4657064896171463,15.887354465266636,0.7537236370471481,-1.2120680213579516
intensification 2,156803.77578692025,59235.33142987656,2047228.7389308594,104642.40913569205,0.5282500116798198,0.059228516892651205,-1.460087748503181,0.06648448853150102,2.0382128783972333,-1.0465363092913773,-1.764223480796914,1.2519903344174046,-79.73932576709,-91.63206608354578,-0.061972040051503384,0.2517023961934376,-0.7897623903267069,0.23769903174113713,14.077673858381822,-0.5380928416510184,-2.2404967401514693,16.773735076002097,1.2914913126713643,-3.316655413103105
