,Az,Ae,Kz,Ke,Cz,Ca,Ck,Ce,BAz,BAe,BKz,BKe,BΦZ,BΦE,Gz,Ge,∂Az/∂t (finite diff.),∂Ae/∂t (finite diff.),∂Kz/∂t (finite diff.),∂Ke/∂t (finite diff.),RGz,RKz,RGe,RKe
incipient,397530.3552124803,189225.05822798985,3237494.252084264,490760.0129998701,-5.155887382014432,-0.2917156404036272,6.885847960243951,3.9465038218205977,-4.837208685963553,19.480939929413548,55.02649570487315,-17.708671438906805,76.87889357259232,135.79408658414647,-4.077301415729242,-9.403594518756048,-0.3031263900677139,7.32924647799159,12.923116429284413,-2.778919497148664,-0.9135207265222194,-43.83333985381826,-7.913473989197733,17.869096080181492
intensification,434485.8952156203,264853.5525068114,3237669.775719099,410795.2052541093,-3.8069746125880806,1.1281987987942388,1.3332964364858864,9.012717241169216,-0.35431255832742536,5.59500865041749,9.048816605695015,-6.9434081569849475,81.51213896158534,129.26769411249842,-3.4319063195843,2.771368094429229,1.4713996119199653,-1.6576860716760304,-6.120444084234362,-1.9922117433931303,-0.853063643546451,-12.695582513827182,0.6318237202814604,-2.728224391091512
mature,509766.36046100664,81969.35120371345,2818883.3661559885,282994.9360710242,1.9765958258205587,1.1335553578241881,-0.924583591486324,4.395494402869732,1.659054305467805,-4.80415851097294,-15.550894608907564,-5.015015250058122,36.744104274461584,81.86980718109206,-1.5421889476626527,2.9187381466561897,2.2249345593518646,-2.449122146634137,-8.09130579481089,-5.702790129847631,3.6760314375288066,6.40757657976244,5.616975409384345,-6.007852874145565
decay,640269.8698945156,57198.05381693104,2533301.9148594043,175138.60841433707,6.097248280691362,0.6574569585774054,-4.999095154430494,0.8326831634006835,1.4257612451657133,-1.0243824957407794,-29.577145482199693,-2.1006961120897847,71.38814477726463,22.40397379510196,-0.3961874867587248,0.23222308202130484,1.4529434122743798,0.0340677465957557,-8.221199709596316,-0.1241091602327451,6.781887406377433,20.257792646342505,1.233676447159813,-3.855191365974138
residual,394921.68337397295,91178.6994763564,2124015.1674658046,490675.9141097751,1.300047154692101,0.8807754124854569,-20.153490346956463,0.5444483793500426,-3.8183104923107725,-2.3816042003654085,-19.735379158302734,-2.4289384125420894,94.69598057085797,5.417653442404562,-0.8134610440998109,0.5438077729069897,-2.2988702918980572,0.1857603598073207,4.061747040404828,4.234832484325453,3.700262767590274,42.650569390971924,2.2310375270373153,-14.034167829438967
