,Az,Ae,Kz,Ke,Cz,Ca,Ck,Ce,BAz,BAe,BKz,BKe,BΦZ,BΦE,Gz,Ge,∂Az/∂t (finite diff.),∂Ae/∂t (finite diff.),∂Kz/∂t (finite diff.),∂Ke/∂t (finite diff.),RGz,RKz,RGe,RKe
intensification,908846.0114803351,160756.35181165015,4703945.80713456,318434.3902861468,6.785619408217566,1.6998084890816003,-4.177145485902211,2.1657249479930907,3.3849815461388197,-0.7164609195489852,12.965045762919235,15.35699739653129,-206.94425782449397,-285.9757402349978,2.627840335232519,-0.341607381854077,12.475216948102643,0.8849283955837219,10.298814558860022,3.2308971773041315,17.575663299262988,-5.274705126374567,2.067305774044198,-18.46897065312246
