,Az,Ae,Kz,Ke,Cz,Ca,Ck,Ce,BAz,BAe,BKz,BKe,BΦZ,BΦE,Gz,Ge,∂Az/∂t (finite diff.),∂Ae/∂t (finite diff.),∂Kz/∂t (finite diff.),∂Ke/∂t (finite diff.),RGz,RKz,RGe,RKe
incipient,857773.1305016197,148460.86531292423,3836011.1580005824,211682.13792565154,4.270739042893196,0.6054513333236068,-3.26954992652515,4.828967895139703,-4.7723338304038325,2.9968904285036175,46.61030467491861,-1.2020121387762945,35.56586356369784,34.167580434396776,1.1094094651147084,0.8085698100158881,-4.65984312582692,0.5532920932476616,0.19782814171807614,-0.5443715262061124,4.988681080793715,-47.41366564956858,1.7799182265601408,-7.440877209094672
intensification,896716.2725834962,185305.88898944436,3797260.0216216,439385.2980116867,0.7572960356100662,2.1537657764012237,-11.964183953393741,5.960936091335538,-4.522488370253249,-4.599357215718013,-7.143397269398179,-0.9272128836641546,206.82502859205215,173.48368939633178,-0.7089529731622545,4.634163135646715,0.9935564343568514,0.3317259594857856,-1.8705030781689718,3.0085935048129735,8.42710661662139,16.479782109012884,8.738253490138112,-13.98931365625215
mature,642459.018614893,232383.51203169744,2886767.7577921012,599111.7981544292,-5.1016959185153326,2.3396232154526317,4.195070267840714,7.578566495152016,-11.784407960931883,4.05910362303189,-16.248089905652726,8.226977739673515,195.1901089710163,210.26247251376373,-0.13428255024228894,-1.4562841875206722,-8.28993034359324,-0.686458299598627,-12.784123365990988,-4.316478244797564,0.7324049142759428,4.370592190336355,0.4933813570688656,-15.926952211782378
decay,425110.99487138045,61609.39773884553,2235342.9549563336,144191.78001037013,3.022472775599187,0.1694113584074753,-2.499611487770137,0.6119430543977966,4.732552886528951,-1.0807877026644568,-21.592526813047265,-3.283078651702305,114.32644159957448,85.18397232605398,-1.4415835651517366,0.11137389042324293,0.5954937380774005,-0.6526168188803058,-5.82740869670791,-1.404477039045846,-0.9451750144448872,15.242256828510296,0.870702579774472,-1.2329529295114754
