,Az,Ae,Kz,Ke,Cz,Ca,Ck,Ce,BAz,BAe,BKz,BKe,BΦZ,BΦE,Gz,Ge,∂Az/∂t (finite diff.),∂Ae/∂t (finite diff.),∂Kz/∂t (finite diff.),∂Ke/∂t (finite diff.),RGz,RKz,RGe,RKe
incipient,1027259.9201672449,125302.61893370052,3219641.346932503,184704.85698614395,-2.3168166545191737,0.6073578931870416,-0.9536650506365466,3.273953940644133,7.550847664729411,4.208145210025974,14.806886112005651,3.3948288763716983,48.71665661991899,89.57355991508088,-7.46413828569882,-4.1787794791161765,-4.183621875484802,1.6613703822835737,4.852734660200033,3.291586415953818,-13.443928301546348,-6.683669746649899,0.1198212197146908,-4.33086145169856
intensification,651805.4982865966,138630.19825966863,3349196.5101402574,238202.74200177897,-5.448311404313616,1.4603937554824973,-0.8498105841393971,5.553784354919811,1.8684994699964952,1.1367545425674028,22.82775309508124,1.2753292001334249,71.4493898702824,93.31703985895186,-4.325505726924029,1.9301410573188165,-8.714232234319434,0.051210113958671935,-0.389336902796785,0.6032213068357348,-14.570649353147047,-16.918968009425008,3.007846170828583,-7.075702832356898
mature,303393.66010245396,97664.41618811771,3020318.045984095,244622.79210090454,-0.30998841669404764,1.7173070378458457,-5.895988750288647,4.60006711666346,5.1121442316517784,-7.889299757284932,16.503227287001227,-6.59748529977053,64.07641701954942,54.0018403183175,-0.19820052142796932,1.9669234720185518,-2.032511667338856,-2.730763615268183,-7.279371797185353,-1.3124866479853288,-5.737337277838836,-17.576621917203884,8.041296220834363,-5.211057215166908
decay,258027.2654010701,49212.06141832445,2857037.884147612,308694.6823069957,0.29045087630178124,0.32120781746217286,-4.809265899862895,0.13004127024200252,0.8995480027835036,0.4350237269723159,-3.274136464891191,-2.473977986068778,37.074518040560186,10.31685433683329,-0.1797965192730497,0.20468080879158934,0.07422653620268592,0.17360380131723752,-0.6064815918426444,0.7380893261042161,-0.21366277281686355,7.18646989660966,-0.45258647287524867,-1.7272398579319046
