,Az,Ae,Kz,Ke,Cz,Ca,Ck,Ce,BAz,BAe,BKz,BKe,BΦZ,BΦE,Gz,Ge,∂Az/∂t (finite diff.),∂Ae/∂t (finite diff.),∂Kz/∂t (finite diff.),∂Ke/∂t (finite diff.),RGz,RKz,RGe,RKe
incipient,277771.35091912246,64487.31773710649,1984204.2067534097,160636.40808505195,-2.5794430952824525,-0.15460796631834045,-1.155237950415211,-0.7414299327612935,0.2526909355915111,-0.3715533311114677,-5.481772613671036,-1.3168465967085543,-37.08122893970042,-20.5086199946599,-0.790509845320913,-0.8299427495396013,2.339843505907111,0.1141314429538883,6.541433552025192,-0.31223308831187346,-0.6468984912851922,15.757887211393893,-0.10113719237759691,0.5908054907427636
intensification,374822.5401940878,177954.4030060788,2572223.9358619405,249870.50944120085,-1.0875398362836912,-1.0046743950560777,0.028367537915676776,-3.8023730343056252,-2.270793670324206,5.104120525843703,12.320017461586668,-0.12534486180397475,-118.72331217146231,-129.57455020307003,-0.5299579706250408,-1.1195796463391998,0.5359292793628085,2.5491111460012212,8.004075308074677,2.668540646902031,0.7145087183472459,-3.256769855143974,-5.352708019092028,6.624626080927308
mature,384126.7067723826,361170.0910079178,3029087.1015428714,424915.60424582416,-1.2457200443546506,-2.7093313759517614,-3.8749406269857922,-10.486870002109374,-13.58937496755241,8.654911731216858,16.33864468104067,-8.488611089510496,-140.7471860587146,-173.1612257180488,0.2240749503192209,-2.5504762658355835,-0.12187395410414695,4.613857801313153,13.169687185389263,3.127768979349973,9.512449593141849,1.9517031756890377,-11.818592556061319,18.228309443984053
decay,391443.8353036997,483737.9675282555,3540634.2734877616,431777.0493088107,-3.394854684096414,-2.325793067294593,-6.332907436799807,-11.404572960663408,-16.24359266753252,-2.0506609727163596,-26.926450760969953,-9.141820120144128,-105.01570397852831,-141.88658842269405,0.37179564380690966,1.7788482448238399,-0.10118852705649783,2.722612286527567,13.056953085499618,-2.1656023907544797,10.421756389085019,49.71116596736579,-4.305506634124888,12.04788325325325
