,Az,Ae,Kz,Ke,Cz,Ca,Ck,Ce,BAz,BAe,BKz,BKe,BΦZ,BΦE,Gz,Ge,∂Az/∂t (finite diff.),∂Ae/∂t (finite diff.),∂Kz/∂t (finite diff.),∂Ke/∂t (finite diff.),RGz,RKz,RGe,RKe
incipient,266709.3884441937,151173.86894015435,4168709.453620178,524183.7518811661,-5.1656400299895004,-0.6015004075786577,3.8230529708529652,3.9542898452973367,-6.272285925020237,6.896267296856137,54.52162753217161,-20.533837823148733,311.05562056145345,428.8537671927135,-2.4751490932240636,-1.2136044071588474,0.3531262169960349,-0.22833270621489912,-7.041746745941654,-1.630561219394517,0.8582717044481143,-60.22078721897672,-2.5688097501950415,18.77203972930985
intensification,260892.9120939852,147228.5463026332,4148162.248041219,481667.1139436635,-4.277663917341211,-0.7026991407711392,6.35440443747031,4.730740504943709,-6.700484441274298,8.806608701581679,49.18005241904209,-21.13487093180889,306.7577102970537,427.4545781766648,-2.361258110937893,0.1509543911353519,-1.7211152556913158,-0.0628673706282333,7.290854160700886,-4.010149390510307,-0.0009938725293689,-43.9659387784703,-3.436036426495064,18.748385473825184
decay,242169.28782978983,139065.22311531316,4708547.413340744,491244.1002711136,-1.5256941165367373,-0.7283485695049609,7.352526063407698,4.470813537191559,-2.628357738668918,7.689251274976788,51.005045251125914,-4.769394428017491,362.81013411057535,463.5793609406873,0.30265229938842,1.4327109299101028,0.9581522990284873,0.3862157216324566,23.331877463639085,1.0706008373780833,1.3324673516557068,-33.499999734357786,-2.103873446647812,8.721707791611712
intensification 2,343040.0183338037,192291.34189903637,5993996.723586582,492444.8170292653,3.9349084968264094,-0.8836147285329045,6.778928169982918,5.412972627684447,6.177573454998713,11.081685084222563,41.34661010602831,-11.13159843541128,463.7710685989233,512.9878701655848,3.352518952885917,-0.090613221511067,6.352154839440657,1.948886075443382,40.83582976139034,-6.527824271702007,3.225875152735449,-11.224617011447291,-2.8362116525618326,5.969729706007745
decay 2,478646.4811478084,124278.20741093873,6357580.3350967225,319787.50897703005,-1.6807046135319283,-0.34444628738601424,9.858847565700145,2.5369473344568707,14.993314715588053,3.226164161559713,81.13994144902253,-1.145903563668541,203.09882785427607,240.20939963685197,0.11540316043568791,1.4532809296680012,5.41133962525809,-2.398048964050024,-2.4717206538741268,-5.451154243297869,-11.607125991247907,-91.78980505506487,-2.7428195037668517,3.0166495516139475
