,Az,Ae,Kz,Ke,Cz,Ca,Ck,Ce,BAz,BAe,BKz,BKe,BΦZ,BΦE,Gz,Ge,∂Az/∂t (finite diff.),∂Ae/∂t (finite diff.),∂Kz/∂t (finite diff.),∂Ke/∂t (finite diff.),RGz,RKz,RGe,RKe
incipient,51730.21446804222,46940.43632700942,486205.0423290493,156323.16203398735,0.4663913628183175,-0.09940174473661645,0.9944006937188059,-0.07667884245334813,-0.9094615976459881,0.2528367528783557,2.2045359829510773,3.3825115977929023,12.08077893755742,18.531414596596186,1.5083121058850637,-0.8014141626142629,0.6234056083172853,0.9876038660143125,-0.7434168052581825,0.2020472061232768,1.8998568240449742,-4.4087448447463835,0.7574900154192251,-2.1093848554974715
intensification,63813.70037985153,56407.12572828388,616489.6615523426,165980.91786870002,-0.6961870205470746,-0.08994514577534737,1.7393976524021995,0.47590720285710375,-0.30561868238662177,0.4046111120065861,-3.2188925706446425,1.8026645695069565,27.038775291967568,32.188711288332655,-0.46362971462096425,0.26063497730738966,1.915692816592165,0.4010216350695158,14.178198647066768,0.7337409201967982,1.4351793326563649,16.353880585856285,0.5622628716953807,0.19456680023493705
mature,167173.92877821947,66653.37143344678,1262339.7798933636,190975.15472980659,-1.2822737954004875,-0.2241114836645041,2.4282715298792303,2.3367183040708395,0.6682386040726289,0.6263896163591899,2.5212649789818635,2.017557112654003,54.14510902809618,61.08184165833715,-1.2965405532598056,1.2580882186068936,0.6607708716506556,-0.5067127092533208,5.554166505578734,-0.857909923489872,-1.513853011486965,1.8869037921181258,1.4277274621228326,-2.7839138103354837
decay,326957.5672790437,54732.47759092685,2149069.052898322,170862.75106127487,-0.2992409715853973,-0.28675017174732026,4.239255560357557,0.6562070703839022,2.566048761028596,1.1141354023734193,4.686701777203792,3.0777532668241396,70.45383143324928,86.25713561341854,-0.052700797466366786,0.7063664755462928,5.073350479920495,-0.11348448992127255,24.0095883650075,0.024317565985069726,1.9213105755591815,15.38287199903155,-0.2846626501634693,0.5296127891345843
