,Az,Ae,Kz,Ke,Cz,Ca,Ck,Ce,BAz,BAe,BKz,BKe,BΦZ,BΦE,Gz,Ge,∂Az/∂t (finite diff.),∂Ae/∂t (finite diff.),∂Kz/∂t (finite diff.),∂Ke/∂t (finite diff.),RGz,RKz,RGe,RKe
intensification,1421542.9278424007,88170.18555316048,3002569.708554352,270879.51124079834,14.50343163719595,1.9842653821045202,-8.599939247023633,4.554293768563334,22.499193920805045,-2.775940675866521,-70.7379361078324,1.6446648372026835,15.322750431037173,-68.10641181671912,4.0452734782030895,1.0109139733487007,-1.4193863019749315,0.8055255219736845,1.7718067465223468,2.188929453696793,-7.430883203479508,66.60625046418242,6.151494584299019,-12.609968399092859
