,Az,Ae,Kz,Ke,Cz,Ca,Ck,Ce,BAz,BAe,BKz,BKe,BΦZ,BΦE,Gz,Ge,∂Az/∂t (finite diff.),∂Ae/∂t (finite diff.),∂Kz/∂t (finite diff.),∂Ke/∂t (finite diff.),RGz,RKz,RGe,RKe
intensification,911404.1517064946,126186.43807279615,3118727.4192446396,160211.32859079808,10.863479972787845,1.2101846570423767,-2.055469329109944,4.166833843740491,30.98838458046851,-2.3962602874752843,-46.54505892475922,-1.7601912424904569,64.82866587721105,43.19256321739657,-2.740646665169681,-0.8064034484072002,-4.1373917097287425,-2.3774474900091507,-49.43239981620433,-1.9228060585406839,-23.05211166036703,-11.69535153512301,2.9754619841642485,-6.3849179889006615
decay,921500.2380551748,72826.96921570398,2376593.558084822,152332.0145589077,3.6937111776282117,0.35874153403060344,-1.96933745483026,2.04281076278144,12.269458064501668,-1.1969135233653563,-18.176500899718924,-0.3631558636762312,20.236737193308308,6.330129767126044,-0.0061592412933153765,0.8261576211516912,1.645939991128051,-0.7535678437057228,-5.068940140619654,-0.2731359381599918,-6.571065361714804,11.383187036301319,2.1274149084104694,-3.9221282920954605
