,Az,Ae,Kz,Ke,Cz,Ca,Ck,Ce,BAz,BAe,BKz,BKe,BΦZ,BΦE,Gz,Ge,∂Az/∂t (finite diff.),∂Ae/∂t (finite diff.),∂Kz/∂t (finite diff.),∂Ke/∂t (finite diff.),RGz,RKz,RGe,RKe
intensification,951300.0457863389,119753.63319136914,2850139.0193268866,270539.1611284546,0.8388176961160243,0.920196038089637,-4.981691257573985,3.491092849882804,2.5960116285146477,1.041588970794243,-0.40524208260654604,1.3840527061577077,-16.82555361881212,-35.94843622620759,-4.32071602090917,-0.46562667632480986,-4.500617088540191,0.0679760090563858,-0.8383226565952029,3.376077540727618,-5.3376149828491775,3.709792987469303,1.59728385005531,-6.480759272886879
decay,745313.2417052977,138607.29151003723,3029601.154012824,357704.3467891722,1.8692586873182298,1.937910493913252,-11.765506623746344,3.572428003959898,4.921949498536111,0.09906165689603208,-8.683863151590362,-6.195694918414946,171.91495903887972,126.63050670168592,-1.0458984753822116,1.24971154242937,1.035048736975207,-0.03593585428629796,5.98391992563643,-0.9376385005597594,-0.07973158032942296,24.56403101365491,1.4995199988643153,-10.079878209851055
