,Az,Ae,Kz,Ke,Cz,Ca,Ck,Ce,BAz,BAe,BKz,BKe,BΦZ,BΦE,Gz,Ge,∂Az/∂t (finite diff.),∂Ae/∂t (finite diff.),∂Kz/∂t (finite diff.),∂Ke/∂t (finite diff.),RGz,RKz,RGe,RKe
incipient,696094.3427961563,80523.38191635972,3116857.5023680497,141410.16720316585,0.6906276464774693,1.390849424124408,-2.911864588597952,3.24156374702213,8.589166557549353,-1.0958024499583283,-33.73305372010803,0.5529804746602539,47.9680747025177,24.25999489074768,-2.4960134079083627,1.0358645043730716,-4.049959341377488,0.6251092332087751,0.9510254627014411,1.4645351380193203,-10.557648828324963,36.90531612492996,3.5716260060648257,-5.241873672261016
intensification,753606.2151659712,116379.86639088711,3300739.772937329,164210.30701784906,0.4421455297423267,2.3541087149010944,-2.48127202669325,5.082692113036701,14.254131777880408,-3.38084812726131,-27.244202775085864,-1.2134804325695152,82.98203654795897,58.54907951222129,-2.53246000018309,2.967196303240389,4.813077056467522,1.4562181898389321,10.634535954819148,0.24048922075310183,-6.644800476769463,39.91786522685594,7.565649715235848,-6.1099944864073334
mature,870873.5148980904,170591.97670045504,3721029.3814361296,168484.80220738915,1.1301187635655663,2.522168333412603,-1.2821927103259578,5.3936608162102075,15.809332389706608,-3.425920356150176,-35.67286772590181,-0.876461735192256,127.22976517783269,108.3163061666094,-2.7050911291524833,3.418669943300041,0.08460646967211727,0.9239487370873669,7.114443780218997,0.15090458713371915,-12.07243882305632,42.9393854528812,7.2213615760351475,-5.6484872042101895
decay,846194.250898183,186188.41385551103,3761681.564982304,178720.20799836656,1.583192672158232,2.4384522265062034,-0.8777558462623647,4.546430963654303,12.018317790416711,-2.73683202236395,-40.5764642249947,-0.9891517632135908,141.16072777872603,122.53073141878583,-2.244715877897781,5.158462197798393,-1.8062363746896584,1.2528879892586324,1.7127072882502667,0.9247165758018672,-9.802909266441937,41.5837346873491,6.097698748770682,-3.5103184709012103
