,Az,Ae,Kz,Ke,Cz,Ca,Ck,Ce,BAz,BAe,BKz,BKe,BΦZ,BΦE,Gz,Ge,∂Az/∂t (finite diff.),∂Ae/∂t (finite diff.),∂Kz/∂t (finite diff.),∂Ke/∂t (finite diff.),RGz,RKz,RGe,RKe
incipient,66829.89560921429,51713.74096601448,1112936.4587569549,140539.7473616735,1.0808803037879684,0.03932609283864485,-1.2080860310889834,0.5751078099164462,3.0384065046562867,0.1960762162474197,-2.2333895957270897,-0.2516544651791293,-40.58806258330128,-42.15323373849249,-0.2636334591752415,-0.6319279354755519,-0.7832684745828425,0.5273276754171687,-30.069556041399775,-0.011940158452855898,-2.701468582612516,-27.70896071837167,0.8670331762475505,-1.543479534279156
intensification,67186.68776776941,74558.62857757021,750751.5047068337,163509.07908127163,0.284545479610692,-0.09360261103177607,-0.09534706839540616,-0.1729958434232872,0.6327647188599521,0.5769623814254466,5.8737426266411035,3.590756685232649,-25.186123990973496,-2.314395988487975,0.11974034964124088,-0.15215213844976277,0.10413132061543451,0.4331576083683535,-0.4242107515681061,1.5102889218108961,-0.3376905296656017,-6.487151789424496,-0.22319800544860424,-2.0028189883938716
mature,65852.30856903667,101184.81224308792,880963.5934130843,233043.92215147824,0.8605533535098433,-0.21151348801940317,0.7357154290082119,-1.4578014946611804,0.494086906582511,0.41104956594191955,11.409884940340199,1.4462137293604294,-32.62044145792271,-15.863594147508792,-0.14099833028790684,0.13637306514636147,0.13405349565021374,1.6291489158116315,3.5013225847964833,0.7503088825973019,0.2890064545581428,-9.504831138061773,-0.02818865677206505,1.4976120769062646
decay,90005.14821198999,159094.21350380272,1244728.114252356,235658.0269617929,0.35695543493302034,-0.20992301127245058,-0.2995785861954057,-1.9054590747771658,0.9549003181132064,0.5708709545419584,14.867192186856256,-0.8400267035252907,-54.72080205253979,-48.419807084198524,0.16844027494616012,0.30861955196355784,0.8908543794586711,0.848730532993823,11.027854623792097,0.021100560158627067,0.08298648500603455,-3.8967144118017747,-1.41767648505285,2.4670077522656775
