,Az,Ae,Kz,Ke,Cz,Ca,Ck,Ce,BAz,BAe,BKz,BKe,BΦZ,BΦE,Gz,Ge,∂Az/∂t (finite diff.),∂Ae/∂t (finite diff.),∂Kz/∂t (finite diff.),∂Ke/∂t (finite diff.),RGz,RKz,RGe,RKe
incipient,555451.8435862386,202710.22895066734,1825269.1197823093,545674.9771691356,-1.684609393611229,2.4314028245059665,-15.895011529627368,1.1545315863271093,-4.693728596070124,-11.17740327350552,-9.701311512701542,-1.4782096991724911,10.99998401235066,33.19094587307395,-0.5926251961419712,-1.9134767928566676,9.134767286285978,-2.2454237921158193,8.842964404799732,9.216660521109102,14.57528931325084,36.12389684073987,7.655108243210845,-6.3546728956728815
decay,1350186.8199340028,228454.32454149798,2803815.311595564,1111573.1676857858,-4.980173196263948,4.698474733352909,-36.45063348350832,4.261215308817265,4.916945802091042,-7.937179957441783,-20.11206242718138,-18.16104152643514,41.28549962148795,16.88250648553129,-5.27279932431341,-2.6991980365371004,6.393411376868717,1.9253081955419589,17.99129179681952,6.9136333462871,1.1947671118666372,79.53416090377318,9.4252287284481,-15.637173919603347
intensification,970649.363351508,376778.0612074093,3473667.001179413,1171567.515770696,-7.604694433970533,12.614622401478721,-46.85118465400802,9.916377592653863,30.202603000514053,-32.2252145848709,-69.81136389035801,-31.000828859811225,217.93090868838482,172.12761863756378,-4.895607155231597,-0.6830374199298979,-7.7563829606725525,3.673364298935909,36.84954945815072,-8.493039588248715,-32.949057993678416,161.1167924364873,33.20033407498195,-34.25977297509937
decay 2,1047152.2531276048,484047.9203804981,4676428.109606429,923213.5290430962,0.39874356211041356,12.384380250026474,-43.12181498097544,4.009864480716016,28.411790320722634,-29.298904096870974,-95.46333602468603,-29.609952386766476,311.29853654296545,177.51852368646132,-2.9742154576676842,-2.59526071548228,-2.945634137868868,2.1627814858847323,14.88039795701492,-2.3960727389848584,-18.574300646454613,153.06680540056598,23.087169813445247,-19.917799813909834
