,Az,Ae,Kz,Ke,Cz,Ca,Ck,Ce,BAz,BAe,BKz,BKe,BΦZ,BΦE,Gz,Ge,∂Az/∂t (finite diff.),∂Ae/∂t (finite diff.),∂Kz/∂t (finite diff.),∂Ke/∂t (finite diff.),RGz,RKz,RGe,RKe
incipient,147517.4838824227,91159.46043433393,684844.0747003512,247638.6824292428,0.04368348845121317,0.2471474190707557,-2.7215746854234344,5.291440388609072,1.7781517042804096,0.7662944976911955,-11.483937638565912,-1.8555756943600776,11.280153167452758,5.836643415121792,-1.221938275638561,2.3266225587772915,1.425412181235039,-1.4478657359505707,9.27984408969389,2.5017720424453467,-0.061908615523401433,23.441672925232023,2.83013273589655,-3.6556673372270816
intensification,284947.67905766255,102416.4768671996,1100049.7609283156,322939.21155771805,0.8216569577191266,0.6469558915002601,-5.978921703638748,5.036986811424142,3.318531556637748,0.653583951777574,-11.157160346788153,-0.3098698681430842,-1.9720319060778337,-10.709714814611667,0.967800159645487,4.199105501752849,1.3303044784912677,0.2872248734766804,3.897165927188164,1.3228708817161976,-0.5196142289270941,20.211591019895938,4.0236718416229875,-9.383167765203607
mature,226339.86581181682,115444.69090490622,1227413.62010349,642275.290617977,5.824505412950674,1.174296593354819,-16.122912013506365,4.17051068640067,3.30204657266946,-1.3749536590486329,-8.990186033661166,2.190761975953429,16.398711055610484,-1.0260004461006091,2.238672764429162,2.978662633364912,-3.6148399609166986,0.013429810843270374,-6.340737511524142,8.007030003783521,0.08191547271933439,12.947855122692712,4.3845975629377545,-14.47715467207694
decay,178019.73438844207,82860.21537507587,1087822.1348168054,628971.3098821434,2.452556274795262,0.6772005224344959,-8.46416084600637,1.2504706984290377,2.218607206868624,-2.3000912160107934,0.3409982197914514,-7.57293769008055,14.177574016417973,9.652099885862778,2.4654912151846973,1.5374916843328033,0.5900774542151085,-0.3915405632836468,2.909989613132959,-3.029453565532898,1.5012270445762426,8.580595964552614,2.481820828721688,-5.171147419887755
