,Az,Ae,Kz,Ke,Cz,Ca,Ck,Ce,BAz,BAe,BKz,BKe,BΦZ,BΦE,Gz,Ge,∂Az/∂t (finite diff.),∂Ae/∂t (finite diff.),∂Kz/∂t (finite diff.),∂Ke/∂t (finite diff.),RGz,RKz,RGe,RKe
incipient,652573.5681355175,83235.55281249215,2819566.6519497004,314910.2608600686,1.9569469626406497,0.6090298325243667,-5.209566010587224,0.7002314422993503,3.491436046875459,-2.078389414609167,-68.27704724239527,-11.426479013349052,123.620578984026,132.28201631666735,-1.6184991170521221,-0.5941739599520816,1.8586748182693875,-0.4012490043037874,2.132744228167192,-0.41989084773434904,0.9332155665589459,73.66241051850903,1.7683420200803628,5.096790712728128
intensification,883915.7587076945,54925.53777097068,3638289.1129679857,154616.26039387638,-2.2148182150074405,0.6189819715694305,-2.3239078463197016,1.532206714036543,6.067229235995026,-0.10191145010309892,-7.477486687209046,-2.603657817925072,50.897388552770984,44.45057439724822,-1.027743842483134,0.15574854981332992,2.782164039013739,-0.2289008088222409,19.440998576215016,-1.3057198449141436,-4.880901440419297,31.45721132475121,0.7862353837479705,-2.5581765873453164
mature,907513.0360527722,71216.07595110353,4837769.714444315,155538.65775391588,-4.620475082638715,-0.054310198319703,-2.087800599177407,-1.5501905773834266,3.122228475006851,-1.4046043168075935,43.008449853572955,2.4158759877372127,-166.43710553690116,-150.504296276675,-2.0253719634019705,-0.15361630289355505,-3.7043541843874066,1.0047940264898982,-3.697715097348879,0.8848331558596866,-11.501367940352676,-39.99788926910572,0.9135179642337684,-2.068652853671506
decay,647182.9838740302,156137.14531949552,4550595.774362675,228760.76136772335,0.587383814953642,-0.6470412294519255,0.9087979691422012,-0.8613732135032065,7.837507305463817,1.015833655951085,69.14983228411337,2.7035943090216183,-355.8833423430748,-338.38626493663384,-0.6736910342204042,0.32424417750038775,-1.9204180782389753,0.534261847338373,-5.094523257929569,0.6822057060747034,-9.817582798201073,-75.74053732613878,-0.6959037926639932,-0.25121742030150723
