,Az,Ae,Kz,Ke,Cz,Ca,Ck,Ce,BAz,BAe,BKz,BKe,BΦZ,BΦE,Gz,Ge,∂Az/∂t (finite diff.),∂Ae/∂t (finite diff.),∂Kz/∂t (finite diff.),∂Ke/∂t (finite diff.),RGz,RKz,RGe,RKe
incipient,437353.03378651437,171037.44606567515,2419698.818483794,159719.53939868955,-1.208100900127653,0.38025200838151135,-1.0500094866836847,5.90463284481513,-2.0048003558446053,2.9419094015126874,-38.079201137387486,-2.115474112675157,110.89786115758504,117.9016682116382,0.5112501245569049,2.702973683256257,-0.1453294919308766,0.4187454264571325,-6.33773250696792,-1.2184320680175456,1.031621972167587,33.9995790172309,3.001216861378065,-6.057600286841204
intensification,477615.355444135,115428.16548743981,2298634.8168648994,148997.6764574375,-4.418909760144236,0.015000883453922398,-2.507370990383342,5.556944970300359,-2.4076642461440847,1.9759818796741204,-20.712195548563763,-1.8155516953044546,79.19822098054303,85.29820177413792,-2.8880130835273707,3.3898293691810615,0.7614828563600307,-1.6041550716337667,-2.6697093805359264,0.4290799820882789,-1.2347617741861974,24.968766918555417,1.96180713553855,-5.819684283290968
mature,518035.64688557887,69316.35515796943,2178955.749085618,170628.3060759556,-2.8184380252738435,-0.3778269343643973,-3.8042071070388275,3.641078986971115,-1.0567295640614205,1.854432668330632,-3.407609997861165,-0.8239395022418718,50.056796135983475,50.98529699190925,-2.2581526025685665,2.4699739129688085,0.8469453622655163,-0.8389973268326318,-2.9057932742846986,0.1849238068632978,-1.292590033311304,7.1244618558891375,1.3254759261722486,-6.436422784904773
decay,582076.0003807864,54864.45520689952,2246380.6151789436,232630.44488697682,4.060147451091132,-0.21862476862817962,-5.10281569084382,0.33821630030691074,0.8808867736041259,0.48002384912505663,3.2261346391574435,2.7889061290142414,30.050040366751137,18.326119573992816,1.1590790645937552,0.5356567150775423,-0.05884770670739611,-0.16048246398469654,-0.40599220593105967,3.5711510849541486,2.90178820215143,-2.5894586053358144,-0.08366524417466283,-4.658787035210824
