,Az,Ae,Kz,Ke,Cz,Ca,Ck,Ce,BAz,BAe,BKz,BKe,BΦZ,BΦE,Gz,Ge,∂Az/∂t (finite diff.),∂Ae/∂t (finite diff.),∂Kz/∂t (finite diff.),∂Ke/∂t (finite diff.),RGz,RKz,RGe,RKe
incipient,330211.33280340245,130983.57311265878,1218267.329238181,299616.9082427968,-6.2965198790249035,1.1256955671473436,-6.8773983032888815,10.615059052125533,1.7140568219125771,0.0969997407525214,-30.863486654287552,0.5372101856625335,36.274761825295926,37.95380747362737,-5.46419601107809,8.38299784588532,-0.8451720607746513,0.5694511035363204,-5.9906956308398875,-0.664793022796746,-7.730053194564788,38.046709205761445,9.961814847761989,-18.694460563873694
intensification,334792.3612611295,130991.99906201677,1119589.454618654,255994.4340432601,0.17718513799889227,1.0380789192869153,-4.311032353007078,6.218068316244094,3.0465146373271783,0.01720937617663476,-17.70435306033331,-0.9374716028378309,39.717478725336555,43.22393260237714,-2.4763735721090216,4.667206586911898,-0.5185366996710571,0.46986760334132793,-0.11704996061100503,-0.2080841548121201,-2.3497872797124275,21.721150314730487,5.632647624121871,-9.79971322122546
mature,248677.8382871237,193863.99289533336,1154027.0778860503,356573.6657228511,4.129661906754419,1.3045089503950293,-4.753781019433851,8.110658896845138,3.257087484361475,-0.19989681200766643,-12.287913491597758,1.469973976187062,54.79473101743869,48.081278508779064,0.9296735868583473,6.9936550036050384,-1.5014477205650254,1.5196629057281348,3.080885398942107,5.144290447126094,0.6756356522229473,15.9929180032193,8.52570966418591,-9.190123445339955
decay,241132.79535945258,237973.24230663312,2062028.4067433658,559056.089615349,0.06789199814918984,2.5219938645087456,-3.193250852928129,8.237109053214715,7.705026389912756,-2.6221886461175874,-60.71057157506314,7.995032774792823,166.41580102037517,142.2672220504101,-0.18881202071075964,4.970092261652339,2.927935637730288,0.12552355523912262,28.0507462742997,1.299283811915879,-2.1872048895245317,91.88667670414178,8.462827390062678,-18.126108869019784
