,Az,Ae,Kz,Ke,Cz,Ca,Ck,Ce,BAz,BAe,BKz,BKe,BΦZ,BΦE,Gz,Ge,∂Az/∂t (finite diff.),∂Ae/∂t (finite diff.),∂Kz/∂t (finite diff.),∂Ke/∂t (finite diff.),RGz,RKz,RGe,RKe
incipient,591156.0497321432,117267.84406019808,1067369.4426359907,197008.34604564687,3.7073802536229423,0.2313051635154092,-0.060864718061772155,1.8662759697531035,4.076500073486296,-1.0015289138643215,-1.1775927290105823,0.1865239369568874,-0.9258499868815243,-41.330131997762365,0.0877811524518031,-1.3424572651381708,-5.000520793938162,-1.2764236376944418,1.6248965365472205,0.2031116772052357,-5.138335450286108,-0.8440262700033673,1.3600760824075744,-1.9105529475665275
intensification,542582.3215392298,62139.71120828943,1075750.5162829908,169929.9732393454,4.035450829125491,0.18703456760307524,-0.6294019919832683,1.1966562795502529,2.56284123509995,-0.5445705953691081,0.8989505326796419,-1.9911922095110868,-13.1801216236016,-59.32757084101158,2.2355091830105747,0.09559732465509707,-0.9208722773719925,-0.9091320293286675,-0.10155062828045895,-1.108558200455442,0.7387718842566237,-4.4065499981023235,0.6450602779876182,-0.9434242624778763
mature,472895.96530434024,40669.31228071556,1076873.3090458186,113678.138558015,1.2143428618157521,-0.07854284141899955,-0.671353120136463,0.646074696817832,-1.1748608827816416,0.7101911082279155,-1.8926831748845026,-0.5147642630442253,2.87168672232301,-29.09470464766627,0.5561655477910223,-0.28652006525986945,-1.0913367302190076,-0.3242636893260925,2.750995632583018,-0.9610199074570304,1.2193241729593862,4.100689065788232,-0.3098372593171763,-1.7636834613671
decay,470035.8728457987,32338.403739137517,1502322.8469625637,100864.88422509823,-0.24017804514424404,0.07077997977581961,-0.9528504977789254,0.3724241457709339,1.3094477891565142,0.610331649588694,8.288687749571702,0.9061861691032433,0.9131247436551547,-21.915644275901297,0.6993603970372156,0.2395188426990316,1.0503073137380403,0.12451723781219613,11.813499599175694,0.27635291080006097,-0.4285385407868983,4.717840392527163,-0.18417024578138366,-1.9551079018530413
