,Az,Ae,Kz,Ke,Cz,Ca,Ck,Ce,BAz,BAe,BKz,BKe,BΦZ,BΦE,Gz,Ge,∂Az/∂t (finite diff.),∂Ae/∂t (finite diff.),∂Kz/∂t (finite diff.),∂Ke/∂t (finite diff.),RGz,RKz,RGe,RKe
incipient,162664.49773137068,60775.64991203364,712392.1273717216,137261.7134354026,3.736065267702635,0.15518685573695462,-0.4833413381115985,1.3149391190644606,1.0293743728891767,-0.1401399349316318,-2.1172099818078047,-1.4358879632911288,-7.851180928922714,-13.057453257022207,3.0994624194453118,1.4480572115814498,1.1860980749993502,1.037437259460189,2.2557229603086255,0.2965718503922963,4.047975825549763,1.1202090125253938,2.337329457719327,-0.06582064349263395
intensification,142109.7535997025,63653.95269485486,854647.8830094708,241046.22985624854,1.3734156254094139,0.33543953362800877,-2.4309682939349644,2.681920118672265,0.7662459629869339,-0.28097822458756394,-2.9612164394835956,0.2635768524840176,17.043943454873194,11.87175860730432,0.5809189214651298,2.42960812682587,-0.4528330263932201,-0.09223648666483213,2.025201232980728,2.5367540838058664,0.4897761696572688,6.043970340989874,2.535222322966988,-2.83971118128538
mature,143745.23128936425,61862.74464891129,1125499.5856357277,411932.8178253511,0.5944527397332173,0.4354233300122508,-4.068568693541012,2.5076465336152323,1.307273177993349,-0.21640357304328348,-8.300011708450056,0.6111332159663416,46.45494018956015,46.857458167051846,0.13576628012587028,1.9025273067953699,1.0955244938260773,0.1983532511579087,5.924701148157633,-0.6198551293918146,0.8181273855781965,17.698828810415485,2.4869800278041736,-7.807203572514399
decay,296037.9487044064,67115.81704432609,1878685.1357294174,223263.011380984,-0.41083380988466833,0.3271154493254322,-0.7992352558963375,0.8064979569809428,2.346640675099654,-0.5775958282071668,27.38055409906783,1.4767648662577528,-0.7103555837697734,8.173408488070782,-0.41504613800602563,0.29808167828231136,0.9103268270757051,-0.027315206590992822,6.17816232914407,-1.0537848989803282,-1.5200322085831848,-19.992322704142754,1.0296631292716845,-4.13628297811536
