,Az,Ae,Kz,Ke,Cz,Ca,Ck,Ce,BAz,BAe,BKz,BKe,BΦZ,BΦE,Gz,Ge,∂Az/∂t (finite diff.),∂Ae/∂t (finite diff.),∂Kz/∂t (finite diff.),∂Ke/∂t (finite diff.),RGz,RKz,RGe,RKe
incipient,692454.8519047902,78273.83622457142,3425605.271983083,206529.7064600249,10.230522294213893,0.4716506067576708,-2.6932264876888725,2.562911566673513,17.867226650253833,-1.0988467650966944,-14.092096069927397,-5.036309090214709,-16.35691474750804,-59.72255010134948,-0.1100887334409451,0.2808236664000012,6.497459449300583,-1.3015365462066575,-5.178956023220087,-0.6584395235861492,-0.6675942999816884,1.3758442401822903,1.8885711788058797,-0.8782684877338276
intensification,1106555.915342848,355003.18557773717,4094891.4505582363,470488.27841691714,-0.8148090410798255,5.0937911513113665,-7.201681776737044,8.996615996105556,26.70490387403782,-3.6687176779983828,11.386176541295216,2.568436057243006,38.908053076604574,-0.6063252308449795,-2.50674098025873,-0.901615927189486,-1.3794400720897415,2.1476915633635376,10.080474445210852,1.8642135052824964,-23.80536183589603,6.7107887217325,9.719234086156108,-16.90252032480311
mature,535343.8550941707,473080.7684065313,5557543.413119835,551771.8258391814,2.7119692923057186,2.557952114151239,-9.947717059242287,9.351666045607447,5.4089195522162745,0.1481245857506203,-45.972367851188466,-6.1540839634658795,484.3216470726962,468.9283222785354,1.720197961074125,1.0948990378377454,0.9810297961867175,-6.491701204832824,-38.095695833911314,-5.524519604701223,0.8420316504273998,15.11241978421372,0.15388814087276156,-18.669818746085078
decay,374858.3669195025,127670.56538048224,2072836.303976007,316509.3125159623,4.40338002061162,0.3511093590412271,-0.5371351149993324,2.05705031078802,4.796227882791162,-0.7438748990525245,-27.67474523135359,-2.899783880588076,177.84875358213475,146.9947041969415,-0.6747775791437007,-0.7150262091872667,-0.589040956463106,-1.239943892744945,-13.911216376779254,-1.6666974408667474,-0.6307794596014207,9.897283948962043,1.2098719580543722,-1.3610989860660239
