,Az,Ae,Kz,Ke,Cz,Ca,Ck,Ce,BAz,BAe,BKz,BKe,BΦZ,BΦE,Gz,Ge,∂Az/∂t (finite diff.),∂Ae/∂t (finite diff.),∂Kz/∂t (finite diff.),∂Ke/∂t (finite diff.),RGz,RKz,RGe,RKe
decay,265141.49728384236,135239.88709167918,1679536.4665249754,263851.14766801166,3.561448442553601,0.8816681738626873,-4.150058421260607,2.583826643630969,5.161350805668491,-0.4765298583090722,-11.055799300274964,0.5616767378597861,104.96945954471157,90.85163891071397,-0.0067860628642133864,-0.8856998017339682,-1.0421710684058347,-0.586305205932466,-10.782811119970072,-1.0528008103067448,-1.7604052576580376,0.8615981590118992,1.592383122144888,-8.348362613058109
intensification,281767.85901506746,110695.79555498302,1832011.63675481,283109.2934440877,0.9028767263927117,0.6456666676754679,-3.526535421290628,2.037806554209992,1.6820916197858662,0.23027085644572995,-8.650660774953975,3.1586802667855536,144.09821763577114,155.4832220612874,0.828604475460879,-0.5622281398079136,-0.6537427648446048,-0.6583001262557816,8.057557925473967,0.9772936444721307,-0.7872909905622916,19.331877395325858,0.5035689038330127,-7.745728597814043
decay 2,197225.1129373247,86042.0222791693,2135194.988990172,267469.9529591316,-0.7995732076653393,0.18091922679068415,-3.2998093356746474,0.15968714412332904,-1.127008299735138,0.9425140258081496,-5.068972449375722,0.4235370986740068,174.1315881652937,207.0227552509671,-0.02273000686748454,0.2556198673695393,-1.2043322861185668,0.21907607955114952,7.147963028504144,-1.6974845776890237,-0.6959779672580839,16.316318021219857,-0.7446700289243552,-5.580518156161006
