,Az,Ae,Kz,Ke,Cz,Ca,Ck,Ce,BAz,BAe,BKz,BKe,BΦZ,BΦE,Gz,Ge,∂Az/∂t (finite diff.),∂Ae/∂t (finite diff.),∂Kz/∂t (finite diff.),∂Ke/∂t (finite diff.),RGz,RKz,RGe,RKe
incipient,1194186.5712986472,321759.61547999585,7542243.350654883,309404.28762985417,-7.548444049849508,0.30462302756340204,-0.17877374678460023,13.287083154303794,-2.872088596824671,19.448094514602584,-33.84783242324443,2.632521971276723,353.1614220635394,240.88705197813238,0.3624678974024056,-3.919385926524032,12.769721654617666,-8.430112276811995,23.676408587652496,-1.1700182998597248,8.39798922915623,65.25145880753104,-14.895746664674185,-17.268397172224844
intensification,1155332.8257271342,202415.3400448057,8186681.145266162,297174.5397752685,4.237814244674985,1.800409199153522,-0.31753352021002046,8.699872866027347,13.151983309052484,4.927476188478676,-19.448020592615535,-0.25448773940370956,263.0140676480161,109.18228457837522,0.6141526141714454,2.029396214018431,-6.340936869711919,-0.6959457174012647,-4.299065495361254,0.9031449433161486,-13.454696734935897,11.228674372789312,1.2760417609938854,-7.859773703517507
mature,659129.9965207307,220104.526136195,7050745.523911992,428577.647917836,12.490715364635337,1.6992711686902395,-2.568256468182316,12.531383562114087,22.536552913268455,-3.5022053675531204,59.23801680207866,-0.4725660452501701,23.380948654144426,-140.27998761177025,4.854789382677302,10.076834448558248,-14.521588375815101,1.278581743082615,-50.74591978439315,4.538160863254948,-22.868154755757978,-119.90639548292482,15.61289950405958,-10.088913121791286
decay,311575.87883233454,199356.5117916951,4685510.294026768,450632.90813150303,1.9901718153695689,0.603124597798901,-1.8887497352609959,4.358133208690385,2.407784940402149,-4.539433509087267,-12.55370100575426,7.7852852237177235,171.55407324153703,158.75871477593546,1.6566798816395134,7.367693033702553,-5.119828954825368,-2.5965568444732234,-79.62331924203541,-0.7068450222109351,-4.934317482059046,-67.17104031638972,5.697885275505527,-14.739013189880039
