,Az,Ae,Kz,Ke,Cz,Ca,Ck,Ce,BAz,BAe,BKz,BKe,BΦZ,BΦE,Gz,Ge,∂Az/∂t (finite diff.),∂Ae/∂t (finite diff.),∂Kz/∂t (finite diff.),∂Ke/∂t (finite diff.),RGz,RKz,RGe,RKe
incipient,127401.71099623588,434916.38677541615,3589880.171772238,588097.3614004158,-1.3924002291158917,1.4107417378282285,5.776434335587588,12.244876314951062,7.112821152642783,13.969185909176824,-103.9388698227446,27.2463003707948,236.7005010661005,293.5875960320197,-0.3660848088057382,1.2232443253472722,0.47608896364831854,6.475449080556593,52.27068078312298,-7.953818681249637,-6.618390680282128,151.8255164993959,3.3403977485025984,-41.66856103140791
decay,169787.23647391133,480279.6275104579,4353202.546713733,482774.15614058997,-0.41893763185223776,1.8103556880863045,-0.7317064319620151,11.740036475569434,12.357870570177244,8.612256831471935,-81.8649027500419,12.21777049000711,331.53454055708005,350.05789926254886,-0.25916132019683763,4.144976528693168,1.8555843252896842,-0.6872161339724269,4.961322315566656,-1.3189145532705928,-9.110868188653495,87.97686912942281,0.6302078220387678,-26.008427950809153
intensification,270173.40055363637,404289.09504374873,4615506.090214938,431168.9422333261,-4.318750584785719,1.945967744396825,-7.8459467089989605,6.466009384552078,7.373846132607115,-5.522267114192857,-10.644882451604104,3.4059968782900656,336.93680922398266,312.11419435715817,-0.6915485355154003,2.4994981043919777,-0.3515805468070298,-1.8847127959004895,-4.2553562600011725,0.7253445334678752,-10.098209519803037,18.55422348538761,8.157595958447619,-16.992608438373228
