,Az,Ae,Kz,Ke,Cz,Ca,Ck,Ce,BAz,BAe,BKz,BKe,BΦZ,BΦE,Gz,Ge,∂Az/∂t (finite diff.),∂Ae/∂t (finite diff.),∂Kz/∂t (finite diff.),∂Ke/∂t (finite diff.),RGz,RKz,RGe,RKe
decay,294710.2807244326,48148.82658605751,694027.9743949826,203006.00727017294,1.2744056485376918,0.03890555506859285,-0.4848383907913078,0.18806872723238105,2.4458942827111665,0.13369053235142975,-4.175074476700615,-2.178611092032315,-9.428491091331725,-17.292517213606693,-0.4911673891251803,-0.7620801904961942,0.5051191822155829,-0.20909011153621143,8.018953141072155,-0.8206939401204855,-0.6274638968892994,11.404460360026382,-0.19361747172385294,0.6850100338881405
intensification,422877.07772836555,33082.08585533826,1156948.9676589642,148455.22342059558,4.734884813461956,0.08126542920901854,0.32566251513547595,0.9357209206341655,1.007589848052008,0.0889544612000721,-20.39794041828995,-0.24066784414356218,10.776114536597964,3.640949269389746,1.8826214820069473,0.6662988138851984,0.4514396945790583,-0.17423888708210375,9.843760869958928,-0.5759902637985974,4.260000089198025,25.181153959651446,0.591262143142971,-0.9453808251537247
decay 2,427831.5263428337,42065.92930564381,1620760.0748354464,268576.400880937,-0.5746522302276202,0.6655410187600216,-2.4099729365511586,1.7307823370681106,0.8368770914179494,0.08609600555148754,-49.40441131437685,9.981564311017463,39.4249043519855,-10.543002667108897,1.144722673899703,1.742970295908938,7.6871730671694145,0.9921266032344315,25.961278248531944,7.858175673705543,6.941184764283865,78.35031472968757,1.9712719159910328,-6.264143910931188
