,Az,Ae,Kz,Ke,Cz,Ca,Ck,Ce,BAz,BAe,BKz,BKe,BΦZ,BΦE,Gz,Ge,∂Az/∂t (finite diff.),∂Ae/∂t (finite diff.),∂Kz/∂t (finite diff.),∂Ke/∂t (finite diff.),RGz,RKz,RGe,RKe
decay,175987.86723294618,63575.6467232733,932323.0409286931,226468.52674687162,2.9844195015141963,0.25660071348306845,-2.6625008623851625,0.33678481994553144,0.44220297773385464,-0.39133475174038124,-10.062442379798572,-1.062365984065916,28.503828885176556,16.90480364145688,1.4087889235294466,-0.9260955996448763,-1.011172838835545,-0.5856838658166637,-7.882406346753784,1.4975927250013048,1.7876443984278652,1.8581173939157538,-0.11416500761381954,-0.43932697326347314
intensification,162913.28989130873,47937.84496373639,685298.3118316946,411811.64892239537,2.901657575600167,-0.18719921982955431,-8.582666396726408,-0.26903473041781717,1.1856299245028314,-0.05048468356192445,-4.951480626402888,-0.08876367117024908,0.47393472226968864,-7.76582314542501,0.5039935700005306,0.6192728170246379,-0.490574513132973,0.132590257281295,-1.4474385817271738,1.964722298107638,1.038253918134808,9.185050865801955,0.10123943025495663,-6.260145697030704
mature,96249.56703304635,88906.100043223,511469.5098749443,523156.650802229,2.986884118581959,-0.8372479589930636,-12.511372803745132,-3.821763008421017,0.21438095446112446,0.3580767461564456,3.0507857853043334,-6.165927627517964,-4.535204012876036,-7.267409972669558,0.731441869279886,-0.6308875312447472,-0.11454059435346105,1.6574844802140163,-3.3569267289691793,-1.4449593957883549,1.8207146107743097,3.1167761708896613,-1.6851073153703833,-3.9686415635945074
decay 2,102310.13792611555,103289.12345269199,453482.5706802226,233959.69886528948,1.6139213764945628,-0.6740304651514487,-2.053913119261963,-2.57783567075965,-0.3067097785349087,-0.5868354272828734,-1.3572451472878748,-1.6882094448120184,-2.0603541392207174,1.2274851558943445,0.2184176564951493,-0.6673511272720549,0.017719751702410323,-0.5094803443441936,0.5687907298694598,-2.440395693603441,1.2643204415804337,2.366027619924734,-1.826450122669521,-0.2282636972937353
