,Az,Ae,Kz,Ke,Cz,Ca,Ck,Ce,BAz,BAe,BKz,BKe,BΦZ,BΦE,Gz,Ge,∂Az/∂t (finite diff.),∂Ae/∂t (finite diff.),∂Kz/∂t (finite diff.),∂Ke/∂t (finite diff.),RGz,RKz,RGe,RKe
incipient,964227.6378619439,255418.44468170585,3373052.557339656,223750.63018141728,-0.8896599640666014,2.116663197220219,-2.829699547324784,6.388457661807862,2.2717503025181944,5.483025010617139,9.678827999018196,0.5497739476280534,205.37034651207892,181.02539953243303,-2.6925244855776205,-0.28446838023801224,-9.0738379865548,-1.6220947871895763,-5.167520191536179,1.5085300656937561,-10.118585055919375,-11.126988679162992,-2.8333253332190718,-8.259401091066941
decay,640359.4431578317,319813.12382279965,3068961.68833857,259550.0321763208,-1.879932799381288,2.4510583896707416,-2.5380690454560004,8.685855995266717,-0.2953154034003585,8.510252891696258,6.962481541613187,1.053960053430414,269.6146130808395,221.3830605307384,-2.5611157604901647,2.5204376536802577,-5.250490964447414,2.2941763949658207,-3.084225596866605,1.6387747091694609,-4.3840499707576015,-5.628705293642503,0.0187211088655381,-10.63911038498367
intensification,468605.4369793608,286126.86850070715,2643889.8831131477,294744.46713778435,2.2669718294978263,2.15755786826438,-3.8135828717347433,5.974859286183256,2.105934411264441,5.6371108418750575,-4.782588809850509,1.8290018762273739,272.7433607965825,241.17323068595542,-1.693364646474332,1.5839646173878184,-7.788110758134451,-1.405551911027037,-23.400829247496095,2.112403092261023,-5.4695154716366865,-17.071629395408667,-3.2253613349832193,-9.505040941884351
decay 2,359402.9409279157,330992.42626850976,2348172.762242574,396534.7420005368,4.272496795810356,2.8521710640931093,-6.551604610358463,8.15699641284188,4.720432015170682,4.826145551689694,1.1333777002001806,1.8071919226079245,267.01015652299446,243.80914576240426,2.3656178064831397,4.99298373893575,-2.396230304009255,2.983026174608673,-7.012670243064538,3.8031478734550945,0.008005540723527549,-5.866940128716614,3.4617059716677496,-12.71264507235317
