,Az,Ae,Kz,Ke,Cz,Ca,Ck,Ce,BAz,BAe,BKz,BKe,BΦZ,BΦE,Gz,Ge,∂Az/∂t (finite diff.),∂Ae/∂t (finite diff.),∂Kz/∂t (finite diff.),∂Ke/∂t (finite diff.),RGz,RKz,RGe,RKe
incipient,129841.85551221494,169482.8656971409,770725.265151304,194653.59379544502,-0.4220130329434153,0.3308242516575687,0.6167305496620809,-1.2225533506161868,0.4661187791512532,-0.5282915810756915,21.129881034819228,1.6609515244735595,4.1376096276626715,11.9793815959075,0.8423993418536304,0.3920802876649302,-0.9107728466736897,1.701572736942497,-4.379819721523585,-2.1608049066785373,-1.4680804071107896,-25.704418273061485,0.676486715744433,-1.982472530873829
intensification,427804.4968564696,186319.62226990258,2091546.3996416524,493575.31606935937,-4.271482864067054,1.5223197025944346,-7.165202596397114,4.072502166827747,3.562287643075108,-1.2171276483564395,2.193788221082858,3.9234540291791458,32.582123382254565,20.122968344688548,-3.516660685089529,1.532103033389301,0.10501822763328879,0.01995893131458333,2.8963682184344,1.2509010380842196,-6.206432576914439,12.139265457815712,3.787269043904335,-13.910257754319785
mature,187337.55306952517,199273.97733634803,3245550.0630047154,840759.8488685786,-7.277008061867426,2.061453196071342,-1.540791438783306,10.708516343748776,0.19763279530056646,1.9592357952964858,-34.27409533968417,2.697232670364192,213.3907991009772,225.48596973687475,-2.5039324192013477,3.804259962971234,0.8269179578807829,-0.28288683053701486,15.491548403800978,-5.747015073297252,-4.586269703215867,58.583443244135886,6.404940521843934,-20.693555526193524
decay,823515.5992435117,212136.13483637437,5427946.905961888,383045.04945547116,-5.168368809252884,1.3384024052078796,-7.8727284113159595,7.56483496518919,-4.586657562452859,6.6729471861528795,-55.2202185176231,-3.922746217655897,477.6941139168263,474.6510970275833,-3.184720348023967,1.1939373348527038,8.266928498647829,-0.498350186048063,9.129922778888947,-1.7277252056626533,9.02361965705568,77.3912385170809,-0.9448648122196348,-13.242542364511904
