,Az,Ae,Kz,Ke,Cz,Ca,Ck,Ce,BAz,BAe,BKz,BKe,BΦZ,BΦE,Gz,Ge,∂Az/∂t (finite diff.),∂Ae/∂t (finite diff.),∂Kz/∂t (finite diff.),∂Ke/∂t (finite diff.),RGz,RKz,RGe,RKe
intensification,136827.52627088747,99927.4489442213,1190526.3259690169,467890.1400124783,-1.9256279258495603,0.7257364717910874,0.17937664641774778,2.109385563114701,3.554799968296779,-0.7694282511004232,-21.292642529644258,5.274865115523566,59.646556537173005,50.42999356498736,-1.910834006361305,-0.4470933689545357,1.6498506424941148,-0.555865801478881,2.944401338733417,-5.132482474188545,-3.1048407798611373,25.983295147809486,1.5972115409451557,-12.337356506409064
mature,221586.51848940653,71452.25430320077,1207598.3917910762,210792.40577364792,-1.4806815635639783,0.532519474166405,-0.6522475177170817,1.8112377092699574,3.5560014892740335,-0.08201331723438686,-10.21212046359649,0.7930141588129791,57.314460669334174,53.608527770974696,-0.7929533373346822,0.4805899024559627,3.7732105650803613,0.1794654072071573,7.54366369734377,-3.18341704920257,-0.7309530135912453,19.888713242221318,1.5401969595450966,-6.439916435002588
decay,464723.21786908223,83776.19380388809,1591148.8744939002,119319.18116466716,-0.25455437858810304,0.8437644824818338,-0.5831092881409007,2.116035444778669,3.7365607073779588,-0.7060171783980207,7.3683165163450335,0.7416615297593682,37.81718028752566,36.90800839079166,-0.5556212829163589,0.23400929041523408,0.5926791569386455,-0.2006199373185706,-0.7397204254169993,-0.7063651505881964,-2.554671446545582,-7.2703732750330285,1.7776682033762854,-4.1471714132671345
