,Az,Ae,Kz,Ke,Cz,Ca,Ck,Ce,BAz,BAe,BKz,BKe,BΦZ,BΦE,Gz,Ge,∂Az/∂t (finite diff.),∂Ae/∂t (finite diff.),∂Kz/∂t (finite diff.),∂Ke/∂t (finite diff.),RGz,RKz,RGe,RKe
incipient,1558878.1236822214,162550.16285170935,4892972.422996971,278100.0939930712,-11.496403766469806,0.5272925798784612,-0.841062050875248,3.7767139169917137,-5.646219818518774,6.667120861326453,-18.6799799011364,-4.445643892090833,123.46563915340653,61.62475625040949,-6.805358007579841,0.8323233111677285,7.524305966660937,1.400402088668417,-16.352977714637685,1.6014742308724623,2.201414598588366,14.664468003843767,-2.0172974355447844,1.429342155096334
intensification,1535048.7451033506,254999.37487149145,4403941.552396566,402353.65142696234,1.1927883138152116,1.687121389783756,-14.921374319368743,8.372149856086603,9.503480459388093,2.389215010941489,3.9758166402381465,-7.944080365533433,79.77893659721236,-26.99305253977933,-5.9812530562557145,1.3980335464433293,-2.9421918719013926,1.6126846764093223,2.622170090030334,3.0184108237994263,-9.56576262769052,12.37493945534572,5.908498131770679,-12.331032986122489
mature,1529323.9666175973,243528.4002157851,4948418.981462303,448861.8787915158,-13.193919019338134,3.2384012022931064,-32.45033556303195,13.593687431330563,7.544108997662108,-7.5657889703806065,15.215929750310279,-5.228124788384454,65.7500170542962,-79.68673941705372,-9.721942693240017,3.021284825978236,4.435662779169413,-3.4142031996364555,13.806721785172035,-3.638104428242547,-13.063964035537722,44.23504661723183,14.506871999781609,-44.45400263422059
decay,1793315.0466944866,90009.03849307743,6020640.553354285,272214.2373533132,14.396393543965626,1.2914861172774372,-21.90490395369149,3.267052975999978,23.801210851330715,-3.9402514935477577,-43.56281304271244,-6.025420702067623,-47.88356932087169,-193.4739891459473,2.6608547354244183,0.9882866747687924,9.388961155816824,-1.5234887921939149,25.085139197970214,-2.0747295255380482,1.2756299657291712,76.1564626504085,4.392329560076383,-21.22126575316189
