,Az,Ae,Kz,Ke,Cz,Ca,Ck,Ce,BAz,BAe,BKz,BKe,BΦZ,BΦE,Gz,Ge,∂Az/∂t (finite diff.),∂Ae/∂t (finite diff.),∂Kz/∂t (finite diff.),∂Ke/∂t (finite diff.),RGz,RKz,RGe,RKe
incipient,170939.09008609853,97991.76228987466,1560592.1507845684,188193.56014135422,0.5053767695603992,0.13766192611676614,-0.4245322793505678,3.3744323452910403,3.18247339513539,1.5870585607557355,-0.2122342782530211,-2.192783183249505,89.66175027442799,93.5434323204613,-0.5188761601590256,0.6978550917121177,-0.1292847545925502,0.14915799723306375,11.081523291765947,-0.3581858319264453,-2.668719454050775,11.212913079809137,1.7988698556516023,-1.9643672733185489
intensification,249974.3650135966,129065.31179381248,2362002.3572614836,211891.16862174208,-3.560981447473242,-0.045923289884262336,-0.5191494726415081,3.9734346232031528,-1.9990751403225415,3.362352236444765,-16.534207906482838,0.46540279339202506,151.83500482060535,169.03956257467527,-0.09808203918557389,2.2625880347902902,3.1895366507789524,1.1761863930244219,19.230729697739374,1.1446546163026194,1.5817070537439897,39.84506852433696,1.8331920696670723,-3.813332272934067
mature,432249.26617011183,185499.4549268864,3120715.7985402145,285198.5282306878,-6.2579217467030706,0.28461540846964384,-1.912162415674914,6.8561785356942035,1.1104451499354155,4.274977101908126,-45.71681071759903,3.3737122361058494,146.4766347036936,98.28846715560661,-1.6951971690184777,2.849357109783615,2.8218046010768836,0.28176050082245707,10.963006484743428,2.4138676598945237,-4.261946887091959,64.84990136472044,2.5783465261388896,-9.728185527580443
decay,478649.09508028417,178273.68000021856,3311952.3847674998,338862.79043417796,-5.0374917236585715,0.5226691537694801,-4.34862807524334,9.064923615251484,9.379614681246082,1.931970146363931,-41.54101285431024,5.634795537566024,90.8056179247586,-12.879876571498066,-2.317503049200613,5.7521663334375095,4.273730733467122,-0.451307211058918,10.15199487870489,2.3530813857233404,-9.62070651766805,61.07912753191704,6.158977104059153,-16.695265842337506
