,Az,Ae,Kz,Ke,Cz,Ca,Ck,Ce,BAz,BAe,BKz,BKe,BΦZ,BΦE,Gz,Ge,∂Az/∂t (finite diff.),∂Ae/∂t (finite diff.),∂Kz/∂t (finite diff.),∂Ke/∂t (finite diff.),RGz,RKz,RGe,RKe
incipient,491412.90172045183,114627.44450734412,2273248.6734075844,284418.235874818,-3.9337493201717764,0.31569564130966327,1.73697405188029,3.6071277726437194,1.5866565628540819,1.6689853442225842,8.15606330900579,12.472811799165973,7.583940234225994,18.344641027491335,0.9940838710900346,1.912688773505763,-6.556154908479894,2.4022157435068454,-19.802257893323862,1.7690097692007012,-11.76086515019609,-25.761545934038168,4.0246625306183175,-12.573955750728702
intensification,341566.71922416106,286724.20922712545,1965389.1334974393,425428.0056978843,-3.989403285195361,1.898795376515561,0.999397077470482,14.590003359699184,4.647948748844458,4.4201661575980165,-35.12334357910082,11.285479090546213,89.2968968340519,106.5002831078041,-1.9663547117239837,10.57011675279918,-0.505843543312246,4.398365901755175,5.058680833417347,1.976726089390159,-7.244400200836506,43.17203062024305,12.669407727340783,-22.89935928338475
mature,326890.12383053807,534743.3814128009,2604163.8257691325,492035.7023297301,-3.067876207984956,3.34317668047607,-3.6552201414903167,18.93571970971661,9.298787832616952,6.429865897771934,-61.7949253003647,1.5024373187757787,170.74949735691166,158.81822403909044,-2.645992409251622,12.15217980959359,-1.1179114014877969,3.5460055141942015,15.028469085614361,0.7675100248782054,-10.141398761613635,83.54649073545436,12.708682645662812,-23.3258671451045
decay,566131.4393238287,385575.5406646779,4326191.16124223,415445.3932029659,-1.7544215910146326,1.8493139004140013,1.8697019883235944,11.085835200079144,9.077976333443182,5.434062250441466,-43.58496357278795,-0.1036758856313774,230.08377024094915,181.6269851500104,-0.6297529180407003,4.515529675825181,5.494048850373638,-3.7711596382764982,21.896550426056063,-1.4903076190063793,-3.489035173670172,65.36623360153506,0.03129941094717656,-10.602764945130549
