,Az,Ae,Kz,Ke,Cz,Ca,Ck,Ce,BAz,BAe,BKz,BKe,BΦZ,BΦE,Gz,Ge,∂Az/∂t (finite diff.),∂Ae/∂t (finite diff.),∂Kz/∂t (finite diff.),∂Ke/∂t (finite diff.),RGz,RKz,RGe,RKe
incipient,853517.4637327378,176085.23314183112,4434099.5315405745,194363.78718914025,-7.842446909593413,2.2083207079807345,-1.131534199466337,3.903577045160381,6.3461926510624265,-0.27058767231104175,16.476828385169107,5.866088151482655,127.13175442303627,99.40602675977647,-4.20920584504374,1.3740053939259886,-3.609958166005012,2.121324986202261,-1.1104917236149778,2.9779512611693573,-15.590277018680117,-8.613338999724338,4.0871689956929504,-7.923248134940016
intensification,327181.7702722706,310830.8089397192,2806986.2234991165,666372.4999860373,-3.4812213240180094,1.501327846284779,6.076456246899094,13.569702840185675,0.9960280232135243,0.11859592927609441,-3.8015675304836423,14.21193401515816,80.72285651830137,95.63893497408131,-0.3693351109746013,10.304152074579216,-3.218625246195074,-0.9781594458977558,-17.980109310550954,2.5690971634206035,-6.194546747141827,-16.7737767029484,10.971619618727045,-19.136083445024134
mature,283301.3369595517,60075.4910460616,1833619.1921783222,475932.4178434909,2.2837742931098712,0.4139392756812437,-0.5521963533552089,1.0157807760086077,2.9516504140606177,-0.1662555682289065,2.3825729420378385,1.8918075308756066,-6.4134845102337295,-19.930398630609435,-1.085104679186305,-0.12107742657857622,-0.43005746126403316,-0.3928860536119661,0.36107238126061514,-1.85816162271922,-0.6839943065335358,-3.7530785005318847,0.37521101494430437,-5.317946282958643
decay,251133.6712336104,112696.2868294505,1978290.2034526772,725221.309058031,0.8452871110824264,0.8923594829929089,-2.439627644653058,0.9511150740159305,5.657474257554125,0.25278075544995443,-4.905020997101497,2.288424694560059,5.621519895149051,20.97739164096533,-0.049474871472460574,-1.0482780725460454,2.3213929721806887,0.5325879389704518,8.69168763215405,2.4636788076689964,-1.5984346912980991,15.19104916282618,0.33856277454351913,-3.2154886055600533
