,Az,Ae,Kz,Ke,Cz,Ca,Ck,Ce,BAz,BAe,BKz,BKe,BΦZ,BΦE,Gz,Ge,∂Az/∂t (finite diff.),∂Ae/∂t (finite diff.),∂Kz/∂t (finite diff.),∂Ke/∂t (finite diff.),RGz,RKz,RGe,RKe
intensification,433297.6588213398,62182.00589387883,1831400.5842307713,237741.67205906747,8.944286927669078,0.29586548755673514,-2.8392463046713616,3.4769271610345442,5.3930424369632615,-2.013200115160963,3.939255472827342,-2.663949612151492,-24.175657159728345,-34.49041527750496,5.766474469985661,4.072752067752957,-1.8946906062219961,0.3058939351587882,-2.9583881159880963,2.0152331438569866,1.9524193720405558,-13.002684211813156,5.50015572379756,-1.636990709697427
