,Az,Ae,Kz,Ke,Cz,Ca,Ck,Ce,BAz,BAe,BKz,BKe,BΦZ,BΦE,Gz,Ge,∂Az/∂t (finite diff.),∂Ae/∂t (finite diff.),∂Kz/∂t (finite diff.),∂Ke/∂t (finite diff.),RGz,RKz,RGe,RKe
decay,525290.1660925117,199672.15769288444,1637421.259888794,356314.8089700895,-2.8241056222860736,1.3414135950595423,2.477092366103054,7.500473126829243,7.070960589813598,-0.049466337000225846,-56.77170360082809,9.508011241933676,97.83819867489501,72.98157051262285,0.9632457839179027,6.104405140693161,7.347059300443832,4.025302090647265,10.822522698657938,7.381383592182553,-1.206593316596299,67.94123955566906,10.233827959417189,-7.150008410477313
intensification,543508.5399816206,534241.019388963,2437523.023526019,1057421.7540910807,-5.971290902814035,6.903928752190161,0.8705442842235277,19.29965141501691,16.009073207661608,-4.449297644435116,-84.13259642773482,32.82474424724213,140.50371663388822,65.92527483763305,-2.8980187406429865,11.898871298058854,-4.361644977788094,5.535760497449486,25.721187041512962,5.471109685758374,-19.43808033607358,114.9545300878383,22.38078080471135,-45.78274169227715
