,Az,Ae,Kz,Ke,Cz,Ca,Ck,Ce,BAz,BAe,BKz,BKe,BΦZ,BΦE,Gz,Ge,∂Az/∂t (finite diff.),∂Ae/∂t (finite diff.),∂Kz/∂t (finite diff.),∂Ke/∂t (finite diff.),RGz,RKz,RGe,RKe
incipient,994230.0108632359,390012.0978185605,2405862.045416453,257375.30347920244,-1.259170424531271,1.4726163756500734,1.9988269726263017,0.2769198903078225,8.207734995017029,6.698125732404645,-24.830665447421868,6.451952255693577,144.44468768515992,172.43949029222148,-3.9323229080900926,-4.913963419069841,-3.941974908054981,6.881210616170769,14.214429390167641,3.217109813423115,-11.936263951953208,38.305438289494475,-1.0126116015761255,-1.5129353599519828
intensification,755924.4590342893,587857.328723319,2981310.5081241964,537594.0909919109,-10.403815214456364,6.346390328157052,-8.503047267433264,9.757474108370007,8.111558532224972,-5.2215474441546785,-33.454667503729425,4.260343046509086,218.45402873537333,184.17813742190282,-3.8518305077952326,-0.20059823314692002,-6.43595042725411,1.6215413182949645,7.580867195350395,6.691769426169208,-18.604933845778394,59.94239718096946,10.2541725426626,-15.829094996143153
mature,418906.65587381163,537770.2017226554,3051008.2103442457,986714.9639431592,-3.5020445649995247,5.483906510027928,-34.163425585251,18.15672437178408,3.191287423654707,-1.0666823751165053,-30.992947345663335,-8.786206589135318,296.0325102317368,207.64275851672014,1.8082361561800393,5.102742618995834,-2.403203399075915,-2.376997809353985,-5.7046819195080545,9.452732773946066,-3.6126288777022197,62.95373557640581,11.362502427518676,-34.08121059395369
decay,284388.1265930501,493612.7422722093,3322788.800745436,941548.1537727882,-4.171536238786915,4.246571622659264,-23.256458803537672,11.186543961680298,2.2437468274538004,-5.292914084505003,-45.0454023678834,-10.03993335926548,345.6334888828893,217.61567831038082,-0.13223866473643006,3.1595377608127713,-1.6957706427733683,-1.4973882359058928,6.818012370329964,-4.197448303464591,-3.86448208635482,79.29140978053795,10.735498187620145,-28.600517709417083
