,Az,Ae,Kz,Ke,Cz,Ca,Ck,Ce,BAz,BAe,BKz,BKe,BΦZ,BΦE,Gz,Ge,∂Az/∂t (finite diff.),∂Ae/∂t (finite diff.),∂Kz/∂t (finite diff.),∂Ke/∂t (finite diff.),RGz,RKz,RGe,RKe
intensification,498195.68134086626,93942.14140617507,2180196.741731014,333837.1021176636,4.179205324756854,1.764168814915049,-5.532942651236943,5.394927173433869,19.46255965613482,-4.135066246355395,-52.97773612855663,-4.224133692416738,13.787712944642166,-14.494252059037361,-4.77563897413173,1.1898855024654105,-3.0661923826451245,-1.141372855464705,-12.951067304853456,-3.035462502531016,-16.585377899108046,41.38040615018326,6.624451749409511,-9.739198634785089
mature,540017.2077859289,68000.01611256911,1798497.4235701198,245715.326885144,6.347671827027762,1.2889663622339351,-3.291777057609041,2.642414853235482,17.762515067306552,-2.822016099507702,-37.718556619793475,-1.7381315086455482,-0.8257168022498302,-33.01098961822337,0.12015084792080663,1.0795309175588577,2.263201544414432,-0.3593055094753478,-1.512153903845826,0.20177705303685262,-7.862675333630425,33.150507946528926,3.8161590810339012,-3.9942833491621217
decay,466297.68810472765,38772.48680158475,1258855.320362216,150383.20406992786,6.680023344261551,0.28730168088657143,-2.701244357639186,0.21094145043207352,8.743834686081797,-0.3403984674121641,-13.24080477454257,-3.1108189351818036,-32.937258225708845,-57.077647685434464,-0.09517621916234255,-0.051460591496714544,-1.137678588241806,-0.13510651882450017,-5.605736282535555,-0.9287849132681967,-2.914188249175479,3.6562895053846485,0.128931718133166,-0.7301517861576519
residual,357686.7414232718,46368.889646535885,920388.270149015,106068.87142610084,2.816830834337377,0.216086250649109,-1.868576397928542,0.31877626559238076,3.3551411317733337,-0.10234594162931844,-13.677412401623863,-0.8626116644153413,-12.795223104095795,-16.572693626167986,0.9591892121120432,0.3969608101928053,-1.6786158794092858,-0.2292922019990571,2.6856119736117336,-0.4412576840333598,-2.000839926196134,15.414769938826765,-0.024256245426467055,-1.7659986831389414
