,Az,Ae,Kz,Ke,Cz,Ca,Ck,Ce,BAz,BAe,BKz,BKe,BΦZ,BΦE,Gz,Ge,∂Az/∂t (finite diff.),∂Ae/∂t (finite diff.),∂Kz/∂t (finite diff.),∂Ke/∂t (finite diff.),RGz,RKz,RGe,RKe
incipient,1422085.2876246208,150984.7720800085,4688437.8279955415,282833.0434024153,20.75975066239829,1.6023105519800225,-2.61553401996401,10.471655597332573,18.1508693555304,6.295353098049074,-15.437956537104645,-4.502927204510528,103.33733928204994,82.64206391957094,10.233768235182973,3.6426941474672367,6.8188018220311095,0.29923334897117004,4.714321467930115,1.867257490416539,11.029993680879018,2.0080613626004795,2.873225296274645,-6.7170049223695125
intensification,1067082.0028678165,154899.90873353506,4707217.763327763,370195.6210689,1.149233643362082,1.9955255518777602,-6.140077663175749,11.80230667446679,10.059237195102082,0.1436653737729281,10.230398591429838,-4.98005508657759,102.12644981872312,87.71281787332063,1.5557303561032318,6.008327003459514,-7.2957310017570025,-0.31507573341358197,-0.336265792614032,-0.18374830652170746,-14.210209001619242,-5.575820364230202,9.34804001540252,-13.146077557586654
mature,765413.8131522952,106803.61360464043,4663270.795878285,296846.479442627,-7.334779586836365,0.9386805367623013,-0.7158941298658208,5.4681480411264225,3.2688504988048135,-1.993970896223883,47.21501711389876,1.3477711986170018,25.633996456098476,43.06512611042393,-1.5283145544267815,2.9200580168008563,-0.08097499723153323,-1.8724540643135843,2.0328960527739928,-0.2749320665607184,-9.745924546110409,-37.131447344422575,4.650984336274419,-7.806745436169963
decay,861743.7117840205,87915.23746356166,4754438.061095535,247435.05612505844,-0.9529221215211783,0.1273858500964663,0.5303496254168187,1.8671177840220814,-0.05615474265354963,1.3098812055014932,24.14822234465582,2.362997762949587,17.280520770236354,55.120097002338994,0.5223975709926062,0.24837376114833168,2.425146561649212,0.13645248744082925,2.491837471130183,-0.5620909349081857,1.6557650328780498,-21.233812377421277,0.5663032158649511,-4.261856856463035
residual,1101461.556520064,79615.48645848809,5175288.2906291615,237818.26583732307,-6.348417847830641,0.1980394058826075,-1.4074471615333088,3.0027101993766276,-4.991589283406973,-0.6049422727721677,50.2366204519404,2.954029968095864,-37.12027654485094,7.898783216300452,1.1590640615039163,3.318728191510967,8.102957672101388,-0.7265126051248552,19.926648313458834,0.08913312817436235,6.944168513560328,-22.55410712911761,2.6831004611413327,-7.2750542008314385
