,Az,Ae,Kz,Ke,Cz,Ca,Ck,Ce,BAz,BAe,BKz,BKe,BΦZ,BΦE,Gz,Ge,∂Az/∂t (finite diff.),∂Ae/∂t (finite diff.),∂Kz/∂t (finite diff.),∂Ke/∂t (finite diff.),RGz,RKz,RGe,RKe
incipient,492300.71127587825,67524.8063601928,1234908.211012607,136352.35611280263,0.2599532055422663,0.19211898580884276,-0.5823534547533908,1.551749485324695,0.5339667981655847,0.43489658977514567,-7.191061577693731,-1.8604629298153466,4.053884918410548,3.876571015390472,4.50045382029592,0.7969291251927787,7.90854371098159,2.149034920330949,-1.505294778175001,0.5081623494371329,7.826649104167116,6.008167048729855,3.0737688300716552,0.2345223391743936
intensification,549778.9021150342,70898.19604574773,1454155.8287567464,191490.7927265249,3.6659932031408786,0.4266153594185938,-1.8223913817074116,1.6279365083386372,2.2500312147153725,-0.15893377140724713,-3.758459525893177,-1.5850777438012216,0.1825530376987981,-19.845768919546547,3.048929696462912,1.0305168219006233,0.027390286618597832,-0.26262789031261896,6.678398934381292,1.0187111417513317,1.8699676344626972,8.593256638841002,1.0976270300146715,-0.8465390044934958
mature,643862.0372388131,91105.30984229526,1756380.18825946,185730.34163785374,5.527253742700844,0.018663509190308847,-1.1193714151712892,-0.41944601790861663,4.044565787197295,-0.24250636597058664,-3.4273087211485307,-3.177774907234063,-13.93889341123944,-41.96796588453295,3.1289135616788086,0.8266565497452238,2.0167003968655077,0.31549831237514864,1.0993876958862816,-2.1288844247769867,3.5180518615593663,0.11881408950525725,0.11989515124680983,0.3489650851944038
decay,659295.9094469106,88524.46065799061,1869675.1867590735,137764.9135094155,7.457127538492561,-0.33348114277531105,-1.004450091589348,-1.6391495744008948,4.395722740523469,-0.03277316512389515,-1.014534038838965,1.2993377318012753,-66.05805110272998,-86.50388031573412,1.7848475210812225,-0.43765090150185076,0.14980872148291344,-0.10706352159935713,-2.05761109462659,0.28718132478797326,2.8777323766766933,-7.495754502690839,-1.3799587881010458,-0.3774569242017553
