,Az,Ae,Kz,Ke,Cz,Ca,Ck,Ce,BAz,BAe,BKz,BKe,BΦZ,BΦE,Gz,Ge,∂Az/∂t (finite diff.),∂Ae/∂t (finite diff.),∂Kz/∂t (finite diff.),∂Ke/∂t (finite diff.),RGz,RKz,RGe,RKe
incipient,287952.155053006,81905.31491444234,660571.9183568478,302374.52455424273,3.637960623444807,0.48472683566923325,-4.44443593427919,1.4874769355233624,5.4335884140698765,-0.5072880612770728,-0.08059850808130435,-7.256657042532789,-18.02468009128229,-33.71124485859018,-0.28278793602310986,0.2813347593652849,-0.850158797487844,-0.1364003261913363,-5.255731074595399,-3.647568127153715,-2.1610597524436783,-4.368657255679713,1.3736378349398657,-2.3228239544234768
decay,290747.43727286847,49062.71393466609,975925.2380361502,109867.81603951391,0.6878115537986305,0.11584608099638294,-0.5562156854056397,0.3304716884176091,0.4448761484183863,-0.03346172014838332,4.845311348288697,0.10636875364803033,-14.223780252318845,-19.478785653347465,-0.3925604372231663,0.2849654379893523,0.16483163993704,-0.20376129175593627,2.6023755091099674,-0.3216425832037083,0.5236131263136672,-2.374531707571721,0.044326035813673156,-1.3146987106749874
intensification,299827.3140495133,24984.72842601184,1168905.8844924606,84214.4322549385,2.0688813940143658,0.15926352515218,-0.31374910319327276,0.3936161358198248,1.091296514244577,-0.22575495661300124,0.2419286572567179,0.8647091692093234,-24.63318662304265,-30.043211181292346,0.7059237958162071,0.3139923486553661,0.31159326893848766,-0.03771577072202512,-0.14102087095330534,-0.3580701231065047,1.4484416738604566,-2.1380818190311164,0.42239179655862097,-1.9301445313289263
decay 2,174146.6829402746,43993.97120246297,777903.1210926576,119682.66045381363,1.0920335465136257,0.08228214790834033,-0.3795886782533222,0.23438399350959527,1.1158597698286,-0.019114432821746755,5.3048925018161075,0.10105005139753402,-14.668119129771808,-20.098507038602733,0.15243966232644549,0.06726416344359412,-0.034418534435303974,0.037977679780070585,0.519551880446955,0.2007747399169811,0.024037390158062114,-5.497785489629455,0.20919395820307216,-0.5142479832434704
