,Az,Ae,Kz,Ke,Cz,Ca,Ck,Ce,BAz,BAe,BKz,BKe,BΦZ,BΦE,Gz,Ge,∂Az/∂t (finite diff.),∂Ae/∂t (finite diff.),∂Kz/∂t (finite diff.),∂Ke/∂t (finite diff.),RGz,RKz,RGe,RKe
intensification,241160.30465440752,94592.3753467285,1526352.7025693643,213430.00181928385,-1.798897911851837,-0.27391251621088614,2.6666063593141494,0.7721962760127362,-3.8003587001636454,1.646974592295602,13.287355988000535,13.897561152333331,-58.0124206093657,-16.60397326708977,0.21940816983167158,-1.2590111321850987,1.0418866171770962,1.0827660187717594,6.481843857135218,5.377660842970052,2.7694348892780183,-7.673220578327629,0.48190021869977956,-6.625490226061866
mature,229873.49806616647,169325.47387387513,1923161.3596483218,525981.4275786009,0.24870369479976656,-1.197577182617685,4.713476454584315,-5.044001976390666,-3.6817739628282373,6.944327645126,31.538262346033264,20.990863362163278,-108.6236492229254,-96.65253643304541,-0.1817847934412998,-2.6833461733171,-1.908814077069466,4.598797471335624,12.619981588556334,13.051158760416179,0.8240863979408528,-23.880460906861018,-6.191954967563357,1.8177738292278818
decay,139011.20894084,435262.1420045073,1767430.1219404798,742737.0714055648,0.0058060449342470346,-2.1846614884315874,-8.485603791267975,-5.781385534664572,-6.443944739428874,7.48086478958633,25.283355278827052,-11.662681548070752,-97.26541631363978,-81.17207262716474,-0.20753773155647753,-1.0026486239545762,-0.9056165924740116,2.377659511030594,-4.0469916150948855,-1.7565640449146815,3.3594727034575227,-20.85054914758821,-8.699929324788721,7.201899246552666
