,Az,Ae,Kz,Ke,Cz,Ca,Ck,Ce,BAz,BAe,BKz,BKe,BΦZ,BΦE,Gz,Ge,∂Az/∂t (finite diff.),∂Ae/∂t (finite diff.),∂Kz/∂t (finite diff.),∂Ke/∂t (finite diff.),RGz,RKz,RGe,RKe
incipient,1025487.072136198,81132.29350628173,2992677.1512928447,285841.4614856953,-0.5628813886060374,1.1534134613486118,-6.0371897751798995,5.768008208838187,6.072611749033266,-0.5519543446198965,-22.15606635267722,6.566880507391591,-24.694286479562315,-55.96957426965759,-1.168039382892197,2.074467113088394,-0.44115983212457915,-0.5745584359849464,-9.619164239667441,-0.6871378224624961,-5.923239508415271,19.136973276795715,4.591990656124526,-19.059216313872174
intensification,1226105.024659355,222693.54374124052,2383139.3310485724,868316.5490082094,-4.582845473785943,6.646940186939715,-26.205877986720527,14.743470605356729,19.02508777938762,-4.50102747823529,-37.33793223310107,15.816715000247964,9.078157052239275,-55.21368862801967,-7.466757340373078,4.0442609753592516,-1.6689283751247554,1.7170913654337454,-4.292639397908564,8.450840344578832,-18.6299214413586,63.83401629569897,14.314649262086046,-48.31522324774639
mature,472184.3699153547,385099.69421303365,1815763.6447007596,2098761.7716942388,-9.110619903209724,8.6721305649112,-28.246572300674583,22.79485509362111,16.27242116772508,-8.317502562737797,-50.16230490008717,24.957628568202075,120.81595263332241,92.00315753172767,-7.2653359769729455,6.62430707095285,-4.7731623644160965,-0.4968910291464036,-0.8772590352082508,0.8059943100456617,-21.484072870439704,86.64223806876322,21.943336062301302,-75.19306165245212
decay,382131.2538897947,170146.7779425657,1937680.3715705061,803246.8236935607,-1.7252044419953894,1.9243829584954344,-16.412469565974927,3.895954070229729,2.9314213913688962,-2.1883514534525563,-10.405090210696386,-9.19135639583205,43.8152952897802,13.226094613051457,-1.4852849470334526,0.3426947374876243,1.1600359180670363,-0.5935255507556868,2.3776344577982402,-3.5241733916669924,-1.5722069568018164,30.920398676464956,3.5663970144311645,-14.641240632039601
