,Az,Ae,Kz,Ke,Cz,Ca,Ck,Ce,BAz,BAe,BKz,BKe,BΦZ,BΦE,Gz,Ge,∂Az/∂t (finite diff.),∂Ae/∂t (finite diff.),∂Kz/∂t (finite diff.),∂Ke/∂t (finite diff.),RGz,RKz,RGe,RKe
intensification,613452.0312738061,47839.20514197481,2375772.749848121,95772.34373147937,-0.2779156037977798,0.4694443952397411,-1.1115417441464506,0.9598870444879375,4.913325685853445,0.5369560744425614,-2.078874073580844,0.053016361049827654,-20.774215174502917,-43.95624153227802,-2.9621933186706237,-0.500558799416904,1.3301257685274288,-0.2602071443802259,8.513943775272308,-0.2991337248880255,-3.3916711258840544,11.98227519679738,-0.30672056957459054,-2.4235788745722413
mature,686810.1318264275,52336.637685222566,2802721.5421913657,113089.5587686406,0.5461236734578847,0.36314707699378584,-1.873209493783333,0.6628003055770869,2.8178757570488324,0.6593205556691248,-0.3766937452868464,3.401639251893263,-95.62548098980892,-165.87548971849543,-2.6382293537431822,-0.5586634454509114,2.0400600899316133,0.46556705895542727,18.058108952570915,2.015005748250243,0.1314550833344521,19.761888518183213,0.10589973186960344,-3.92264330300344
decay,1136726.259566518,72655.32574673777,3670447.759192999,230284.06574348116,14.879428656345576,0.46578484492460004,-7.853511551733778,0.2138006346404652,11.743694915126257,1.8748276293375414,-21.703756197223818,-0.26274407010185097,-117.29848904690476,-237.4789317918689,4.371985878111671,0.5021164334629623,10.675813783757802,0.4468410553734976,14.534735003150047,3.3401514564609704,14.277332369901721,29.21257409576206,-1.6799707842481786,-4.464416659811421
