,Az,Ae,Kz,Ke,Cz,Ca,Ck,Ce,BAz,BAe,BKz,BKe,BΦZ,BΦE,Gz,Ge,∂Az/∂t (finite diff.),∂Ae/∂t (finite diff.),∂Kz/∂t (finite diff.),∂Ke/∂t (finite diff.),RGz,RKz,RGe,RKe
intensification,440595.49143750576,139916.94984517715,1969037.8579972347,661995.0368403777,3.00416259069453,1.0722682702022597,-17.10633123820078,3.266927933346716,5.556628923796262,-0.22553962043723175,-9.79616387224697,-6.822617138658132,22.348588333257965,-44.190991530896056,-0.30282357453785985,0.951733051024736,0.6234602656087774,-0.07982615190306684,1.4524029484488372,0.4119110555077343,-0.856737797290695,25.350735468202064,2.340373131678622,-13.13873097738163
mature,322906.40610425634,65626.26360426594,1403785.4512247292,468328.7219310537,1.5488533777978752,1.1262886576889821,-15.33026872498939,2.398233176775079,3.361097908443523,-2.125493255715332,0.012775801844761708,-6.656595831367892,7.441013042095342,-15.928456627664918,0.1056789307016398,1.1828435901707424,-1.4678540120097594,0.006612700562611609,-5.491006386562368,0.4902076417503898,-2.153809884966424,8.277633158784388,3.4040504753640404,-10.58169842864619
decay,275440.09166500735,93707.40983402314,1468728.4009379325,442833.9723593086,4.96199062689163,-0.3484428492191859,-13.460078482283372,-2.307415641194471,2.131632187058818,-0.576026343192667,3.3285846873711717,-7.43931471326741,-26.690377640907588,-54.77984358444186,0.9573600117166476,-0.22713952761161937,0.15072521885964163,-0.022626376095503786,0.11150075004150112,-0.6684763022738288,2.6326408094732674,5.281003918062074,-1.405572824878121,-4.381824430095323
