,Az,Ae,Kz,Ke,Cz,Ca,Ck,Ce,BAz,BAe,BKz,BKe,BΦZ,BΦE,Gz,Ge,∂Az/∂t (finite diff.),∂Ae/∂t (finite diff.),∂Kz/∂t (finite diff.),∂Ke/∂t (finite diff.),RGz,RKz,RGe,RKe
incipient,1220472.3438241847,315972.3971252326,3216401.4232982653,408312.39951877773,-4.726729115401901,1.1326776598642447,-13.532054057214669,-2.014894872971496,-0.7876224200829028,2.1520530297281386,14.709128162780656,-11.722524271717973,70.15987544883308,-12.680026251007583,-5.224996093983934,-4.119447866559315,-1.3779922877438882,-0.07151518881304125,-4.397283125714285,-2.078925630995006,-4.184421323198642,-0.8476281158783738,-5.37114075137692,-1.8735605435202052
intensification,624796.4193772755,288340.8023126418,3232633.48584045,562318.3227494466,-2.6055382032021495,2.582007525492909,-21.0961084900704,6.834083741829428,3.737452409653977,-2.567580222991415,-10.190596324630569,-5.695207432760855,65.40337318580221,-15.856874777359435,-5.754821488958812,1.4979935270460942,-5.434713550249298,-0.6787750381361725,3.6573380874599324,2.836862113990168,-9.195696637612516,37.549581105363046,6.140881401191762,-19.398122685148802
mature,652362.3101535981,217678.26730995136,3812435.174503796,505440.7460045048,-2.1390849718108593,1.4686789619358942,-12.809098257086097,4.2185080800813495,3.0771373497797416,-2.332040606798748,-17.464038601529968,-4.68008203121169,3.532821658580051,-60.65077954154116,-2.7942800090387685,1.6941610296752927,6.328828099831518,-2.0938843557138354,8.15754267755583,-6.054701158732887,2.581284740176811,40.56976450798275,2.9879853692303673,-18.402225464688645
decay,631429.4613085266,62472.41463492699,3585040.03297874,240803.68448687447,3.2469957739569537,0.5763094493266645,-5.678019832495949,0.2608283481277531,2.206532747648058,-0.9979589516162727,-2.3179513905557485,-0.6735217424464662,6.426342675251536,-35.2457706283431,-0.4294279968264426,0.1824617687907197,-2.1315360200970965,-0.12315305137162867,-9.880970414884528,-0.2634381083262047,-0.5147635444615356,-5.131994965789786,0.559324799045733,-5.52876454650344
