,Az,Ae,Kz,Ke,Cz,Ca,Ck,Ce,BAz,BAe,BKz,BKe,BΦZ,BΦE,Gz,Ge,∂Az/∂t (finite diff.),∂Ae/∂t (finite diff.),∂Kz/∂t (finite diff.),∂Ke/∂t (finite diff.),RGz,RKz,RGe,RKe
incipient,925630.599651746,61261.90639685804,2937503.715295512,151237.65206502663,1.3882978788366236,0.4092630374861005,-0.8594624840583089,0.45842873003461737,3.835756566453651,-0.1423659091852368,-7.824162714500638,0.17414378189810675,-25.393233853418764,-74.26258907344052,0.36154605709953685,-1.3254008458371311,-1.1105132170204404,-0.1778422753765985,3.054173557200939,0.7374836112238476,-3.148708867151367,10.349500876923262,0.013689326357155203,-0.7545513847671855
intensification,792509.8056426119,99181.37811204151,2561816.5777144483,713713.0182506979,5.326597992507073,1.5095024520252436,-13.930643526588579,7.416030228099087,4.461632228975843,-2.6655618373514334,-19.079347418969963,5.827242139826325,-53.58403926746255,-110.67435533635688,2.434117963414588,6.607196867061031,-2.261300555758451,0.302634773652787,-4.709460976363657,5.180955323592152,0.11316765979802285,22.97393197668781,8.874724387078066,-21.99296057092183
mature,319723.0499731176,96965.21420403579,1646193.905102182,1089688.7819898478,-5.325420534258106,2.387161390698291,-17.226833134233154,4.801799627121442,1.3837505544111197,-4.640815036812969,-7.09513299140832,-2.6371989707321886,62.28786899725565,39.79225210356781,-3.1717165236419147,1.6558600587277101,-0.6591742188165424,-0.3955500238505131,-4.895343913303379,-3.013861732691831,-4.981183916787477,24.7520427465962,6.659903249385607,-22.405295523314237
decay,243376.50310070676,86996.18026705044,1999802.1616268398,265285.27265012,-0.1816295134766584,0.013470871279693972,1.5321484539655161,0.2680200608637441,-1.0665704006535124,-0.3134067483166109,2.3868681769269178,1.4638933461363965,-31.945764782633248,-18.88181407828172,-0.23705662025034271,0.18800909627440232,-0.09600912267082348,0.08690985595794282,2.4277569697157855,-0.4478468859197279,0.8024026357857252,-1.3096301476999916,0.654865793858604,-0.6476118389543515
