,Az,Ae,Kz,Ke,Cz,Ca,Ck,Ce,BAz,BAe,BKz,BKe,BΦZ,BΦE,Gz,Ge,∂Az/∂t (finite diff.),∂Ae/∂t (finite diff.),∂Kz/∂t (finite diff.),∂Ke/∂t (finite diff.),RGz,RKz,RGe,RKe
incipient,320129.6288944222,156861.64004363824,3730680.9511296675,575756.8345838118,-2.0246188853761957,0.29767541710493844,9.46103560051298,1.4858786128641328,3.234130154149339,4.519277812686684,45.14253341045387,12.611231433898112,-108.69848591224667,-135.35454542363516,-3.20882840511635,-2.298155518126915,2.7769338719142613,1.7798156707728636,-3.6473464711319394,-1.9855361838546215,-2.1841397505063345,-56.2262965967226,-1.5512589461546258,-6.621610630103886
intensification,302040.83628000435,221903.00566014688,3461697.216080323,545472.8371099023,-2.545398271892565,1.2122381177124324,6.724491981089491,5.486660779334364,3.6303980492886296,-0.3811294726111185,30.897012962392772,11.73928965105828,4.93363280153284,-16.016279557885603,-1.2117659106840104,4.9243736060868795,0.03857131273263881,1.0622951905998839,-1.7583420514173433,-0.4440391867746474,-4.9249868907361245,-36.83444872300704,5.717847324832934,-10.9454976360778
mature,344005.4261537759,215761.17331376686,3325229.871420918,553182.3816529089,-0.23974361633092622,0.9467007494975015,4.57255366317268,3.328366896635164,4.558823611823139,-3.403778604579408,13.953868590299695,12.823306295129195,64.45968668818554,48.08928312088017,0.07583391473605683,2.8942247280038713,3.2679563666429723,-2.6708361741037407,-9.193283418739103,0.07682987274934994,-0.5839101120135921,-27.479962055880552,3.114608577613329,-11.502289655842329
decay,470158.21302160685,161212.88239392024,3361980.9019289827,308001.18401667476,2.83401249694631,0.2260737288097661,2.363449772761626,2.3513460804903135,3.649430456578424,-2.4775921788225745,4.391428168737276,0.4103127611544154,22.29536005969143,-14.22700420125889,0.9886488353351743,1.996704999881777,2.1980662881142585,-1.2045427943888525,-5.716956891430286,-4.006435867782679,1.6087220572919092,-15.3058473298755,3.398321736114269,-4.404644936665782
