,Az,Ae,Kz,Ke,Cz,Ca,Ck,Ce,BAz,BAe,BKz,BKe,BΦZ,BΦE,Gz,Ge,∂Az/∂t (finite diff.),∂Ae/∂t (finite diff.),∂Kz/∂t (finite diff.),∂Ke/∂t (finite diff.),RGz,RKz,RGe,RKe
incipient,184935.93812388563,101396.53268001834,870245.628738228,276259.61123267806,0.20635911516863065,0.5495173343204505,-3.378474054378262,3.8710767213676136,1.7679489353634286,-0.8044328673898579,-9.501368043724394,-3.1571634540238422,25.96075332513057,19.059562024862693,-0.18329150552022297,3.2643429960466825,0.28554997650622144,-0.16062754168411333,2.1057477825267297,1.2931302960313722,-0.7265225093681259,14.779230765460754,3.9653647127529084,-2.799257025690661
intensification,569552.1889916202,86176.06263172415,1578095.5561455798,316448.3458591281,0.916043145078936,1.0653433922002826,-7.460289701454275,3.6949850466146694,4.4569375993819085,-0.1915349126806493,-12.868704604901602,-3.8520919896641517,34.823067094973524,2.918756692585694,-2.1265083827496007,2.02748075448013,1.918186343463831,0.20412684471531103,4.158762866921865,0.43014650697672363,-0.5573647186388598,23.571714028198798,3.0253034118103472,-6.873036251428069
mature,567384.8190979541,153066.22597264918,2251550.178780914,463462.6197356202,-3.3084983572209885,2.3689800557366016,-10.488263224593926,6.754268252520226,2.3719361237747822,0.233861482411719,7.94294336385162,-3.2698104427367203,46.15304583855786,-17.612277119716442,-3.8691333648683166,2.194719235450774,-3.507182240843031,-0.01692896514488192,1.9611927323290932,0.18686406563402555,-6.818636666102199,7.815010950292388,4.134497749227022,-13.785856968743406
decay,296295.2587980972,88799.37396967673,1701700.6471553738,350665.1482698429,1.58788972792036,-0.2013677810690394,-4.061027325370426,-1.5187714492066464,-0.06998713124100107,-0.6712706223858788,8.557063392664881,2.0001543902442367,-18.02161621613669,-26.562236504053086,0.8136716334413758,-0.9074489106556267,-0.5306088428634246,-0.3281009025908962,-3.43583241005182,-0.8334544504413953,0.9259002352288965,-9.519758205266632,-0.9742339483426247,-5.375864716849413
