,Az,Ae,Kz,Ke,Cz,Ca,Ck,Ce,BAz,BAe,BKz,BKe,BΦZ,BΦE,Gz,Ge,∂Az/∂t (finite diff.),∂Ae/∂t (finite diff.),∂Kz/∂t (finite diff.),∂Ke/∂t (finite diff.),RGz,RKz,RGe,RKe
incipient,492319.0535724337,73187.12448491377,1611067.7333106364,205781.4939647398,8.708832060280786,1.3025767958943955,-4.531738710054588,2.9117395334422245,7.522484801123558,-1.8811587565542571,-25.488809192755596,-3.8347168682520243,1.085648916914664,-11.794015199045033,5.331213769372209,2.1982887241986777,1.3606992615161855,0.5080354239521626,-3.028842359347903,1.0319204916219693,3.849623316567807,18.282873483181497,3.998356918054249,-2.576840883622819
intensification,289417.563788507,86494.76422794716,1235844.4010880175,320124.16747981624,2.830729821006835,0.5298371425024201,-0.9620725604004732,2.7981884155483754,1.4520248423208109,-0.46225496508214176,-12.477098456603922,1.4390853615930401,45.04930009123001,61.86033958013117,1.5327483161538953,1.740512363708255,-0.6350703195967,-0.07774762905766493,1.4144882937705,-0.10008155221017753,1.273471801591747,12.022929489768055,2.6528586090704316,-5.299427889752067
mature,232471.5142929688,55161.94378739971,2333086.838851134,209999.06807493547,-0.6613957330856297,-0.015396265983546388,2.5052034511779957,0.6933584282373388,0.5167766116991542,0.03504768802982251,30.917197035631187,1.8287981184897255,-18.939439972128852,42.92550065596059,-1.2013477605371001,0.591067163899503,-0.33121743562417216,-0.4300940891063525,4.4562061147737895,-0.6308866328821451,-1.5247860463925025,-28.304798638949762,0.24361291708471036,-0.6478397284312137
decay,186871.88004819056,44919.2779369674,2349140.259312897,150510.51445474126,0.8628129896788935,-0.11804626311599442,1.2409477516605343,-0.15778252301614235,0.2879355060720206,0.14060542741505835,28.74325408943804,0.7136768771251014,26.4306790915123,22.1853259640558,0.044628047197283305,0.6363041493870025,-0.7111277482739793,0.7013385139353476,-4.076345812464979,-0.6048544478545201,-0.25429652778310075,-34.923360643242454,0.5209968266201414,0.08019894969705493
