,Az,Ae,Kz,Ke,Cz,Ca,Ck,Ce,BAz,BAe,BKz,BKe,BΦZ,BΦE,Gz,Ge,∂Az/∂t (finite diff.),∂Ae/∂t (finite diff.),∂Kz/∂t (finite diff.),∂Ke/∂t (finite diff.),RGz,RKz,RGe,RKe
incipient,433655.7369973643,170830.165325835,1594489.6663776576,921383.5827323901,1.8585288949259906,1.679121233464259,2.271912587508078,15.998766363143982,-0.03813710484147165,-2.4113774909573635,-31.220573111803667,27.1266741954382,15.045605411989369,24.821388077391397,5.929509615026463,9.233440394248662,-4.873887833021492,-0.004045173249889095,-2.8773967092805943,6.44110447898394,-1.298100599789771,24.212734920089005,16.726977447387195,-34.41242349209016
intensification,251118.79106115803,160168.93926309407,1763398.320851818,846426.8360396717,-2.504521308334034,1.5848955416859287,4.13735471929378,9.624321493657757,-1.4295188764066875,-1.7252474910190028,-13.335951643862513,15.374900898876717,30.062335717036813,51.555740112093495,1.2334625939385422,6.316786361571587,-3.2012579816841704,-0.3638258344855985,9.978966873217397,-5.817852046904445,-2.691364871925589,21.682085106120166,9.40084760850523,-26.679719720145133
mature,169479.89790762705,119137.00914714237,2399368.6631946242,439643.5699921511,-1.4457867952075467,0.37272510850106394,3.255615868839245,4.527590894661398,-3.4292576116623983,-1.6943173617314855,-7.0052146967252655,-0.09797681348770675,83.392007290462,89.03105297777252,0.8837130423108316,3.249214065017797,0.6115318447481435,-1.9541810513955682,10.20784405004383,-8.411335820446718,2.967727769704059,15.403229673137394,3.895002096496252,-9.585334032781164
decay,270315.44570787385,49866.49785333657,2827143.3641960486,327361.5667988454,-4.618489979807394,0.14955471196934592,-2.387064050731895,0.908160224795907,-4.453494572669615,0.6970716496148129,-24.183441300044908,1.0530807176220227,158.57554422170574,203.1184002290158,-0.6972971759428844,0.31481408499099334,1.9031182641815747,0.11530018932991497,10.129273892456839,-0.41093838291882284,1.8876775690131409,41.318269223041035,0.17683405254166307,-4.759243376068648
