,Az,Ae,Kz,Ke,Cz,Ca,Ck,Ce,BAz,BAe,BKz,BKe,BΦZ,BΦE,Gz,Ge,∂Az/∂t (finite diff.),∂Ae/∂t (finite diff.),∂Kz/∂t (finite diff.),∂Ke/∂t (finite diff.),RGz,RKz,RGe,RKe
intensification,315784.9468011375,127810.25274536012,1255179.34665469,407962.4614322469,-0.7568565367275267,2.081218471098024,-16.74254609361337,1.6552807028149301,3.339454097120663,-3.5058664256451757,-2.18131777175877,-9.597215456479107,68.42116512143839,59.27290255366344,-0.7344630788145192,-0.6528943511144182,-0.7499702015631176,-0.3537540514882602,-0.3257277021720217,-0.5372907550937057,-2.7650623643132826,19.35499269992764,2.726174605873822,-9.337902095042898
mature,306357.87437626655,100348.84117868863,1260450.5836732385,371830.4219910137,-0.6328601849524639,1.7235148446920978,-14.518960183177906,1.8422218345453703,3.6134688857425807,-2.92153345823746,-8.638492502065052,-10.584150419250317,65.2850955365783,59.724718305182066,-0.4399861141799172,-0.2306519884985831,-0.29737841683036637,-0.6401720044179042,1.9980432824237235,-1.2124750442126038,-2.820192642833313,25.788356152619144,2.4000684436728283,-6.989506642685562
decay,360782.5877048105,111554.85064660833,929042.3432664011,446145.14898240165,1.2145706530950984,0.7231420259370687,-14.070713448064891,0.6813106200969691,1.2072678901980916,-0.6972365804568591,-8.550753049467431,-12.926778144005661,38.38778961077526,25.991670631984967,-0.15895365475630474,0.010515180604484762,-0.2904783603317886,0.032407306713205394,-2.599606096300811,-0.5013390331667931,0.4399664285022873,18.807289748136416,0.6878124813299646,-2.3265849573229933
