,Az,Ae,Kz,Ke,Cz,Ca,Ck,Ce,BAz,BAe,BKz,BKe,BΦZ,BΦE,Gz,Ge,∂Az/∂t (finite diff.),∂Ae/∂t (finite diff.),∂Kz/∂t (finite diff.),∂Ke/∂t (finite diff.),RGz,RKz,RGe,RKe
incipient,408341.5597813206,108764.46485954459,1606886.3405814252,281033.195067414,0.3321385576758814,-1.3701064244368524,-2.067491723113656,-4.352568943654364,-5.794264121750454,1.0078360252128589,19.714390198351907,-2.806199518979922,-39.82086857953027,-54.972107950963796,0.5765134011078392,-3.3226815764121507,-0.33790734950445356,-0.4458241188064648,0.6380102268031597,-1.5388345554080165,4.418388905485029,-17.34102680611097,-4.436122663236835,3.552442184112614
intensification,521060.6848801321,53859.796507798645,1627383.866196121,220649.70737892223,0.5468888774295837,-0.10117144768642104,-3.6389409181425596,-0.3027589207093763,0.2826637266081717,0.32620596591571627,2.360822323865663,-0.6304806166560316,-33.4321949084955,-52.174623038314124,0.11573250647766652,-0.57582794191484,1.1742130096281869,-0.4677435352678664,-0.6428589103973187,0.3409125415403104,1.3372667127631779,0.0883708064499945,-0.9955369742065379,-2.3647888392368412
mature,550808.8798287915,57095.450111498714,1430989.1403910564,372500.41796551406,3.219401593168829,1.060802153934367,-12.189281214221625,2.8164095464882273,5.2900896752979465,-1.1476223881401388,-17.153562796549682,-4.076442613484219,7.025961033016761,-34.82426508758726,-0.5316211009217766,2.1828279281700333,-0.18830399807381235,0.3736013929329161,-3.3799743493607877,2.0643524419449792,-1.1981899262685631,22.743468068241686,3.276831173626915,-8.864895705280652
decay,360046.1503653719,56157.44579482681,893769.5198633358,253303.59493947544,4.913237738753709,0.7139334043322632,-7.304316656883756,1.4761733906488883,3.9217931507608466,-0.8413493134113064,-12.00412749868218,-6.595194611978211,16.927210968272476,-2.6999163460084556,0.801592580825081,0.6984430281615902,-1.5992654739390704,-0.06567957867379683,-3.2751741050615837,-1.4141924480824384,0.10611251838605588,11.120032311750647,1.5379097210541344,-3.5994878836368716
