,Az,Ae,Kz,Ke,Cz,Ca,Ck,Ce,BAz,BAe,BKz,BKe,BΦZ,BΦE,Gz,Ge,∂Az/∂t (finite diff.),∂Ae/∂t (finite diff.),∂Kz/∂t (finite diff.),∂Ke/∂t (finite diff.),RGz,RKz,RGe,RKe
incipient,1105403.0136592616,300739.9101401412,6742086.814499199,295391.7885292477,-5.00777158724081,3.024667371689176,-5.9009274649140595,10.083354000953126,5.7138799027526295,1.2289257601797299,-69.17609094850536,2.1956352452710575,354.1858109062981,238.09450321830764,-3.7811248151922996,-2.8886936552659184,3.355050502217267,-2.374400947411759,49.713195571020194,1.0626546589514656,-4.3419336160869975,129.7979855716804,3.4553599216724615,-17.117262052186778
intensification,1291538.7333251336,226328.40117789645,8017807.706581879,345222.919652558,15.40070758952701,1.998577512753097,-11.184978998455463,7.186814188635776,17.375031588444816,3.373021948392421,-33.13662767993492,-0.8565648754378373,181.80649064379404,64.60265673467873,3.2229110453762093,-0.3357535199474706,1.3442752313162418,-0.4215618176464982,5.45823668574284,2.580679534050966,1.3685287451515327,34.37913577460621,1.3936529098437602,-14.934548777602437
mature,1453875.0537509248,168287.55387934402,8685422.197748521,418713.076381247,2.019203254328369,2.7913893879165825,-14.202932888480635,13.432754141700807,6.117292353486997,-9.145740527034164,-54.386694679675905,-8.614257141966196,155.93205495304824,9.436331555691922,-0.2202631850487444,7.672290000849583,6.652543908637114,-3.331251070615046,24.458447843418213,-8.34259200825952,5.345844197395069,91.02887215724638,16.45585421020334,-27.364021896474767
decay,1587059.5840116125,96920.5987227324,9368360.769851224,218978.09439443605,-10.68586518770293,1.7865221297516185,-6.517732527591182,4.119625184785378,-7.107250940862789,-4.558349497748103,-69.68149466035564,-0.9360162520058664,238.8236406575134,105.43027553062981,-5.4890783499289935,2.2444325061434776,3.1966297367456398,-1.4392102394538417,13.143559362331699,-4.162795352766634,1.4045376196571167,100.02865173798145,5.45224231332802,-13.864136813137328
