,Az,Ae,Kz,Ke,Cz,Ca,Ck,Ce,BAz,BAe,BKz,BKe,BΦZ,BΦE,Gz,Ge,∂Az/∂t (finite diff.),∂Ae/∂t (finite diff.),∂Kz/∂t (finite diff.),∂Ke/∂t (finite diff.),RGz,RKz,RGe,RKe
incipient,353972.73402917944,57467.50189178004,551631.4021720508,146411.48627312167,6.6967067635239,0.24844214106478762,-0.5572032965083628,0.7505295256525987,2.3108918145576767,-0.5093009035844251,-4.483368784455518,0.9062176531639508,-12.241864947364423,-9.855138025867348,4.403759522484953,0.7462311498321128,-1.374385643300021,0.22982222321337412,-0.8157592353242547,0.24971637214041875,3.2598714467309895,-2.471893917884275,1.2412105113856102,-1.9642341031844937
intensification,188987.31181627422,56483.753433598016,461633.5964833532,276198.19184675044,1.7390180251870777,-0.027571786016160477,0.11514651203503537,1.096825458987856,0.21126419063306584,-0.0856367638928675,-3.3728041738474284,2.575728612607524,-1.3853774202035023,0.9622194128966628,0.6833983881915984,1.0743259634541824,-0.8607591063903957,-0.051658329628038846,0.27398272287420933,0.11878912239335862,0.6394229421474555,1.7926223594995243,1.1583756792688453,-3.438618437166986
mature,103185.4352992164,60357.53375481007,434284.77426614426,297672.7432702318,1.848745980134392,0.3068533667957684,-1.772386376662261,2.2416497706648477,0.5631617728635863,-0.5441767738063493,-2.2197614496253855,1.7410428459996512,3.509642188341173,2.3260083632176705,1.6241026271784746,1.8598818051564272,-0.5916501713903584,0.02316909194685636,-2.248473939954391,2.2390054832094943,1.0007874026762158,-0.10507209380113697,2.502142269622284,-3.516073510117265
decay,105744.6976172613,46630.192984545836,1251056.0473635923,231686.55833669243,0.26642588144553914,-0.011720922933525056,0.5431289616186186,-0.23723738050271378,-0.10399592293136238,-0.8309233134833127,-4.027991827990691,0.4259321687192824,40.08796098625665,45.179135195313265,0.06236660884548956,0.34896878410544874,0.21946291467643633,0.14562889641197835,11.999402285407902,-1.0853355698619611,0.5781637961198127,15.217839270334435,0.7510357523261023,-0.7309013964599115
