,Az,Ae,Kz,Ke,Cz,Ca,Ck,Ce,BAz,BAe,BKz,BKe,BΦZ,BΦE,Gz,Ge,∂Az/∂t (finite diff.),∂Ae/∂t (finite diff.),∂Kz/∂t (finite diff.),∂Ke/∂t (finite diff.),RGz,RKz,RGe,RKe
incipient,719125.3036441079,127070.28649768796,5428518.6832773,172791.40093457213,-5.871063783162514,-0.19481781780321472,5.459758336154021,1.6566254665491695,12.123020081293195,2.9835495724017718,109.63543743885234,-0.050812363415471,213.77153723290013,253.34488394138916,-2.177843302448898,0.5828931618556843,0.08636916975163489,0.2949310774084607,15.276403245996539,1.2785055744228107,-18.10253251250728,-93.9477287458473,-0.8371752106409271,5.132450807443133
intensification,362791.3596879444,132677.3941661466,3468039.2050835127,223981.04539077784,-1.9625722241519505,0.06840479236164934,3.391177698260865,4.047197344391625,1.1276743540783118,2.951734720043095,56.307467444305836,-4.053937748595748,105.27017431773584,99.26889965506516,-0.474786930198195,1.8094563044603427,-4.684220720006318,-0.9711252073108122,-35.56478596414899,-0.731380028948143,-7.706062505874934,-93.30085888256374,0.055932624676067876,2.6665380735168465
mature,229553.962598356,32561.004197295704,1625713.5847881455,127733.42970126471,-0.6562314857000726,0.025673311250239975,3.692977293940405,0.5558480174778622,-2.308205529760336,0.7262929093718837,16.750957122100946,1.1069279732843649,27.941180956045656,9.42769314714972,-0.0009675289850044899,-0.753557200470957,-0.6018177977911674,-0.03380257643005466,-9.18321045526949,0.061590787137801944,1.0758295575193366,-28.97091338561077,-0.22992077957431623,2.0917920903159803
decay,155775.67037631883,35339.300159973674,1326342.1974014386,122676.24706045404,-2.480416320792131,0.028371515603324113,3.597457903112705,-0.1690469305594529,-3.5358649316755306,0.5047675258592921,1.0512253151812,1.0915961621620798,-26.834896249899078,-39.429576355937066,-0.12178138587632209,-0.6133069658966089,0.2053499330234004,-0.03769234190205775,-3.6027039185551826,-0.5493262279306507,1.2891700595101243,-5.7709708160569555,-0.7398783139241268,2.1255824435794275
