,Az,Ae,Kz,Ke,Cz,Ca,Ck,Ce,BAz,BAe,BKz,BKe,BΦZ,BΦE,Gz,Ge,∂Az/∂t (finite diff.),∂Ae/∂t (finite diff.),∂Kz/∂t (finite diff.),∂Ke/∂t (finite diff.),RGz,RKz,RGe,RKe
incipient,879177.304386452,104335.85078052478,4386647.556941335,382019.77223909885,-2.510183336500676,1.0823769465928603,-3.9546507752743594,1.4613410000747162,3.1925016071258576,-0.9798053871104365,-42.564123900235494,2.1079764039886486,110.58312912196122,71.7855306123054,-0.6939744497346365,0.045649626834127766,4.502067497960023,0.549199694603831,46.61508403026826,-1.8935848708903107,-0.11824049907365068,95.64404204227878,1.907969135196124,-9.417553050228035
intensification,877285.3467627083,296383.61173867696,7586675.825766172,294492.97019394755,-11.360432553147907,0.717607540224226,-3.0335041858164415,7.308916241173563,-7.180508296494481,9.63971310835325,-16.854716765008792,-3.602711452351819,446.96745553564057,439.9921498814514,-5.541558662813966,3.1874349714980883,1.001967585803487,0.8833686348755351,11.899325342991977,0.5772680555687054,-2.4603491306257137,43.14797884696514,-2.1650357725283804,-6.162440919069479
mature,1106878.149246493,209048.08371044125,7018532.525309508,316281.45344988554,5.697083068425037,1.4115411340535915,-13.705050936168679,6.18476809250465,2.0755575631185126,-2.086800973792121,-36.309530889478,-7.390923026467178,410.7457361952694,350.5321522072906,-3.3114524651043613,1.5578732957798982,0.03598903283771504,-2.628095529385874,-7.262766661094942,-2.6607835241137554,5.06905567219783,37.0547320961267,4.231932402857305,-15.159679526319907
decay,1314878.8456322371,77722.39536526806,7866731.6822382575,245379.5758184532,9.682395609542281,0.5001471017345853,-10.547233813694087,-0.1298415627964465,11.181108737053247,-3.8194808389575874,-22.919913052460572,0.6186697742774285,226.20535345842367,129.11010608945136,1.0843477897997815,1.3545450880690972,7.283164957502485,-0.7085890044114308,14.978683100351487,2.450455081626313,6.284598931726107,38.76343435696386,2.480903170015124,-8.585606943548754
