,Az,Ae,Kz,Ke,Cz,Ca,Ck,Ce,BAz,BAe,BKz,BKe,BΦZ,BΦE,Gz,Ge,∂Az/∂t (finite diff.),∂Ae/∂t (finite diff.),∂Kz/∂t (finite diff.),∂Ke/∂t (finite diff.),RGz,RKz,RGe,RKe
intensification,496833.6770399245,137423.8300220518,1896048.2315100927,242348.6959186393,-3.854382257244536,0.9077532652184152,2.367173084672863,4.26494833335338,8.777565289037112,1.0545571813649188,10.301347916734965,3.0965615679266256,12.620309522157966,22.7283319665989,-2.350382496138693,1.8599827586992816,3.9572319542420353,0.6692886997006124,12.195161235151788,0.46441589324974114,-7.766962326821199,3.3810224909885003,2.9719265864706585,-4.529920923357401
