,Az,Ae,Kz,Ke,Cz,Ca,Ck,Ce,BAz,BAe,BKz,BKe,BΦZ,BΦE,Gz,Ge,∂Az/∂t (finite diff.),∂Ae/∂t (finite diff.),∂Kz/∂t (finite diff.),∂Ke/∂t (finite diff.),RGz,RKz,RGe,RKe
decay,884697.9833961132,309414.53067455505,3417054.924189816,335005.02353655815,-2.6633138085502392,0.7879765468864168,1.8456882831116217,8.044073612409138,9.811747461556992,-0.3732588504747034,-71.26603224174329,-0.2145094981766587,185.83666971925396,196.8242777281078,-3.2504857336927926,5.906910192174659,7.330372012235839,1.623202989351443,3.9826717750042917,-2.1235044547663575,-4.356712710984974,76.06632954218621,9.252558905348865,-8.107380285887213
intensification,735685.1384523051,342748.4912542157,3193201.348990902,288791.28258602245,2.3222956844914124,1.2373872599871765,4.182343331522385,6.721066393459858,1.6330940761179644,0.8122311312503194,-58.26078991914879,0.9250828207791787,167.62095342491978,167.98512901690896,2.6749762018855034,5.012596682792616,-2.04175269564882,0.8254961706274127,0.297686172747126,1.041920530170312,-0.11516382728819505,52.05383707588211,5.496944172849774,-2.4218853525463397
mature,853046.7816843742,301587.11552851123,3735882.923170585,361879.24246799137,-0.95267579030393,1.1580178170448703,5.85820306632473,9.651329964566159,-1.1563961625388395,3.719115759504527,-59.503339872446006,-0.4643840948412499,161.9465188132654,145.84991210800538,2.4715061874523987,4.714302434853278,5.288570996745744,-3.847454058354363,8.449557898129514,-1.0206214479592564,6.650309186025522,63.047370494554734,0.9267423296624002,-4.349364251359436
decay 2,1161673.6740891323,122360.27579168385,4479488.287916592,234160.89297833177,2.3526162098171026,0.18695325608815866,0.19412762275228415,7.095576424399547,11.718329428077928,2.2402538640190977,-41.09731954452853,-0.26473103531291275,56.87296038421562,42.0927037304587,-1.2029847855217057,4.0270973909713685,7.188440164845106,-2.568190110345104,22.838937866073618,-3.0229436322287766,-1.9903197973275601,61.38951357803275,2.1001791939471857,-9.659661398563125
