,Az,Ae,Kz,Ke,Cz,Ca,Ck,Ce,BAz,BAe,BKz,BKe,BΦZ,BΦE,Gz,Ge,∂Az/∂t (finite diff.),∂Ae/∂t (finite diff.),∂Kz/∂t (finite diff.),∂Ke/∂t (finite diff.),RGz,RKz,RGe,RKe
intensification,1030091.847928501,145416.74418334075,2299544.1844490706,452207.63975051604,4.149313834691304,1.5449440050699095,-8.464385031884921,3.2227384593396162,7.728335269991143,-1.4919966761045518,-17.822093324745634,-1.1608175630246045,-47.32381248401745,-86.53005972975197,-2.6556208353768787,1.792224423707775,-0.6186529950648401,0.5779885847935253,0.659849893989201,2.351655799617284,-2.652730425294769,22.79701441592845,3.747779715167784,-8.174650128582648
