,Az,Ae,Kz,Ke,Cz,Ca,Ck,Ce,BAz,BAe,BKz,BKe,BΦZ,BΦE,Gz,Ge,∂Az/∂t (finite diff.),∂Ae/∂t (finite diff.),∂Kz/∂t (finite diff.),∂Ke/∂t (finite diff.),RGz,RKz,RGe,RKe
decay,502280.1033076555,77666.76516288669,2056734.0302101737,165165.02965045435,7.316662241414437,0.5324059875616459,-1.1813076466169168,1.6457606088962005,3.3007060383622258,-1.536674307668383,2.12660810334094,-5.002847439293823,-12.000969118548062,-4.52762102101331,5.447644955859602,1.067394842980178,-0.014578021090652094,-0.6114114076943006,3.5524600103002704,-2.1011310417985083,4.533784169523204,-4.70950268783819,2.0386175213086375,0.07464814198219683
intensification,550237.4089541892,41572.31311881468,2644074.905823865,131982.84711774703,2.714895989076675,0.25211682844993455,-1.11063357738803,1.1714420654146194,1.770455078336381,-0.7031529664096944,10.971967718742183,-0.4471608531650812,-4.405717330600564,-3.4561265833753985,3.2211603576665873,1.3173575728122717,1.5881621131379935,-0.011568219632900167,8.746679316160826,0.6959581309520381,2.7847198523282217,-3.829550814270002,1.6109099837414789,-1.1389566586855304
decay 2,451219.8232036014,40710.82163866937,2846462.035931054,133961.86888163612,-2.175047326341574,0.23848630218635739,-1.602339258836907,0.13536526685082068,0.6202123700300165,-1.0935173255968933,8.883412729731635,-1.5322259848019908,-14.247659535041349,-19.31135368981639,-1.1771438941150354,0.3090336330604547,-2.16844387233087,-0.2974399592444081,1.3861071112069145,-0.6142163506235502,-4.725217266516104,-3.719919033346239,0.6929563310169484,-0.819694891509287
