,Az,Ae,Kz,Ke,Cz,Ca,Ck,Ce,BAz,BAe,BKz,BKe,BΦZ,BΦE,Gz,Ge,∂Az/∂t (finite diff.),∂Ae/∂t (finite diff.),∂Kz/∂t (finite diff.),∂Ke/∂t (finite diff.),RGz,RKz,RGe,RKe
intensification,1134864.2520390048,120231.32568345134,4216543.192117891,149674.21354652368,6.620554606111332,-0.352918441616913,-0.6304092622143767,-0.8203210066534694,4.130366322725882,-0.6641934823105703,-9.712698054047667,-1.6948193749576408,-116.27015754475174,-162.1716328685126,1.1967620881970966,-0.6838755534611265,2.610932973311579,-0.4206066778603798,2.81466012211479,-1.648420566409688,4.748202815080117,6.5372128322655,-0.22381576058636582,0.23631055298704506
mature,1103608.3780947938,121429.07277249981,4224456.578940914,138542.4137638185,7.676514857546682,-0.5948018211204686,-2.582298003512151,-3.6242336693794415,1.6187252671011674,-0.1048161349764616,9.720852724167182,0.8295368043634497,-176.19082898056246,-195.50038615949597,1.1278376219166237,-1.2193164029984294,-3.8484850074438333,1.5872750053962936,-2.3295371442343455,0.1337021434330028,1.6145027618812127,-17.14460672243606,-1.3373407078862172,0.3461010049368437
decay,688468.6726972897,288432.6739390372,3916976.0988118937,168333.91856948455,0.41589759378739644,-0.28977411908075584,-1.2186030008045325,-1.6298089143226897,-8.73325795498263,0.4007145423570817,29.136259330068086,2.596250675233951,-200.89253981466146,-199.88561981415833,1.201681136128069,-0.31764508047451323,-7.102425788472418,2.8631267543788947,-4.236045677337724,0.7084751254704995,1.7569556412168537,-32.56959960038867,1.122377416779879,-1.476569636245294
