,Az,Ae,Kz,Ke,Cz,Ca,Ck,Ce,BAz,BAe,BKz,BKe,BΦZ,BΦE,Gz,Ge,∂Az/∂t (finite diff.),∂Ae/∂t (finite diff.),∂Kz/∂t (finite diff.),∂Ke/∂t (finite diff.),RGz,RKz,RGe,RKe
intensification,295502.61847726756,281993.0011434675,1622301.4516110278,306512.89587206667,1.082146130983379,0.11830037998693226,4.189683924817613,4.853448585870508,8.994698984018052,7.906753082825935,-7.26698656579228,-1.0919697444654521,102.02750573295914,71.2249149022092,-0.7888406595789547,-0.9229506694067566,1.1525872207664283,-1.4815425374022269,1.6793114806333498,1.7252402128413196,-6.641665252281312,3.6744679906246374,-4.653147414344585,2.153445296253877
decay,442427.757145128,159444.57823467383,1289210.9943938816,391299.371427828,5.779029681458091,0.9856931027121054,-5.0697304053604,4.888945077270892,14.256362963806874,-1.9573229921079431,-5.004768498213299,-3.9017608413489526,-26.591872262952705,-143.22881759659086,1.124387811811958,1.2864964572072355,0.8172429784259981,-2.5743737362207995,-11.053509925534804,0.209643407577782,-6.674397201210677,-6.758040703419198,3.286201230445931,-5.847271233704558
