,Az,Ae,Kz,Ke,Cz,Ca,Ck,Ce,BAz,BAe,BKz,BKe,BΦZ,BΦE,Gz,Ge,∂Az/∂t (finite diff.),∂Ae/∂t (finite diff.),∂Kz/∂t (finite diff.),∂Ke/∂t (finite diff.),RGz,RKz,RGe,RKe
intensification,689833.3465139569,231582.03979680853,2330483.285322134,358367.6602656103,-3.866136809730157,2.3808075809290306,-5.348405837700995,9.940498539700961,7.6385217542582255,-0.1973863376727961,-13.512932246861878,3.117192459048961,63.70389765091985,46.72130437791431,-3.3007504509697774,5.741213041033515,-1.5990627460705225,1.1930338496992225,-1.7373991836456504,3.4382500893866235,-10.722913729129873,20.99007571064738,8.950111146143946,-14.967846747064291
