,Az,Ae,Kz,Ke,Cz,Ca,Ck,Ce,BAz,BAe,BKz,BKe,BΦZ,BΦE,Gz,Ge,∂Az/∂t (finite diff.),∂Ae/∂t (finite diff.),∂Kz/∂t (finite diff.),∂Ke/∂t (finite diff.),RGz,RKz,RGe,RKe
incipient,1467198.3745551193,122197.46949575242,3601484.6398631996,247854.3839134682,0.6194259154919668,0.3672548392121556,-0.7618441605000505,0.60372062425772,15.299168709691383,1.4383138931570691,47.08515702673325,5.967178493494775,-32.49773839455599,-24.055133473979826,-7.0069862023576786,-1.4642160453046558,0.10223024851690532,0.7703570503843786,3.1586161986214587,1.193289928227128,-14.210257706470355,-43.7841225831037,-0.4314910577271259,-6.139453350025418
intensification,540276.5212779971,325331.1813971099,4075205.634100308,476057.2743727553,-1.9893146397267534,1.7970914516977121,-4.113649725533896,9.676241456741053,0.40479192581504253,6.591166054538836,18.77884800663183,0.7997538014567954,206.3128169782789,202.28516215517197,0.30547446308056936,6.284977636555252,-8.218862409026697,0.3544714681007293,4.164484014336947,3.848287644123888,-8.815877522870778,-8.511399627034228,1.6424554186052338,-10.741357339607854
mature,315240.19796044903,122748.59372418292,3543545.491506999,731953.8231944036,-1.88430781116651,0.7963826412360874,-19.3110232991984,0.9669978761922127,-2.90504333729538,-0.04087146359026278,-9.726942600844684,-8.151605156124468,255.88080084968124,241.38699652326233,2.233251464041447,-0.18601725097896182,0.77690179791971,-2.144893339007279,-12.70357212366381,-2.0631281456764663,2.594019965284668,18.218701587545784,-1.9334066404608903,-14.189544164942614
decay,363644.7328045969,63471.047018251935,3778241.4998971852,286923.63454299106,0.32992202374470364,0.29593684048308627,-5.647769754210746,0.8594115405223005,1.6151345306962657,0.4297986875530324,-38.36744989209684,-5.71126513706771,257.6135916295907,240.89475650743566,-0.7890015326098817,-0.17702670192995415,1.502288676991153,-0.37118685164184223,10.16866623928946,-3.913422709259036,0.5130130105226772,53.85396386185233,-0.23751083915566065,-4.70933886692437
