,Az,Ae,Kz,Ke,Cz,Ca,Ck,Ce,BAz,BAe,BKz,BKe,BΦZ,BΦE,Gz,Ge,∂Az/∂t (finite diff.),∂Ae/∂t (finite diff.),∂Kz/∂t (finite diff.),∂Ke/∂t (finite diff.),RGz,RKz,RGe,RKe
incipient,934707.3438775595,120519.08542146946,2343964.8564461437,217854.28290100108,6.780533951872333,0.828376700398351,-4.736497128977025,5.607907916984373,13.812377761638656,2.1308428370200914,-33.21316030559061,-3.667030440317145,8.51005640707078,-84.20741589136526,-0.20540994833300022,2.1079686235311805,-4.723150918024259,0.3816850017921261,0.600866833207421,3.295134579263809,-10.926618027392228,31.769990315902728,3.030373381358056,-3.3822400263804435
intensification,546488.1670544747,139867.99480404926,1727401.4858869668,545825.1129435924,2.914832698222041,1.5119034976724555,-11.5130445134132,4.10483895284427,11.783210369353208,-0.9813268098767342,-0.6075895605633346,-5.926780792095349,-27.778475370360308,-79.83419248217001,-2.629384910822155,1.7665834818526016,0.7424838883668033,0.6453209846819642,3.8662260974948057,0.9335382084656316,-6.613990285091909,13.072027473249296,4.219583249730515,-8.75756446569649
mature,565028.4255302199,515981.8399812985,4643816.197630362,793266.0846757392,-4.874712848957195,5.41411099265415,-27.68969041176105,16.142529534216653,7.774529066643118,9.491910910473932,27.362631529209764,1.9744406751188228,345.09903556651625,247.6304530592825,-3.120784118753525,3.3892055508026013,-7.450816767960905,0.0785670423479531,9.41607035190964,1.5481275314136074,-14.685947690907069,14.617842083418118,1.3150746734365268,-44.25853308968291
decay,645287.2433026538,125701.30378705336,5337634.458411218,350935.5220615029,2.794978289344712,0.4364073334474471,-15.922128191992671,1.6802244814810368,5.707534105571919,-0.826769146841285,-32.76227014546167,-1.3059465118724924,222.73059840037178,88.48936851956056,-4.096517299685013,-0.2691208367351777,5.616789954174317,-1.3177826866237436,12.973961410833125,-3.6133715148709835,3.140641471394558,58.863381458942754,0.7528036082511304,-19.909777676472196
