,Az,Ae,Kz,Ke,Cz,Ca,Ck,Ce,BAz,BAe,BKz,BKe,BΦZ,BΦE,Gz,Ge,∂Az/∂t (finite diff.),∂Ae/∂t (finite diff.),∂Kz/∂t (finite diff.),∂Ke/∂t (finite diff.),RGz,RKz,RGe,RKe
incipient,723807.7423420947,287800.62300055503,3307353.3436902603,220842.89645850618,-1.3946513408549228,1.5443132769955032,-4.487510572673504,2.043479119812054,0.12398984338769119,1.433654860525197,-37.47255290471132,2.0220113749653414,225.55923830556608,171.14097228441256,-0.1460146067889185,-2.0440130937472865,-3.3443706314913717,3.0361816427704253,-5.527010479115822,1.9388179658721296,-3.318698538738483,37.827704339123926,2.101692625061779,-6.61418310157877
intensification,909303.141127354,243598.3792161753,3915306.816986856,356315.72491441935,-7.320484452110087,2.1676704893255563,-5.829599324975504,5.228492894646987,-3.69977382680366,-0.47048201983363747,-73.32488745740524,11.88129221038763,225.6781752176464,164.31174141883076,-2.0298067988474777,0.31436326704441653,0.4490089923694349,-0.7928077707499451,2.887716788314133,1.68166081147532,-1.0040311436114362,89.36268802280497,2.7384966544051217,-21.2577236185348
mature,794121.3299211147,129968.9281486279,3803687.7681343597,456355.60570815986,-5.245163861364093,1.9502868496026213,-21.796034216109,3.1143303014382604,1.349278390037936,-5.651818055051502,-57.60050214248265,-12.795814391415012,190.72722017977355,97.45473068208315,-0.8667456997686517,-0.24671427766067092,0.8589538166649785,-0.23854890302503723,2.254180534991602,-1.4754800524826588,-3.785201585134428,86.89588075494734,6.577312603862103,-13.590030178614903
decay,407525.5415156226,111399.63834095102,2396487.314273325,217727.07220486188,-0.09045470829993374,0.3958149065869919,-2.9821250773672627,1.0962046374921448,1.0669941034276906,0.829304790737001,0.6241822685892577,-2.682990823006296,51.13984940603363,48.456918767689544,0.2680636423666472,-0.2845223316428579,-0.1840024058987627,0.026688461358147463,-0.7576493783722661,-0.4536850231656717,-0.9456363110393952,1.6907481387056755,-0.10222659847370111,-1.8490239150187822
