,Az,Ae,Kz,Ke,Cz,Ca,Ck,Ce,BAz,BAe,BKz,BKe,BΦZ,BΦE,Gz,Ge,∂Az/∂t (finite diff.),∂Ae/∂t (finite diff.),∂Kz/∂t (finite diff.),∂Ke/∂t (finite diff.),RGz,RKz,RGe,RKe
incipient,965136.3191987925,87595.5213982932,3170255.147176501,175302.2875274005,6.108285880350153,0.5732308126811693,-0.7249127412513223,3.5349831862240784,20.933957427443172,0.8721201501046343,4.862462510867843,-3.8594863187293895,24.39152073217608,-28.507506586259172,1.228667599022143,-0.19305873085604705,-2.248211702860615,-0.16632741195789924,12.025306786823705,0.6443119773947439,-16.50065243727246,1.7794711368570322,1.923304811480376,0.2439023686487322
intensification,667584.3074516027,167625.36325334388,3128431.454562904,340673.9021266664,-0.7646626858919354,1.63187499667973,-0.16962990646606418,7.9844858319754985,6.099817465081418,-1.7317360390507022,28.69381726336602,2.447137683659044,0.6825166291285008,-45.81793832802437,0.6410344683770879,3.359993409837901,-6.566271534469149,-0.02172676723438646,-6.8437632518154485,2.5123695398602575,-11.798876688762773,-34.603287922823476,8.062620107112084,-8.08888388224035
mature,159656.8897345165,72825.8422241357,2423828.6086323424,523914.3751480235,-1.2535868725085695,0.9251708335865063,-2.12541846275617,1.9427277817286097,-1.3592277348276272,-2.127484985114635,-0.7910362515663513,-1.5685246606577896,18.036197657614757,13.073161985670884,0.4453109936875787,0.8291164520063223,-1.3037439987780997,-0.5362936753359113,-7.01435164347204,1.5057248530484935,-0.2729323028725357,-2.844310056640949,2.6087482579208277,-0.9938967307784965
decay,111916.70714741276,66389.32134561834,1606910.953825495,472027.39475765865,-0.649257570461582,-0.07496890506886097,4.645684323093905,0.21845452785411124,-2.2324057439694953,2.468017799687067,6.945946571435555,4.523046341481242,-33.96223984896826,-16.996174073914727,0.03307237556968061,-0.26298381383728636,-0.180197912562487,0.4295383242905835,-1.4146276442292736,0.24078839383525463,1.327981355876565,-12.357000968297148,-1.7450560424735115,0.1449718475938059
