,Az,Ae,Kz,Ke,Cz,Ca,Ck,Ce,BAz,BAe,BKz,BKe,BΦZ,BΦE,Gz,Ge,∂Az/∂t (finite diff.),∂Ae/∂t (finite diff.),∂Kz/∂t (finite diff.),∂Ke/∂t (finite diff.),RGz,RKz,RGe,RKe
intensification,227302.5506572321,189086.76448069353,1212179.111108455,497139.32079795655,2.5591055902881816,0.4584616174023055,-6.593777006853483,7.445035265584996,1.4920334151274435,-0.5759620565500839,-9.115658109842977,0.027815613565815262,9.964029573420987,-11.68114415932976,0.09946278722082995,5.617524297772814,-1.5269323786644022,-0.6561257988235467,-5.675628925384667,1.891657485873809,-0.0013985861013586416,7.4747006010236134,6.906409905909228,-12.174970400130483
decay,159151.8068376904,111240.41306700882,966871.4440407902,536199.0655017116,2.706717257475491,0.18323915290215856,-7.585339492066669,2.651106683876099,3.234116217056318,-0.9360694552461307,-9.79244488633484,0.6568195921457909,10.284828717823006,0.25496641064863645,0.15793340061766878,2.730038681278646,5.637609469976084,-0.6255276901801213,11.341379614924243,-0.6387551188907908,5.293449663297415,26.01244673585026,2.7784092960399502,-11.532020886979351
