,Az,Ae,Kz,Ke,Cz,Ca,Ck,Ce,BAz,BAe,BKz,BKe,BΦZ,BΦE,Gz,Ge,∂Az/∂t (finite diff.),∂Ae/∂t (finite diff.),∂Kz/∂t (finite diff.),∂Ke/∂t (finite diff.),RGz,RKz,RGe,RKe
intensification,367024.6841303064,258763.24517473674,3785643.8579003294,302264.12406493846,-5.309982599428046,-0.03993050960046781,2.0613121390238467,11.2018548706679,-1.893774804700729,8.004629877890567,35.35923419652364,-11.027412026173536,214.05589103013665,224.55812884994577,-2.3768149939156227,6.651599275044023,-5.298734382208374,1.0151677671989505,-9.420327000005903,0.911941820902673,-8.75487268653616,-41.53089073612535,4.25232326957675,2.798811115432158
decay,222321.80863298674,329518.3282417323,3096406.0620287224,241881.710981945,-5.221907481788445,0.20151580847711686,0.8864140314995937,5.711481894134087,-6.981946013243737,7.905012222660998,35.11626017307702,-8.547829795239725,199.83489953147847,200.06327230904338,-0.782667993518078,6.1215554348511,-2.579773955718326,2.7855417889302867,-23.39064346316902,-5.741638709293474,-0.6182196157859177,-54.1714101859572,0.3904956519262588,-2.0188767766882414
