,Az,Ae,Kz,Ke,Cz,Ca,Ck,Ce,BAz,BAe,BKz,BKe,BΦZ,BΦE,Gz,Ge,∂Az/∂t (finite diff.),∂Ae/∂t (finite diff.),∂Kz/∂t (finite diff.),∂Ke/∂t (finite diff.),RGz,RKz,RGe,RKe
incipient,296543.6920312448,57428.71123404682,1261176.9638037144,208319.03714106523,0.8839012522394677,-0.031590628746099005,-0.5189922656818603,0.06338793646097256,0.6686105584858958,-0.19906622122476914,18.737247675991796,0.7832374722461735,-33.34071720265077,-40.696334387248825,-0.07010902274707649,-0.49458896212026676,-1.7755170324403604,-0.20812178875963872,0.6772334526537133,-0.31963299982840704,-1.5918169674328873,-18.42492320989569,0.08592299767220192,-1.6852506742174131
intensification,247800.77247010334,58652.87580505325,1058520.6660656536,190092.96744056727,0.5079427138001158,-0.2524543890693081,-0.3071212615202847,-0.722185011354333,-0.23222400317066952,0.5659443532323398,13.835700937516775,-0.5866132336812863,-53.010344877474495,-53.871873178059694,0.12856432056785672,0.39218412636560845,-0.8045892240101475,0.9245200434891767,-10.96671729889204,-0.5278143359223793,-0.3168768961086703,-25.003239688688645,-0.111154932028188,0.4738626475929555
decay,216258.05367014828,83795.59145256663,878541.2665977309,207157.29244571427,1.6030859112797298,-0.5116985852317032,0.09309537175459642,-1.2001778952463107,-1.4355736561274746,1.2116601661575135,12.969306575431622,0.9278129902041834,-57.74763472957966,-52.75528478330557,0.5061921866201579,-0.03697297989152526,-2.497924188460752,0.1895830652097649,-4.627108271740307,1.2184081916772154,0.029036793714748876,-19.292596130206253,-1.7105564109623559,1.5838684684739388
intensification 2,135373.15582287393,87905.74301769218,815833.8594060702,241309.4826717625,1.103355860464957,-0.7422322948705675,1.4970297023701218,-2.3284530882858925,-2.277252867469378,1.386501209361571,9.94430779776055,1.333856617128666,-57.44769526784405,-42.00963780999032,-0.3851479554532777,-0.2645762065779987,-1.8864218668070791,0.5621841268415649,-1.848240268608053,1.5084736234916243,0.7519545662566878,-14.392933629203682,-2.410537875935331,4.000099797018972
