,Az,Ae,Kz,Ke,Cz,Ca,Ck,Ce,BAz,BAe,BKz,BKe,BΦZ,BΦE,Gz,Ge,∂Az/∂t (finite diff.),∂Ae/∂t (finite diff.),∂Kz/∂t (finite diff.),∂Ke/∂t (finite diff.),RGz,RKz,RGe,RKe
decay,926120.1239903547,142839.4423268319,4288857.068296826,392512.7269205881,7.3219902521868265,0.6691542320886242,3.516956490636504,7.192232566301796,28.811424385585312,-1.9672358130179906,-12.890743721531004,1.4949023046156718,-72.24879161681166,-221.227340894433,-2.0489550910957997,0.06929275549009599,1.3139435399499806,-2.591902178816688,5.85262731941659,-3.5233965893420347,-19.506336361359885,7.904424298124262,5.898411968414475,-8.693574969622999
intensification,779671.293220549,93993.6936349308,4219722.422703619,279425.83659686503,7.328093385230364,0.5536107953521348,-0.8371907980899073,4.496050732241664,6.56242030302904,-0.6306384459551171,42.70322279474098,15.24992411859519,-123.78649382024284,-188.25373815389503,3.114439220859732,2.2329334952209594,-13.425201526961615,0.2039614052811096,-34.32098248156851,-2.243594142974608,-12.105917649408156,-83.51510786344994,4.777039788125757,-22.82675979190137
decay 2,450908.5912010851,129030.80480999053,3261651.0259124334,221173.3945320665,4.476280538375877,0.8529940479111726,0.7819435480184552,1.7833243283989668,3.009964457725643,-2.625603968754101,10.569161111284265,14.4486371779278,9.205377278567612,-3.9958267239829106,1.9463217602538527,2.894039980576485,-13.329692204224122,1.429312769469471,-34.243993973857215,-2.0644931725593305,-11.010382075662717,-50.07137917153582,4.985247018711366,-17.514511130867643
