,Az,Ae,Kz,Ke,Cz,Ca,Ck,Ce,BAz,BAe,BKz,BKe,BΦZ,BΦE,Gz,Ge,∂Az/∂t (finite diff.),∂Ae/∂t (finite diff.),∂Kz/∂t (finite diff.),∂Ke/∂t (finite diff.),RGz,RKz,RGe,RKe
incipient,648589.1475523433,216624.8518714115,2095713.8195355744,345529.8295939829,0.5192225450430119,0.195297746112943,4.720779200312241,5.256256667014997,-4.294990629012487,5.00246485394805,16.75067300196384,11.779027720952488,-100.54934375106211,-87.95036990019011,0.16147864757058683,1.8205100026792587,-14.844165674284085,1.5933840721681072,-38.55968097000277,3.0255137974996567,-9.834654754115643,-60.550355717321864,1.6518781391221122,-9.288991390155587
intensification,162574.84077919755,146377.2203017184,1351050.415335733,260811.5984830559,-1.4493330766816888,0.5096814994968168,5.810734393222114,3.3360156558172127,-0.48036800108737726,1.1205547299359486,14.154338013261642,4.127594404297842,-0.030536425339453405,7.684980959860141,-0.15577151371433132,1.2286171494893623,-0.9906229288669235,-1.0724907756661646,6.517811907716559,-3.1156415562000306,-1.4499065049644182,-11.997927422085505,0.6332886507182829,-4.768517223092974
mature,169392.6878338762,79590.0533921048,2166904.581953179,149542.58628339198,-1.4682136819793772,0.0918398349949059,-4.740569721911495,1.1155944616355105,1.8088716613494782,-0.24704096196445505,41.58611316424635,1.4359308276327676,101.22979448971289,82.95039887021191,0.29944883027453134,0.3319230564107418,2.7716054620494526,-1.6586693694644543,26.32898470841525,-0.07308021227449557,-0.41364004628449713,-9.04834505194023,-0.3878737808593947,-7.365175223454267
decay,303105.02515210555,34395.925900526534,2914006.8319646586,115672.37441951962,-3.260355923520888,-0.30646390718914485,0.15673778206694816,0.41686641942620506,0.14264185973865917,2.026599644002765,19.440964497024922,5.022020172531273,111.2124296923113,74.52071635877158,0.7092312597075456,-0.02377202799427086,5.5367680314121195,-1.0513853595102256,28.082770944745,-0.40321670820343,1.827306340963427,11.74542458917402,-2.3546546768976406,-5.68536551809396
