,Az,Ae,Kz,Ke,Cz,Ca,Ck,Ce,BAz,BAe,BKz,BKe,BΦZ,BΦE,Gz,Ge,∂Az/∂t (finite diff.),∂Ae/∂t (finite diff.),∂Kz/∂t (finite diff.),∂Ke/∂t (finite diff.),RGz,RKz,RGe,RKe
incipient,1288175.967417262,96040.31812868147,2735949.8093195586,91378.81230773851,1.7841771852004276,0.11877938326061642,-0.8876335003522835,-0.09993889315409576,0.8909634105109926,0.6488933228479283,-4.8965629311451755,0.17211366480179247,38.20336874190532,14.210344503475625,1.7305512626271202,-1.0554350983704306,1.1862427021692188,0.42505221275359123,3.279453878669538,0.3647459718714407,2.19823586011927,7.27947312496657,-0.44255938650904936,-0.5950623001285396
intensification,1108281.803284799,129848.05402399847,3562328.470354292,304232.8599846546,-3.4738636128384175,2.4292285339242885,-9.896861512768217,5.682795939986216,8.696267816820788,-1.1351888709878892,3.477700683814972,-0.0411761239983684,81.11385966088466,31.693763564498408,-3.3203863939566567,1.4134567433597296,-0.6755104621272884,0.26541059732350886,11.425260012636825,1.4954823826182861,-10.416413357862206,21.318284454428486,4.654166874373324,-14.042998946137777
mature,869165.3574148963,82522.90600633422,4892060.510496705,186388.0059151236,1.0731719342077108,0.38906696658786727,-2.9685955600656846,2.8613139054634025,-4.689738095617385,1.4156315390642906,14.900099785028756,-0.34969368751923624,201.69367598597182,99.90822238474759,1.8082755113006879,1.608052859091886,-3.986094854484049,-0.7137120080833874,-6.835351859305507,-2.309098098170485,2.1658821419289156,-19.84002801847629,0.3429033917278579,-7.789313876180337
decay,83911.09693365333,35468.225743035684,868167.9140120384,120771.7978915572,-0.10297873822517789,0.10807834754773915,-2.005860123569535,0.12032771212183603,-1.1191608184370507,-0.17009818782807298,-1.854572243520748,-1.0648569875651692,56.61761713574359,38.14373081702987,0.08246586689228864,-0.01058679290610318,-0.9524225349702575,-0.06823353073417884,-6.642527920519798,-0.10430094829066516,0.17183789278935416,-2.6791168152043374,0.11411402166799109,-1.1656317964168659
