,Az,Ae,Kz,Ke,Cz,Ca,Ck,Ce,BAz,BAe,BKz,BKe,BΦZ,BΦE,Gz,Ge,∂Az/∂t (finite diff.),∂Ae/∂t (finite diff.),∂Kz/∂t (finite diff.),∂Ke/∂t (finite diff.),RGz,RKz,RGe,RKe
incipient,190072.1429803235,133255.1010058365,1643264.169270565,198037.56649673972,1.133764530952913,-0.19948030926123636,-1.829430837546121,3.83656189073818,0.6946311146487317,3.1121911269232285,2.0296005684274347,1.0811065029551536,107.3182761555413,105.95560139470523,2.755274871379475,0.27211635313353416,7.821468673232208,0.14143630080290592,15.811210828567226,0.44488394163037964,8.061121780275153,14.477276566732996,1.0652873738790933,-6.302215289609076
intensification,242774.8390744969,121509.74162166708,1879964.756148635,200097.6365777595,-0.2892493476465003,-0.2926826339764538,-1.4500030591563715,3.585330342662772,-0.3453832867707338,1.4134622188748327,7.144726620798168,0.9262493795752094,92.37157104363,95.95121558507309,2.0178626590065343,2.1780131477299576,-1.0524573435334603,-1.9724708942031728,2.3271973596795363,-1.4282375956422644,-1.289006038385681,-3.0782768543157597,0.4920798635612196,-7.389820377036617
decay,218354.82063506087,85085.92696573603,1975864.2715695512,165794.0124956828,-3.3391078932277214,-0.2145965691250681,0.7950428750101514,1.5427452062156306,-0.9511850907013795,1.7610189099191675,10.391996135133683,2.6539444431568895,97.27587803495538,111.8287836579932,-0.6757368614698572,0.5782617324481591,-0.28280711365996264,-0.2663468703662395,10.495288578055032,-0.6708633115364129,-2.8853264853113725,2.6473574611389195,-0.2700240049447082,-4.072510085898782
intensification 2,359990.7590830808,137768.3184273371,2430579.0916855554,167955.66071145458,-6.065235342273171,-0.4095787584475473,1.458823180188872,1.4662566259291172,1.452191328523197,5.374372503953383,6.4722339757604725,4.0868586451304,113.4136750554635,136.6722915926024,-1.197656281170353,0.4161700442062336,8.412707022063945,1.9592887550195157,18.333090509665006,0.18396828389481923,0.4857015928200283,16.467268695988828,-1.5392483645572024,-3.9103238069758253
