,Az,Ae,Kz,Ke,Cz,Ca,Ck,Ce,BAz,BAe,BKz,BKe,BΦZ,BΦE,Gz,Ge,∂Az/∂t (finite diff.),∂Ae/∂t (finite diff.),∂Kz/∂t (finite diff.),∂Ke/∂t (finite diff.),RGz,RKz,RGe,RKe
intensification,372181.7127061436,132038.4169002809,1670050.4410567137,369341.9296692823,0.1164425306696036,0.7149301045226272,-2.3705828983932102,4.218803914456402,2.8008482682614564,0.7329646495262535,-9.05159717546185,6.146234062008662,49.12503914917546,31.60025821256723,-1.8833705004494596,0.14693760535802222,-2.222145476357893,-1.5573378878017343,-1.7952307749620657,1.5019079058488995,-4.1916211094271185,9.51050676822339,1.2135712726057868,-11.233712969009375
mature,442452.41756317497,75925.01982943204,1877450.4689980703,304161.1423256995,-1.3463966543817736,-0.3126287840188023,-0.8362238974920612,-0.8938191840474176,-1.3076867414464695,2.2178415932993643,-10.728961834931717,0.9858072300955977,19.386338439395793,-4.0831277358790095,-2.1876307283416407,-0.07020320305586056,2.0664925025836336,0.7011797247908407,2.9811275318602046,-1.7524523275623864,1.7151538056295272,15.892709918665755,-2.0978522685371384,-2.680664271102628
decay,554019.0531090805,97877.01079385416,1498340.0913128513,116522.39756386475,2.045648504523705,0.1952003663067998,-0.5718247591778375,-0.5412711884686005,-0.4082924062665155,-0.29241897518119053,-7.43810196266301,0.8464230496757287,-26.320275793229353,-26.788761981116355,-1.6901006572516586,-0.27723307197134855,-0.28081254904254677,-0.0020399642709121946,-1.2279555441844308,-0.24762919601546995,2.368328728054473,4.7363226731327135,-0.44609254386512226,-1.1246058164004358
