,Az,Ae,Kz,Ke,Cz,Ca,Ck,Ce,BAz,BAe,BKz,BKe,BΦZ,BΦE,Gz,Ge,∂Az/∂t (finite diff.),∂Ae/∂t (finite diff.),∂Kz/∂t (finite diff.),∂Ke/∂t (finite diff.),RGz,RKz,RGe,RKe
intensification,421007.7323955418,91132.08205123496,2471781.275299149,122922.79613073773,2.3664857915224338,-0.6513095130706046,-2.320459934347938,-2.785310778016071,-2.0671716112007643,1.7803211489160953,15.35130778732222,-0.2421100835261039,-95.10947399591402,-126.29502084359093,-0.3547472705246833,-1.920983856682484,-3.2301636882444775,0.6607001451506282,-15.762296878486705,0.011814772774005902,0.552184201408116,-31.15963052298342,-3.253622268710934,0.7187756999682429
decay,247095.5880167543,110144.57526164113,1489293.9144990554,128566.95159241723,2.6327191200101105,-0.057361642971115345,-0.568847301680176,-1.0116905764482402,-1.354485464017856,0.6572755432053483,14.802964327699026,1.2140758731944792,-66.06690615644688,-73.5641298971037,0.43389381582861003,-1.017770744238963,-2.616102208845409,0.3427026280152504,-11.664028913372373,0.46406593658134254,1.3137407322114423,-28.53086505940134,-1.268901848667223,-0.30716666184507224
