,Az,Ae,Kz,Ke,Cz,Ca,Ck,Ce,BAz,BAe,BKz,BKe,BΦZ,BΦE,Gz,Ge,∂Az/∂t (finite diff.),∂Ae/∂t (finite diff.),∂Kz/∂t (finite diff.),∂Ke/∂t (finite diff.),RGz,RKz,RGe,RKe
incipient,775497.19267987,130369.840284789,3127511.0472197183,199175.1263131215,4.686395766166648,0.8487992665152526,-1.5363878732395924,0.5224235548499604,12.68564634694044,-4.390455226672518,-29.137892372208977,-1.9050146358504374,-94.80389677681772,-147.4910732728911,0.8389622257615356,-0.8334215608095392,8.918517977747358,-1.3663613557860206,11.270817457894816,-3.647980787745101,1.7680666634888222,37.25870193717674,2.697718159221205,-3.8017775799842166
intensification,1440800.2979302495,122690.35424439229,4392349.7973496225,229657.6159741382,11.37936334978907,1.2664228857062345,-9.216124251863814,3.4440881232946,26.19784818144522,-0.6000540760683624,-26.375636631014338,-4.192049314254122,-92.38366090313448,-181.5418847380047,-1.0291305215532955,0.5236580902803734,-0.012341749099703758,0.955774108800262,9.078287859226107,2.0499486254379495,-13.56440369504962,33.29068539231519,3.73349342245699,-6.418214435466342
mature,700555.7060367772,279907.7326694743,5057065.267869635,423213.6791542659,-0.5404782252607412,1.7672449030489905,-11.187208274044728,9.86454135032726,2.61474455338571,1.5536525289368686,41.48820842202175,0.5393051572897644,383.2536043228656,237.9505904540547,2.339749495900082,4.011641327699178,-8.226360022885908,-1.9018498762023983,2.0250066817208743,-3.285409425046431,-9.61433789848337,-27.7355152409954,4.641794042139002,-24.87646420670818
decay,609297.1220299826,120315.38328990186,4056838.481396202,366181.23637905606,-1.4168938762267775,0.9294961150820424,-21.518613949091083,4.631996569788776,5.545449708874306,-0.5696086912160611,6.071560494565496,-4.375265602352296,416.9359221910257,266.35179470779775,1.8789979265601626,1.6141026332972017,2.8471012578320223,-0.4061061249410234,-26.60333042865025,1.6813535102396546,-3.1857462121870204,-9.739383097897885,3.8660030209817715,-20.093991406287905
