,Az,Ae,Kz,Ke,Cz,Ca,Ck,Ce,BAz,BAe,BKz,BKe,BΦZ,BΦE,Gz,Ge,∂Az/∂t (finite diff.),∂Ae/∂t (finite diff.),∂Kz/∂t (finite diff.),∂Ke/∂t (finite diff.),RGz,RKz,RGe,RKe
incipient,663848.9011801089,70336.46876578004,2453037.9935393995,222063.65716110045,8.135437699553119,0.4354028995351694,-3.0217784446258498,2.488322631842167,6.946710113380895,0.6586554433360342,-15.865740083175632,-1.4145207533525281,-30.80508833250564,-100.88675111821466,4.220654293068194,0.18840252810233732,-2.691927914612318,-0.08848662628426152,-17.851691546635315,1.7219189352253763,-1.0677974289049235,-7.099610718386949,1.3057776626867021,-2.373661387890113
intensification,219156.15606973917,67417.98512182453,1192165.7101173874,179690.90082661444,3.312329815630144,-0.11714905016174974,-0.588175924879131,-0.2612252468976434,0.2601229837378222,0.3505504839927834,3.550271626944142,-0.954279302786944,-46.45998210469281,-37.022255480973634,0.882411971987932,0.027451983262762134,-2.897429596717136,0.0515555509985101,-5.282463635406316,-0.46039395003860795,0.03762818501343597,-11.556889153101467,-0.4430711297301669,0.16693467476684898
mature,98595.19707709488,87158.60178297399,1309629.7455455074,208550.70169203883,-1.1826788359640286,-0.052972479070244466,4.096132082496514,0.7134220650906301,-1.2442188379453603,1.895897149112713,2.388021705563349,2.0958839661054345,16.428280641887593,57.2702554192194,0.4133289392842004,-0.372020879789767,0.7103419456602745,0.08995273489842891,17.456978115075334,0.5020440131221116,0.7189094685713614,12.155503162979494,-1.0395498700534096,1.7888700644225626
decay,161104.56839770943,62892.09683366923,2251564.5309014237,228582.47973782595,-2.4648785992300746,-0.041519140696525264,2.40581360714108,0.7233563550467248,-1.880753329292717,0.7214632081305055,12.890942874683134,2.510742305639345,36.319266438825025,29.250144798031595,-0.13371755029754182,0.6320621987776129,0.2703132603474131,-0.2838526663741685,13.819860893097207,-0.014560216090876148,-0.35533115028647005,0.9879830105030689,-0.24044037876142393,-0.8428452696358664
