,Az,Ae,Kz,Ke,Cz,Ca,Ck,Ce,BAz,BAe,BKz,BKe,BΦZ,BΦE,Gz,Ge,∂Az/∂t (finite diff.),∂Ae/∂t (finite diff.),∂Kz/∂t (finite diff.),∂Ke/∂t (finite diff.),RGz,RKz,RGe,RKe
incipient,71948.1712736585,86443.3921586503,579245.3092312008,256267.1938542669,1.0286049961987895,-0.0293568234369339,-1.128843782805627,2.760456495904149,-0.3104965269161344,0.0164377773924376,0.9472489658205734,-1.787286104512773,20.82112368729686,16.727355871593222,1.816844868847808,1.941230901776648,1.8359634364636683,0.8101715584437194,0.8325005464499958,2.2593502123310816,3.1457081361416583,-0.01450963276374,3.5835471003923645,0.1573360381340787
intensification,111322.72925620685,73040.09710936168,590739.4505701287,339569.24223949725,1.4823952787102173,0.21150148592194787,-4.766248269929812,2.0426456019912167,1.255994423966536,-0.3885537541750839,-7.264274235387265,-0.9608887404651695,23.627067534012195,16.79665158227609,0.9080227479814832,1.6277125943348458,0.7247305692850611,-0.3506090968715276,-0.20163182330868432,1.8638505411456032,1.1626329099506902,10.346495403298176,1.869088773372825,-3.9841545903102564
mature,127472.12204497459,70134.16166045787,527781.1940046872,395437.8677608327,1.9328874909118976,0.17703374639344624,-6.7487192259306745,2.404412477767819,1.4648972105018188,-0.8383007026469311,-9.103133943143014,-4.613383649322375,16.211796115836197,10.886400704796957,-0.33305493748401016,2.5134249472049945,-0.1628236644667234,-0.030880626596879804,-3.4487011612064773,-0.12978334551488335,0.4822003623368014,10.470264516955314,3.0347988074244237,-4.669531399891002
decay,141183.64573859877,50142.60398203255,518149.58987509017,328752.0305174272,2.3540728967689657,0.07292533107541127,-3.0879254149885593,1.0128804221623442,0.4580882666058211,-0.1666184408111972,-5.212616904024247,-1.8237406575014268,21.868987568742373,27.59451625234874,1.6649249287201586,0.9277176860211225,0.4344765146671895,-0.11490469580802452,2.5164564681976995,-0.890224215901029,2.4033864759057457,8.46292589044154,0.9916688360901056,-3.167289395550505
