,Az,Ae,Kz,Ke,Cz,Ca,Ck,Ce,BAz,BAe,BKz,BKe,BΦZ,BΦE,Gz,Ge,∂Az/∂t (finite diff.),∂Ae/∂t (finite diff.),∂Kz/∂t (finite diff.),∂Ke/∂t (finite diff.),RGz,RKz,RGe,RKe
incipient,489562.49964004086,117613.00433701261,1842180.5177980969,194235.08961820396,-4.988357111748889,0.8984619410425682,-1.5532243952791742,1.4002702330089203,-7.838066733573041,0.8648566502344832,-9.545202625928196,3.3129828939710646,106.28505113877453,140.25364460441315,-0.12606590757746824,-0.14663824129056882,2.9233398861578266,0.781574909849789,14.636624495449851,0.47214888744891703,6.671511449024547,30.723408628406116,0.41852655158165786,-5.794328634810242
intensification,799220.1404823448,206668.42709296916,2659533.66184813,222229.1850244487,-7.369402952560624,0.11466534281285627,-1.048888587821687,5.490724735292031,-5.152097689166603,5.516078844809179,-25.921051545958722,0.715200756844628,153.78350963177863,198.95913374738586,-2.980852788363847,4.560033600150432,4.093753070462589,1.7221409175751272,18.29789570273871,1.7807826015521797,1.9911131498814234,52.63723878907976,1.582121465245123,-5.474031478406168
mature,744003.5116245965,190024.91874343716,3403788.296906852,370462.3039369772,7.476121078272849,-0.05036003513802714,2.171594134263343,7.945304737997667,-0.6459734745286357,7.477076779244876,-21.560499356952683,-1.723430586987715,167.92754865857785,193.4307334680714,6.694173843548519,6.434850298540477,-1.1569510589621117,-4.008484498964022,18.610007291809932,2.4240535958897587,6.914783458701345,30.52279143622642,-3.4898965050732045,-1.626226420856849
decay,983424.4126597001,95785.73561155041,4358016.59229167,279535.121857695,-2.031890195753816,-0.1775886602120049,4.370890755293527,2.6547838879528665,-6.7870962246687965,4.630348067583151,-7.932483266537181,0.6700227737367731,162.61142498288487,173.4846493923996,4.494191684812729,1.6876729305413787,4.889894691941541,-1.7996058942756439,20.31856649287402,-1.4035804920216068,9.467512060644518,25.91204919987149,-3.597581413693924,-0.35749639841771935
