,Az,Ae,Kz,Ke,Cz,Ca,Ck,Ce,BAz,BAe,BKz,BKe,BΦZ,BΦE,Gz,Ge,∂Az/∂t (finite diff.),∂Ae/∂t (finite diff.),∂Kz/∂t (finite diff.),∂Ke/∂t (finite diff.),RGz,RKz,RGe,RKe
incipient,514292.62898101145,304604.39574147534,4075066.68072849,380356.9782002272,3.1307548911124927,0.997427173049479,-4.060074354713558,10.77850245587666,-7.074237374739317,20.807738802045495,-24.577922568985553,-8.061467556348523,283.5953489706952,256.1131495254714,-3.2784351539967664,-5.243933547238151,-6.5502799827455265,-2.367858819541143,1.0189125326385775,4.0871316934270885,4.652139456155761,26.526154565225198,-13.394522338759455,-2.6899775608146066
intensification,429078.8332316459,274026.04657376127,3437500.560313556,543321.1855567654,1.7758956123943144,2.5336221908680914,-13.659971177623452,6.237229385501473,2.7259326366901013,-1.7682981089185963,-51.54176854547546,2.969965875181298,227.72615197562874,230.81811058411566,-2.0280066234700436,2.343696967663084,1.3384576567317124,-0.9671661427302839,-8.373835860815475,3.3417941644119358,2.922042823304017,55.05200824988913,4.504739160821694,-19.525372273894288
mature,555502.2271168279,210175.35184503044,3486122.7619407475,700941.0802642059,0.12087629037838032,4.124392331415183,-23.90956391612107,7.957992502068954,10.093026699805455,-3.925718122905797,-71.51743603043555,-7.153064793597852,186.8353644617199,192.99013621665802,-1.949124926946718,-0.44129798359690514,0.06430736510508676,-0.07202420775977243,6.580401809258585,0.30803900929118466,-5.783450712906806,101.88652546543683,7.687294085799796,-24.40645261530099
decay,354722.6940217875,244351.94905836778,3545828.882582471,461032.2549156844,-1.1928395115144477,3.1333853071446707,-11.925530120890512,7.170098253634651,5.269314630857978,1.6261538844245818,-39.66811704728252,-3.4504346119860316,228.7774477414333,226.5364822806288,-0.5268916432458443,-1.225932367244632,-2.6152166398432533,-0.8135763324339013,-11.050568534898966,-3.229795617795537,-5.94398547507101,41.73591814478851,1.5969827296314973,-18.874989380334664
