,Az,Ae,Kz,Ke,Cz,Ca,Ck,Ce,BAz,BAe,BKz,BKe,BΦZ,BΦE,Gz,Ge,∂Az/∂t (finite diff.),∂Ae/∂t (finite diff.),∂Kz/∂t (finite diff.),∂Ke/∂t (finite diff.),RGz,RKz,RGe,RKe
intensification,571628.5039091185,140482.28112403335,1924860.0719123774,165539.2632956063,-0.3420352014102398,0.6818009455713283,-1.627059202235912,1.967141620780079,0.29777506204742277,-0.46178920246698035,-31.74734962143184,2.282557907940451,132.14323801038535,159.25125204105746,-1.280295073306964,-0.9515421139456196,-0.8138389507822478,-1.6537957933407383,-7.421956144052693,1.8032885516953834,-0.7718482686685819,26.294487881025297,0.09333408433499261,-4.073470179261059
decay,608345.712558136,53219.49963573455,2119785.8217390175,139209.0227984757,-0.5664874444818346,0.44356197385371204,-1.1319402995104524,1.1317835797798386,-1.2350981369468876,-0.41303462810163055,-23.89230325455897,-0.2230554015781713,102.91228880211233,139.54187752255058,-0.7087347821791238,1.077802245292537,0.27001215745630713,-0.07304020007791882,8.160414612290527,-0.46771475132319235,1.382184823775073,33.75114561084179,1.0282160339498385,-2.5083832290353123
