,Az,Ae,Kz,Ke,Cz,Ca,Ck,Ce,BAz,BAe,BKz,BKe,BΦZ,BΦE,Gz,Ge,∂Az/∂t (finite diff.),∂Ae/∂t (finite diff.),∂Kz/∂t (finite diff.),∂Ke/∂t (finite diff.),RGz,RKz,RGe,RKe
intensification,654784.2746433043,110695.02519934527,2664842.7869286374,190452.17294676413,-0.07253874381291495,0.20023604028130232,-0.6519118045456788,3.240542542904815,2.6066100437817354,0.058897146284966916,9.095103633905113,-5.725705114220742,34.129559354596175,-3.394736316451398,-0.8021365048021089,0.13998540759855682,7.060888140633355,-1.240169411928592,14.4845546635191,-3.765961730211644,4.5819753933200085,6.113901577972582,1.7412399444099536,-1.9327109634413957
mature,1023965.1728250999,91264.68128674733,3445059.674823298,86134.55309116645,3.849085769555508,0.049150280364259655,-0.2662494691103793,-0.5528506576930714,9.964762974643971,-1.9914039834344521,-14.293670110306703,-0.2307519616020813,-70.12417347820531,-108.21152727312575,-0.6329134763469118,0.05502304030396275,12.919968944238484,0.4280881811239703,24.0969492995537,-1.8162617771962797,6.853442019514282,34.80778310941527,1.8174912265010912,-1.2989086270115058
decay,1089844.0072355287,65018.08322628077,4259971.3766611265,75405.13824844142,2.199043053271064,-0.241820876470986,-0.37410757814428164,-0.2265918766181083,9.753213855255408,-0.05073645469798329,-18.727531717697115,-0.5910410792888975,-107.13224061891336,-135.45454318092249,-5.170682634509379,0.03604755302827347,-5.509507154448963,-0.6474396868455295,9.692637222214426,0.20941474791955983,-13.305498832904295,26.595233464784762,-0.5814742322946685,0.6529401256822837
