,Az,Ae,Kz,Ke,Cz,Ca,Ck,Ce,BAz,BAe,BKz,BKe,BΦZ,BΦE,Gz,Ge,∂Az/∂t (finite diff.),∂Ae/∂t (finite diff.),∂Kz/∂t (finite diff.),∂Ke/∂t (finite diff.),RGz,RKz,RGe,RKe
incipient,778212.3025063357,107552.32914333964,2187206.092117135,180160.13341658632,-0.3840747226825989,-0.1059106434320368,-0.0263997221106018,-0.3967887707682878,3.1663250564158387,3.655195959459641,3.2649617175403653,-7.497055385417436,129.53344040654412,93.60856809311927,-5.186249250441985,-3.250893871678182,-4.443090971727431,0.4495105806652565,5.281489431968356,2.7791488824504387,-8.099401394257907,2.427002159221192,-3.4965635061306357,10.64659331652556
intensification,528917.8161111565,104252.78131151151,2156337.9272644944,275493.87123287463,1.1211992079523674,0.40457381327562425,-0.2580362128048607,3.9232548501436955,-0.438051703732742,2.954617768691968,-5.001876639350121,-5.101188580567823,112.47784990651608,94.99588551478134,0.7706407757667186,1.3095780167486903,-5.023157559792891,-0.11159667355935822,-3.651660734855431,1.1079149790086922,-3.059332834832157,0.487052909347183,0.4524665946167445,2.0278124966279587
mature,397820.29815768957,93305.25565940293,1813634.3688295002,245399.47513716313,0.5732993633758263,-0.1976072090237076,1.5532544711754797,3.597985306696905,0.9269353054385914,1.1418707808141295,-13.499890659543116,-2.4761423651944527,47.107901365468685,56.051138296317305,0.8004228426157355,1.492129711484754,1.849687124945551,-0.6566828979175953,-5.82670932594046,-1.6499657859946435,1.2984439738590787,5.54662749905135,1.9970388369888878,-1.2185542563216165
decay,681635.3058160315,63248.777629417586,1552601.2207148017,125400.7543740154,2.5173800515294653,-0.14506595660870822,-0.33885914502154685,-0.4924512296640125,1.124335683366076,0.2907104813074327,-18.51168248896114,0.09348966117165985,20.168699761755427,7.093632509586936,0.49922812528555904,0.11342529327558602,1.9898217211272207,0.21778822426764552,-0.5268011725153958,-0.37537740377708073,3.2378001326819015,15.806360409937819,-0.4203075300950915,-0.3152749803062751
