,Az,Ae,Kz,Ke,Cz,Ca,Ck,Ce,BAz,BAe,BKz,BKe,BΦZ,BΦE,Gz,Ge,∂Az/∂t (finite diff.),∂Ae/∂t (finite diff.),∂Kz/∂t (finite diff.),∂Ke/∂t (finite diff.),RGz,RKz,RGe,RKe
incipient,846543.4764355936,508337.7125535464,2450901.765529628,333678.9103492714,-1.124551845315579,0.6232682515999971,-2.1832499731589743,-2.995617356789451,5.944770182120675,-8.321395349969265,-2.1405284056948286,-4.48103590416565,103.41294498032605,87.50609925785,-3.9468947950857998,-1.841088292277482,-8.956294338228165,-3.352461605542944,8.687720410712732,-2.3244398950579583,-15.402348114064424,14.136050634882114,1.3500481360368732,2.968963392738169
intensification,628530.289901011,430387.0054669926,2607365.8407686586,441281.07868149906,-6.883774501344909,2.9015952190620413,-16.517384474454285,3.217949857140108,0.9181518563628348,-5.685765970011289,10.386728460683617,-4.910866361768377,152.70218852944444,118.92142596277945,-2.744280106242224,-0.5023332364718925,-3.587657579900469,-1.3418360614179814,0.2586020193473148,5.155799362588545,-8.487988718546172,13.273032534462896,4.660284546671372,-9.668668607237473
mature,563328.274567336,312975.91404094367,2678669.492001506,617134.2645952097,-10.616986481206567,4.004692846715479,-25.605271308405417,9.187449124646575,5.054093809998229,-10.2419071323856,29.73942815864363,-17.141986304948432,156.71137124285417,91.00230682534446,-3.602835137430945,0.4585487493312233,1.416334417452206,-4.537141657837274,13.700408963991235,-1.2088512669107085,-10.250053027037112,20.183238594959587,10.887521752479424,-18.859585395014264
decay,1287547.2229710268,108554.77663773637,4355162.627090825,281001.2114706473,-2.3794023204254873,1.521145337875032,-13.83563472534117,4.19019657593075,9.73603251061398,-2.8299542113116383,-9.314172645929414,-9.429328465187156,132.42813060044517,4.195722389062196,0.38209745664530725,-0.05451685128676494,12.644295886486738,-2.1534362396026667,26.37349527277522,-4.593296889927412,2.0500063933223007,51.90270496447129,3.3455692097646894,-13.189799726012176
