,Az,Ae,Kz,Ke,Cz,Ca,Ck,Ce,BAz,BAe,BKz,BKe,BΦZ,BΦE,Gz,Ge,∂Az/∂t (finite diff.),∂Ae/∂t (finite diff.),∂Kz/∂t (finite diff.),∂Ke/∂t (finite diff.),RGz,RKz,RGe,RKe
intensification,223579.85766401465,457171.21388566255,2163307.5780959404,580226.4998731968,0.4485615925552021,2.2690675662733724,0.45255160258047555,14.564359966633548,6.6228654775913895,7.2622950767887,-13.858148166072006,6.915280095691201,124.54742400578392,133.97660329973525,-0.48256851227404024,8.198995770648828,-2.4407649896033843,2.8624779955301918,8.531882299637173,3.706286887067238,-6.3460013083662,21.488917270573506,7.89547531910167,-17.320801572677034
decay,303945.5971560315,450388.72320658714,4644289.492264966,894564.1870380938,-1.3777978560343977,0.3684898892580526,-14.498260480123871,10.474484618014031,2.5941099805772945,5.025001382426032,-72.1371384554996,-6.491613530614532,377.5601256624905,333.1280565439035,0.2707831896912433,4.47805930483648,4.66897677516676,-3.1222943415659925,17.577597872896188,-3.653676342709064,1.0655588278131212,105.59079466455407,1.9586990047639563,-22.134807910232432
