,Az,Ae,Kz,Ke,Cz,Ca,Ck,Ce,BAz,BAe,BKz,BKe,BΦZ,BΦE,Gz,Ge,∂Az/∂t (finite diff.),∂Ae/∂t (finite diff.),∂Kz/∂t (finite diff.),∂Ke/∂t (finite diff.),RGz,RKz,RGe,RKe
intensification,175755.22733350002,54813.475029612775,1115587.250888173,114997.92649370043,-1.2808509986404504,-0.3139153192726967,3.2032279352902746,0.3167970301571059,-1.2806667464868913,2.349331125284804,9.187711009848268,2.837975066651768,-87.02182575541869,-60.922251720835476,0.44607381432796794,0.06952413047156658,2.1091901194022338,1.1297494186379011,9.737936747966621,1.2076601675401906,1.7950905479759784,-1.3721511985314705,-0.5888693572171004,1.2561160060215917
mature,247273.19846561737,100495.15504388387,1518834.6842915537,167592.2207692227,-2.0486479362730035,-0.5211737975502531,5.975290240932129,-1.5760660883145903,-1.8456331508103918,4.468693166921025,5.083631457896729,5.77765263440012,-126.99646270087459,-111.43576697658122,-0.5626768422763063,-0.7524682557875796,-0.031735483200359405,1.0961836560982947,8.63302579637667,2.027482498412757,-0.7559240662132245,-0.37724796617918366,-4.427401801587068,3.801186193259356
decay,420267.9899557743,135325.80501888788,1646746.8701670663,222662.71455758743,-4.4611013062405505,-1.22903365219324,5.159595565483962,-2.0676644043854027,-9.06810791930595,3.411505850735228,-3.1475643048968767,4.561055445197,-130.08102777549962,-109.506482487686,0.6447335668772932,-0.06749416013259414,7.359826859814679,-0.11858987542858812,3.6122940780834316,-0.09325828042574948,10.737799820686838,6.061364123736895,-4.368726478355978,2.5729462442466153
