,Az,Ae,Kz,Ke,Cz,Ca,Ck,Ce,BAz,BAe,BKz,BKe,BΦZ,BΦE,Gz,Ge,∂Az/∂t (finite diff.),∂Ae/∂t (finite diff.),∂Kz/∂t (finite diff.),∂Ke/∂t (finite diff.),RGz,RKz,RGe,RKe
incipient,497107.340171129,127402.14840032277,2311023.9138888656,354523.1342663335,8.867607593540399,1.2032184553920686,-5.646935847426002,4.433501650072064,10.021377872342416,-2.5678226352357405,10.552152314973657,4.736593530969428,-40.365294839431215,-28.251905960495854,1.8856297070923411,1.762308572507522,2.863419036854981,-0.0722102722610781,5.030145886713933,5.468145552920834,2.9128672134450317,-8.742678174374126,5.725895557654657,-9.34888547554666
intensification,589511.7852200853,445582.5066002824,3232332.1077018683,1046959.8753737678,0.3436232084961649,6.554436954388495,-33.28543719658934,18.52954494125638,10.86527488100483,-14.48052720139164,-38.70105127041106,-1.4536571671112035,186.37209977885516,166.63579069725088,3.080794164028534,13.237280942218842,-0.5249830775812637,2.5303387382646094,19.029753775555108,6.174303552496434,-4.492197795701435,90.67261903405934,28.985973926524135,-44.18702141823808
mature,565727.3846495829,337397.6094437575,5129648.975620627,876169.0415253838,-14.061783896194239,4.612769619186285,-28.905990747239304,8.444970117532566,-9.393688837006133,-2.156499126902964,-50.659126497114656,-17.330475299617426,465.0679792219307,433.02096502434523,-3.3876650900321956,0.48896361912694386,0.8856354670338797,-2.8401507190247637,18.86972832802178,-16.42387792357235,0.8303100270320586,112.49662946856998,3.148548906224481,-36.44436348872679
decay,797954.0301499118,108654.3986056179,5969621.533835152,235932.32114321447,4.442951681956448,0.11942648748727397,-9.029772222998487,0.8079310847383839,2.2627800216524845,1.8421388678130712,-20.686478398772767,-6.412419615513209,474.9483245044191,385.21396987033313,2.4139366538615366,-0.37013664151035236,4.955524936375572,-1.0625659459684196,6.02249100165044,-0.5251194516631631,7.25512308416681,31.295789941465255,-2.21620021653038,-3.950403143886825
