,Az,Ae,Kz,Ke,Cz,Ca,Ck,Ce,BAz,BAe,BKz,BKe,BΦZ,BΦE,Gz,Ge,∂Az/∂t (finite diff.),∂Ae/∂t (finite diff.),∂Kz/∂t (finite diff.),∂Ke/∂t (finite diff.),RGz,RKz,RGe,RKe
incipient,543885.7498949213,129742.40651942891,3193786.0258696536,137852.21580908794,1.8961580726390022,-0.2839566299414184,-1.9090060432434803,-0.35373426450348056,-4.9399966008138065,6.1007990578087155,2.6529700411757946,-2.786054732724286,149.51692215482979,176.414219638781,2.0452632522193905,-2.004367330239964,-0.7498584620562778,0.36119092359349136,-4.338084573445037,-0.23217273985007203,5.802339581455113,-6.978206644016352,-5.809385768777286,0.998610214134214
intensification,366608.8927444663,191424.24187943042,2923069.913842231,339387.6253959468,-4.920744845795979,1.1177855017579625,1.4975200547327712,4.321183553271307,-4.551749934531762,2.6992449898715987,-5.349513666989086,7.507573965357795,101.31676348822799,138.66566287508445,-0.8159964521200141,0.9147505458951158,-1.5083045124397314,-0.23770999540119664,-0.2287939861325092,3.6675618117750544,-0.7595139219459863,8.543944471919785,0.26644306624054936,-6.663675652121276
mature,383042.4061656311,61590.292559762296,3244091.272639791,387870.0952259608,-5.2853116853503765,0.24637470807640893,4.334559479771661,1.4581979612217288,-3.8732757939383653,-0.7386175407831329,-0.803542180091352,-1.4598782408379543,21.660209244823193,-4.418691641918616,0.36823437399164616,1.3357671698159481,1.2066588314451523,-1.049968485861181,5.678246965951722,-5.50715893879736,0.040997648109550686,7.432541351621788,0.9004723080672716,-1.170919179409474
decay,433336.8829606733,59975.697699929224,2746743.2847581967,262404.1083941734,1.180868426167856,0.3141037519121288,-1.1185265434817615,0.6521296550390365,-0.10405600432185544,-0.5033728259497745,-4.136654578070294,2.15764331476515,-9.608899243919717,-33.94054388887425,0.515548869333628,0.33911650634190543,-0.2012557175155938,0.41732149420398856,-5.533586365185348,0.3781506508785354,1.397772464886246,-1.4592736698011481,1.2587202232806707,-3.5501488624074113
