,Az,Ae,Kz,Ke,Cz,Ca,Ck,Ce,BAz,BAe,BKz,BKe,BΦZ,BΦE,Gz,Ge,∂Az/∂t (finite diff.),∂Ae/∂t (finite diff.),∂Kz/∂t (finite diff.),∂Ke/∂t (finite diff.),RGz,RKz,RGe,RKe
incipient,414518.27948303643,182977.63766438872,1733818.115124913,372175.11260191957,-2.4415962189289893,0.07271200617454285,5.486190358781176,5.746145310455944,6.648097918837419,0.07142284455893756,25.60198956496282,14.509702088267645,-81.58419113383849,-56.64412837098177,-0.8141819940465763,1.594026436523002,-6.857293923840341,0.23252155573943856,-30.840037783526224,1.4772226948833274,-15.874276055432206,-59.48662148834123,5.8345320154619005,-13.292434345059084
decay,206616.72430315067,182913.5411179837,1137745.6030381017,333086.00283223676,-0.6098209593272897,0.27031138593548387,6.442286921183105,3.426278851217999,5.540044311218544,0.0705346467306533,-12.41322712780515,15.382003951473434,13.489009917900608,59.42097167526466,0.09327974450556435,0.9418116530543341,-0.42243694020770367,-0.1919213920671204,-1.2647162398779819,-1.374767885326056,-6.301990824818054,5.316044926071353,2.893511426484741,-13.740763766834382
intensification,321243.81169288635,145725.6692594573,1224686.552952986,276356.0782047392,-1.8460783420357245,1.029242044149009,2.0808800048593556,3.4561299106476597,6.200471865239721,-3.4283306142276477,-25.43986559493713,12.82972429498234,55.983913638012126,92.14346022262521,0.542369200220756,0.33159358961445123,1.5215887347335346,-0.42423810794508615,2.4146923058022103,1.630860311461591,-5.495719428392903,27.619756237915713,5.430980372781213,-12.574113889309052
mature,379118.1358444281,130823.89852171068,1429652.6052438188,398334.446073616,-3.917245973433563,2.01015316924426,-1.141508099183527,6.059089102104386,6.247726742855461,-5.483061400930044,-23.3415973558724,16.535792777205128,67.06365286527094,110.60494930695444,1.492440994554145,0.9926247773205281,1.793951205221646,-0.3502203218594244,5.480454599087173,2.8173311614021923,-6.360868341823118,33.88080602757666,9.181777011930745,-20.919058817090846
decay 2,365644.2012385636,82911.02055880884,1687448.50793719,382584.4123317631,-5.516217020148622,1.6883390959728133,-8.712117063687268,3.89691158066107,-1.4917354528515119,-3.645767386229568,-15.731889485389118,1.358311651765459,52.83228988399831,132.6425427730185,1.180062824249956,1.3405936982171403,-0.8998469850579873,-0.9871675290623225,3.7068352684398205,-1.7040680518216136,-3.2359894563822857,33.66705883766483,4.867172341855503,-15.671408347935412
