,Az,Ae,Kz,Ke,Cz,Ca,Ck,Ce,BAz,BAe,BKz,BKe,BΦZ,BΦE,Gz,Ge,∂Az/∂t (finite diff.),∂Ae/∂t (finite diff.),∂Kz/∂t (finite diff.),∂Ke/∂t (finite diff.),RGz,RKz,RGe,RKe
incipient,902004.1393321719,603263.9624922411,2645707.676575303,604424.5052933776,-2.106762811630943,1.2689989546125302,-7.735748353591761,5.095158205870847,0.15129107359568833,14.264766556129336,-4.808323950904225,-8.310409590805364,75.0918334345289,9.717638604305918,0.08431024530563991,-6.6052617545267305,1.5366221188880202,-1.2480735448305995,2.04144825293039,1.354374467638818,0.5475671882739188,16.692283369057318,-11.68668084970162,-3.166122501018428
intensification,563683.4076066744,316015.6187991655,2616588.881728723,885675.7311741238,-6.3926656839212965,2.493994218447323,-1.4373338911893947,23.58164598744307,-0.7162333525890993,4.611476232438922,-38.30485140749478,7.200279509481484,104.27760033604257,107.59028438185274,-2.030564501571598,10.998491758191665,-5.693922688923699,-4.7094143635523915,5.498387478014165,1.4362392588916624,-8.876360801808575,51.63323846061964,11.766761173004435,-30.783020129222287
mature,511156.0615752954,181813.19818416593,3101244.159749211,587202.2845909157,-14.355675733535822,2.8458821424778695,-5.640745957042461,11.857242062829258,-0.7831823609509185,6.028007095028776,11.298763855669119,2.193387528251888,95.08582512028036,103.59917088353293,-4.2996643989731735,3.138919266899678,0.8650869356555348,-0.057878441123018154,-0.9588665485469982,-6.138926087975944,-9.861524294451502,7.738791286362168,2.9254743841995965,-25.830301636099552
decay,409073.7969901593,134348.77454072295,2553308.0961824306,290742.4380856677,-1.2306466625034895,0.6303299107749847,0.6492239927456988,1.5426398398393535,-1.2523835576729723,1.4289545601232068,-4.546347244038183,2.0630354078774094,-6.377897765805159,7.567401530887543,-0.709270335643723,-0.05734280490817846,1.1174766350209564,0.6249176035276665,-1.9313524282112695,-1.467156917001948,1.7695434409654232,3.1964174855847034,0.10827297246882854,-4.423608171973012
