,Az,Ae,Kz,Ke,Cz,Ca,Ck,Ce,BAz,BAe,BKz,BKe,BΦZ,BΦE,Gz,Ge,∂Az/∂t (finite diff.),∂Ae/∂t (finite diff.),∂Kz/∂t (finite diff.),∂Ke/∂t (finite diff.),RGz,RKz,RGe,RKe
incipient,724243.5450893505,237527.68899578424,2693682.565842884,359501.76281465543,-5.9711530614116874,2.6096164315539228,-4.4302655715379435,6.11705617037961,9.235163443871052,-1.2416216131942808,-62.432255394456625,6.915779475891751,95.65088654667115,77.66111037408653,-4.527998793323902,2.6044778472705743,-2.7491747218447724,3.2900795275017884,-14.694428571745908,3.480265550682144,-15.345874795573591,58.13924545566035,8.039140879521756,-13.982835667127162
intensification,761768.7460105389,345371.1061116422,2943358.754582556,559043.5390374529,-8.58080730952981,5.281934278783865,-12.981139142448278,13.134962585167075,13.350644573108555,-2.408229445620937,-29.620379699508497,-4.817027909688706,131.26518467555576,88.29847006103068,-6.9545571795865815,4.760765352086832,1.874762675790098,0.3272781149376003,7.753538145671957,1.1697513836314082,-14.774754928064404,58.93586429715854,10.58853586694175,-20.129322434295236
mature,1213240.961518233,270927.9231720225,4333916.086214394,594958.8799407665,-7.389851178978626,3.5676878390304503,-25.85915376415929,9.199936327332006,9.106913194017277,-0.8708581682226845,-5.558933361520162,-26.048769091782713,87.79898079415729,-5.023290272798958,-7.7515144600497035,-0.20142844564920712,2.163546215427515,-1.963827980249295,3.3829879718848503,-2.997676853764433,-10.765530318537937,42.19092627654293,4.539278676274945,-12.007997853473013
decay,1002881.3789282634,123056.79856947092,4394764.718219117,467278.31323064916,-1.0253558871792778,1.5430814586318462,-18.46247208904812,5.407241788016527,4.275383700889169,0.6263963260179575,-24.844227024871497,-6.2660511644203085,124.30308975944094,78.07096809424985,-3.54157776645489,-0.1738799631703311,-2.582325252902274,-0.2902074324159684,0.9165662209326334,-1.1058614753504845,-6.339983382338875,45.248621222031545,2.9475565709507556,-18.709524187994827
