,Az,Ae,Kz,Ke,Cz,Ca,Ck,Ce,BAz,BAe,BKz,BKe,BΦZ,BΦE,Gz,Ge,∂Az/∂t (finite diff.),∂Ae/∂t (finite diff.),∂Kz/∂t (finite diff.),∂Ke/∂t (finite diff.),RGz,RKz,RGe,RKe
incipient,608051.9867284766,83447.00022650594,1682147.2691229538,134788.83976330562,-1.4381574065665317,0.4185334461372898,0.32408830937514377,1.5999626282810928,8.877861278059417,-0.22775740453211124,9.016602980073891,1.8540933128861705,-27.605413246516306,-26.44633408939866,-1.693062253417129,-0.7947053406899607,6.149119422956687,0.23445291390718317,14.727261108396903,0.6637928384769198,-3.7483658155319723,6.8247272255144,1.6436395005830975,-2.4661747933152
intensification,643992.86328478,67700.54719232407,1908992.7040184278,194536.57211393607,-1.0977390225567905,0.29454953313350185,-0.7026729809966727,1.8777789169413068,5.51945252542844,-0.6122315763476772,18.678547673626564,2.802417219461682,-46.2161141640132,-51.39028836876073,-2.2530492427381885,1.0541591039224616,1.8103702875794554,-0.31420939275654264,2.3836043426431646,1.1173462093653999,-4.512271727272273,-14.49453132742994,1.8812515673989396,-4.265522908034261
mature,799120.4699739143,65840.04800592878,1910813.1862235307,200189.67884255084,-0.04427107684592446,0.3868768728884702,-1.2848821631656406,1.5613512344663554,2.823359950623649,-0.7457739109079867,32.145207714513795,1.345740952336883,-44.645710730996825,-38.29456985438519,0.5758841605288716,0.7903715690264156,2.1986670819185306,0.2140617247848351,-1.2377313759238393,-0.9701833187488814,-0.28208707266257305,-32.05378585042607,2.134309997270707,-5.162157668717761
decay,571818.6977438193,51348.40372888716,1950912.9128550838,202276.25307924286,-0.9884262702186037,-0.05354980181252955,0.5196477106723938,-0.22954773591142424,-2.6827031029434485,0.030718059076739756,40.6164135964568,3.6229020220250616,-20.856013363455126,-4.395008430437317,-0.3048618392283241,0.028350740782159267,-4.813363101108358,-0.4603836034801833,-2.586703278926319,1.519611344764236,-3.1726360701960425,-42.73433831583691,-0.6670995966558175,-1.3540952306770073
