,Az,Ae,Kz,Ke,Cz,Ca,Ck,Ce,BAz,BAe,BKz,BKe,BΦZ,BΦE,Gz,Ge,∂Az/∂t (finite diff.),∂Ae/∂t (finite diff.),∂Kz/∂t (finite diff.),∂Ke/∂t (finite diff.),RGz,RKz,RGe,RKe
incipient,249669.65549865144,97987.9793274256,620656.5620550328,120666.38248923469,4.421950583314998,-0.28551399474865036,-1.2728261565903853,-0.24495472057487258,-0.16829085263367763,0.6523162278999847,-2.050847344664511,-0.4070494612983526,-13.783538579266413,-17.26076211078823,3.4500402804171397,-0.27699248036125695,-1.0100031159519458,0.2878174126679909,-0.8293069201933411,0.18019003434538186,3.29472432524808,-1.9275840022534432,-0.32393954105821604,-0.44063194037177816
intensification,169112.32900103275,79413.1628048634,628339.548903158,126952.89479034377,1.1764773398298527,-0.08652820991163528,-1.0309318163466452,-0.663168925795553,-0.5269099089889164,0.5276434190153708,-0.46375162641438245,0.1856601284216679,-8.610350984128322,-9.93226037898761,0.8754087311492946,-0.39100813758374886,-0.6056652520251264,0.46915770959366004,-1.6803025558211235,0.23458281420624919,1.0111937868820073,-1.3620964528899486,-0.6351264253056285,-0.318840204766511
mature,158870.72001210492,121571.34256341304,527952.7271605264,129679.80674889045,1.138913708892226,-0.2672328986178662,-0.4248226644725203,-0.6329778820113595,-1.2728612470793872,1.1460075703952937,0.5173564096500349,0.4260611214677806,0.5059502325311415,4.318182942838438,0.7422372489008294,-0.8033458781215966,-1.7156646387207584,-0.41881449220961803,1.8309619976701696,-0.5356495306742318,0.4288774186329891,0.5995145436004289,-1.9305670459984052,-0.7535554346031733
decay,104630.42693798045,131658.69346314392,813181.6478747395,130125.76995215127,-0.5320624100983351,-0.2643579857622497,0.9863349384789675,-0.2428504366621731,-1.67574754018869,0.6619970949228293,1.2674087555510893,2.5559882935893254,9.39829875759808,17.99442201984023,0.14188698075152745,-0.35402114377087723,-0.2913069910890193,0.07614077318925731,4.1186169541769075,0.7100490174771881,0.5880201532390857,2.396935670245187,-0.5643487726334955,-0.6167539009709968
