,Az,Ae,Kz,Ke,Cz,Ca,Ck,Ce,BAz,BAe,BKz,BKe,BΦZ,BΦE,Gz,Ge,∂Az/∂t (finite diff.),∂Ae/∂t (finite diff.),∂Kz/∂t (finite diff.),∂Ke/∂t (finite diff.),RGz,RKz,RGe,RKe
incipient,1001622.3691050233,182250.95267044895,3293741.2733003045,181449.5535604626,-0.5823862065412848,-0.12567071926069784,-2.3741202692868435,-1.0450367651414088,4.892837326669654,-1.1302188325273592,2.206011363938909,2.5376322320702775,-156.53779851032593,-173.15826782333693,-0.52269887202138,-0.7317722639197403,2.9171974034522705,0.978355205990395,7.882730728647142,-0.6559447676080759,-2.6836968490193653,8.633225840536365,1.1892079926370427,-4.522660503823787
intensification,1054679.8738220732,230246.4396493722,3077608.4523472185,274978.5594944298,-0.8506183004916666,0.8793398296313851,-4.844851797025412,3.0604931724897875,4.848635875441277,2.9565360171301336,10.342759578899356,0.8259864868159997,47.060001862237094,16.297228311380064,-2.590690434512833,0.7017919034887484,-3.5289503067582966,-0.4839332612054169,-12.42922994554182,1.348345624574461,-8.348864653059852,-17.076519426924097,-1.2593159354771488,-7.382985831756737
mature,205434.9897324686,128009.14452396022,497591.21141200664,666964.2504155529,0.8964060730009351,1.5343269529776342,-16.512644128335424,1.5648278451041608,2.1983779932563707,-1.1048709490518411,5.590360434841255,-10.659973836197656,11.224160936417164,0.21331739017076182,-0.6276623256814098,-0.6616198139742625,-3.79281206550728,1.6896533925814186,1.580746374799888,4.317959821408145,-3.560457032785082,11.606623995293123,2.8250252337597863,-3.0995383158337844
decay,178389.50988602467,153103.63632669032,1802351.4751009792,529129.2224988795,-1.555065629756797,1.0187105293141376,-4.738718835278685,1.0850534346113672,1.5752075864911343,-4.599069271074676,-6.281642771118642,-16.95136536035084,61.64255853466662,73.05714919356484,-0.3127823109493532,0.6327575602122028,0.977407474398923,-0.5795406620777128,14.167025721382126,-4.189274412977129,-1.1341552125348704,26.74245295753625,4.085871514294193,6.938318677483661
