,Az,Ae,Kz,Ke,Cz,Ca,Ck,Ce,BAz,BAe,BKz,BKe,BΦZ,BΦE,Gz,Ge,∂Az/∂t (finite diff.),∂Ae/∂t (finite diff.),∂Kz/∂t (finite diff.),∂Ke/∂t (finite diff.),RGz,RKz,RGe,RKe
decay,891979.8609881775,116028.06306672361,4566442.711333535,167069.45301668183,6.604977082894824,0.4815437080565936,0.8085939178472584,3.459835627775372,12.453212859476535,1.1877674410270826,-46.402934147400515,0.5473028059129231,153.56855871223863,168.85832348318945,-0.011283180452708359,0.7249543411330943,-2.635537719776203,-0.2411886984522559,4.5815840035519395,-0.1394779479960003,-8.002229788301323,43.57094715021037,1.5493357802394399,-3.3380224638370373
intensification,1059000.4147055256,129268.71871990233,5103283.164900307,203877.94057787303,3.479560123063009,1.1172134873808368,-1.2351507952728897,3.508665427201647,13.870800704204871,-0.5929495401764604,-47.021835326261176,2.142200556847359,114.47887707369317,116.89228265389507,-0.7404361762543266,1.7141953468853197,4.3457384101599095,0.5519301208463168,9.69558247262627,1.200803984625776,-4.9282886836011155,54.47300847109733,3.536331600843587,-5.6852127946961195
decay 2,1169244.794612333,144911.02021400395,5191968.422797455,237607.56707141592,7.337847321868267,2.0955473485509697,-5.992194203830336,5.620209271359645,20.250121816892946,-3.926839735424553,-74.21721711342538,-0.5279935088467239,93.99404887334349,66.11251576375996,1.4837151417343095,2.3555225215327957,3.60089073793244,0.327847799697101,7.0073852874118,-0.043181808758597305,-7.215836408541268,79.87894928279924,7.77934945793033,-11.127591775101855
