,Az,Ae,Kz,Ke,Cz,Ca,Ck,Ce,BAz,BAe,BKz,BKe,BΦZ,BΦE,Gz,Ge,∂Az/∂t (finite diff.),∂Ae/∂t (finite diff.),∂Kz/∂t (finite diff.),∂Ke/∂t (finite diff.),RGz,RKz,RGe,RKe
incipient,172508.61656511071,87773.19304983868,1309837.4850796177,596111.4895792762,-0.2931051973506122,1.186024005232201,0.3820785780523918,6.579150635375764,3.848743274951989,-0.8571153404820069,-12.439685967531515,5.641886759599535,48.02630022900181,22.04466879886409,-0.9160041022793112,-0.3950711266958981,-0.932157729160813,-1.015096053465348,-7.42276654573996,-6.357538158445236,-3.8879821962312127,4.927946041089777,5.235145917160221,-18.19649697536814
intensification,149576.15613171348,77214.33045972945,1116448.4847833258,513551.277592901,-1.578576199199666,0.9606225695512349,-1.35728795629102,4.550730653240215,2.857525732252682,-0.669851709744696,-7.606363747520688,1.58241352952788,29.083861760495274,9.691357820345601,-2.3397813717261187,2.7170255749611094,-0.9996001880991272,-0.21809934289541863,-6.326026176184058,-2.006678980925008,-4.47507955000024,4.216201726827315,4.041860450538258,-9.497111119984124
mature,101084.71652793819,72884.69666044094,825865.0086668823,446712.2168085666,0.6907800629241685,0.612434828377707,-2.9860030615357003,3.6466602212962442,2.560096646690717,0.4615635623816783,0.41376796918837155,-3.1941143227240616,9.21811920206685,-1.3005631236361328,-1.020770472759724,2.1373791354476874,-1.3422971566694786,0.23265044659682504,-13.649335986672533,-3.005261148564238,-2.5991789120583197,-11.767880957249377,2.805312277133684,-6.443810108672121
decay,104058.07402727143,72032.75326064666,598437.8801529924,234422.19741203895,0.2592186607084929,0.094696203303746,-0.3609078841239724,0.08893927055301674,0.25010155045953275,-0.23777851028962174,7.029455104978312,0.27087098586337294,8.10462969779648,13.898995803728951,0.3048246432985444,0.3059604214824855,0.01270189608825945,0.04674520348626725,0.3028920961440691,-1.8120822478316703,0.11651520964096561,-6.624873785418763,0.27876678102516,-2.5328003883720327
