,Az,Ae,Kz,Ke,Cz,Ca,Ck,Ce,BAz,BAe,BKz,BKe,BΦZ,BΦE,Gz,Ge,∂Az/∂t (finite diff.),∂Ae/∂t (finite diff.),∂Kz/∂t (finite diff.),∂Ke/∂t (finite diff.),RGz,RKz,RGe,RKe
decay,349260.9221721538,52051.822179200695,910459.7379547495,216678.78696203022,1.1533950097598276,-0.15480634648251107,1.5591156240914845,-0.239478629907377,1.2741236408219354,0.13224440354890632,17.55735129500965,-0.3578674951819169,-35.06295671420524,-46.549606287940065,0.39506202142960084,-0.4070785894517635,3.188087908876832,-0.1339982870274442,-3.434358634903775,-0.4837405243813048,2.9125529313322125,-23.70422056376474,-0.3509149740012164,1.6727212247994736
intensification,369355.9199839296,68743.99487072419,832108.2517571424,173820.4157780601,0.6193011546886839,0.47370151435552343,0.5859784814775948,1.0469880994013392,1.4308223267935873,-0.31436353371016473,-3.6622541919812153,1.89973328969764,25.356579411695353,30.904275115507684,0.30948243206198595,0.617111133526112,-0.44296173972524416,0.34629208921692806,2.409010180946709,-0.5274859287526056,-0.7807813974746238,4.865984736761646,1.2339422079729085,-2.8882288363739907
