,Az,Ae,Kz,Ke,Cz,Ca,Ck,Ce,BAz,BAe,BKz,BKe,BΦZ,BΦE,Gz,Ge,∂Az/∂t (finite diff.),∂Ae/∂t (finite diff.),∂Kz/∂t (finite diff.),∂Ke/∂t (finite diff.),RGz,RKz,RGe,RKe
incipient,443254.51735497534,671094.6113598831,3486897.9018006083,443137.2827510205,4.650737666816154,0.32285721719725197,4.230636977124227,7.025645648406343,1.7607830656171706,12.831122361591724,-66.04742220197008,3.859412198551096,277.9002296055403,227.61507403144304,-0.10380922746297905,-7.268433740015987,-4.020483766186199,-16.009897186584364,-0.5321854595317297,1.6238971181657287,-0.8076719477899645,56.63386209849797,-22.138231116967,-5.030523751667483
decay,362680.19307759963,394946.44982897607,3275266.0467223846,502283.74789566384,7.583332233652034,1.0253057258050553,4.475648382694906,10.86776601651308,6.090624735206474,8.980417338978611,-82.60612882178651,0.5374066535088745,246.7669913516665,214.61252372535574,4.901599069947712,1.0787392950421102,-1.0666658087535696,-2.99543076622205,-6.204246567587833,1.5293265719053684,1.4513474154970456,64.34290163785175,-2.133387814492637,-5.40019771542168
intensification,375095.0375357375,322270.16411818913,3226023.5131813367,547477.5661737175,3.5917602489642952,2.2891623845831606,0.27600970094756905,13.756470404157392,8.597177474341807,2.4208085867893394,-86.62121391952716,2.539245909367642,251.9063535812921,232.62847262110122,3.8360701514617532,6.734240198378882,0.7599525000818943,-2.5744585400368787,4.345926708821186,1.7440354926814827,-1.9563023407124558,87.0993706784365,6.472040892748015,-14.275671119895982
