,Az,Ae,Kz,Ke,Cz,Ca,Ck,Ce,BAz,BAe,BKz,BKe,BΦZ,BΦE,Gz,Ge,∂Az/∂t (finite diff.),∂Ae/∂t (finite diff.),∂Kz/∂t (finite diff.),∂Ke/∂t (finite diff.),RGz,RKz,RGe,RKe
intensification,435846.5039219131,64046.56543513547,2261781.612829829,128216.75428196874,-2.3297376726599635,-0.02183370541588704,-1.2933302644033435,-0.4275431379371203,-3.289695007472036,-0.14188508124139787,-34.080297968491664,-0.505002691363708,-12.830470862788705,-62.576275556195505,0.05272412714843768,-0.6794203542168271,3.655271211266541,0.17010753812999763,11.290562904931813,0.7356171937158311,4.593394840662727,48.993928810486786,-0.09371681314983779,0.3748327586133159
decay,733902.8617897322,69240.99393384729,3513385.2226549773,134786.0740732043,0.7664818067633598,0.23474608148476922,-1.401364614631988,0.3598544324652698,-0.3979316428046596,0.016345367104821318,-46.121263977781275,-0.5696347356066278,103.31269131992889,69.54566550012873,0.2365452677191067,0.2589080867964552,4.28604030033981,-0.28625150662347976,20.253194116921073,-0.7027774235038546,5.685199831392601,67.00934090257098,-0.17748852274780047,-1.8943617349944843
