,Az,Ae,Kz,Ke,Cz,Ca,Ck,Ce,BAz,BAe,BKz,BKe,BΦZ,BΦE,Gz,Ge,∂Az/∂t (finite diff.),∂Ae/∂t (finite diff.),∂Kz/∂t (finite diff.),∂Ke/∂t (finite diff.),RGz,RKz,RGe,RKe
incipient,665800.0285537525,323260.4327809455,4201007.47423479,263897.8836716109,-4.208793352296953,1.4402686068462147,-1.6949481151362076,5.7755702401280145,10.93692320639005,4.539596343036664,16.165533901736993,8.998343850061024,116.64674994082338,66.67276062284259,-3.09717946428122,-3.1357402153719045,5.619581905738933,-1.0848800447885156,6.551723140185368,1.46438863726125,-8.085866046101854,-3.710069294118463,-1.289174754543381,-15.004473568063995
intensification,808446.1543759819,233993.30902967704,4774304.366259207,329175.42660326586,-0.628194725001086,3.207804365919192,-2.0557772942211128,6.737081212514368,11.326063481837595,-0.9248836784826131,15.103189278394114,4.347949162655126,128.66945247261359,92.32243137739688,-1.2440250768920105,0.24038313515766419,-4.0068834861285,0.2756825916872412,-4.200065356804107,0.7713776358254582,-12.753337327047989,-16.619282615976026,4.729843116765029,-12.369430033565147
mature,305902.01432530803,318758.64128774346,4008555.834760872,439723.2161148661,-0.196831046440745,3.5132137144757034,-5.655183734399519,7.798300852984229,6.503448274852175,-8.256104049151016,-49.78984848134466,-3.3595342137621573,331.08728882591964,321.1328961265943,1.4765084715730428,3.8908421497936088,-2.269943114950762,-0.7460006044045648,-1.6696851011877343,0.4984791939834085,-5.457008721767979,53.972178160997196,11.795190583254978,-9.595471179638185
decay,302822.71718165616,209163.5501359338,4040721.261064244,384830.9361577824,2.297248520687357,1.7297725014894425,-13.393179452547974,2.932586293001413,5.408739611597115,-10.268324217992292,-58.75627178062759,-12.672732006277625,410.45941399294315,410.9803818459933,0.7202627229214501,2.2877423194363247,0.31382020499190283,-1.5222179278337071,0.8294138823261179,-0.9714794508586106,-1.0678983844284133,70.68161659481434,9.948920081670554,-4.624513190130374
residual,410960.9628290914,76392.1699875121,4486075.327210415,161307.9177805626,-0.5127577465024626,0.6226222888457087,-3.9487620490524966,1.1118810550703677,-1.0127543105344874,-2.3984453520603997,-41.31009743054065,-4.3397383763137505,207.4110520196152,197.7496926816975,-0.18590047564714685,0.25887221339228533,2.6711213059879255,-0.8341914412057307,5.3142296965320135,-2.647893189378363,3.793740158865659,51.08584692262761,2.0535126770793273,-3.368797917187476
