,Az,Ae,Kz,Ke,Cz,Ca,Ck,Ce,BAz,BAe,BKz,BKe,BΦZ,BΦE,Gz,Ge,∂Az/∂t (finite diff.),∂Ae/∂t (finite diff.),∂Kz/∂t (finite diff.),∂Ke/∂t (finite diff.),RGz,RKz,RGe,RKe
incipient,686867.4772024809,110245.25411582217,2470772.8479560255,114628.8822932196,-0.9004593743191645,-0.4086555866258707,0.257109458392983,0.8320817364715809,-2.942814234397875,0.4899636664219084,-4.14407147614292,-2.710171200132991,-2.2364412942900787,9.55160531379789,-2.254590412951291,-0.5716212067880887,0.03906432879410575,-1.6415253715076745,5.5667355336846045,-1.2786340987604468,1.672763602246946,10.354156925753704,-0.8907517148321313,0.8565648232939468
intensification,760077.0492667557,69342.19048479368,3908252.957650222,135141.93976519906,4.491177277867853,0.537082129895617,-0.8504900887009322,2.3908949049269688,2.568696328258497,1.068666000041535,-11.44923620523273,0.08530536901081841,49.56760218332174,7.608253262327325,1.7075350236511138,1.0494122748508528,-2.1112564938281837,0.06372937101896409,-0.8117153369898538,0.2933161151656415,0.34830658567678907,6.996833679075956,0.8488761460087806,-3.0333742474730774
mature,75953.0791712022,42473.97519613831,1794720.1446486372,131030.87868870073,-0.7086415328008653,0.18223329641760028,-0.029365378890661493,0.4830781435260987,-0.10072329727144945,-0.4108304979987446,7.257479964916424,1.5601002404410704,96.127808436354,102.66929016009504,0.3033601352346089,0.11658638224582157,-0.00524140973331138,-0.5629372090463775,-10.877268990694278,0.033384165379439036,-0.4309263488451269,-17.396742043919176,0.14873813606086575,-2.0391595974783914
decay,159196.21550910646,29663.93882496158,1022450.3094821987,97094.55508612178,-0.9967867201764187,-0.007745056508958799,1.2665087885187594,0.3779104789839101,-0.16670281122294894,0.4136597547189524,6.278744336749925,0.850449148856339,9.981559745968486,-5.495415230997649,0.04002205980979628,-0.022425321970248515,0.3199929529449739,-0.06357841897023944,-2.3550263411978327,-0.34155384744906647,-0.5178360125174544,-8.9034927462901,-0.09158263819632308,-0.3034046867705561
