,Az,Ae,Kz,Ke,Cz,Ca,Ck,Ce,BAz,BAe,BKz,BKe,BΦZ,BΦE,Gz,Ge,∂Az/∂t (finite diff.),∂Ae/∂t (finite diff.),∂Kz/∂t (finite diff.),∂Ke/∂t (finite diff.),RGz,RKz,RGe,RKe
incipient,970548.6792184473,96224.6378614372,5494334.924225476,188965.8647075801,-2.9415541170020822,-0.2053246381292102,-3.95010013888564,-1.6969426240322303,1.0441895185211933,-0.7745449038358596,65.71340377768425,1.5638567252941364,-115.0584920012632,-119.68453259094575,-0.30651288562418944,-2.720420546698094,-3.1564232066524065,1.2578723980913544,-10.2210016780562,2.303342534844435,-7.347491480304891,-69.04275119985272,0.5407993160241943,-1.513671705303111
intensification,574425.4292179203,144553.45126763804,4546998.964447331,447180.0808821742,-3.070308381926904,0.7437109831751302,-1.452580088031124,5.671340097688503,-1.7727566945739432,3.749688066487043,21.25802298212683,9.375227302864213,-20.156175088890095,21.300580214757407,0.8798191866696985,2.0840718661285345,-4.306766707553737,1.4410235204347481,-10.71421562980958,5.377472975477194,-4.860607411731566,-27.449350141978393,2.6189645684610796,-11.121674513106647
mature,482191.30758433265,295931.440106116,4507012.99505548,789767.2762152152,-9.088501443936433,3.0313021877383206,-2.4968232752452995,16.265838534663935,1.130662103087518,9.409901216608802,-45.01764819818243,16.671320381087313,145.3642976145937,227.5495888932744,-0.9025445138376251,5.363687208325992,-0.7080038310607564,4.803238119166327,15.970137868302773,3.7936924080807297,-7.895865190346386,72.57311078566693,8.627873249483141,-31.640289782915815
decay,436073.11551678285,408661.2121077068,4786605.063553153,820793.488485732,-4.689544943101849,2.922917188789191,-7.401558087255435,14.653304675616635,5.217439667467601,15.413969765278015,-93.02869875642958,19.908841954532523,278.16807251466605,299.30625954197114,-1.5754315143405853,3.0943283786734574,-1.600163393570611,0.5734661669180264,0.5441735191255791,-3.576076664185268,-8.58423081535087,105.66397530591243,-3.110116111532543,-45.53978138158986
