,Az,Ae,Kz,Ke,Cz,Ca,Ck,Ce,BAz,BAe,BKz,BKe,BΦZ,BΦE,Gz,Ge,∂Az/∂t (finite diff.),∂Ae/∂t (finite diff.),∂Kz/∂t (finite diff.),∂Ke/∂t (finite diff.),RGz,RKz,RGe,RKe
decay,629126.9142390019,68907.78283136516,2349281.989301509,145234.22914123803,7.148391718964531,0.1006439054003992,1.1116624281465628,1.689919891043507,7.704165953664549,1.5878408381685023,-25.954525683785537,-1.1872295043581755,9.368180596570188,21.189886917361974,4.558601404953423,-0.045159060526222955,3.8109717646968315,-1.1079282189632451,8.589299939921887,-1.5293757337774705,3.3558414353972124,26.283771476596332,-1.1064930714886396,-0.9204036923162392
intensification,672981.9777148275,37000.2696149383,2456564.1212660796,108857.26065170667,8.543165506806101,0.4163178840712733,-0.5442060189140113,1.9374822635798494,11.036725071480912,0.4208630402913422,-8.259393886957547,-0.4217109309559288,-41.38748654635522,-31.720202290994674,3.463245108049292,1.0843927393299995,-0.9746176411801706,-0.21179030133490437,-2.324303104439319,-0.5358537086701132,-3.05185932178371,-2.063868705373862,0.8885110378823295,-2.595831060208045
decay 2,693702.1571049325,35903.820055686396,2237434.506189612,101508.56192049054,6.467315479289053,0.27677224565408237,-0.056339218486148444,0.8387492950027111,12.137921170177838,-0.008358953374455568,8.958655108111452,-0.5099878305817912,-58.4910504646164,-50.419059822078815,3.7264082952132203,0.7318374553198931,1.9174051930676672,0.2942951124876389,-12.479994738394607,-0.4488199090042309,-3.476428252167036,-27.849626107308968,0.8646311152107232,-0.8339205919112992
intensification 2,721993.9552309478,34824.90933481238,1889165.2585751018,80197.85230260764,5.539547006960175,0.3017461656231487,-0.6249294724768777,0.7529209041718801,11.49207883293911,-0.35378066232127525,11.520244225771686,-0.47410422316814005,-38.828741424640995,-40.32664940397285,4.570318773431152,0.96669286690363,-4.049832987504304,-0.8953026916301069,-12.534746502272037,-0.747257119260591,-9.70061864786009,-28.969608262527025,-0.09034729076010012,-1.6510032727412094
