,Az,Ae,Kz,Ke,Cz,Ca,Ck,Ce,BAz,BAe,BKz,BKe,BΦZ,BΦE,Gz,Ge,∂Az/∂t (finite diff.),∂Ae/∂t (finite diff.),∂Kz/∂t (finite diff.),∂Ke/∂t (finite diff.),RGz,RKz,RGe,RKe
intensification,256762.57990915602,171742.6015132154,2649607.220455453,351380.49538026017,-0.45131741578962387,2.031499916719686,-1.609074217494022,1.3683164669500263,3.429015666546757,-5.894408930486382,-13.997129832742692,3.741787887224953,138.374127172496,123.15701631992901,-0.7516548072041326,-0.49328224240784413,3.6102926769250403,0.3577650342262367,11.144390588416583,0.7860497752197564,1.7614595113083458,27.20191205444292,5.588990514942958,-5.933128796449245
decay,258500.5594636909,97231.84501042051,2491008.1246259594,339990.5355375625,-2.5597827531615835,1.0621851978872203,1.7601013896472888,1.5861366072277838,5.41474513517857,-7.592023392019021,2.830486749504243,-8.147394890767364,59.87568469866947,49.495825740030014,-0.3515254575415742,0.6922493715054706,-0.47860504033534984,-1.956231666872349,-1.294770855782752,-3.760518961475262,-7.390947730788284,-3.3255762417727,6.159743134487236,4.560840711711608
