,Az,Ae,Kz,Ke,Cz,Ca,Ck,Ce,BAz,BAe,BKz,BKe,BΦZ,BΦE,Gz,Ge,∂Az/∂t (finite diff.),∂Ae/∂t (finite diff.),∂Kz/∂t (finite diff.),∂Ke/∂t (finite diff.),RGz,RKz,RGe,RKe
incipient,762295.1232143048,212222.1127594954,2246793.8957113153,176463.21693436647,-3.067359826449778,0.9356744242839117,-1.622414079483059,0.36351366389187656,-1.524217199963518,9.132196175245971,25.0385493012213,1.0750049394112473,47.35693244332007,75.16171406881388,-0.3355595613810431,-6.152361058162302,-3.659980510959984,-2.4845228652947955,-9.921351045163524,2.987578388188034,-4.267448713162333,-30.270126440451985,-12.188879800932803,-0.0733542945981489
intensification,188145.0782404516,259244.46891658267,1437614.3741426892,1034169.9744805944,1.32992981879712,0.9818568025538182,12.733709592777318,7.737221792812467,0.3533578639333423,-2.411787412434534,-13.958627473484523,22.678238390211337,30.669848971896062,57.10093893858657,0.5100765353773797,4.5758301155889525,-2.8541903484445026,-0.583758056797012,-1.9318489196044055,4.437963355265179,-0.8957615910269072,-2.036860857694317,8.583394345896172,-13.243787234981305
mature,107806.10837894125,69611.06165007547,1911618.6959890358,883006.5790517838,-0.8677070102485899,-0.39765871965472044,37.17601640384204,0.7364490891653156,-1.163326201603359,1.1531003179223231,48.69362954344468,5.140468590170655,-174.65487478821677,-148.28503889649966,-0.16559971808257012,0.6943476550665872,-0.33530341214030646,-0.5066961735926593,6.448246035265357,-10.988944400119564,-0.4373429404402579,-78.55369290177276,-0.5256886826949464,20.310154324386502
decay,113976.16580893933,85819.80428590164,2126720.506406587,541225.1516787916,-0.39384598372657903,-1.0926855667664226,23.791727356047218,-0.9383509180041214,-2.6682748028910157,3.618351314668391,20.381061585879763,9.116380262516687,-219.27581469457596,-216.0188133495599,0.08254427221999323,0.0758573349507263,0.5807329458995611,0.4953619023313811,5.2142196003583905,-1.599247807909192,1.7624761982975752,-38.564723357842006,-2.968654763574708,14.014450203625458
