,Az,Ae,Kz,Ke,Cz,Ca,Ck,Ce,BAz,BAe,BKz,BKe,BΦZ,BΦE,Gz,Ge,∂Az/∂t (finite diff.),∂Ae/∂t (finite diff.),∂Kz/∂t (finite diff.),∂Ke/∂t (finite diff.),RGz,RKz,RGe,RKe
incipient,448391.2398089898,242186.41424239645,1896296.1559156885,298516.34701294627,-13.39016649972696,-1.3768111347827183,0.9273353155605858,9.159365679332284,-3.170812824043621,10.688661161454856,-14.576725285372806,-9.853937556481576,74.99739089128913,91.95160177865812,-3.704284623609001,0.5282724868797352,11.730342140168746,-1.134959071481722,4.957301072976078,-1.3700628974943323,0.134177329702688,31.996857542515254,-1.2874434188215744,0.2518442952155446
intensification,630257.923696522,187957.68312319787,2458326.2433536816,373316.47803531087,-1.0732232548870846,1.5179483164338317,-5.338180571255344,12.089923622271776,7.831420775495101,5.848241869961361,-30.968145336082063,-6.514685442225318,57.39344751269543,40.70273882801784,-1.314244674814565,7.224261585102585,1.7793107333245421,-0.2894411118387402,9.094292426541147,1.2596182362929806,-5.607384980623811,46.473841588765644,4.434292324037842,-9.653800515008822
mature,837377.3687889245,267708.22573812166,3561955.526530019,509716.9366860967,0.4412544945692455,4.276391785458481,-8.13654540268524,12.8815758307631,16.45368883459198,3.318706087680289,-42.81544120478347,-3.5263762776015737,102.70508965187655,58.1087964323833,-3.379742168460175,7.206600881290005,2.143734030676646,2.0496756438322294,13.14973007569641,1.5168274327917122,-9.592308523887608,63.660462188595865,7.336153601456559,-15.97491752305505
decay,960227.8625541175,289732.54234277847,5081905.849253565,395287.89517080685,1.8465478954150678,3.434126761400297,-3.92768365190562,6.735817081025873,10.397785000038406,-0.789418081519243,-87.68080950691079,-5.740382472374467,222.98042182670983,144.85517817884994,-1.6345105861519487,1.5115447037422587,-0.35509541928690136,-0.5998666926877323,1.3990355579867175,-1.2587917166582239,-5.472205762509942,91.1609808213881,3.491241708457087,-6.1819099772152475
