,Az,Ae,Kz,Ke,Cz,Ca,Ck,Ce,BAz,BAe,BKz,BKe,BΦZ,BΦE,Gz,Ge,∂Az/∂t (finite diff.),∂Ae/∂t (finite diff.),∂Kz/∂t (finite diff.),∂Ke/∂t (finite diff.),RGz,RKz,RGe,RKe
incipient,354050.3744649983,175352.2840603404,1767929.5908562571,451885.49621065665,-0.6982379441987705,-0.1819422501920153,-0.7086427343230781,6.734583178376897,-1.6488288263228597,-2.256123722231621,-19.360189317082956,11.860810451370897,28.005273813024008,31.37050323576707,0.8480422776834127,5.878845856635979,-0.6113632658446556,-0.8761891515118085,-4.391735434645991,4.632826647370368,0.15728536608741836,16.375334560958816,8.296459999288723,-14.671209716700503
intensification,280440.59308548627,110152.57079500845,1528430.3102670617,540797.1402387646,0.00257661402594001,-0.7953141140164415,2.592395873385085,-1.2330500737220058,-2.254281101555411,-1.809122640578419,2.2005249425161053,5.26566460672658,-28.618584941398442,-31.613724654069074,0.004448770884989426,0.868974584714103,-0.4778926436445117,-0.749026816082408,-0.5904832767264707,-1.9804100461513323,0.9836509579203977,-5.3859807066536005,0.6223598647904466,-3.420628705770822
mature,259384.99033236154,63801.45006317506,1466995.3501056219,366036.306901073,-0.21301848796035994,-0.5632750594106211,1.226308784007389,-1.7944240459874992,-1.954231077345604,-0.32090879924815513,10.541400018449242,8.486738652436589,-48.17469446323854,-40.806827472705045,-0.40013275884162935,-0.44973562138665757,-0.7019500447548948,0.024733797481909556,-3.90964394669225,2.6925413528786737,0.47598748521972817,-15.464334261188522,-0.8855063898468137,-2.7734644695630273
decay,200740.8033494851,83263.49286091032,1575758.4107358975,303549.4555288242,2.2212789029313367,-0.4142872192463488,2.496591744179659,-1.3166016785584649,-1.4124957624450833,1.5985751557157784,13.352367770152297,4.887984398977493,-7.893580094889706,8.082936955677289,1.2067055585221569,-0.16619241425003395,-1.3544140969943017,1.0278082012391854,2.0414426312970497,-2.4217357051400255,1.8650733491357698,-16.02879578596624,-1.473081413788709,-3.4965266813793945
