,Az,Ae,Kz,Ke,Cz,Ca,Ck,Ce,BAz,BAe,BKz,BKe,BΦZ,BΦE,Gz,Ge,∂Az/∂t (finite diff.),∂Ae/∂t (finite diff.),∂Kz/∂t (finite diff.),∂Ke/∂t (finite diff.),RGz,RKz,RGe,RKe
incipient,103106.00974276512,279775.68449666246,1089565.9677723397,303588.2099971585,4.076599746055885,-0.200277058749993,-7.495034716221559,1.2879162541350653,4.80374170248162,0.8296353375165573,30.3932060531756,-8.709252712645545,32.41939094349687,26.50936186413644,-0.4729369227574443,-3.9385107101916654,0.3945801059477256,-4.087425654386742,-1.6984011992261123,1.0019405460468045,-0.5328389092280021,-28.67317228223604,-3.428867679018241,0.928242288335726
intensification,119809.61651230931,171772.4045136154,1022747.046148671,278104.4601735685,0.6981506178795458,0.2828738151608684,-8.440516241794024,2.1672673431530107,3.2943317060925175,-1.8675658894631042,13.897008618422769,-5.366771704646666,25.284260397218357,18.92149755786311,-0.16175435631469373,0.3522114432979574,0.6277187517037437,-2.112263150920548,0.9125603850366097,-1.358350489639367,-1.6855885213483595,-5.242082609471681,1.639696266534699,-6.599362369939733
mature,174029.22886024503,79536.00083389948,1274385.1705681859,190834.07890226974,-3.6435630524816833,0.1287631388457025,-2.6689191480351493,1.6402362609050223,0.15216408300427836,-1.8233254458125838,7.493547967701738,-2.754018347300884,9.792423543452452,-9.102034052160644,-0.7742334502801707,0.29919298109720427,2.4998272649664335,-1.6549256518054607,13.300279439996547,-1.5816252523860155,-1.1671367316738257,12.119213672811643,1.679872916066443,-3.136762314025304
decay,353265.32862113573,53876.71684386368,2015655.0518798826,155313.46407003247,-3.0312413987586946,-0.11782372747163572,-1.110399003590637,-0.3939166528930583,-0.7460789368474678,-0.04447692417647592,5.597199890996685,-1.8055528466216708,-50.94453629593894,-85.04619690723338,-0.458785023475104,0.43242154821468337,4.095696072965571,-0.011342018620364889,17.74713978067097,-0.5971717201378023,1.692709883582708,16.291580292023617,-0.2429580198653114,0.4918987757862898
