,Az,Ae,Kz,Ke,Cz,Ca,Ck,Ce,BAz,BAe,BKz,BKe,BΦZ,BΦE,Gz,Ge,∂Az/∂t (finite diff.),∂Ae/∂t (finite diff.),∂Kz/∂t (finite diff.),∂Ke/∂t (finite diff.),RGz,RKz,RGe,RKe
incipient,659398.3776570964,190763.72364827007,2673184.5842701145,361262.843677817,6.6582495430612125,1.5303605996747005,-8.917858926838122,2.1972316230435056,11.87242228531291,-2.316477307797495,-5.90352949930141,-16.69255574580539,39.540488122007005,4.329037859536733,-0.9606475018190316,-2.3748722062958896,2.7988710601005544,-0.7570462054159401,-6.35760000979364,-6.610772647723298,-0.8849410824764412,1.8055388732846789,2.22630212575036,-1.0333074517995335
intensification,744175.1036418132,152756.32642498886,2761937.777744301,245040.57288682644,1.0500744997323974,1.5697031400076302,-6.784169731218079,5.599137057148149,9.67397616485231,-2.282858922291414,-2.089339641148595,-8.033289977368726,43.8269461812265,15.593019985847144,-2.88171790779046,3.3336774470890194,1.0960699262180214,-0.8110051356777795,5.617195760947134,-1.5169655737729177,-5.958128598894259,13.440630633581414,5.501287703754154,-5.866982384770419
mature,750416.3758087055,122384.12533515025,2976818.4063149947,255643.5084446647,2.547143582423006,1.539565730876225,-5.084045056875845,6.4707090236991505,10.016923111026847,-1.0318000920822337,-10.717874305963411,-5.987704747658528,-2.3719919053357583,-12.330073653888846,-2.0373516054435052,4.028142396168936,0.6793569180282593,-0.4734950575398719,-0.12667412329749722,1.620049678854663,-5.250856879699356,13.128101657118755,5.489448327365288,-3.9469996540618055
decay,982096.1795412775,107105.1926335172,3209745.8883883026,248402.98668801776,1.6925964924832269,1.6099033376390675,-4.7046142964505435,3.961526127275243,12.827352828326607,-2.9992913791440436,3.474270855710438,-6.304643159619845,-27.871105419745113,-44.231219414670456,-3.1791433451284945,2.4481505343428562,0.8406602535308678,0.40802557678536455,2.718982767405178,-0.5464173829902873,-8.684192744673448,2.2567297156620576,5.758939745565586,-2.90791464709623
