,Az,Ae,Kz,Ke,Cz,Ca,Ck,Ce,BAz,BAe,BKz,BKe,BΦZ,BΦE,Gz,Ge,∂Az/∂t (finite diff.),∂Ae/∂t (finite diff.),∂Kz/∂t (finite diff.),∂Ke/∂t (finite diff.),RGz,RKz,RGe,RKe
intensification,485485.82287187857,49889.69146576357,1175362.5489162921,128042.09870648528,2.614995937101948,0.36715702654855625,-0.6168381944357515,1.5258549282994252,2.0183170224488225,-0.21976744632149253,-4.3945987849766865,-0.29902962676772404,8.867595939873057,7.68588865022687,1.585620158016589,1.167182096094223,0.7097249930014652,0.32048954162689214,3.051383957386676,0.4338047215661687,1.6735609342031477,5.447824999697166,1.698954889699254,-1.409858774401283
