,Az,Ae,Kz,Ke,Cz,Ca,Ck,Ce,BAz,BAe,BKz,BKe,BΦZ,BΦE,Gz,Ge,∂Az/∂t (finite diff.),∂Ae/∂t (finite diff.),∂Kz/∂t (finite diff.),∂Ke/∂t (finite diff.),RGz,RKz,RGe,RKe
incipient,459620.5396904666,121791.33218505568,2213995.394600459,222927.58308976205,-2.187419909121741,-0.2035250185225259,0.9054027642984398,3.35831249814533,0.5154091165125113,3.021489641629252,29.93325062159024,0.4349991604769746,13.559734265643907,19.12139710715399,1.309124295136495,0.3457279626619261,-1.4701896376345789,-2.4609966982161686,-10.1546950578934,-0.02966368541312301,-4.3765436817913566,-38.80592853466034,-1.920648823177564,-2.917572579736988
intensification,524797.6384883234,123235.49672763997,2675161.123709153,316626.8145573973,1.578301273281727,0.7571931884045373,-2.2737249208494235,4.24583928410883,5.964485535989373,1.0424253275130237,-9.592656879441877,3.3137102324547714,-19.569317416253305,-9.86103401773452,1.0529888371552014,2.279872881132315,3.778498715638514,0.4740805159644464,15.674227664096959,0.8648645071605442,0.14950764133540617,25.962308191106537,2.9203012841557148,-8.96840993025248
mature,1471185.4725264602,154607.9207744397,7092600.655070824,294449.3235454098,9.635323402981172,2.1785482465138046,-8.079166819435944,7.519821055298606,17.264147060142477,3.1740477192813104,-147.42856578328895,-7.520398832023379,313.79539119236034,224.29167888667175,1.861927626518467,2.708792921152653,9.068226617217269,-0.8405576889074459,59.26793225970939,-3.08836844299903,3.617951206569766,205.14034145945308,1.3266674005960433,-11.166957485710201
decay,1072409.9000840522,168565.65962676672,6953130.438957797,599480.9535224212,1.1389370622444224,-0.7024157805084147,5.61599012146684,-0.625581996658682,2.937669552018877,9.170776269920452,68.63286309901164,7.762236332160096,-32.74469531879273,-111.47379175945873,-0.35441238467283753,-0.4627496995046757,-6.700706867884492,0.9970522102715614,-29.4516297592857,4.967418120051055,-9.201855138167357,-104.83942004200863,-8.096890275799158,3.446753906016481
