,Az,Ae,Kz,Ke,Cz,Ca,Ck,Ce,BAz,BAe,BKz,BKe,BΦZ,BΦE,Gz,Ge,∂Az/∂t (finite diff.),∂Ae/∂t (finite diff.),∂Kz/∂t (finite diff.),∂Ke/∂t (finite diff.),RGz,RKz,RGe,RKe
incipient,615149.8158024328,170615.1920557816,2177059.988539296,393950.53029436595,-0.788008196680841,-0.44200000707307124,2.350415714634352,4.958412606706004,0.1513216062924284,6.1422186040363975,32.39448724220381,-17.294204345203674,41.97764255752313,85.78317650698199,-5.630778204237336,-0.13591794548925806,-5.600413118168904,-0.9972589424444657,3.250961238774665,-1.1336517640830182,-6.981742928215245,-30.70593352138265,-1.7390649327017889,13.552555689049004
intensification,347372.8385101748,144171.2256585089,1736080.3897104175,308610.93653358036,-2.7524743826463567,0.4663427772558556,2.2873156440183195,5.60409375309205,-0.9821780563183864,1.081662954376284,28.48143776950522,-3.243475218707013,-38.448199134863366,-15.392907743973236,-1.598334294614371,2.4073994428527525,-3.0945291148263556,-0.9034018111572812,-5.844439539694214,-0.48959678452610317,-4.39848266389847,-33.86071857057139,3.1526862103026287,-0.562899674892819
mature,220818.21774379237,51569.07982220102,1650350.9132467576,281418.19620094605,-0.8473165970787355,-0.39683492224473493,7.901688743513425,-0.08814958645220287,-2.448519948944113,-0.4245715519494688,17.38014803955855,0.8424225003807004,-138.204664446277,-107.60326808328695,-0.011694673678172895,0.5528562417441776,-0.41346762398380194,-0.7417733716945003,5.887852096048017,-2.786094794298118,0.7909008056368406,-18.54666808994522,-0.008516483952499451,4.361321035286809
decay,294704.9182778697,98194.1607767,2075750.1924976038,240718.0351460497,0.11537965278161813,-1.0415276474868032,7.208619670387011,-2.3300496411225193,-0.4332266423898751,1.2756588708729133,10.123742731052578,2.387268625897301,-208.08434360217822,-193.33842268440605,-0.1152177385766043,0.15490329244435097,2.1513332547532564,0.6172567743199836,4.366702823745499,-0.2865072983538748,1.658411902437947,-13.081039230475712,-1.946924090188646,6.864893387258355
