,Az,Ae,Kz,Ke,Cz,Ca,Ck,Ce,BAz,BAe,BKz,BKe,BΦZ,BΦE,Gz,Ge,∂Az/∂t (finite diff.),∂Ae/∂t (finite diff.),∂Kz/∂t (finite diff.),∂Ke/∂t (finite diff.),RGz,RKz,RGe,RKe
decay,678727.5003015538,116671.75449152893,2931889.3511437853,344255.7666637564,8.544994526469868,0.5761453246190359,-0.42073615482727494,4.5151491055797885,17.083168057272257,1.6468167164150855,-56.763262185487235,1.0014212838123668,51.137703086621805,42.57362426508137,-1.4171604756539582,0.5939184487293321,1.2505433409622397,-2.2304146734546797,2.694448565827774,-2.225805633009688,-6.711484865221111,51.33345237967243,0.06177239109098693,-8.163112177229118
intensification,731062.9249126752,61487.969364653065,2879898.3077177103,278422.74590207834,14.505092197855882,-0.1680943498179479,-1.5252023660923508,0.161790516797493,17.770853786193708,-0.1731269686390678,-49.401435901874336,2.281634666443709,-19.33995997894199,-22.39344658014153,1.8820863637226597,2.104437720871508,-0.8099209233769216,-0.9760790662075144,-9.760227582465978,-0.3003239044947474,-4.243776861532696,26.661318487644827,-0.4730672309530054,-4.268951453828301
