,Az,Ae,Kz,Ke,Cz,Ca,Ck,Ce,BAz,BAe,BKz,BKe,BΦZ,BΦE,Gz,Ge,∂Az/∂t (finite diff.),∂Ae/∂t (finite diff.),∂Kz/∂t (finite diff.),∂Ke/∂t (finite diff.),RGz,RKz,RGe,RKe
incipient,1278696.994505065,68254.42097581919,3666408.678949077,137550.0289323444,9.310179180371394,-0.21283282521366687,-3.466158194141069,1.3946500171670662,6.006662292592762,0.8365772564927673,-35.49361479680946,-1.200859649025058,-114.89334916784918,-181.1314465130703,5.06210833876169,0.6145052517289543,4.1728515341019,-0.17555372653389126,-8.061843678851226,0.4023328477176711,7.263535596666866,21.587750131727905,0.5953518593540745,-3.2576157145654068
intensification,959058.1317117815,399605.28708959976,3963866.5047049066,953448.5916802372,4.2112487286127385,6.120599863423705,-22.131539410473213,18.11240690265856,9.443870071811746,-1.8621487450102567,-66.18821101553242,15.873108435040297,100.94409792377634,23.014204066226913,1.6731077639507428,11.898754114807774,-4.673502985812966,3.057376815278859,3.9330350211164067,10.147873868750008,-3.785524465588271,88.0415367185093,16.911332599523973,-45.96918087942207
mature,355036.6879496979,255663.54389862152,2885701.754194636,1663454.8044282268,-2.2435932187915486,3.281478399702872,-42.76235306901309,5.191975614656889,4.51932814815083,-7.149292562859756,-37.206173887686795,-22.875693739957352,164.52471882986814,104.7700877774485,-1.1090890988328705,-0.3428640857462974,-0.9629565617358145,-4.627097037239996,-12.9760739968091,-10.100083369746487,-4.444399528975321,69.23604617868232,4.432692740573778,-35.178718313459115
decay,299890.86696057033,102714.82765986155,2443789.3656833544,326628.4153865417,-3.312824829178988,0.31468729804427403,-2.557030215384894,0.6177542114164308,-3.41316572418942,1.8619636998906623,-4.645695438294832,2.3514157421099875,92.61756910705618,112.61177076959191,-0.8716230223421605,-0.263483623224096,0.0417028076834331,0.14543814892793064,-0.056916601559684955,-1.2269451311329393,0.45673100073813844,10.458633881299031,-1.4134586375905747,-6.753145300044255
