,Az,Ae,Kz,Ke,Cz,Ca,Ck,Ce,BAz,BAe,BKz,BKe,BΦZ,BΦE,Gz,Ge,∂Az/∂t (finite diff.),∂Ae/∂t (finite diff.),∂Kz/∂t (finite diff.),∂Ke/∂t (finite diff.),RGz,RKz,RGe,RKe
incipient,293137.60605781776,199876.79211720018,2540107.69235928,216441.64658584053,-5.005690590745952,0.7965789822669475,-2.865282881737533,0.5458080905079224,-3.5371356176125546,-2.7134447413110885,-11.561314292070515,0.9346119596188801,88.77725372007028,88.41636276693434,-1.0091145385837292,-0.7160692917458791,1.9364479968462653,1.1203907621708622,2.0203777384516903,0.8593280739543433,1.2644720059798158,21.45266550300569,3.5830646117229263,-3.486374857909992
intensification,345558.51960449293,207987.8165356703,2467254.28929973,222379.80073544048,-4.6508049782190435,0.9330729844928906,-1.7356233083656651,3.7217360547979133,-4.7790095533471995,-2.0026763358092112,-25.146090805379618,1.8427647247268097,79.26636159573933,88.68208577436819,-0.16256976994863717,1.3277660368260145,-0.05483381075627367,-0.3949753284864171,-2.93309830871088,0.2960471589123124,1.0064437488647726,28.59942078325345,4.396364077627816,-7.004076928978075
decay,314469.77631650236,176012.45258957072,2382641.9627093994,231033.25393461724,-4.998319058309451,0.7141772036822026,-0.7540429752079845,5.042854054035436,-6.414692728593116,-2.439586481457373,-22.522552820462025,1.1611876747026681,54.722708931031754,67.52592272362449,-0.6908189343135784,2.2008597327384414,-2.0737707675926518,-1.3679295015297934,-0.5612816318099635,0.12664089474335186,0.056780106373216295,27.71363322216949,5.400333830280814,-6.831443809202737
intensification 2,280431.28054506157,142922.05475729567,2445433.4803341636,227072.18930552396,-6.364123042875291,0.4804707817938241,0.6827516234507224,5.048031317705224,-6.227399407028957,-2.3320170679536676,-19.051894052319966,-0.16228760806594025,26.593072569976503,37.94033184839465,-1.501808683748779,3.397250336735705,-0.6093802484647034,-1.3052955379641509,3.423640204875099,0.05979100771751591,-0.2656331025172142,28.156905676619633,5.5942820659009165,-4.143201078471045
