,Az,Ae,Kz,Ke,Cz,Ca,Ck,Ce,BAz,BAe,BKz,BKe,BΦZ,BΦE,Gz,Ge,∂Az/∂t (finite diff.),∂Ae/∂t (finite diff.),∂Kz/∂t (finite diff.),∂Ke/∂t (finite diff.),RGz,RKz,RGe,RKe
intensification,167103.85698072735,270976.0214433662,2372451.16679331,293001.80988519086,-1.4074211079746006,-0.7146297074193075,0.7588487727088027,5.362535104608728,-2.1029001451094227,8.247225934639404,23.325033700993167,-4.215043899628618,167.19246598602888,170.1888908962386,-0.17715518693399904,2.7534579801992987,-1.184270893792216,0.9584269051688096,4.606087071896159,-2.1571133970488807,-1.2034215640767016,-18.070374293831208,-1.2116342174425574,-2.5457558293201874
