,Az,Ae,Kz,Ke,Cz,Ca,Ck,Ce,BAz,BAe,BKz,BKe,BΦZ,BΦE,Gz,Ge,∂Az/∂t (finite diff.),∂Ae/∂t (finite diff.),∂Kz/∂t (finite diff.),∂Ke/∂t (finite diff.),RGz,RKz,RGe,RKe
incipient,718013.0717770997,185584.10263731432,2823920.9933572356,909117.0096839513,2.501326705254327,4.312352249758612,4.077097323143818,10.247312512828806,14.96496976004746,-6.215305329947687,-71.18216006049012,46.426695387559995,127.01544725345856,85.38802965537207,0.6624122212766534,3.3836908150696305,-8.301451912974015,2.4669311471493818,12.567807753583248,7.98367145895659,-16.452742718008537,77.17154378567521,14.617196740167264,-44.61323911828839
intensification,394557.9501762632,507081.09518411325,6955349.922012646,687806.1368813138,-11.057806394709083,3.66987058194169,-5.375934728001169,17.489157653123467,-0.15214964748837254,9.594216868717282,-82.62015689434418,7.032269613334233,617.237374798148,625.4556355001458,-3.8111793119234987,9.300172357231823,-1.2942389379575665,0.6560358893609396,41.63576533592333,-3.8779913148053216,-8.530025103236584,140.6896633529778,4.881106091825432,-33.77535330926418
mature,363079.9756589395,217695.30289185114,6881552.823543116,448296.76305773895,-3.0695289464397404,1.1376434112854599,-29.423651207130934,0.8091282262024985,-7.454349024727403,-0.3059457994456238,2.0667097380143957,-3.4266917579283063,598.9515400410259,503.1815991079108,0.5883184978455526,-0.6567058091267539,-2.0830104654345223,-2.0560627055096696,-26.70646412556506,-1.151589737574472,3.439453024138599,3.720006289991215,-2.0786320911470066,-27.957677412979603
decay,263088.74502700777,63061.54804450484,4247251.971922584,143540.25739393482,-4.832882491262759,0.1583482181584413,-0.6761265183529841,1.121794846610442,-5.08866921013575,1.0183372611304533,-5.750791507828474,0.8070767251354177,16.007711339182407,-65.1157572224661,-0.4239821867779894,-0.08950972750106469,-0.3440721327907302,-0.5556027076830476,-11.993586735178102,-1.3136823267903235,0.0700628042407015,-0.733786217733884,-0.6104933403614998,-3.9186804168891674
