,Az,Ae,Kz,Ke,Cz,Ca,Ck,Ce,BAz,BAe,BKz,BKe,BΦZ,BΦE,Gz,Ge,∂Az/∂t (finite diff.),∂Ae/∂t (finite diff.),∂Kz/∂t (finite diff.),∂Ke/∂t (finite diff.),RGz,RKz,RGe,RKe
incipient,1692119.0810995877,64380.63537345573,4350710.116172163,126412.58136858008,-1.671235377119024,0.08367613137527181,-1.182905528923712,1.7006885584739635,5.436724026114012,0.32439377263410785,24.19599016142076,-1.2492799480067047,-0.6022299926182562,-8.81130652928313,-0.3192048475226078,0.7088218351043113,-4.662631085741069,-0.04254841802007305,-3.6957635121706582,-0.06890439339782971,-11.686914357598834,-25.037612767548683,1.2500702364445107,-1.7032185327888005
decay,1291698.7682407906,54218.53303587579,4286851.282527171,111705.77832107997,1.9029456300836356,0.33670342788679664,-2.148850990785072,-0.8532191362216022,-0.34251989303993835,-2.1415078721406484,45.59035835784002,0.37080993034401544,-34.76334682528799,-42.116785487729544,0.17986406360801627,0.22147238138477823,-7.461157251401683,0.33482724684417153,-0.42909541734934065,-0.40260761531046735,-4.8789883003913115,-45.77354841448792,1.2864125548764211,-2.0690494002179536
intensification,1175849.52478042,72104.03564862526,4216581.343836236,107653.14561668312,-0.4111404123421438,0.3835678374308849,-2.5083253960283645,-0.8466165498675978,-1.7974987685609505,-1.9088872207145955,44.67199328747887,2.04132626605818,-54.49237654932291,-58.353725529507926,-0.6549909086649821,-0.1090465489773515,-3.210947125196021,1.0309118177786891,2.8220249536937465,0.7913178570618146,-1.4410209315463305,-38.93050252541462,1.709614651194802,-2.911717255157132
decay 2,910057.7065566236,109322.61650642476,4111474.3180388333,144166.99300342536,1.1840117304169717,0.4353262440727843,-3.8090141430302973,-0.6823829860079329,-5.0922230740373715,-2.206094984610201,42.45519913231051,4.557596545297992,-93.98248415715675,-107.53907787410114,-0.6693080215512268,0.8982205975500361,-9.556274117479965,1.27795736818805,-10.20489176883221,0.995217684025099,-2.8447130689528395,-50.0350884885294,2.3663431227175336,-6.6890100182952565
