,Az,Ae,Kz,Ke,Cz,Ca,Ck,Ce,BAz,BAe,BKz,BKe,BΦZ,BΦE,Gz,Ge,∂Az/∂t (finite diff.),∂Ae/∂t (finite diff.),∂Kz/∂t (finite diff.),∂Ke/∂t (finite diff.),RGz,RKz,RGe,RKe
incipient,702380.8840126896,121248.16180415828,2221397.093319193,135743.4025591593,-1.777850842871708,-0.1084425157144014,0.3017393854793472,-0.1058772930595347,-1.3250216109397497,0.176714581087472,3.3487829408063767,3.2708441052845205,-119.94403022412844,-113.57426713314854,-6.32354241389203,-4.398060721480764,11.533320775016737,-2.04336865033105,21.571997335738573,-1.7521276911615535,10.972049027370378,19.69932585232456,-2.2175180087636552,-4.6153551179071926
intensification,1152566.1775972955,119523.83566927383,2108427.268988822,309726.03411418345,1.2638846869557774,1.649646380715719,-5.9295225185352765,1.1489054997585555,0.30749815414158116,-0.6099299662112286,-5.844330940488717,-2.3605374541031896,-59.50771585787003,-72.57203908708874,-4.839834131385694,-1.5143360197025593,-0.10426292657653322,0.30149382428559335,-4.379549016424121,1.3355118123897762,2.5017699869533816,6.130419755644097,0.41068290953965914,-3.382378751800867
mature,716352.1277910897,251096.19353185216,1370156.5401553991,510257.08256880025,-5.082151315644131,4.834039884830654,-5.3237203694367015,5.923825903409572,1.5590242230435585,-4.429071253767551,-20.32276984146839,0.6946603060768847,113.37452660413511,115.61189289780732,-0.8432396163824849,-1.7564404890826515,-0.660928358121622,1.4418704815296752,2.526895593204029,1.2475571435133312,-2.468064011978657,33.25553711975325,6.960727753876144,-10.694649435409827
decay,431673.1213846838,399105.5867907262,2417539.0487908693,467293.83087201556,2.3821048658816784,3.228288396239035,-8.635590965744278,4.7540065149125175,6.411503894005116,-4.472658244728647,-38.72680233581867,-7.343209642872427,167.4054493341031,132.4718057830642,1.7871726039284221,0.6862492322405073,-1.528806343823787,0.4970341273793166,6.6283169967258,-1.1409317307934832,-2.3299169757081883,51.60860543240708,6.495410490781446,-7.187319568577849
residual,359973.5356986877,396719.1693188775,2943962.673146743,287081.6640784885,4.349470103331029,1.156032438165866,-3.8408222540200354,5.898974147956742,8.216321535429644,-0.3920061755549558,-19.242685901711777,0.7053937483925761,199.8135623659385,160.56349250328682,3.832112954556511,7.032996653706234,3.108343242355838,-1.270830169819,-8.829252071611894,1.4685446152120076,0.397524248423089,9.90478598078889,3.864117715526832,-8.976645535157344
