,Az,Ae,Kz,Ke,Cz,Ca,Ck,Ce,BAz,BAe,BKz,BKe,BΦZ,BΦE,Gz,Ge,∂Az/∂t (finite diff.),∂Ae/∂t (finite diff.),∂Kz/∂t (finite diff.),∂Ke/∂t (finite diff.),RGz,RKz,RGe,RKe
intensification,523429.79936708754,147427.84590969217,2313648.7762050824,183857.70914310054,2.3671532721715596,-0.1817569324118406,-0.1931524735317917,-1.074288344946408,3.5469858365076674,-1.0065808868002026,27.277174754896627,4.659890397148518,-53.1831255320834,-27.936805106456283,-0.7028594309359075,-1.5238448837232195,-5.158958024610191,0.9038894502695782,-5.117002290074823,0.14981704870212353,-6.520547521358139,-34.56817784361122,1.017938924535213,-3.628937477031778
decay,418565.1573951698,149173.09456491785,2317995.568693813,222693.75151849329,0.9097165985068987,-0.10894418470211137,0.8473156661240703,-0.6362122709590757,2.3177294191787023,-0.862250786897332,30.983779860191447,7.429077168472111,-72.7920252603018,-56.23665129373767,-0.860304660310783,-0.05552975083095313,-1.4949706881266536,0.04630760324081603,-0.47455299093788633,0.7719953315446565,-3.0119276935005685,-33.2153651157603,0.3812903038811835,-5.173553899844308
