,Az,Ae,Kz,Ke,Cz,Ca,Ck,Ce,BAz,BAe,BKz,BKe,BΦZ,BΦE,Gz,Ge,∂Az/∂t (finite diff.),∂Ae/∂t (finite diff.),∂Kz/∂t (finite diff.),∂Ke/∂t (finite diff.),RGz,RKz,RGe,RKe
intensification,56307.190001615476,129041.55573092338,970012.0163110296,186644.1704657268,-0.08793341289648478,-0.19813324868511858,0.7493928180281723,1.6565605341166183,-0.700067622236278,1.5642734825974165,6.9335892101043575,-2.500343756194467,59.52848066927229,90.1569741023617,0.06658021440374176,0.2935853777526388,-0.3551786012490895,-0.4102059891429962,1.747496393612211,-0.6526746523565254,0.05882235940558515,-5.847552221623833,-0.11978568893867558,0.940501387749495
decay,50714.85036570263,139816.6299768308,1403803.516179304,131727.5899157596,-0.09240264695083647,0.017284836417936236,0.719545152883426,1.0202623152530885,1.2847982986193038,3.124278036576674,-1.2073971145074784,-0.41179952359557426,106.32943534887082,111.91954139783367,-0.5723604061390821,-0.1745602681720518,0.21512310212475477,0.4867902444338764,3.6972681202820334,-0.7422886658347123,-1.1447930070274492,4.277522728856923,-1.634510313307645,-0.6312063046088009
