,Az,Ae,Kz,Ke,Cz,Ca,Ck,Ce,BAz,BAe,BKz,BKe,BΦZ,BΦE,Gz,Ge,∂Az/∂t (finite diff.),∂Ae/∂t (finite diff.),∂Kz/∂t (finite diff.),∂Ke/∂t (finite diff.),RGz,RKz,RGe,RKe
incipient,573544.5836333574,89095.38434976953,2076665.7129456063,182315.3421904622,1.9000328471225123,0.0729155318970473,3.429229896128814,1.2539553551556295,-3.827668291519904,3.1888344526357177,2.105650072338456,2.663579865488147,76.13477990287561,88.07771164000144,2.362209827154354,-2.256232212626093,9.196069538496053,1.1442285142695996,35.65216396824211,-2.144697136988732,14.996686209035516,28.217251152652327,-0.863566115107536,-2.6330024615036938
intensification,726782.0159940275,94682.43244114777,2842721.3169932733,153137.26994505225,-4.1788185838548495,0.05486841704886834,1.6928382859622837,3.3026209705745386,-2.4492721422091046,6.788937639113325,10.145045088934733,-0.8474359410425107,172.71674341693864,215.46673958879146,-0.9897145572800025,-0.4745001056852809,3.872913238655422,-0.3147733549693176,22.625064589967998,-0.5836305184966969,2.1982352140585455,14.965999798925836,-3.855958440556972,-1.3459772620664414
mature,804909.6062374953,69319.559031023,3412106.465114936,142791.58285217942,-5.594746465113333,0.0353135078336071,0.8453206945679815,2.622305778284196,1.4212739493340956,4.047227847075394,20.13298502035574,-2.1089675948759874,187.4745980111153,221.4472157877144,-3.347987751119967,0.21211601528168159,1.2696139573994096,-1.2532015916556882,12.831795241001398,-0.4727585580315833,-5.711092949214413,-2.551764008808992,-2.7134371682804934,-0.14077604687180995
decay,812015.3450793915,32902.05964107334,3633859.616729504,120814.80116390277,-0.5048752144945539,0.023441123353324485,-0.5328992765578979,0.2260890389957104,4.533635560096559,-0.09346616301038822,10.236674048256715,-2.4828748584661366,60.962231908807034,44.99046785739805,-1.2024502302627256,0.3544107553856971,-0.4481917419369661,-0.17225974844039516,2.3667757883609988,-0.20259538754417455,-5.463261393174754,-6.832123768843266,0.12385433021237906,1.5212911553683537
