,Az,Ae,Kz,Ke,Cz,Ca,Ck,Ce,BAz,BAe,BKz,BKe,BΦZ,BΦE,Gz,Ge,∂Az/∂t (finite diff.),∂Ae/∂t (finite diff.),∂Kz/∂t (finite diff.),∂Ke/∂t (finite diff.),RGz,RKz,RGe,RKe
incipient,916921.697737412,190042.28576547146,2717300.363750617,324893.4476096345,4.416694898916109,1.7017404025842642,-4.915607944900697,7.683865099064021,1.1520329528741007,6.712778900827177,-62.110584638762376,-0.3046033611061464,193.91357792792138,201.85726797470105,3.84203252709717,4.51900576057131,-2.212186349263375,2.3490328718913003,14.123241144802815,2.480110314682547,2.7542159993628985,76.73273882954977,1.6183786675438792,-9.814759368176027
intensification,972104.640203785,138830.2789997129,5171134.491306386,233333.0762404222,-0.49648993563119315,0.8350242879035289,-4.290059652887337,3.060461047809678,5.489957508012381,2.3604191400657704,22.569860149498854,-0.8592130584609948,63.611361107574616,-47.26754629943088,-0.7570269328794192,0.6290819757887769,-0.42733309946173836,-1.2190465895680962,6.618782642149809,0.4030366047857723,-5.5787562552017835,-11.164527918830519,-1.3540289697277177,-6.088271037450249
mature,339848.9887106931,76010.10394351276,3240447.7286966336,642332.6886318418,0.5841169869091792,0.3683014750285809,7.006087790292649,2.6881156207334933,-7.711098184237863,-2.0079174986766373,25.53435879000644,4.676179563501564,-206.40665039855864,-235.9343445840882,1.7247818427281991,2.531961903488127,-8.023955740951648,-0.4098764267785591,-30.930122909064178,1.1961055934683222,0.6395609052239754,-64.05468647627244,3.9178552176029906,0.8378981995259135
decay,393939.0831749424,84455.57022277989,3395056.720026321,303675.78646258154,-2.8427599034264164,1.2835008970201702,-11.468350882742833,1.4192036168475215,1.3131926489416497,-3.549229932494762,-23.616763038577915,-5.479384072646854,277.15943823045797,215.57822784866156,-1.199155295188557,-0.11816143707617299,2.8814955976507366,-0.08651445797534141,6.279725858651472,-2.797536730860303,0.009043942302839836,44.20759968339864,3.5984181943467726,-10.205707157803802
