,Az,Ae,Kz,Ke,Cz,Ca,Ck,Ce,BAz,BAe,BKz,BKe,BΦZ,BΦE,Gz,Ge,∂Az/∂t (finite diff.),∂Ae/∂t (finite diff.),∂Kz/∂t (finite diff.),∂Ke/∂t (finite diff.),RGz,RKz,RGe,RKe
incipient,465163.0099094324,316233.66283608635,2504971.21579577,849849.6771984813,3.8045463041866974,2.9246402758291183,-25.710312345267884,9.359626558277734,8.94304994342866,-7.6734200549485365,-20.6462774134054,14.765822062457625,134.59708756039112,131.46829606366748,1.6605566589567828,1.5695309299344942,1.8631687049479524,-3.7398218011006477,-30.439847272044513,14.756842938096142,-0.3506946584648931,12.112196182442077,10.368584536296504,-35.0789180279071
intensification,622807.4802357266,151789.70070730004,2698662.9017702867,668447.3025568625,0.4893974922750619,2.1127609104113234,-9.133413619398835,10.302207351743188,7.603564046913755,-5.0439023439324595,-14.827512178846902,-1.2573217311102252,72.43650821935822,72.51699077105924,-1.9172733870341185,7.494652833338159,1.7896918095643188,-1.062195693048301,4.605392810745204,-4.383792553538149,-3.211713834663052,28.076921116715877,12.171153092216022,-22.562091793569948
mature,637887.6131255353,175925.4758868865,2629974.059370858,581894.8943237651,-0.3669011967503717,4.191859808778412,-24.281078208081798,6.460467948024387,11.263434049747017,-3.07036393995428,6.228326902560055,-0.6140315663019981,117.00947650822968,92.29371975577557,-5.4381774781694405,0.5789062319714489,-2.970453311829274,1.8612155043854999,-10.087222253922848,5.790448593624881,-10.40892874954825,8.33243024834927,7.2001875835857545,-24.337065996179305
decay,410698.684637564,167498.06689315487,1482500.7490748637,635480.2325807236,0.8948629683760289,2.1139565595705263,-18.976499469062695,2.451917760171164,4.6474076951448655,-2.9609846112824965,1.2414546855266193,-10.75631814977812,89.39679701991518,90.11772700841138,-1.9812426429367813,-0.4059663487385292,-1.5441979126490948,-0.4839003088087784,-2.2289974536466106,-0.37938481820337344,-3.182786079847405,14.611184361513432,2.8150455030743555,-11.051483897659105
