,Az,Ae,Kz,Ke,Cz,Ca,Ck,Ce,BAz,BAe,BKz,BKe,BΦZ,BΦE,Gz,Ge,∂Az/∂t (finite diff.),∂Ae/∂t (finite diff.),∂Kz/∂t (finite diff.),∂Ke/∂t (finite diff.),RGz,RKz,RGe,RKe
incipient,346758.3830807321,100696.45028897055,1895373.6254235255,213816.73513926732,-1.7563952597516943,-0.32884952997140804,-1.4003207741167019,1.5256971027970898,1.3908592170356842,1.3502608024851996,25.929506751747493,0.4639626321331936,-45.27056187922443,-31.682065757050346,-2.5255218803230703,-0.9586391927690666,-4.271450228786221,-0.6876639949138927,-11.710380358103883,0.5012171167664524,-7.7475542355450076,-34.48317107598298,-0.18337816463059467,-2.8887633922805325
intensification,481725.43265128665,74087.4873082344,2467522.5961725414,184209.64583401618,6.581385250314846,-0.07442964849468339,-1.1329793835309994,0.22572956107645828,8.11675066254582,-0.0780566896328139,16.717983516431808,1.8710401530715128,-113.67395183061117,-99.55366607887677,3.722496127861837,-0.1574935979561766,2.0451459854035887,-0.10258060771285914,7.190295626672518,-0.6250626229319847,0.43535092467793124,-14.976093756543138,0.2756352914910965,-3.854811720610956
mature,649208.1433224952,77014.54986891597,2748866.931045065,119502.8241847558,8.59899660816851,-0.02875860954406517,-0.4899259082790044,0.2104984789404106,9.49450704269802,0.5137375431630062,14.497973249530839,0.658883924791684,-149.416804233732,-125.70527116371437,3.252503951944338,-0.11692258755777822,2.0470335836531497,0.22085959986848802,-5.61720541068194,0.004568272437507311,1.1227645395795747,-28.22424936010228,-0.053620854810042536,-1.3547400395735918
decay,772092.8622423682,80140.24084397493,2653591.986909796,135896.49905939217,11.801087787763038,0.21369901614926354,-1.3456282567208069,1.6280012684349183,11.007663825182048,-0.11996206882902428,4.767820970918489,1.04034588403562,-118.95251329326568,-99.13237017843237,7.187114240449326,1.6321062920539273,6.17066869156281,-0.6166316570047401,-4.703685582753466,-0.24233295256749807,7.177791670293065,-19.926966084714188,0.9176326641099389,-4.256308361758843
