,Az,Ae,Kz,Ke,Cz,Ca,Ck,Ce,BAz,BAe,BKz,BKe,BΦZ,BΦE,Gz,Ge,∂Az/∂t (finite diff.),∂Ae/∂t (finite diff.),∂Kz/∂t (finite diff.),∂Ke/∂t (finite diff.),RGz,RKz,RGe,RKe
incipient,1053444.3073282803,122215.77039748292,2577203.246403634,387690.55699429085,1.5923748104387698,0.919751612298434,-9.648311758452957,2.0921083667956393,5.257323114201385,5.478313896643969,-40.30246219901334,10.740549592001521,209.90069866015017,7.386428857796692,-2.376293114468385,-2.9504103839761506,13.453614767503772,1.512818385921037,59.629754955124305,-1.1304566011192356,10.708418076039592,107.98815410215184,-2.7931387562257264,-23.611426318369354
intensification,862469.6109570697,156782.60095296995,4330706.1034855135,300054.85747810215,4.544118677652221,0.9918620863412267,-5.435343696290482,4.278701600584227,-1.1303368845501331,4.293800200908592,-34.39167511559081,2.2329837849788543,232.5918495285511,45.024638620124996,2.778794621161833,1.5896781354504848,-6.783564357826048,-0.31095898459999255,1.8282743225760958,-1.409781688507981,-0.11724670928246773,37.111174456805166,-1.3179196712655843,-13.356810770361541
mature,260594.2668263794,78282.20859429138,2799426.5178941377,163116.4803461207,-0.007068121371043778,0.22696890745347478,0.6281766334346337,2.277416460040357,-3.6123282019191003,-0.1856778330806512,7.355285548382961,1.724195131016008,135.16100235439148,105.06702449863253,0.46390308221713017,1.3705200305815957,-3.235105129001595,-1.0942817507101261,-27.04374658489879,-2.015804792214656,0.5971238589999353,-35.020140645345336,1.1418436349574077,-5.389239749836387
decay,262849.7010837844,38318.44876409235,1318609.9930017828,124397.78015411117,-0.6125632206475901,0.14170715945041237,-1.4674749412820365,-0.04374827041793292,3.190954098123252,-0.3120122693800079,2.13613824847456,-0.0244816452690432,-0.14904601593094585,-33.336424158078,-0.022663392196574133,0.050007308885235524,3.264386913284439,-0.023326684253428005,-2.3182590157158574,0.4794809474586782,-0.39742324603599044,-2.374359102260786,0.10323015525823452,-0.919764078136382
