,Az,Ae,Kz,Ke,Cz,Ca,Ck,Ce,BAz,BAe,BKz,BKe,BΦZ,BΦE,Gz,Ge,∂Az/∂t (finite diff.),∂Ae/∂t (finite diff.),∂Kz/∂t (finite diff.),∂Ke/∂t (finite diff.),RGz,RKz,RGe,RKe
incipient,799637.8265596303,368321.2070169139,4133275.495579559,394602.8261765796,-22.06103542206595,0.0015036867999132,4.732599066150489,-2.614697539057437,-13.079726151006591,8.637452759364407,60.08028812535433,4.404755944004481,90.43321760746556,113.343435772839,-7.947230676443705,-5.359800167308693,23.938731532438013,-2.169028878323281,10.184065383639645,2.3714833573520635,14.958925948178567,-32.567786385799224,-13.422682863545038,5.314024018555508
intensification,837432.1535320515,265539.4275429785,3722363.866325973,654076.2823770548,-5.90533514413367,2.271789026129523,-10.658717319825593,18.743166299502928,7.412874683980061,2.0649769996916945,7.991567515029883,-0.5955337338941901,52.542819225870176,10.62243166677662,-6.857010769177832,10.587661713494343,-4.125595080084438,-1.737149559574141,-6.639901537554934,4.347652710212905,-15.172015882068647,1.9325834113744447,12.669250714107568,-24.45869717522142
mature,290245.66368388105,100695.57608210093,3130093.114187274,989861.1318402616,-1.575927856136504,1.5319036254276268,-6.315347524194746,9.394312237334775,3.6478377865792986,-0.5004419009907491,15.619453468214365,3.1727340840689173,44.406518458668394,53.427580971675546,-4.1571545251075,5.827704965880128,-5.472423805316137,-1.4490462794530286,-10.975540402221663,-0.08807908036300545,-9.164285822604313,-18.70371849010478,6.913804233444871,-18.970472925961445
decay,198527.81430150723,121314.60314924641,2857413.8702876326,755641.920566024,-1.2737934155879163,0.12988608814423158,2.8035226693154476,3.87984851235106,7.01248444269441,3.6642019727014152,22.31539154386174,6.228041326680421,68.93697034292643,108.29942803732625,-1.6734362851088602,3.1636060882344483,0.5184685888490271,2.0350442190525224,6.690571384070699,-5.088740739849257,-7.637923181289068,-17.154549413518573,2.1208046705579355,-12.393107909565288
