,Az,Ae,Kz,Ke,Cz,Ca,Ck,Ce,BAz,BAe,BKz,BKe,BΦZ,BΦE,Gz,Ge,∂Az/∂t (finite diff.),∂Ae/∂t (finite diff.),∂Kz/∂t (finite diff.),∂Ke/∂t (finite diff.),RGz,RKz,RGe,RKe
decay,475348.55764943373,92411.92839159658,2646594.2871890715,294919.2713248979,2.567213623981288,0.6149383715103028,5.296625543239734,4.071608613451103,5.332207956621103,0.38455745412561015,22.16077064826345,-2.4444120420289837,89.11610098327796,63.55191737554905,2.0049620316264654,0.69071532032963,1.677024888416974,-0.027478128022090403,15.381762626555629,-1.884403784910452,-0.4730310727125382,-14.642847188928842,3.0446346597930996,1.7850251869071618
intensification,488319.64634064934,101760.7808652682,2889813.5592695046,263362.0115870844,0.23231429538118997,0.0867916916217248,6.221485576618631,2.7736196201397876,2.699363492431166,3.55060781334603,31.63252422060883,-0.7572669011179037,108.23792099675596,108.75522703845726,1.9416398230051148,1.6943541152127513,0.8079888970566821,1.3034934199774821,3.8619884045708477,-0.9835197646106058,-1.572268608371569,-34.224335688037804,0.43971353514951494,3.221613092986142
decay 2,546747.9489798922,209963.4537625946,3274173.85307503,263594.143235047,-0.9347061219414257,-0.14192171886382013,5.823872468777952,2.997392959174297,3.523584022402736,9.739158432215838,46.98970188016752,-0.37463953915396914,139.49465363495997,148.59040120787859,0.7072383654014992,2.0827970440620716,0.4123694679177188,3.1320396757118445,13.166086479517123,1.2737589807577328,-4.187842395290263,-38.71278174748693,-3.4678040784658757,4.474878029515356
