,Az,Ae,Kz,Ke,Cz,Ca,Ck,Ce,BAz,BAe,BKz,BKe,BΦZ,BΦE,Gz,Ge,∂Az/∂t (finite diff.),∂Ae/∂t (finite diff.),∂Kz/∂t (finite diff.),∂Ke/∂t (finite diff.),RGz,RKz,RGe,RKe
incipient,363995.2864716869,68491.14078958919,1782597.4450135678,111112.89163548546,-1.3785696038082864,0.3968478881061479,-0.3947725088855456,2.784354337234404,1.420603754512174,1.606401036506027,-41.448423629723706,-0.8319533226998505,57.81980324055756,58.416240546168936,-1.5737035616856738,1.071983881075541,-0.1582350613818885,1.169103114375904,-6.302767125863293,0.4513963981396308,-2.560560531596201,36.91899861655425,1.950208526998133,-1.8957771252804685
intensification,368844.85065376176,86099.95471582998,1811529.021548958,157376.46629530832,2.486991440321811,0.27200932645388903,-1.071102794284175,4.962564576027505,1.4745233510127747,1.8032890080452852,-38.303353776148555,-3.5860749410832478,52.492642023896266,47.38200730206872,0.34562433634654266,3.966650793573812,-0.09324433804919224,0.1828128529801168,0.7127025094891002,1.6405527785623573,1.191233077713733,37.60016763960002,3.070079094508448,-0.8070396506660754
mature,328347.1628947315,87551.86289419956,1711194.2351913168,203223.87703607732,4.764808168498706,0.0669972756554646,-3.0102277124055585,4.0620774448121475,1.3964728756047364,1.2193717209604826,-19.315783262683773,-6.634196267803782,41.72121980979942,25.637704929675124,1.2123244779770421,3.5212912506543335,-2.195493752473469,0.43145668596767955,-4.464890742032795,1.5241486791598637,1.2398388160759648,13.096312064557829,3.20716513416388,1.0860397897459388
decay,230827.9051614408,71354.76622888583,1581502.94700758,207098.71716285814,2.7896890459348045,-0.18851537021617093,-4.1667136857418265,0.7910867164020534,0.9433017133220151,0.5875535206982513,2.946126345999548,-6.113386953067987,46.38215818111092,17.545492740219327,0.3305655980479256,0.7208156884437114,-1.3043953102481578,-0.2596820400194704,-1.5351777643917592,0.44170343099094916,0.3534766521484607,-3.104279470584286,0.13236652590050288,1.5972899819150554
