,Az,Ae,Kz,Ke,Cz,Ca,Ck,Ce,BAz,BAe,BKz,BKe,BΦZ,BΦE,Gz,Ge,∂Az/∂t (finite diff.),∂Ae/∂t (finite diff.),∂Kz/∂t (finite diff.),∂Ke/∂t (finite diff.),RGz,RKz,RGe,RKe
intensification,741622.090598326,74681.74062533914,5161176.547443127,178494.0188836182,-2.9952484415349563,-0.16503848158561982,-2.8972416646015433,1.9205342481240333,-6.472014709350276,3.2996799767542413,-96.57736420283098,-7.994888535553459,229.41535079029737,244.2235367241522,-1.3636185763968802,-0.2861963524217054,5.91949363113348,-0.45136958469796273,6.51866977059147,-0.04035629894950024,9.231221417363178,108.98852407955894,-1.6654768317425508,3.136756323878383
decay,964674.3969326331,69563.27635371871,7006284.246003051,177264.96153978218,5.360796103474496,0.2479679455411389,-5.881472957508271,-0.6722390964376272,5.666304577993647,-1.3717423065377217,-66.81920243449325,-5.751954643455273,-209.33659127055125,-293.3840697248578,-0.463647738691121,0.08029044525068954,-0.18458789517300309,1.2241253226448006,22.00741640345622,-1.0954536991903123,-0.24212842415101388,89.34729569198323,1.6756605872037555,-0.5527329168056839
