,Az,Ae,Kz,Ke,Cz,Ca,Ck,Ce,BAz,BAe,BKz,BKe,BΦZ,BΦE,Gz,Ge,∂Az/∂t (finite diff.),∂Ae/∂t (finite diff.),∂Kz/∂t (finite diff.),∂Ke/∂t (finite diff.),RGz,RKz,RGe,RKe
incipient,438848.268150972,25376.763877315152,2343078.611686388,65379.32698487291,0.9382056965023908,-0.0057000350203422,0.1304579104698159,0.6760090420673901,0.7732807773591677,0.0221781005955449,3.7866492250772423,-0.1887308432030864,8.060792184908802,-1.6496027245063267,1.585503745190542,-0.6953022301433878,2.689872131626649,0.1001197925510809,5.968819407026275,-0.3208140669639397,2.84909701574953,1.1135065749768254,0.7596507690432683,-0.6776343553584274
decay,409158.8983785622,24278.457839663264,2190589.888848687,54405.7812759562,1.9454420837384765,-0.029923048889988202,-0.3438549143994278,0.479813027584801,1.8168083872156209,-0.17661068934417423,9.018061160850717,-0.4813592721103026,-18.001887138108987,-31.640433157689007,1.3059142171352902,0.37459783268455815,-2.0207269523808984,-0.15231400026309366,-9.942587597361427,-0.46581350052497444,-1.9220163047480308,-20.562235927551193,0.5340327655558698,-0.8081221703989007
intensification,313118.57290294766,22086.718054004086,1746114.7251524527,45140.394275702354,0.8518097343071172,-0.08848361497138664,-0.5272849522290024,-0.24409516476323564,1.856526790416119,0.27096855445266976,28.77797821301662,-0.38088024481135624,-51.49469275440257,-66.08684615381746,0.15391268431535352,0.16902158550052807,-2.3788223438480576,0.24962616495355736,-12.045230288876397,0.264655422776924,-3.472023014928446,-41.14773328397113,-0.17695393929096137,0.36234588012251345
