,Az,Ae,Kz,Ke,Cz,Ca,Ck,Ce,BAz,BAe,BKz,BKe,BΦZ,BΦE,Gz,Ge,∂Az/∂t (finite diff.),∂Ae/∂t (finite diff.),∂Kz/∂t (finite diff.),∂Ke/∂t (finite diff.),RGz,RKz,RGe,RKe
incipient,947186.2111021057,40406.21790298873,2347459.789851256,75556.2476004396,4.815999934615477,-0.008289191883135635,-1.3580505279725659,-0.07067686082816893,6.8783082358779986,-0.6277917370402211,-5.043803177346873,-1.9915851971425305,-55.160681698561106,-102.07387195974486,-0.2816174072916831,0.08457402353905975,-0.16886422759834047,0.048023965890096554,-7.4225585422733085,-0.23555455992375596,-2.239461720743997,-5.836704771569346,0.6134280339852843,0.46865697007437757
intensification,976452.145320273,35405.93679695425,1971686.5615934003,124373.17758329229,8.800486010410632,0.23615830729763837,-4.108652829433651,0.39925574349137855,7.556422595988179,-0.19684368636729113,-26.138679856723968,-1.688929438438743,-7.103745946663304,-27.815925086199996,-0.06039294299065212,0.17342063526559254,-0.042190872418568094,0.020579848603465366,-2.049110790608894,0.9050231653490659,1.4380308493015206,19.39773588513809,0.3805209711644967,-1.9139559691372217
mature,868224.5287934608,45070.030076504416,1605356.6838890903,299559.1535656392,2.678573213441592,0.9869550252782635,-8.82735639065991,1.1716402129700614,2.1884033242143133,-1.3427407659431017,-15.21374884880702,-4.699521295766613,13.251747966738483,18.71993587207868,-5.06494594060504,0.2260246555805329,-1.2495513972512367,0.11705946343933782,-0.16087003747519768,1.5079904981880368,0.22757351725430644,21.20166198855014,1.6444854170742376,-3.7914848096753246
decay,670851.6824565243,61684.66245287683,2125554.1692196447,358827.21304910316,2.2039157234889655,1.137171866720704,-14.320797782819149,1.0115051960024466,1.6724635873257643,-0.9648677856819526,-25.442098164299047,-12.02287986180824,35.02020092994842,5.421464177931885,-3.2961891984238787,-0.22788630398443976,-2.7429593765698668,-0.012368845827426945,1.390905781257186,-0.6673854113709721,-1.074335373685962,38.94988600488641,0.8268322691362684,-3.976808528384323
