,Az,Ae,Kz,Ke,Cz,Ca,Ck,Ce,BAz,BAe,BKz,BKe,BΦZ,BΦE,Gz,Ge,∂Az/∂t (finite diff.),∂Ae/∂t (finite diff.),∂Kz/∂t (finite diff.),∂Ke/∂t (finite diff.),RGz,RKz,RGe,RKe
incipient,844284.0258136675,225580.99999821803,5901112.632967161,378680.0204204769,-3.90918895509608,-0.223794966237094,6.3067637777513905,6.708516528975965,-8.603295860909263,11.1097188609813,-61.31339658311113,-1.8982770732452803,307.04617731744065,336.6797804575333,1.0895453314036943,1.7462304315313963,6.068895061053516,1.1146440853820525,52.63490227654863,-1.8347249320174468,10.539207000629606,111.55072403700444,-3.0627632803861893,-0.3382006099967412
intensification,780931.5675877546,259764.4133957927,6723851.139214689,357200.7497415883,-8.277355561048829,0.6443602957626414,-2.6689643188062053,10.019543738841797,-18.692785060269788,12.758591222156166,-9.896558060656847,-10.355557638011266,332.1911286099899,319.95005963779323,-3.0909099559871205,5.142235291820528,-5.104467418493952,0.11415381743382924,-11.760665697954952,1.66176845232842,5.955322376489647,9.082212242556935,-3.26925396164318,-0.6711819673083175
mature,397268.0110966878,160927.69763982654,4911544.217822488,593841.803062963,-3.8999640177285038,2.6471564792859286,-23.96414132716798,2.9203080366498484,-1.1219552886876418,-10.61453650369605,-38.30336851174688,-0.662423385230051,221.91831446295194,232.63072462372438,-1.0971366820579322,0.32319646286965903,-2.4365146973201637,-4.076221695206068,-16.97270194479532,0.6868718396410328,-2.5673669470750977,49.19477191184804,6.811466365853903,-25.535154138946748
decay,612883.6253051155,69762.35116122033,5208696.452908564,264832.161549317,-2.5316993812141426,0.40697986848570544,-6.125017587382766,0.8421901593583161,-4.519243716957209,0.0665619745930797,-58.14844101312913,-2.90343332463693,62.49522489026738,14.054191583553257,-1.369495718746704,0.5299633141891474,3.5137329630238683,-0.2518172193345866,-0.0354937992319158,-2.4387068476676657,5.90825716725264,66.76966418249413,0.11683109694494434,-6.502481269771818
