,Az,Ae,Kz,Ke,Cz,Ca,Ck,Ce,BAz,BAe,BKz,BKe,BΦZ,BΦE,Gz,Ge,∂Az/∂t (finite diff.),∂Ae/∂t (finite diff.),∂Kz/∂t (finite diff.),∂Ke/∂t (finite diff.),RGz,RKz,RGe,RKe
incipient,984953.0008036077,58898.34205987442,3010894.364684346,121984.09740345713,8.588106033420303,0.051682516410278205,-0.6913267344096039,1.9437472413307741,9.163531026899651,1.7256653377366593,-71.35332705445276,-1.6208440370744037,101.60711080116545,49.9343492551761,3.5919328200682052,-0.2598959406954974,3.8673257024957812,-0.5486019086870985,14.501612076826959,0.04839312778026905,3.3435832254267135,77.95815983226902,-0.38220252150326195,-0.9658368108857055
intensification,1114882.686210277,42572.6269849435,3589527.148895763,135838.77328020392,8.671566992652432,-0.059589871240010084,-1.1173023027841398,1.1420314915905576,10.572072909930728,1.305067734668824,-65.89991632205889,-2.576625617960148,140.26616670341852,63.4975208352537,2.609607020057216,0.5009309173914646,2.887056834763391,-0.29320239559161,14.774738034489843,0.6420968350540016,0.9269610462450857,73.12038966668044,-0.3966487674298662,0.9593886586394522
mature,1168665.6098671902,36835.53391947124,4071065.3689853204,172765.52118998845,20.034109980223622,-0.03163610867435775,-3.7141642372738937,1.5079315202207506,15.267489244882725,1.3334064855053567,-74.17799172896822,-6.146131111345721,213.88911375310283,123.33534633941882,5.999635489139706,0.6973349162511175,-2.7737827607968293,-0.004249317896710805,12.936539326705669,1.4041480036772118,1.9612018658697083,70.79458531272417,0.2019118254930411,2.3281833575282884
decay,1137423.1381410777,43379.14322299609,4350038.204519966,189856.25790498676,21.23731284984068,-0.05068765452865533,-2.8167816347201495,1.2469058272730285,11.786299561422432,1.5862473265056585,-73.12026902109773,-7.513260091305457,256.7524652660705,165.43159028844056,8.785804413335011,1.1872605580358409,0.4939009750883036,0.32169257424839265,-0.4219095290344234,0.11456931887082093,9.8942266089779,54.277828276942785,0.0330387295444177,3.564141948183101
