,Az,Ae,Kz,Ke,Cz,Ca,Ck,Ce,BAz,BAe,BKz,BKe,BΦZ,BΦE,Gz,Ge,∂Az/∂t (finite diff.),∂Ae/∂t (finite diff.),∂Kz/∂t (finite diff.),∂Ke/∂t (finite diff.),RGz,RKz,RGe,RKe
incipient,514464.0060445612,187026.27664657432,1442150.6798479548,227555.4983802822,9.73056659561576,0.3290521365075321,-4.035712649330407,4.040798003877217,0.7422580686331761,-0.9022331305630266,-4.9404914672735885,1.33700113356572,77.53256516462629,60.4019146471057,10.62666140975738,0.2984298961576415,-12.466719858747975,-1.812422884036159,-20.912456757767533,2.509874936767266,-3.1493591952578583,-21.666819236779297,2.801556113896553,-6.903636850006078
intensification,394060.6989179645,99948.92523809768,1297822.124195669,211979.65443422506,-1.9889253216845006,0.2681099153660487,-3.553352575440926,1.4805984467806306,0.0397681419124211,-1.7377808157814896,-7.311135934733735,1.8482012262900505,65.7351065741496,43.39335713560842,0.4070771251764862,0.26631319190622,0.4863546588785225,-1.960877068535745,2.9140608449703507,-0.9221806487564432,-1.2742288893523506,15.76747467682951,0.9893922786603263,-7.80433289726805
mature,566672.9142108688,44125.85459210625,1588164.0766944713,151969.58249747704,-5.011026900823246,0.0425603900569919,-1.6936977513026825,0.38909695280699047,-3.7763045903022103,-0.056514177716051245,-9.35845353680019,0.03482748873298894,43.337082041240194,-0.026302098591184375,-0.48623576492922044,0.1999414544993754,6.002303316201301,-0.5000090717113449,7.408140679436711,-2.4599854654682822,4.810141395737257,23.47131886836283,-0.0969583312452951,-4.577607658310944
decay,624248.5185090699,35003.964077260374,1750085.702496537,112087.53001891519,-2.351221273875043,-0.1775611531014065,-0.3335271769618213,-0.5986099226462307,-3.391009263191684,0.4466072904103733,-7.322457169080712,1.12006455822467,12.165267609255638,-27.59629140538678,-1.1085053852550075,0.27247485101587476,1.7186168659651055,-0.46968641193475474,6.414054570301998,-1.4052903176728615,2.5808437021803394,16.421260190219574,-1.337342471889952,-2.260272130213122
