,Az,Ae,Kz,Ke,Cz,Ca,Ck,Ce,BAz,BAe,BKz,BKe,BΦZ,BΦE,Gz,Ge,∂Az/∂t (finite diff.),∂Ae/∂t (finite diff.),∂Kz/∂t (finite diff.),∂Ke/∂t (finite diff.),RGz,RKz,RGe,RKe
incipient,375847.1153443862,131334.73305374544,2024400.4354549507,204302.2303060674,-4.1832771200492544,-0.7380328344843333,3.0781078014497214,2.072986906605515,-5.162557911691923,4.008566709428113,17.03363467751832,-0.006736410911676118,43.48758063927656,56.281736033100934,0.40984579022288803,-0.004164705917442359,4.075340485018302,-0.08416085291182629,4.954531504102847,0.10783834295383368,4.316588442176638,-10.973933854815938,-1.2817078212500905,1.1196956487097174
intensification,661058.1910223215,59216.822136785944,2363412.1839685626,280812.3651221263,2.305970829712483,0.03467410305248278,-2.50944216112249,0.421881381949279,-0.3661800080757508,-0.3146144191712152,8.69641020101695,2.1522490688744464,-20.830647638821137,-46.46084435886544,1.6578419137894969,0.848874623251184,-1.1576229476168074,-0.12831378788630682,-2.483149120383473,1.9640859196167149,1.549201993223909,-10.976087989990416,0.5735079101817044,-3.1194866923295
mature,222416.3632850807,75873.508639113,1000634.1182711569,758362.348402583,1.247452917058749,0.17935366397606387,-6.073997087913682,1.9203759113241377,0.5084444076321447,-0.8649222811918577,-4.722169048558029,11.259363362109987,0.41403420283959985,-18.337549925899072,-0.7727699393799169,2.1805957723041582,-2.8860515227573167,-0.009338009807997285,-10.224524629651864,4.521077553915767,-1.967689349354649,-0.6758114102389015,2.5966065187319343,-14.732658807432042
decay,208815.517112699,81758.45557960644,961555.7809671476,578213.5187835618,0.36024435831048074,0.001766907038605589,-7.210663494553378,-0.4607827727317321,1.9374683255614444,-0.40849620821430527,4.8954632129892035,-4.294331703762831,25.685952551192347,22.237107959250064,-0.3784901959240204,-0.034587186405301173,1.1677754466694183,0.1303618690159729,5.0000889719718264,-2.5522749427336207,-0.40768161354293964,6.95504489522552,0.07630839745994022,-5.007823960792434
