,Az,Ae,Kz,Ke,Cz,Ca,Ck,Ce,BAz,BAe,BKz,BKe,BΦZ,BΦE,Gz,Ge,∂Az/∂t (finite diff.),∂Ae/∂t (finite diff.),∂Kz/∂t (finite diff.),∂Ke/∂t (finite diff.),RGz,RKz,RGe,RKe
intensification,540024.9212341071,112290.73452732817,3280258.513986847,124921.22684221006,-0.7386286504751038,0.14492878238093465,0.7093330243879495,1.0806431106770729,-0.737928514426094,2.2210185383678644,15.654468440697846,-0.19286160249770745,0.8167987347641191,-40.83022412211708,-0.5632395066477679,0.057519569913228645,-1.0795718835241337,-0.15023993456017515,-1.0030480456268391,0.09706086913766011,-0.9353432371922091,-16.62822086023753,-1.4355441446319024,-0.08138761465375628
