,Az,Ae,Kz,Ke,Cz,Ca,Ck,Ce,BAz,BAe,BKz,BKe,BΦZ,BΦE,Gz,Ge,∂Az/∂t (finite diff.),∂Ae/∂t (finite diff.),∂Kz/∂t (finite diff.),∂Ke/∂t (finite diff.),RGz,RKz,RGe,RKe
incipient,1168228.8465270335,86077.1829625039,1926011.4713065312,100555.52637773438,-4.6013752870042966e-08,0.1866319829395365,-1.8249373300110867,-7.733153954587639e-13,-82.15199455543774,-3.819028845453267,-3.8202565945590075,-2.0954313406383385,-70.97674499211644,-118.58389106762978,-7.348220210405742,-2.3784654213039693,3.960751228996733,-0.37020122364143926,6.656532227433727,0.002622358391923249,86.29937772136024,12.301726198017574,3.2621956388715176,0.273116369019948
intensification,1394293.836800097,75652.46841119102,2168030.6816245974,99236.10301765912,-3.8795191945411995e-08,-0.0453682707078026,-2.265267007825398,-5.838936742049878e-13,-108.94877555210287,-3.881401635989395,4.528808327951319,-2.944013137488261,-69.22255083049899,-124.13520638026942,-2.1196745871863203,0.1652764657764976,25.68877844544687,-1.1170095154321638,24.760866657315628,-0.2363444836928789,134.59218568804675,22.4973253759849,2.80976039126445,0.4424016459705684
decay,1944040.543098399,53671.85693515571,2659668.3366770097,96589.70192168908,-0.5460263707719508,0.040347258537872896,-1.978600883502917,0.0076125964157710176,-73.72084711785824,-0.9515510562650404,2.589566081774745,-2.774464760115196,-96.4875725222422,-164.24188752073408,4.277551194651029,-0.2176467526155456,33.64700028763179,-1.1035766910659819,30.401268622778836,0.22927393948910355,106.86216829325595,30.33632979527896,-0.18476029692304352,1.0175252196856115
intensification 2,2414867.3887439943,39078.87072751663,3332317.4746131,109099.38488745125,-4.084923166710655,-0.08292325598892286,-1.9421794226740907,-0.22391879947466697,-7.882642149621014,0.7797373851821409,-4.496752945642119,0.7624005364752792,-79.00289585877094,-174.26887919887304,-4.415969577840961,0.5982181370257899,-0.6692796581731338,-0.44087780271118926,17.282126652252725,0.014208073118480566,3.0455160687483036,27.805982187279586,-1.3616107313790744,-2.466453086556222
