,Az,Ae,Kz,Ke,Cz,Ca,Ck,Ce,BAz,BAe,BKz,BKe,BΦZ,BΦE,Gz,Ge,∂Az/∂t (finite diff.),∂Ae/∂t (finite diff.),∂Kz/∂t (finite diff.),∂Ke/∂t (finite diff.),RGz,RKz,RGe,RKe
incipient,767384.9691062744,688598.1460187866,4501776.907859284,533529.4280809964,-18.89091891035589,6.167981746025703,-8.407958081279238,11.61352678386064,-11.352973333490771,-1.445085836056574,-29.037791892711425,-0.4774509550134168,291.7595010878748,240.5205835573982,-6.567322063718552,-8.712111661534017,-10.028757412630938,0.2694739921620176,1.231362207658951,3.6225096835427446,-11.398721243470352,57.56803109200551,7.160104866053528,-15.921524226583712
intensification,437724.257947868,455625.6972527139,4379576.221424112,548803.502651369,-13.15014231815077,3.510612264691202,-9.551741119122518,9.412651367809362,-6.577959235605304,-5.252955610218711,0.8029137031552096,0.6850214609139673,262.88238639618834,241.76085953387914,-1.524351401549602,1.3773215852211693,-3.2777687962294864,-5.156452810930026,-6.306954895263052,0.20370646635482528,-6.339339614083755,15.59201483885503,5.998541902406844,-19.44570748149102
mature,297349.4547523452,117840.35466150337,3398153.2028366365,744321.8640273691,-2.9065019387507105,1.7147695185425604,-34.60420095361887,2.1598119165521137,1.1739791110219888,-1.1945837435010709,-23.9924768964268,-9.896975996583297,202.58635310477416,172.6586647811632,-0.5817552853838955,-1.1256451675213641,-2.0588206188347042,-0.33538489423327994,-16.319162265716688,4.560461625125309,-4.424532150064843,45.18401752307969,1.3042412472773441,-22.306575248462373
decay,305973.5232904058,92563.36910613567,3216727.6224392825,394720.45233003795,-3.6093982321889935,1.098766468678029,-7.9423543880184475,2.4305041178393747,0.5658754313258555,-0.42761534202664847,-27.28378552689142,-6.2893836442068265,179.38239311469138,153.90169398169073,-0.704072656943969,-0.09230207779786355,0.0770187454561556,-0.07174974458360875,0.6709634537979038,-2.4648336540326135,-2.9994884493806633,39.50650160089676,1.687603246604386,-6.548308515683612
