,Az,Ae,Kz,Ke,Cz,Ca,Ck,Ce,BAz,BAe,BKz,BKe,BΦZ,BΦE,Gz,Ge,∂Az/∂t (finite diff.),∂Ae/∂t (finite diff.),∂Kz/∂t (finite diff.),∂Ke/∂t (finite diff.),RGz,RKz,RGe,RKe
incipient,827273.7147335842,52977.04955907552,3116191.2513595433,209004.1875057605,19.213628162698623,1.6226425832371827,-4.221355035502428,4.002680707739384,20.86885098591914,-1.549037488511879,-57.81278274849427,0.5121159567968079,3.1763398298054164,-74.8829532412027,11.571336157139436,0.9928731582616631,-1.3962934380484633,0.5478303764886824,7.864133022654389,-0.19995777290758773,-1.428873678031796,50.684642643952465,4.476905989502764,-8.936109472946208
intensification,831508.9184218923,74631.83820093333,3549809.570502328,230165.8372849417,27.14602460241717,2.1652756965661664,-5.058975688688627,4.952391014689349,23.91148558957036,-2.571686838926373,-79.09096495346719,-1.9527366971975169,44.13303643248996,-37.47077783884311,14.456139890760255,2.444802344965676,-1.4886470304948602,1.7052191025899222,30.50205346356273,2.217722009375404,3.911167678918119,87.50596950330137,7.064021259639478,-5.840907996805056
decay,878391.1875956582,132963.35887660505,4257277.640769888,307165.36682752054,11.23019993405712,3.0556315864948624,-6.835790189412355,6.714240861662015,22.818696939621876,-3.447926503962009,-81.93347922529281,1.0556572412497136,115.81515494344552,15.76585811659099,4.321069398986318,2.251873652260472,1.9878925031500896,2.483282124656531,28.123744520871966,1.4985674206975181,-6.5449729159198045,105.66281400152,9.589817903785693,-13.107120871626567
intensification 2,904627.8013962852,208616.14679609035,5072084.607673112,295191.9294938073,4.247899518135389,3.1455861684027875,-2.095788499651534,8.304808711235719,23.44081178343509,-2.4451354771036717,-74.99494369563688,6.012030131658737,241.891013195826,160.720350252307,2.8829856829169027,7.068453957307932,-1.4657524562395432,2.9740605462502274,25.00189362726821,-3.101080523208328,-17.51307855313646,97.84472630442124,10.57841856618683,-19.51370786575432
