,Az,Ae,Kz,Ke,Cz,Ca,Ck,Ce,BAz,BAe,BKz,BKe,BΦZ,BΦE,Gz,Ge,∂Az/∂t (finite diff.),∂Ae/∂t (finite diff.),∂Kz/∂t (finite diff.),∂Ke/∂t (finite diff.),RGz,RKz,RGe,RKe
incipient,197089.75691191107,201153.7795879432,2539167.2840576675,480488.16502517,1.240898822945545,-1.1201375777369356,-8.905261282654246,0.10405954369424002,-3.931728664028555,6.587040730033962,31.43277506268078,-16.87560670289172,85.23266014426463,87.37885428545998,0.2191763564892395,-1.0390590709892829,-0.42418121208981363,0.657867259752006,10.919538910644235,-2.6329830144492754,3.6283086971473506,-12.848873692327848,-4.7049763488507805,5.233302862093961
intensification,383773.2548441034,182516.93130239888,3782533.986820717,320594.7222312145,-0.18074066629794514,0.12378113189475899,-1.9982380122238328,1.1033635819988186,2.7542858921232423,2.966945632438466,-5.38418728307221,-7.869209746994818,10.510239142178389,-68.83633972156701,-0.4550123043560956,0.5919872253727554,1.1670647424508456,-0.8573369955114725,9.897170157724224,-0.7146919147270481,-1.6441806840755828,17.46033611931821,-2.8447001778458776,4.052916238045117
mature,374928.288197316,76823.53431624689,4274350.783800038,237299.301216429,8.446617572681076,-0.08845139853702846,0.743128078798272,-2.1713669648439633,2.7271654382961854,-3.097947632170789,2.658562950827102,-1.1462985563627712,-300.18820160553526,-393.6424941077929,1.4564525161582862,0.06553585882991504,-0.3345437267323092,0.006283682826747905,-8.941707187613407,-0.9821220296570996,5.296457009115552,-20.790015789919856,1.0213157486906022,3.0786715703479066
decay,427837.44949313055,78996.9404695727,4095925.1083219005,215556.02423259694,6.709349598769628,0.1465274067625742,-7.623391418068925,-1.3699961761149624,0.48515924313622516,0.6212644601585932,-42.5089169195958,-0.3938799233319493,-42.02628300802045,-139.640513148436,0.6586400184228177,-0.141376825893295,0.7682177776909217,0.27141229682007356,13.312134918489035,-0.9570757662823871,7.138935540086899,56.73509365738413,-1.8663757462160557,-6.816591084904402
