,Az,Ae,Kz,Ke,Cz,Ca,Ck,Ce,BAz,BAe,BKz,BKe,BΦZ,BΦE,Gz,Ge,∂Az/∂t (finite diff.),∂Ae/∂t (finite diff.),∂Kz/∂t (finite diff.),∂Ke/∂t (finite diff.),RGz,RKz,RGe,RKe
intensification,264163.8173338816,237285.31435241274,1894014.4015331727,714597.5705223832,-3.3510653835986512,2.0777263776266266,4.798949558563652,12.653012362636412,2.270975016559889,-2.4602277194537567,-10.087355764215278,17.283383802204785,78.76897880648279,75.546073484366,-2.0235543854850646,1.6857904989953056,-4.130957349150927,-3.9761598752671965,-10.626138450754487,3.3529180464398483,-7.6752713716828405,-1.986666861504211,9.059353829196347,-21.784528559837696
mature,180102.87625024238,79061.47629085164,1563957.754571395,622458.0000642627,-3.740846512346555,0.08656092691278876,17.65974385250109,2.6456432898215887,-2.5662509762262182,0.25790998127511094,5.650685016670163,-1.6685506999297204,-21.522321682540962,-7.273813488957808,-0.596005705591174,0.8346714425764642,-0.44746137286878235,-0.9336600822569106,-2.215395614390423,-5.253484510791093,-1.5354959820763296,-21.784977971215127,1.3675122993767783,11.429166751818128
decay,334573.90508487803,78148.71329267701,2380375.989997466,240300.03263544058,-0.17534911169465275,-0.11314955032147107,8.104819655721563,-0.07659172289184865,0.09089095719135036,0.8709615178270488,-11.642593172640412,3.0453186859480526,-58.626896495176524,-60.51280194583054,-0.22218804311478824,0.1163906787966746,3.455312898356209,0.20923079273154865,10.795274484380267,-1.761818864550196,3.0759232791487348,14.508397112993771,-0.6251728976658776,3.3742738281151623
