,Az,Ae,Kz,Ke,Cz,Ca,Ck,Ce,BAz,BAe,BKz,BKe,BΦZ,BΦE,Gz,Ge,∂Az/∂t (finite diff.),∂Ae/∂t (finite diff.),∂Kz/∂t (finite diff.),∂Ke/∂t (finite diff.),RGz,RKz,RGe,RKe
incipient,128508.18596370291,581874.9276264,2479263.929469263,466093.0990833032,0.71790001999282,1.852516122052776,1.1432812461389725,19.243823856105735,-0.23335949317296834,22.794754073380982,-7.1725099485940795,9.321317315502714,196.62601814811808,211.62198602716649,-0.2680233897988167,1.8357094211603147,-1.8489509028773836,7.746047175695287,16.309676270552984,19.856926627742745,0.9548247323411809,21.621004953015273,2.3426008363672643,-7.564933297726732
intensification,98803.54303268198,383815.6207590378,2420220.1032269252,1064354.796611226,0.9032362817361175,0.6078210029894886,12.946910445741272,9.024082962491148,3.5359340537287935,-2.19109234632142,-42.3781420534924,27.966686758401522,166.96807043845172,187.75171502519817,0.06271775848223668,3.336248149253838,0.5363496782320246,-4.883797733734061,-5.312951906137578,-1.8031918141919945,-1.488527090771163,23.21504341987743,5.723556572089019,-25.84705108934339
mature,224024.10451061316,58692.299521649446,1557838.6424986746,273327.758391932,5.56496308051379,-0.030545625076556233,-3.043907726207654,0.17183765835181358,1.5956018689256086,-0.3394032007201218,-10.287466393737336,-4.317142693741355,93.54436689817439,54.94692813055305,3.477270344702993,0.7686151668685889,0.9072165349192429,-1.351965292776609,-17.683128445903726,-5.409032961695452,4.846032121430868,-9.916717406472529,-0.8101788086281173,-4.307635652513565
decay,222144.6937055435,74527.5207166377,1386271.4493135049,155288.03776402253,0.009432813008699649,0.015259790010681253,1.050712388738072,0.15178369859947743,2.7114511178810448,0.5744962025124731,2.6438697914007916,0.437774094863244,-103.83630326251199,-127.33232740860548,-0.3828934660616898,0.14199763021763454,1.1266869804393607,0.3736002576421986,7.455171079843521,-0.14217777291885722,-1.5600715344223033,3.7511560866959597,-0.0643720362814782,0.3189768223564939
