,Az,Ae,Kz,Ke,Cz,Ca,Ck,Ce,BAz,BAe,BKz,BKe,BΦZ,BΦE,Gz,Ge,∂Az/∂t (finite diff.),∂Ae/∂t (finite diff.),∂Kz/∂t (finite diff.),∂Ke/∂t (finite diff.),RGz,RKz,RGe,RKe
decay,361870.9486322806,225900.24813280633,1642353.4133454924,295973.71871488926,1.486445272330496,0.7963538376196838,0.7153256499927633,4.966115742089592,5.336142291221224,4.19820301548975,-2.2155906716308884,-1.39493243095359,104.1166145672813,88.48364544267139,0.6491173061910012,-1.070809351099403,1.0105900716824383,1.0612476848019523,5.722668749237265,2.5814594491982534,-2.042753109588606,5.736488498544894,1.0328065737821102,-0.27439821194498504
intensification,484334.57390675554,263140.55322406447,1835319.6085870452,410880.3068622753,-6.16589818463576,1.6712428552235832,-2.0438147611132074,9.155068027194652,6.966563478973067,0.5208445022875677,3.278300655612447,-1.3393025975442987,90.48630544460609,46.08922765368086,-0.5496942614595962,3.5154762251777747,6.127893376476453,0.8904784136694478,6.982771039140281,3.653766633480506,-5.333325431908791,11.914183329276801,7.8534590833529485,-6.205813557283055
decay 2,629254.5410846563,202841.79900159268,1943874.9224868799,423949.05296120356,-2.4858836061480467,2.0596064485304417,-5.816722982772774,11.607928776716602,9.503523106359665,-1.1830759267464994,-8.064909199745546,-5.177033383389895,69.39868085233672,3.4351358084895085,-1.661651586502991,3.1425460763931303,2.0486617131147646,-2.4011564429091274,-0.3541290410184888,-1.2909909609197623,-7.881138550862504,16.013386747647875,8.330241812023532,-13.538609337019246
intensification 2,713934.6116930826,132565.28873466444,1780013.5931047,375343.15601722663,2.5646797448872185,2.275702666529982,-7.014064192209482,8.069959200978433,12.764537280650519,-1.4048427869962945,-6.317434729120996,-3.4984851023729746,9.693851065484868,-56.8053982953697,-0.9558992192458511,1.7530959997241369,1.2094883581243643,-1.4285705654510301,-6.849734952988278,-0.7740716112282165,-6.714666511108953,3.9170842234549808,5.770528755993716,-12.359609902043157
