,Az,Ae,Kz,Ke,Cz,Ca,Ck,Ce,BAz,BAe,BKz,BKe,BΦZ,BΦE,Gz,Ge,∂Az/∂t (finite diff.),∂Ae/∂t (finite diff.),∂Kz/∂t (finite diff.),∂Ke/∂t (finite diff.),RGz,RKz,RGe,RKe
decay,954243.8636029009,53663.039359561146,4903123.428967741,143798.21548229016,4.087080238470592,0.28424057970492206,-0.23326141180259868,1.4814189039035248,-1.684993358131914,0.21236698525397432,-38.767872377341746,-0.8454693198317607,91.9291544653753,86.76619311747294,1.4244108848407657,0.10127549583074588,2.1557050048035635,-0.6108750639667396,19.554048294877425,-1.3060436418371622,8.21201918111099,54.46810184555116,0.37393627497788856,-2.1752546377115247
intensification,862950.7001645619,41472.651386854915,5730998.913351841,152649.44548155472,-3.4075563409528296,0.45349839378222834,-0.27641783670851466,1.078258179853975,-9.07288096167387,-1.2445163741465333,32.016332242718754,-2.5853464736344787,0.5774914065435812,47.228988560245355,-0.4246138218025276,0.8326425736163707,-3.0472431179110653,0.315818943061323,5.886341818004622,0.27786269768061034,3.071579896592205,-22.44601624705279,2.185095103279603,1.5085331547525997
