,Az,Ae,Kz,Ke,Cz,Ca,Ck,Ce,BAz,BAe,BKz,BKe,BΦZ,BΦE,Gz,Ge,∂Az/∂t (finite diff.),∂Ae/∂t (finite diff.),∂Kz/∂t (finite diff.),∂Ke/∂t (finite diff.),RGz,RKz,RGe,RKe
incipient,509884.0170885023,272330.2399942846,3592962.368145852,216269.67014249475,-4.701194614501008,1.094783472796772,-3.6660969472434815,3.2295925673916406,-2.5579078933121835,-0.22768899466611342,-6.596004814952596,-4.956575670460237,294.90128147693724,284.3072607107774,-0.8981255345529551,-0.9930816295175326,1.0286893098051597,-3.764870757022893,-15.566785591197359,-1.1204955922445368,-0.01981393858689451,-0.6034892145002733,-1.4023726677619115,-3.0596094364194215
decay,506261.5060469705,154170.43858425823,2398671.267648724,192411.04779578466,-0.9273556134060932,1.1736138227839523,-4.962506932219487,-1.4248712946612132,-3.7909348292525595,-6.845204513812563,-25.131962953161427,-7.4842374339107405,203.75650572367618,198.57497356997368,-0.5723862746736306,-0.00949190619928228,-2.2068132221551737,-2.8150679042182523,-33.61132121403487,-1.2221663860893859,1.8303798164752458,-2.589495715247856,1.4316514921491448,2.724435410263082
intensification,346715.7092346986,79356.69734781435,1777857.280504413,119222.94193075201,1.4794234878026298,0.37903581462470076,-1.8394878896510634,0.7039277806833933,1.8707675296374877,-1.082072495451983,-5.1178370001912326,-2.491751893087679,58.030167364367344,63.9902447201949,-2.1259687336244344,-0.1461784330172963,-3.633264941626034,-0.3520903596969684,16.415403914106527,-0.671269665921053,-3.6455731688361914,21.893305316146193,1.0548741018137073,-0.7229334431678307
decay 2,585004.8248950694,61351.26145935569,2829174.58672147,147351.12657428085,-2.6833544123449813,0.5243277369403497,-0.6733539308175034,1.1782499528379695,-0.3805923637529699,-1.178665411403898,-3.580510481364584,-1.832764914175368,-8.34527750673476,11.534318597748214,-1.946668880974993,0.6661122595326158,8.698597491931809,-0.016862180789914923,25.256239881123744,1.260273941635769,6.920163180280148,32.19345870565081,1.8157254465116028,1.2414349721556641
