,Az,Ae,Kz,Ke,Cz,Ca,Ck,Ce,BAz,BAe,BKz,BKe,BΦZ,BΦE,Gz,Ge,∂Az/∂t (finite diff.),∂Ae/∂t (finite diff.),∂Kz/∂t (finite diff.),∂Ke/∂t (finite diff.),RGz,RKz,RGe,RKe
incipient,601516.7304672612,130997.12924571297,2073814.6495239981,185937.30990843038,-6.6519595805937834,0.5198008368402548,-0.3327777671323037,4.290720236517799,-1.6103512695114153,1.718197571909412,24.55937218117451,10.22268668882107,-31.198719109929243,12.812572551438645,-4.315779121573372,-2.4221798436224518,-4.546251121757429,-0.7964541846243373,-4.79435165834438,3.957452268465079,-9.068058595999542,-22.368986491792803,1.2562676431437951,-10.888732424006097
intensification,426589.8088191587,89151.18194342178,1871049.7977422627,432226.35845792136,-2.5696634865841044,0.6925186975188183,7.671213837226141,4.967982718106213,-2.3137831545677616,-0.8843033759578635,18.199376345322793,5.13019960478655,-69.023100002256,-50.806035523376956,-0.3477844421699041,2.4208597924532387,-1.2552410823351714,-0.6325014273103521,-1.5875749798452548,1.582358362473859,-0.818602716832696,-24.888501675810087,4.527265969234906,-0.8446101231927656
mature,403064.67509149614,41877.11107930657,1790376.9007550043,384175.40930164175,1.4362469875413573,0.055292099459546426,1.7061060737255815,0.1976123073158987,1.5657024578299095,0.3872116193073088,16.217277378734718,-4.458655008591316,-46.569339400246676,-53.27016927674837,-0.48509869348856005,-0.1233566937711642,0.8731999867463088,-0.10217676752100002,-3.5198802138605303,-1.8558371039360786,0.799036615917303,-22.87951065386219,-0.3470681789719565,4.11131167106492
decay,740823.3190679103,64945.0242991229,2102901.230632101,200556.20606645665,0.4798286199313941,0.4528714416013042,-2.304480275855088,0.6536340215157546,12.263979280818164,-0.7431356609150501,14.321282628195245,2.222021206509525,4.511286715457955,-27.46529062252632,-1.993182124426405,0.5819244417585949,0.6712081333974053,0.6676553125911613,6.204668640955259,-0.8873181775769272,-10.660071085888061,-6.291962331316292,1.6115535534206615,-6.067453681457295
