,Az,Ae,Kz,Ke,Cz,Ca,Ck,Ce,BAz,BAe,BKz,BKe,BΦZ,BΦE,Gz,Ge,∂Az/∂t (finite diff.),∂Ae/∂t (finite diff.),∂Kz/∂t (finite diff.),∂Ke/∂t (finite diff.),RGz,RKz,RGe,RKe
incipient,206508.21400068104,180635.12560222053,1372965.1558055773,557929.6883625549,-1.9031331746557114,1.5997387685916618,-24.965815904454598,-1.5864115441477995,1.5224319254894452,-4.921656021410639,19.908205145251113,-18.938526063262415,26.934356302320968,-7.730268170075565,-2.867246286346875,-2.595290250336156,2.3106074850830143,0.5262990640789764,24.018364865274123,-0.419968766078797,0.48478115352951967,30.979108799133314,2.261804772750154,-4.86084706312318
intensification,414632.5302098797,266388.5847002654,2367233.134392005,778398.6560470943,1.3811414919731932,4.718811009547476,-51.68120930801039,2.512732210011361,6.11604235931209,-8.293561204197921,-13.185366862719,-16.17276252003053,102.32350984683819,58.767423953121636,0.3506040627025184,-1.4073622384634918,3.4454726835160527,0.8778766954182963,15.195390406879126,5.572160894892185,3.4293828257246326,78.6808250856353,6.965359100080103,-32.44901810309903
mature,555790.4914677915,256368.4828332503,3017871.9094755137,908891.8573343992,-3.5662949441234053,2.5786747187484105,-58.805298277733606,3.321898830782314,-0.45660812939078343,-2.728937123017228,-33.272408231850136,-30.03769045079383,103.98032033674536,63.91567472725194,-2.9058909798481496,-1.390744387397901,9.577137731741255,0.26712006994952114,26.240389308336262,-4.922957219209326,9.046125635757043,121.88439076204341,3.739281305000653,-37.01246387693142
decay,1070505.2248188215,313192.0588160008,3836383.869322285,619622.5009671749,-3.9335020858739873,2.1493489101923418,-32.148197715770635,4.559089957680113,-5.424036662591135,-3.03917763392543,-14.404861109532115,-25.90455133376379,75.97844600286916,14.08844523453852,0.014143139584129383,-1.8448942805046842,19.790573610892054,-0.6329135529956074,24.29999345459679,-8.371234521911227,23.430457097801543,74.78655436577353,4.816005128417595,-19.173970861598185
