,Az,Ae,Kz,Ke,Cz,Ca,Ck,Ce,BAz,BAe,BKz,BKe,BΦZ,BΦE,Gz,Ge,∂Az/∂t (finite diff.),∂Ae/∂t (finite diff.),∂Kz/∂t (finite diff.),∂Ke/∂t (finite diff.),RGz,RKz,RGe,RKe
intensification,722633.1342063729,116485.20096887069,2383086.405206765,138087.02966454596,3.818334980621272,1.0607563269369156,-0.5370409615675638,0.13738355103165106,6.262862259069619,-0.15918895318202153,-35.804260692760565,-0.6886831469280442,48.965987808855544,49.66250174316158,1.8870700396199378,-0.5856591777624619,-2.165832635286754,0.8966840903946564,-1.8647639461169239,0.5655668565903504,-3.5496035867981868,30.65820272758993,0.1325002676714138,0.5798254909191798
mature,441042.8509209848,195903.9576326957,1979399.762213733,206728.7731151691,5.853261575993879,1.8929732466644682,-1.3736673132184567,3.612250019876251,4.98365369291191,0.5730640639653345,-38.60061103536374,-0.37458727167847633,50.10934161529183,55.823542173189736,3.055385740501673,0.6239152560512319,-4.419624765909886,2.4484495438242395,-10.935940034382531,0.3505009808495046,-1.657043636163449,23.185076738205783,3.5946622530706875,-4.260829080566726
decay,447562.04177373793,220767.91470665776,1651369.3318687237,152688.66029104727,-0.039122535667241026,1.0557486845386803,-0.7106475745380599,1.5294475077837626,2.389503723685283,0.23899672690425702,-19.04294777006712,0.41858339028579405,33.05316967261826,37.76811271013236,0.06550932308032716,-0.4726997774796443,0.19728223453066293,-0.7006525951465549,-3.0464927834882514,-0.30630210163902594,-1.1755953402831805,16.74622509678417,-0.46595049880572986,-2.9649805742466424
residual,517755.5025258019,107351.49792787884,2240740.1721582864,273231.7183467322,2.634731053620277,1.362379060970457,-4.546752124105175,3.2303570436692577,7.9499915167962705,-0.2546003176072594,-22.350862840118296,-1.0878494947655186,54.06617485060918,21.194691075436097,-0.3209677307505554,1.418129614522089,1.2664182172267289,0.33580679112662165,6.127084712758375,0.8625740114252466,-2.686463184978807,30.389968623361565,2.4583850914326812,-5.826685661583667
