,Az,Ae,Kz,Ke,Cz,Ca,Ck,Ce,BAz,BAe,BKz,BKe,BΦZ,BΦE,Gz,Ge,∂Az/∂t (finite diff.),∂Ae/∂t (finite diff.),∂Kz/∂t (finite diff.),∂Ke/∂t (finite diff.),RGz,RKz,RGe,RKe
intensification,215275.45199425993,307289.10211025877,3637121.476121263,291636.33371032093,-3.529000911039303,0.6961141360750093,0.989705856043673,5.449609314139374,1.5664410984826223,5.698823088218868,-20.364903663517897,6.6927241139581115,242.78045632291415,296.19331089353443,-0.5370209687529447,-0.20086304622605206,-0.017613624577298807,0.29089171330415114,-4.478416493385365,-1.3377611832199483,-4.416941498024214,18.425782225128163,-0.6544361968503534,-12.49038875527376
decay,261198.72931392278,206848.9203325365,2490167.535755511,261303.29059758343,-3.308484698045585,-0.19242018790522178,0.8326092782179015,1.770312127881049,-1.9570251334236417,2.0322909013581865,-19.894507249717204,7.370637059279427,127.72395369962759,165.73659040136653,0.5451080396981037,0.2903301329004896,0.7916325845232866,-2.6004237948077678,-15.31267778719841,-1.8451189738242053,-0.7522471680038783,7.0577048823464725,-2.669982380379683,-10.153458882766781
