,Az,Ae,Kz,Ke,Cz,Ca,Ck,Ce,BAz,BAe,BKz,BKe,BΦZ,BΦE,Gz,Ge,∂Az/∂t (finite diff.),∂Ae/∂t (finite diff.),∂Kz/∂t (finite diff.),∂Ke/∂t (finite diff.),RGz,RKz,RGe,RKe
incipient,258749.1519763782,113191.49358846582,1779991.2951515329,195199.6231656753,4.79135043207816,-0.6850480212026595,2.8128538387586826,1.4602023815813696,-1.7819774246944502,1.1981525359935865,-13.60582429699273,-0.1212583561919439,128.69054816176111,165.86653662382486,5.44635090042595,1.1535571924757682,3.0890554304391222,0.9978342603224478,22.897998616656707,-0.1175870625777261,8.977335266009073,28.89961864281259,1.9449321271128908,1.3563227507915308
intensification,526236.5889601127,232847.16170944032,2970025.269920015,412657.0728964417,-6.931392016632543,1.418664136624023,-1.548384168549821,6.832201621655384,-1.3014301510727506,4.576238269267757,5.138648178514083,4.3319233711565674,198.73705085858322,135.70429216227924,-2.275865415875043,3.2677007203431403,1.3051780494293928,0.3003905640840904,5.401174667658865,1.3981269556390865,-2.906119679506378,8.742302674327153,1.1376897798476928,-11.314382205722683
mature,402868.1766147195,234225.31944689326,3311384.8897548895,448120.25394291134,-4.640906409166013,1.4628705097079908,-9.168018376726375,5.578825169278596,-6.751843392719039,5.283749909450676,-6.141934032617249,2.53705663958582,276.80961490589146,191.1285332958304,-1.8227904219208948,-0.119297138944935,-5.543150737016881,0.6325566234359817,-6.179468036333087,-0.27866816277065914,-1.9693432437558653,13.771390782176548,-0.5352386264440883,-17.56256834836145
decay,844205.6397117391,90848.44853742172,3581419.252424944,330341.31643602095,5.682267833389399,0.6080388227879125,-12.16866068871408,1.003229008895327,2.9829955603840523,-1.7969691459557007,-93.64700992016262,-4.5880509080306116,255.984356902641,156.55110672900813,2.3780911930381556,0.04656552295564516,5.430523049116958,-0.5953965202090683,3.8554077121282737,-1.3732766996064865,8.737834144910218,103.98881048761558,1.5967628118540467,-9.957115489185286
