,Az,Ae,Kz,Ke,Cz,Ca,Ck,Ce,BAz,BAe,BKz,BKe,BΦZ,BΦE,Gz,Ge,∂Az/∂t (finite diff.),∂Ae/∂t (finite diff.),∂Kz/∂t (finite diff.),∂Ke/∂t (finite diff.),RGz,RKz,RGe,RKe
incipient,912225.5261024786,294082.9735301756,4939465.701274716,443166.9157516758,-2.953375881179238,1.157653138625866,-4.645646903733888,5.132974834456695,-6.27936894907389,9.846255393768887,-46.5210854554404,-8.684742002255161,267.3526351959164,224.3703377749619,1.3524016291542327,1.681812564729175,2.996198052255886,1.7078609087261347,10.769088700493961,1.6709257184264559,7.479844258776405,64.88919694084748,-4.163072789211924,0.5770459824910349
decay,1597276.5125850344,238967.51520612327,8155183.295792854,377312.0261707949,-3.302002122002975,2.133109417967263,-10.634367732310464,6.618504492671314,0.5645501243706065,2.714549530933023,-52.228813043847964,-6.614176108113526,347.56253687851256,229.80544512324911,-0.650771313850587,0.36304891854680804,3.3813528403453956,-1.6394745076135349,13.04742756937157,-2.339235856495984,1.6479100119390784,79.21261046753298,0.13137103615749304,-12.977931973364242
intensification,1580440.8073797314,190161.61621997127,7059661.225869541,237102.1145980702,-1.444326664266732,2.474844343243575,-6.220569724023368,6.756446356889893,8.677626183229332,2.6069560287244853,52.28997838965023,1.8706684646444256,78.2042621572121,68.03693499136952,-1.444172265959989,2.9744309915671194,-7.556610622711292,2.197783717611185,-19.049595981423,3.192930586147297,-15.203719126963785,-63.67467798278311,3.8724297025330174,-11.654753959410389
mature,262533.55845644575,302978.1446213099,3527385.112476729,559233.7638087564,-3.6744695543847237,0.6573930705557399,11.170596272704438,9.137703958187378,-4.38596212536883,-2.2228735019303834,12.958818275785063,5.50110187481282,139.9633511904793,131.8598928937532,0.2652089114903311,4.348094907717797,0.8967591280185877,-5.111523185657931,-22.07158941116889,-5.775070277539072,2.2656447695584343,-42.526534405273665,5.591661203904093,-9.243279837834832
decay 2,957848.0210215993,108871.03851740345,1819794.4463357425,160217.15984151672,5.127823440446921,0.035012823836637244,1.2805381157178486,1.2186713087704768,9.747320900094813,1.3158623624096557,-0.6726314927273398,0.9346677402291153,57.64629076436244,37.675979808716576,-0.1314460076562806,-1.113963526896039,4.614741739636904,-0.185930524164847,-5.404385200306768,-0.5052752544829727,0.030257103825651215,-11.140115263744201,-0.3181344016406627,-1.3780761877647172
