,Az,Ae,Kz,Ke,Cz,Ca,Ck,Ce,BAz,BAe,BKz,BKe,BΦZ,BΦE,Gz,Ge,∂Az/∂t (finite diff.),∂Ae/∂t (finite diff.),∂Kz/∂t (finite diff.),∂Ke/∂t (finite diff.),RGz,RKz,RGe,RKe
incipient,1005777.4496089885,235538.70497540224,2746478.6058401763,315728.8208341113,10.56066696432168,3.333781398122721,-0.07028296704469278,8.54551247684419,30.98848261830842,-3.0374800698171582,-52.20769946469745,3.2392594384106697,61.97990518824167,25.62642490831281,0.18907887027246595,1.699524416935951,-5.663256832157482,1.0005087870642495,-9.41401309072972,4.911871246502133,-22.757291088021503,32.30330237669073,9.249719935602874,-6.943183635797418
intensification,941212.0513642649,328624.3083431316,3423252.8464325373,422197.57136439666,7.336643312419464,3.579861705563925,-4.6957992788644125,10.104586920415462,31.930810125967028,-2.936393191675918,-63.66262223172421,-2.371176118279236,111.61141952332063,62.9122109028899,0.4843963733457685,4.749501605848723,1.8136237659923404,0.478410114135071,17.120505686071667,1.1636683149449067,-19.2006813419913,78.14228388424083,9.93952852066253,-11.265541766055733
mature,1093949.1856991576,260973.3937035893,4278993.373902222,424193.28619702713,7.167915813021919,2.936235022520507,-10.042331931557616,9.356555670385024,29.226121296455823,-2.6246566247426393,-59.879755316526,-7.181828812829629,126.96747809712512,8.125663312199123,1.6663602104168778,3.0604920366858632,7.596689673822882,-3.280132315334236,22.43605448696952,-3.1692754076798746,-11.525280787090512,85.19022592203122,5.7648449572729215,-15.386334196792886
decay,1242423.7919453022,182444.54621206783,4578328.37614578,306083.01521126187,8.554828311286437,1.7222704152454191,-6.522846642866928,5.606186920963691,22.301818727881265,-1.625645699149965,-65.15114040749361,-6.819672038474292,105.21086457047842,-16.343779560332095,4.727805003016382,1.8884995512698037,-0.17290544873997446,-2.394348774471354,4.46632824336709,-3.9521390520707427,-12.197625450089383,67.5854869824412,3.1152134303968837,-9.261500577427071
