,Az,Ae,Kz,Ke,Cz,Ca,Ck,Ce,BAz,BAe,BKz,BKe,BΦZ,BΦE,Gz,Ge,∂Az/∂t (finite diff.),∂Ae/∂t (finite diff.),∂Kz/∂t (finite diff.),∂Ke/∂t (finite diff.),RGz,RKz,RGe,RKe
incipient,666244.7464988134,171328.48845535077,3178586.4261920247,341436.4903713218,-1.8206088539494818,2.258761924044374,-2.2707459263923555,11.589974176913024,14.485616320256025,0.1206490973661707,-79.56035258098069,10.83786472690931,130.7832011614716,83.0727792216669,-3.980809415101839,5.085160502075548,8.44929612642942,2.006114476259204,42.946886539543954,5.400499595564648,-5.598167123731712,126.59859390086646,11.216677631761684,-19.298085234650046
intensification,1044402.4070145127,188853.1020076882,6159332.400424257,356266.77522327064,3.067154584757631,1.6196878492890323,-3.1756951472997894,7.24524078603894,6.3825657523159585,5.303945198119876,-7.5486496057808345,-0.032672704855625574,157.99840847482122,11.897190155424276,4.4975199421136995,3.0492799275987874,0.22526969249369738,-0.28281477793487303,7.329963412738848,-0.78264376382968,-1.4704536257755976,14.987153581061838,0.038792960695162505,-11.170906992312789
mature,588295.1256861176,104018.51903061765,4769101.27910304,255548.10254851333,-3.3409112958109137,1.1262232204838396,-5.453185951314239,3.7961509962294544,-3.1842484318190323,-3.9656974283299666,62.73393159871807,-2.173766112159613,41.74486601839726,-33.084784071056674,-0.6293516379714583,0.6493433607224264,-8.806490202847998,-0.038265591245227465,-34.11018705773448,4.239274562097678,-7.836929846356039,-88.0500214093274,6.5973596128303535,-2.836296273286403
decay,236306.7815752542,124484.22732688692,2798706.298406948,431112.6564995934,-5.097690924085994,1.105027948245294,-8.002552751240787,3.7743514769246067,-4.558568329837016,-0.4617111581409473,-0.10829988782441902,-5.372685012815765,99.84024035785451,72.86931157571186,-1.0303655449640037,1.0015928530091027,-2.1297466925520028,0.4913111373107575,-34.732973774338525,2.944446046607592,-1.563841338555687,-21.52443021118733,3.6223458241310174,-3.459773168742036
