,Az,Ae,Kz,Ke,Cz,Ca,Ck,Ce,BAz,BAe,BKz,BKe,BΦZ,BΦE,Gz,Ge,∂Az/∂t (finite diff.),∂Ae/∂t (finite diff.),∂Kz/∂t (finite diff.),∂Ke/∂t (finite diff.),RGz,RKz,RGe,RKe
intensification,607086.2423005,250893.61904000296,2426068.389662244,325042.12553426874,3.9855899319388257,1.2340587014487376,2.76795583943094,5.311037281965216,16.34518950961468,-1.070555736609544,-73.49261931316958,5.574540845536198,92.48580061709636,44.80435656522539,-0.7623574752942575,-1.0557386736508179,-2.884197945315371,-2.5450368738858877,-29.314169312646527,0.9809796115853829,-14.00973882154249,37.4249042291533,2.6024974432401353,-7.136642676485092
mature,515004.35177525494,165627.03759015506,1770516.178205615,312336.74999132677,2.899264465596401,1.046821542681692,-0.38757067555558844,5.268071498208627,10.68370944562881,-2.337122374042848,-43.662937504243786,0.014959090086972306,39.86930564518057,15.498181300884006,-1.6937709483487682,1.282197419431575,-3.47236904479644,-3.134938124211325,-14.140930576983907,-2.4232825267391607,-10.209992482147157,27.010313137219057,3.4234342053584585,-8.093883790590349
decay,417091.46425761,75314.39825336925,1540129.1325616566,158705.7762760772,3.749379537617433,0.4124639395501291,-0.43505476279244254,1.7014803482301661,3.9042972396755964,-0.37033375392156914,-20.20104387126196,-1.0242558760948943,28.274634771497922,16.900344177547115,0.05733159024760207,0.09297518990389368,-1.3953603006295832,-0.8048950665439978,-0.6260065717258639,-1.76328220055212,-1.1378140631376172,16.260712524711106,0.8544550960576078,-2.8755614354798342
residual,385108.23938386154,82567.06740447709,1811172.5708841705,262038.40237937734,0.44962362519209265,0.7316391962268761,-1.5086418816292564,2.699012302848403,3.7022902711858467,-0.6511982186158733,-2.270358987380064,3.8075374830389035,29.855848515531598,12.66707672712092,0.4376792311840447,1.0938634803237204,0.8884654718848004,0.14325109450513734,3.242954754507982,2.479305466903206,-1.6325619778820775,6.572331998325208,2.761822419742538,-5.535886200613358
