,Az,Ae,Kz,Ke,Cz,Ca,Ck,Ce,BAz,BAe,BKz,BKe,BΦZ,BΦE,Gz,Ge,∂Az/∂t (finite diff.),∂Ae/∂t (finite diff.),∂Kz/∂t (finite diff.),∂Ke/∂t (finite diff.),RGz,RKz,RGe,RKe
incipient,494073.79748061206,109859.9677058604,2909816.297268452,176873.28585077936,0.7131586115676796,0.1207530505014128,1.755339758863192,0.2497667695737232,0.7827736191587783,-2.868006998820227,6.049330878472727,1.91186008380765,-53.75891914705683,-15.465297944069665,-1.0174720148193803,-3.55162124794301,-3.8736124051067296,-0.1121915841859852,0.0740481929962212,1.4981607273575004,-3.822474362196416,-8.443781055907376,2.884829133706552,1.0918736328393193
intensification,441047.42600404896,120860.81966531178,2877229.748955495,231055.59126804455,1.6116296340903216,0.12681823331189,-0.6051415977041451,-0.3936342533946268,4.3868144995704474,-4.859446259335695,-2.7362093500574303,7.697146439178829,-132.7948720549008,-100.20351654246629,0.11843533440981213,-0.3133568129028544,-0.4070239259749031,-0.03640012728228655,-2.981849174146177,0.28511663913697144,-3.0553905581431393,-1.252127860474923,4.302593645346892,-7.623537144351378
mature,486503.52595008106,89419.01449605389,2608597.1426305072,157354.5183184379,-2.449215699423597,0.06950004781736185,0.08355446048197593,0.6255191599658596,5.080618933511625,-3.6544831057159017,3.880999916073699,1.9218716355360432,-172.31266043359375,-152.25087357859286,-1.6173778856407208,0.15892252595659895,3.709073608034455,-1.5212275671573723,-7.75233306811894,-3.8208837148295114,-3.751260977083405,-9.267671745251018,2.689274650707027,-6.284720049849438
decay,729930.6799108008,53253.936556851026,2666225.035092427,119821.23524907448,-4.9220300603761284,0.10621384615018613,-1.2518815447725113,0.33173165878499017,4.07916419246808,-1.6211336306907014,-3.2230360535686957,1.4895827712518765,-52.02239329011733,-27.114837632985193,-1.4665897479064662,0.45216855276144113,7.93806725939097,-0.34563914235752274,7.320919030536926,-0.29979960922256044,-0.9569131473030534,16.71786668925426,1.5010123009679828,-3.372995584031938
