,Az,Ae,Kz,Ke,Cz,Ca,Ck,Ce,BAz,BAe,BKz,BKe,BΦZ,BΦE,Gz,Ge,∂Az/∂t (finite diff.),∂Ae/∂t (finite diff.),∂Kz/∂t (finite diff.),∂Ke/∂t (finite diff.),RGz,RKz,RGe,RKe
incipient,804871.280873592,92990.20696763245,3628182.4801181667,307227.9762069072,0.11000180869968819,-0.2764138318836602,-2.160433403268491,2.252499564089208,2.4913782661086867,2.6389009427676284,-5.530853681489556,-1.1478632973147371,131.98507681039965,-19.15378171813072,0.8042760255188796,-0.14306432132867422,6.601924428514503,-0.6847087223973084,20.593437639400435,-2.136712026084236,3.9441341392218434,28.17472291545879,-0.7946962691920687,-5.401781696127197
intensification,904537.051876587,83508.73520019904,4021536.101565953,191052.28013961975,4.869284767627614,-0.17472386964309922,0.5532432157265946,2.7912020691566215,0.8160206967901905,4.552733698387775,-0.264994839205736,-2.646934216117486,113.61125574612483,22.446292529245316,2.1417558137074413,0.9644023272468518,-0.19945391549724809,-0.1643216046277264,2.696875585828967,-1.6282509363687134,3.6790862856970774,-2.4606575583195047,-1.7511293642157812,-1.219275573681254
mature,905732.4375382679,60403.73252734721,4083333.798358946,123192.5028132255,3.577801648978755,-0.0266513533393109,0.27622023435092363,1.9051265873098393,2.107320788928103,0.3623085172226912,15.832868907503652,-0.2960425622081136,61.9923389120665,-47.69885815205551,0.6431070805897722,1.7783092674675074,2.6687861821938332,-1.2486192545361177,5.983301820567037,-2.015847006559087,4.112615688905175,-13.703588970266292,0.3208501688903413,-3.348710797309889
decay,1035745.4420116076,27818.510067564675,4368313.475447185,73702.83317115661,4.349132609795808,-0.024811201439547924,-0.006090147658763742,0.4372981811093822,0.27166253912997834,0.5671745099180616,0.7753032747736895,2.35240952317955,72.64289390715582,1.7287452666712753,2.722957423826058,0.47686953621401945,3.7227911434053396,-0.4684039526337497,10.17450643377951,-0.7682590824471994,7.77545001263162,5.0561606968687745,-0.5734690800028813,-3.5640569343948956
