,Az,Ae,Kz,Ke,Cz,Ca,Ck,Ce,BAz,BAe,BKz,BKe,BΦZ,BΦE,Gz,Ge,∂Az/∂t (finite diff.),∂Ae/∂t (finite diff.),∂Kz/∂t (finite diff.),∂Ke/∂t (finite diff.),RGz,RKz,RGe,RKe
incipient,499605.15750495787,119817.149881198,4648968.463778343,196842.38824725087,5.935777906562611,-0.1044213774570906,-4.69892986266809,-0.13507407679105876,6.289960729415357,3.781777137691561,-12.952725601040012,1.5185667284547382,-280.31506932589093,-408.16394492929487,-8.792564745434465,-2.94515386340069,2.024052188067402,-0.575358412252261,-0.8321795659554541,0.2599541404508677,1.565447987757564,10.883697991190036,-4.387788249277791,-5.822468373880902
decay,686147.6281661103,91122.8018285205,4850403.596865089,333614.4184937735,12.613621960279236,0.010092512246209662,-9.248739423742597,-0.3135895766950537,-2.678588800540215,4.059692859862169,-50.57344853481233,4.6060974046790095,-166.23127871986765,-269.34100132455353,-1.7078182847351457,-1.9227021848617736,-0.22310915622092473,-0.42990354642682693,-11.91833271839076,4.338824597050118,15.079194116844736,35.29023327988493,-4.813278495230259,-9.202422654676436
intensification,468474.9838520443,103501.10688912065,3700076.1484160502,546719.2574745002,4.576679349217383,1.9735820528004162,-24.692312217240772,2.011054957989725,6.01862287877685,-4.004124619283368,-28.356389192368454,-12.267590433749723,-11.400344354144648,-42.93094379316281,-2.0280107893977215,-0.9881097755773535,-0.9728471658021903,1.0962938866361565,-19.97472599658587,5.623525033261465,-0.4412086425612418,28.497296063805965,5.137891411108833,-8.812251708219312
decay 2,718113.9488384983,215815.7841217454,3598647.416967529,759332.3406885765,8.227786969976709,4.822641233628567,-29.722761812324777,9.554222491560035,21.31045124648253,-10.150466646441675,-40.767917210262524,-22.773471335550646,70.72064979439934,-3.5297820051808966,1.5562907789876723,5.00736813469073,12.90277705295091,6.6186799507443475,12.334208891357143,6.243714911147031,4.642754010073659,74.59710094396772,21.50072785511749,-10.259798057187131
