,Az,Ae,Kz,Ke,Cz,Ca,Ck,Ce,BAz,BAe,BKz,BKe,BΦZ,BΦE,Gz,Ge,∂Az/∂t (finite diff.),∂Ae/∂t (finite diff.),∂Kz/∂t (finite diff.),∂Ke/∂t (finite diff.),RGz,RKz,RGe,RKe
incipient,739686.085236421,136228.971181882,3072396.692885151,169490.1419561872,-3.9264590677847035,0.23998550597858714,3.2850192653026062,4.525670207262869,13.093102743488599,2.652521713864726,64.59157702273173,0.3167064574289009,2.9926305324374303,51.46805830842783,-2.2089452808872423,1.4030271018668796,-1.2577416034442797,-0.2896748416001648,-4.389206347206539,-1.7261599061606254,-18.03731790873899,-68.33934356745618,1.3434881458193901,-3.2835173055497884
intensification,424911.61252172815,108944.77030598752,2447901.535232287,175235.1864975579,1.8508901516978864,0.19316825332186371,1.1735680425771664,3.202560865829098,4.0948071611376315,3.8082360636704666,7.066484471330145,-5.920606762208335,51.905127379840046,50.1273546973204,0.9683989885768286,1.4321015097883383,-2.6373510964245135,-0.33967316728430896,-3.576101774146964,0.21059844746324577,-4.688099852542393,-13.667044439752166,-1.1385166184475424,4.102212386419649
mature,318450.31111476896,87870.8270565053,2217377.8069240577,298207.861831133,6.639464123429395,0.46044905879885895,-5.4131532976528005,0.5032532715270868,1.3006603852718774,-0.9283825796511782,-44.61544072958916,23.689215855070376,61.452920081912474,30.863379304243285,2.041380253364029,-0.3349110243159917,-0.5413937931731932,0.4514202119319834,-5.80096602493014,8.996897345658839,5.257859003783184,37.588163878882426,1.4226070043113894,-20.608725078591423
decay,294792.68015337456,111943.07126061273,2122023.6861488735,686610.4344268512,7.33599354796561,-0.059024647676427365,-17.488063370330075,-1.164411005357728,-5.722331099277272,1.5397105579664503,-25.577462125982173,29.768239686400182,-31.41098016833174,-36.89494528307891,4.092539527396164,2.0189125880298233,2.5504394631756835,0.6590645239698614,7.314095522067288,7.411572966502566,15.549739462742139,43.04362747041393,-1.9860323916778895,-38.680319084869964
