,Az,Ae,Kz,Ke,Cz,Ca,Ck,Ce,BAz,BAe,BKz,BKe,BΦZ,BΦE,Gz,Ge,∂Az/∂t (finite diff.),∂Ae/∂t (finite diff.),∂Kz/∂t (finite diff.),∂Ke/∂t (finite diff.),RGz,RKz,RGe,RKe
incipient,296055.1495538471,152989.63458199048,1695407.7559922412,181261.67755341678,-2.911170893257662,1.0284777220436743,-2.7851892907043525,4.886323017055637,2.145802735464425,-4.063904354736596,21.089863356399324,-4.7736796469897085,74.50258868820785,57.603893944407325,-1.6145781121744236,-0.08391721671427994,4.887118101888691,-2.2716192677079827,15.541494415154796,-1.1711616840679933,0.8586221952102783,0.14799124271748929,5.650130382040576,-4.068994344838275
intensification,595023.8113090809,76304.97585642694,2541798.4306972795,183819.74520974845,-1.7799205071032047,0.14953987266433466,-0.13586569122525666,1.090443548107372,2.176821310896258,-1.1418664655021173,14.54239873583033,-1.082334738915938,-52.822334495856516,-66.47089868526284,-2.0489881443428906,0.45547349121797237,3.993635001376414,-0.4396434318248878,14.541719944715277,0.9741134235028353,0.18643305604128582,1.9151074072134087,1.6431267091202664,0.830138923086145
mature,683077.5311332918,111548.14814004605,3149239.897286097,272430.3305860709,3.1491829777785956,-0.9431992776548003,3.8100895978497094,-3.252845910377001,1.6217695105266774,1.0319812664764256,36.10818588372373,2.1982061096355885,-238.88469900738372,-212.7846897379653,0.03787845825458137,-1.1498982509682902,0.11041237058236912,1.232428503623322,0.3214760736636973,2.055283575777665,0.6946265601794871,-42.74598238568833,-2.109199395575304,6.920012974368787
decay,776533.1865518899,283614.986303921,2975908.7356707514,561652.5189047254,1.22950544558522,-1.5774885267884882,8.731266003187564,-3.1462128084486505,-1.341749064292706,5.672614296043195,46.574608632017814,3.521318291275247,-264.8423976369106,-239.6499600465552,-0.4216203419693325,-0.33290321326512223,0.9285951072437979,3.415592619593109,6.112262734553365,2.5773760609017677,1.922361090333235,-50.42311734623722,-3.825745958110248,10.933536581262734
