,Az,Ae,Kz,Ke,Cz,Ca,Ck,Ce,BAz,BAe,BKz,BKe,BΦZ,BΦE,Gz,Ge,∂Az/∂t (finite diff.),∂Ae/∂t (finite diff.),∂Kz/∂t (finite diff.),∂Ke/∂t (finite diff.),RGz,RKz,RGe,RKe
incipient,836411.718890487,129987.69542502717,1943256.0825115966,227486.67273136543,3.446336054199703,0.5225098375113928,-2.658945439838486,3.744839709191629,9.291915589584733,-1.1331037296758029,-5.786517694076295,0.15456344453429183,-60.06319596510339,-88.05954519171934,2.680381326128126,0.8469764250071214,6.644241859268611,-1.463727642152302,6.563086058368036,-0.5868325254748608,1.32117216139497,11.562213138083115,2.8917059592037364,-7.145181119039267
intensification,713982.6515485418,85249.21227932318,2001413.4707864684,256928.27442537155,7.3587129413374885,1.1367627871712151,-3.909799035108308,5.481195986921074,6.560333840554972,0.07645706905037297,-13.118385550920227,-1.080537620640579,-44.8920925696993,-80.23305350345056,2.2491504113526295,2.461078661360207,-5.424853824823607,-0.11177569103305504,2.1717236480277196,2.5924591117621696,-3.4897119368698766,11.841195292718766,4.156200439666431,-5.7179982896266335
mature,558518.5322264378,133330.87668117712,2211948.946325538,395912.7973564581,5.612012233131196,2.255511907872682,-7.6808244391394895,5.310674675991891,7.3409683227223805,-1.026573739490875,-28.919387145040545,1.7095545523735645,1.1993636719766831,-43.917493530729864,2.2103261828352077,2.6565869765142236,-2.248800276506647,2.1457226178203355,12.529499148319214,2.5266044962831193,-1.7222444582251493,43.51769849936805,6.2274591254304195,-12.174449171221827
decay,509110.8527529493,162563.62132076442,2495835.5370275257,458985.3662338156,3.710153441968945,2.595770346006599,-7.432824261882626,7.924358409329315,9.758069561065582,-1.8819086735262522,-43.62606234198529,2.6252992375975843,32.46570959374027,-18.789431143981663,0.8443187134128014,5.68415994399633,-2.148426769665535,0.5884421055947793,6.211763908348027,4.444201913959967,-5.6005725427555735,53.560497070246996,7.798938842443748,-13.53827999484956
