,Az,Ae,Kz,Ke,Cz,Ca,Ck,Ce,BAz,BAe,BKz,BKe,BΦZ,BΦE,Gz,Ge,∂Az/∂t (finite diff.),∂Ae/∂t (finite diff.),∂Kz/∂t (finite diff.),∂Ke/∂t (finite diff.),RGz,RKz,RGe,RKe
incipient,289185.8873464341,236905.90852908845,1544402.652000028,589278.2409413516,-1.1912998358417486,3.6842660446003506,4.432149885447637,11.35556452332766,14.211061627732855,-0.03323863586380823,-46.13699549233735,9.172474292499714,93.25926127375779,95.01406523499065,-1.2140289521298013,2.9342117202223563,3.381214600493152,2.965834713188194,10.887364550251043,6.8393131080841085,-8.336880818481104,53.78350999298251,10.670371827779311,-9.25657582229563
intensification,422592.1034555009,500541.41288493236,2067043.0036334821,1238247.7731398335,-3.479148796994472,6.983476210098826,-21.31535789102596,19.22080659144816,19.6729674206157,-5.2664634293076835,-46.390505871326916,0.5706888329262365,93.14042098650893,33.902219606712976,-4.471815133777054,9.101483544873888,0.3430618727850839,1.56569953131131,2.342275603524475,4.347980057206233,-15.825578134726262,73.52728816287184,19.06949334196833,-36.75887325819413
mature,340571.9988667163,465201.7293202133,1696167.83301904,1746892.725126112,-3.3635841854930795,6.757026510509239,-53.90941366692655,16.810055760995677,13.339024280068667,-6.236479323416477,4.56357949747786,-24.83458448763727,96.69780785521121,42.22566040390981,-2.979384686661219,4.61089405117023,-2.716384184029753,-2.5457196335102923,-9.973723892463935,6.98368246870573,-12.661966139082262,42.73569446247784,13.743788940392621,-38.90120247157923
decay,228444.14158827564,226211.073085754,1358279.49688364,1352520.3126271814,-0.5616281782525991,2.3497979182757875,-30.057997221553713,5.388306696790688,4.843876370200776,-3.021611905332648,-3.308844388291135,-16.815958418539992,64.02626410872581,16.889860153755176,-0.6177940113442527,0.9167804971818694,0.3388894652045681,-0.17981500503080627,0.7454242054275153,-3.903538953901729,-2.7168171649730213,34.67389399352498,5.880305678816744,-22.53388445370614
