,Az,Ae,Kz,Ke,Cz,Ca,Ck,Ce,BAz,BAe,BKz,BKe,BΦZ,BΦE,Gz,Ge,∂Az/∂t (finite diff.),∂Ae/∂t (finite diff.),∂Kz/∂t (finite diff.),∂Ke/∂t (finite diff.),RGz,RKz,RGe,RKe
intensification,252057.97059168317,114531.48608485886,1262674.2641839033,402553.01101280935,-0.5725379251208849,1.023327210044688,-3.155642893626405,4.9578003995986615,4.857423570414442,-0.7046409785384582,2.599281983269179,-0.5046912572764577,2.859953308079693,-4.808512817647505,-2.4158378526684965,2.1411732711431073,-0.6673585642468005,-0.6902795500456759,-2.5696319289924214,-0.9336016908919459,-5.073992849737438,-1.4407330935143112,3.948834618046754,-8.542353726840552
mature,136062.3618944053,58921.77949792413,709201.5924836204,304743.73289939587,0.1957597117595973,-0.36214021241303257,4.358414010322668,-0.8145637970701397,-2.0765526968340082,0.3014149101322734,3.250210846613515,3.736679381963307,-30.308793619726938,-24.906638465233897,0.34279505843071606,-0.030250790836489478,-0.6059898409380569,0.05102192324106526,-0.741262173730413,0.1953681405162445,1.304182355242516,-8.545646742426193,-0.7028165715483154,1.6316665659457457
decay,223620.53128065387,57656.4449551484,1146635.7786303458,274002.4738394932,-4.4517085222644805,-0.3233758955245904,3.529887782714916,-0.7013324735594957,-3.1763887621102875,0.1557462707318633,11.22578420207434,6.274140573333195,-21.176333503883065,-7.745184218344194,-1.1110793441811961,-0.06654816389757853,1.3385818365255344,-0.0864334711768992,9.182607811289436,-0.40133292465647213,-0.26011381915325005,-1.1213556512353375,-0.6201363199436678,-2.4442532417152547
