,Az,Ae,Kz,Ke,Cz,Ca,Ck,Ce,BAz,BAe,BKz,BKe,BΦZ,BΦE,Gz,Ge,∂Az/∂t (finite diff.),∂Ae/∂t (finite diff.),∂Kz/∂t (finite diff.),∂Ke/∂t (finite diff.),RGz,RKz,RGe,RKe
incipient,155269.42681060173,565190.7215573095,4385026.05671802,599170.286546156,2.282827200338419,-2.045117113094289,-4.086362178713915,-3.1345533111102,-3.949620186012281,-0.1858881146257896,-40.35688308903429,8.750640266152105,365.3887849745883,403.1835098133315,-3.546368843570251,-21.538922363496013,-0.1576918699306811,-8.045866269062913,25.04247943938227,0.8905922711355918,4.02963840332573,67.20289750679206,-8.949414352453033,-8.811856862620228
intensification,159510.38772398996,310148.0585369764,4278111.930845703,610882.0991663736,-5.077293902725624,0.8690057773647618,-7.253099130048631,5.657141674138217,-3.3040945808164675,-5.484192119760006,-29.742740101751654,7.006398275037502,345.5572607426938,396.9341415280073,-0.5623753481481119,2.381380818708691,1.367531610543427,-6.339517387787609,-17.04830381412906,-3.073299223391358,0.4633380659990329,25.024829320396847,3.9328106287458517,-22.98993830261571
mature,400884.05217871314,108983.05734434654,2964254.4434656785,298898.752066524,-7.949973155671931,0.295140326873367,8.829264161585328,2.7020623332623313,-8.577996081210296,4.986465924632023,33.06294861657673,9.004631556719763,-85.79645828283849,32.391441743213434,-2.2489245062019925,-0.9816013738372067,4.893635803244209,-0.46679715055721105,-13.722862481688814,-0.6013130581474109,5.816799055655941,-47.66510210417894,-3.04634106880027,-3.4787427865441765
decay,319555.79939843016,49737.50526710699,1856963.2721486774,362318.9813800011,-0.10767388034739916,-0.03246569880230511,3.7948568212627083,-0.05736420186380047,-1.579328071660593,0.7118164405436521,22.973342926773743,5.764587565940317,-131.31252701482313,-88.67513785946772,-0.39618166471541516,-0.2957088728175606,-1.3697144394385192,-0.1914590054494011,-9.69834884418068,-0.08935998348475055,0.06947405307237045,-36.35887471186973,-0.9281739490545485,-2.001726526298556
