,Az,Ae,Kz,Ke,Cz,Ca,Ck,Ce,BAz,BAe,BKz,BKe,BΦZ,BΦE,Gz,Ge,∂Az/∂t (finite diff.),∂Ae/∂t (finite diff.),∂Kz/∂t (finite diff.),∂Ke/∂t (finite diff.),RGz,RKz,RGe,RKe
incipient,827633.3611180113,165063.17472183655,4507166.991044412,214173.71105163256,-0.025865907317557765,-0.7396439758478118,2.074417744905436,1.542712863988167,-1.0097589162288847,10.934692783318848,-3.8253466845455244,-5.399234277782452,258.46084068101624,286.01110947344165,0.089136484370092,-0.8216119300589968,5.480762859544792,0.3721828243861649,14.913270867788643,-0.13654680388556129,5.725011892608308,16.69006571474629,-8.280153119096704,5.7943923548141605
intensification,643744.0055664248,146709.03246217303,4026805.8365559517,198864.39052658257,-8.654415990099752,-0.09223476739561666,4.1035526216269815,3.9522710990750625,-12.638417475210941,6.431171573220556,33.88319950926045,-3.2150168503021734,28.119369196023232,15.079265623142136,-3.170566590723526,1.9073026213731834,-5.539296052645968,-0.7258242265311874,-11.991214403911284,-0.22305587714096714,-1.6475293349303926,-41.32355054469895,-3.1124899332810667,3.143242495713126
mature,195408.03246048323,35441.26063670552,3030046.7896774993,195632.03749538257,-1.3886336230275096,0.36169814631462377,-2.285860777633822,0.5357272026095301,-4.278532021425462,-1.5988363587095316,-33.31766287727346,2.729249417736214,41.36750558420804,-1.4095525531226378,0.11558156768515056,0.1359555267075799,-0.7619402393914136,-0.7895436380316385,-8.358607379646912,0.31193198129988364,2.4896563053211618,28.633549898287878,0.9833217769727993,-5.238905416679683
decay,287930.7816640881,50757.86568750987,2467015.220167443,183004.72059781363,0.4030126082095067,0.41194835053978024,-5.868328247579175,-0.07169169963353508,-3.367226631870312,-0.8953605687137804,-35.47437814996993,-3.2085084052075827,88.88283984381148,61.99252361174052,0.12146136076522374,-0.08845966938931517,-0.5147934158903171,0.060768796900682195,-7.965497732886026,-0.502012562143283,3.6673941747292824,32.97419605645357,0.4724893154411471,-3.09014070488134
