,Az,Ae,Kz,Ke,Cz,Ca,Ck,Ce,BAz,BAe,BKz,BKe,BΦZ,BΦE,Gz,Ge,∂Az/∂t (finite diff.),∂Ae/∂t (finite diff.),∂Kz/∂t (finite diff.),∂Ke/∂t (finite diff.),RGz,RKz,RGe,RKe
intensification,262685.6259605494,138501.0577689504,1576522.9718433146,312938.20043997,-2.4696722776542686,0.1589977605148064,0.4369595627322073,2.4782669454991773,-1.659598569872784,-2.2759122675522585,20.48192054854313,2.4059030847931835,-14.513766046402582,13.302494438748486,0.1591794549300494,-0.8777377240750048,5.0676350018086564,0.0638237745076845,6.804245094996349,-2.2250540439932394,4.416559054541978,-11.644962738624717,4.659005227044314,-6.672264511553392
mature,275092.50022736,112278.36931198728,1494852.4947176971,274653.3316769168,-1.970866053692372,-0.3052105757435263,1.3998218162057796,0.31039361615321515,-1.8328625904538183,-0.6727847818479082,10.214975239645051,0.6500181797517944,-31.44847926787762,-9.939530204248877,-1.1203718527955133,-0.4838417770405009,-0.9592355557422411,-1.8560534769847759,-5.187619806501644,-1.9208967152829255,-1.4024495947243205,-14.831550808660104,-0.5676645032401257,-1.4814866949821555
decay,396376.38176277647,105743.39657936641,1930685.2640828565,189109.04699248125,-2.4864929101581534,-0.40899181056606104,0.732306681212523,-1.1828372388953712,-4.597457386170657,1.7563598298222354,20.077051450078528,-4.996336141973432,-71.1562861318233,-47.24941145146362,-0.5709128080226403,-0.5104948873028461,1.8101133612036149,0.41937649125949295,5.4898505146245125,-0.32295223343801455,3.512086026650058,-12.833014706508385,-2.1108287668920522,6.588527828643311
