,Az,Ae,Kz,Ke,Cz,Ca,Ck,Ce,BAz,BAe,BKz,BKe,BΦZ,BΦE,Gz,Ge,∂Az/∂t (finite diff.),∂Ae/∂t (finite diff.),∂Kz/∂t (finite diff.),∂Ke/∂t (finite diff.),RGz,RKz,RGe,RKe
incipient,736986.7758454118,657879.2933005013,4058977.625090475,377272.75581793784,0.9177546685168043,3.05608041161324,-6.640936796183088,8.461666188947051,3.585693469676362,6.415555469250191,-1.4243865994427694,-7.31609082916739,293.3696564529271,208.73856083035673,3.433509826049307,-7.478752029523651,-3.2016238146173284,-1.8648906373822873,10.492017795190192,1.220111270446571,-2.813482204163646,17.639586522299243,-2.8748603292986656,-6.566400885516179
intensification,819937.0014094177,314137.75209446275,5007555.231599456,315981.32037450554,-4.364513400352439,1.2947339042698431,-3.6617928296366244,4.742409739698908,-5.3413017374051055,1.1596669252569187,44.917452040705214,-4.05701900518375,187.5376943800643,31.787128547615843,-0.7148202759229746,2.4996616455924934,0.3811137495017356,-5.418872125173855,11.577932476939589,-1.647385399376567,2.652635990824246,-25.313213333776567,-3.1308632150017086,-5.99456896352835
mature,637373.581692533,94446.22640475164,5009225.79252168,195734.4875727091,0.9229548660614322,0.04796224450886237,-4.927526769255066,0.05142241523439605,-5.572900829347661,-2.590346272186082,28.770613166513236,-2.202294366848869,77.22969245140906,15.364528776750051,-1.0856079405355277,0.687776532867185,-3.3730081968336467,-2.22633886681741,-13.143852420125471,-2.3959166129258467,3.170809743084309,-37.90989368344508,0.36746757609420566,-5.172571430566439
decay,414703.61607917014,131802.52661368976,3935396.9610325806,302256.911105446,0.14527142066355728,1.870915281815568,-10.219230971646327,3.1967205488008696,-2.206910202401699,-3.300032960277796,-41.2994623018664,-6.6791105754894184,202.27058483311933,172.81474793981192,0.07676793570482927,0.029068804675708042,-1.8756093003437206,0.24007467776657196,-9.109342071928499,0.19037502357696606,2.3474876045371036,42.26407978092069,4.865912905029668,-6.546465921380812
