,Az,Ae,Kz,Ke,Cz,Ca,Ck,Ce,BAz,BAe,BKz,BKe,BΦZ,BΦE,Gz,Ge,∂Az/∂t (finite diff.),∂Ae/∂t (finite diff.),∂Kz/∂t (finite diff.),∂Ke/∂t (finite diff.),RGz,RKz,RGe,RKe
incipient,934049.7794151101,61863.72210121096,2974973.7288200916,216323.4867994319,2.2020230186542986,0.44153473629679396,-1.8776028060792667,1.2244816417512736,3.787873524879434,0.28102286101739515,-8.680825973900916,0.5371540308358509,-1.3653476482976126,-71.58899111911725,-0.7826917351562569,-0.9508530201310376,-4.047030056046,-0.35590466726651765,1.179264583294098,-3.3036940052916095,-5.191345825974342,9.535670344619984,0.14601937717056698,-6.9429324839580016
intensification,558395.7975343354,306244.26357499254,3157451.879556089,280119.7164169901,2.6697449846670156,1.685203615655417,-2.0240091985133475,4.358710990391935,3.6007547150247774,1.1324107728710415,-9.480472138241453,4.746972789912925,222.0834872632468,216.85774111931732,0.7693483997150303,1.8430011824439096,-3.5822688132828246,-0.10125235355082225,-7.897778095361631,0.38673598964537664,-2.8280749279851713,0.9369582567261541,1.4398442483146545,-10.742956989172834
mature,166589.60250817947,54819.85808530713,1233625.7767704346,453223.7257844467,0.6317429104358603,0.5885150563716585,-14.470725692148402,0.980821963057256,0.18401101636770564,0.10325915656497571,3.381029479319573,-4.203554800412478,34.438329319320694,-11.603764783678896,0.45457014009274904,-0.045319407990159565,-2.399247955142759,1.00999953576887,-5.353315191775928,5.94358425537482,-1.363001004702946,5.1046381106170395,1.2990472858894917,-5.30440859941836
decay,194280.49998471787,65907.59374673082,1631977.0908901056,212018.5706772142,-0.18186800532166178,0.3196009030936959,-4.439632892841373,0.6662484233189654,-2.127569491583455,-0.546444183724879,-13.508554621152454,-4.1523965363178945,107.41224317319401,86.14994420444198,0.05852626866467786,0.12349765646195966,-0.05450039289957154,-0.12772118244209987,-0.9523123270231627,-1.0139474230328256,2.210801996455919,17.177743192292322,0.7653705215080486,-1.96743220287527
