,Az,Ae,Kz,Ke,Cz,Ca,Ck,Ce,BAz,BAe,BKz,BKe,BΦZ,BΦE,Gz,Ge,∂Az/∂t (finite diff.),∂Ae/∂t (finite diff.),∂Kz/∂t (finite diff.),∂Ke/∂t (finite diff.),RGz,RKz,RGe,RKe
intensification,851747.36452238,104709.1805777564,4298862.830259282,202270.5818763607,-5.065795370103961,-0.008957503827258373,2.9904993439574645,1.8124097411652786,6.220817167456745,-0.5396607799511635,82.28423597210238,-0.3230495474097086,-66.99586828687427,-12.88882594328297,-2.162404742582721,-0.29764093729287533,-7.132296101454136,0.2551989683815784,-18.574799648485257,-1.9446603837781247,-18.427866142842102,-98.78373959444113,2.616226993325279,-0.44352123357622997
decay,627983.9895130511,104800.17243987587,3562423.361214286,155359.62156236544,-2.0142658412323633,-0.33099633694547875,1.2255821000406901,-1.8881849270436213,-0.15512027416518817,-2.981007989578322,64.52766334833659,4.216628229717898,-51.842195483826,20.570423624074152,1.5010540346386694,-0.20771405218751154,3.7963079907339106,-1.7063096498643422,5.437989333487579,0.2089568024583877,1.6061660867212573,-58.30099027365734,-0.282490250384163,-0.8939044001751991
