,Az,Ae,Kz,Ke,Cz,Ca,Ck,Ce,BAz,BAe,BKz,BKe,BΦZ,BΦE,Gz,Ge,∂Az/∂t (finite diff.),∂Ae/∂t (finite diff.),∂Kz/∂t (finite diff.),∂Ke/∂t (finite diff.),RGz,RKz,RGe,RKe
intensification,583544.011662219,247793.960699924,4129632.933870752,338188.3946480257,-3.5111569925131025,1.2476257144422331,-2.1323152725362844,6.457654338024022,-5.953309850111807,7.4644820662279425,-17.41486674182234,1.0824182268692901,341.7419541151468,294.75406423421856,-0.5498462284063315,2.3343753308525006,-1.468534431719823,-0.7976073766556944,-3.1918096506992035,0.35537710537733835,2.221244140321113,19.866529356172524,-3.0520608193018495,-9.317010732052259
mature,389302.4147240857,145731.7567556642,1963933.7857118573,175484.26349269555,2.722797832310418,0.38039096212395124,-1.5506437724861017,3.3390321493463766,-5.460641886727468,1.6666867628618907,-23.98008208767888,-1.7554329013689192,144.53948820546907,122.15997145483672,0.26436890544479225,-0.09203357492156335,-3.0870945388218423,-0.9008007199431439,-24.124058244015046,-1.5136688880859202,5.4767361423399965,-1.3161302161604864,0.3911537044173912,-4.647911908549479
decay,143381.8898026709,38616.86079285501,825787.6213225783,146095.46217511583,0.9354968652087345,0.14749390820020955,-0.5436003659573982,0.12686203353357248,1.8078970249902264,0.14296276318645756,0.06383137565148646,0.3655190957586897,-3.786783988292585,-26.048330360990256,0.14007996936622352,-0.5151348229866236,0.12155877766565608,-0.025339749663141148,-0.14170221055165383,0.23804713952448261,-0.6033474739156264,-0.5974300854544782,-0.1889343875162359,-0.7979343557251779
