,Az,Ae,Kz,Ke,Cz,Ca,Ck,Ce,BAz,BAe,BKz,BKe,BΦZ,BΦE,Gz,Ge,∂Az/∂t (finite diff.),∂Ae/∂t (finite diff.),∂Kz/∂t (finite diff.),∂Ke/∂t (finite diff.),RGz,RKz,RGe,RKe
incipient,2353928.956934424,136556.75611422514,6661791.275464052,142611.66456063176,-9.172575501740042,-0.11884931064611987,-2.7300328139847876,-0.3753730315432573,11.296819680192737,3.073166496181795,21.233132226381166,1.7809891304037748,-96.7800962524482,-122.3486149095118,-4.8026143246044235,-1.9694859220490675,11.611579804083611,-0.17679476568635166,-4.1204568132098025,-0.7439119205073388,-8.976664688495287,-13.450980723866138,-3.5064849827652838,-4.8795608333526435
intensification,2008960.5380212057,196569.96636811033,7418364.044850174,351089.57597239054,-0.5883688112659502,2.841044390489942,-10.655772495235935,10.380008209605137,26.28314166261959,1.3390181097207507,59.25496147773644,-2.3267094163488102,39.373539699921494,12.947751153366104,-6.778942328522045,3.558205956309355,-6.379683201238357,1.3182894933913503,0.3907733805574271,2.07767986966826,-30.41014928463395,-47.62004679067714,7.518235202785796,-16.631391418824
mature,336908.1178791739,365313.6375894442,5735372.804176028,863768.7608017266,-7.9104198841235664,4.553007454517419,-33.220907383510855,12.268834677449846,-3.7926461036964554,-16.988251791187825,-32.77632836771446,-12.550385326127005,417.73456684001127,347.93827045211657,0.6077322543986469,5.968354830379885,-4.96556455083622,-5.409190036520752,-35.30416761995785,-0.028740147338573035,-4.530330876745913,38.603488015391044,19.2948889775995,-32.968096882172276
decay,674597.947013791,80367.59774357453,4197784.058422076,283955.951419527,-6.0130889486824985,0.5602619913791002,-1.5870283974151487,1.5204330772293995,3.8931830128316522,-0.34628263114293034,17.522699275349265,-1.0166020340150344,160.69903086894698,114.12872356582807,-7.015624710825273,-0.4801359803233352,4.757783135149522,-0.20270165852024272,-8.873464990811877,-3.480467347370173,-4.5882268349855275,-18.796046920063496,1.103752058472987,-5.571326787999687
