,Az,Ae,Kz,Ke,Cz,Ca,Ck,Ce,BAz,BAe,BKz,BKe,BΦZ,BΦE,Gz,Ge,∂Az/∂t (finite diff.),∂Ae/∂t (finite diff.),∂Kz/∂t (finite diff.),∂Ke/∂t (finite diff.),RGz,RKz,RGe,RKe
intensification,531841.5214797776,71469.1432476919,1839762.434970328,294735.1826549936,6.809973579595815,-0.0021563785795386315,-0.019741144381003606,0.7945771360380154,1.0059111299476753,1.089212212008671,8.903287786635463,12.30189754479806,-16.262074084410404,34.64735006028671,2.008153297573645,-0.9442882053098531,0.006209319532372248,-0.5721280041394419,-6.114345399461697,5.61713236838,5.808115390600974,-21.80786562131197,-0.8646067015305589,-7.499083456837079
mature,397743.18981549126,62165.68934988763,1832768.8351160714,464599.4513523235,3.2861645999827713,-0.5961207279846119,-0.2077507188607017,-2.9267473434722264,-1.1885474866635364,1.1168903866705702,32.14170836555401,10.808498818603159,-34.18223484146387,7.241916567768669,1.1273522206505247,-0.9023952163203826,-4.166284634036142,0.3880329817912151,3.2488245713827366,1.8564534496064895,-0.28769327537444633,-31.97129767529335,-3.0594840203669698,-6.233048744385146
decay,258153.55000210492,135794.26446523608,2233841.806618404,334180.28198320424,0.9450326992617951,-0.5194712992651941,0.470476848173424,-3.0096675167041833,-4.00316047724861,-0.2935200296502043,43.673175439443476,3.9568051333848433,-7.231627649603133,43.09791703222044,0.9552182052317671,0.456939378599005,-1.7716905905087799,1.2893072075059007,10.241843898393512,-2.826795956791989,2.657031286736432,-34.846841088485185,-0.9073689802828836,-3.303456725299225
