,Az,Ae,Kz,Ke,Cz,Ca,Ck,Ce,BAz,BAe,BKz,BKe,BΦZ,BΦE,Gz,Ge,∂Az/∂t (finite diff.),∂Ae/∂t (finite diff.),∂Kz/∂t (finite diff.),∂Ke/∂t (finite diff.),RGz,RKz,RGe,RKe
incipient,1523925.6668012813,72052.88854187915,5825660.728733592,263001.3030879115,1.6111374090849613,-0.11002971137563654,-2.5115006772004516,1.3761983855342241,-2.461136341399151,5.220536286613542,-40.89714439940132,-5.934446672613215,236.07575608638942,138.0089205284525,-3.0308175858850843,-0.7795263047235,9.606282217262562,0.2002017746662812,12.853292900905501,-0.2621622119945274,13.568526256371038,54.65080056842232,-3.5341064150373995,1.784585397884012
intensification,978721.0153386523,137710.804662947,4492673.37480988,238118.13914733854,-3.2572837293582246,0.6967078426659956,2.724543791576664,3.775906998160224,-14.917945557487123,4.596816169147643,25.917808540032684,1.52493848235663,62.66699808781657,41.20292592131741,0.32723194624327917,0.5890047072441542,-11.285487052164514,0.7645101860559459,-22.575903686590674,1.8224947269983442,1.071882618630376,-47.96097228884179,-0.7531068275974692,-0.7538069619418466
mature,353062.45976404264,108253.698266022,3059334.8291195435,657082.0073995893,-0.5219997371885818,-0.5448607325427833,39.75221617871423,1.404496526227217,-2.835579862053331,-0.11421330767742488,50.6871263041616,21.609337295462993,-193.7869208967548,-177.96052639312765,-1.1823125845360296,0.08693010741934153,-0.7637335213368446,-2.3746312086958503,4.478917275388225,1.8538418706286657,1.0049858709851214,-85.43842547029902,-0.311060642248425,18.592224227652682
decay,288347.071701393,61960.40406120146,3308790.5572246285,269926.5885631338,-3.6652396838303734,-0.19222788979375052,17.790717139897,0.14522606184894932,-2.1970269660258257,0.5947967348151009,33.13064596510995,3.5891243695834585,-138.73509748783502,-185.14509223438006,-1.2781313281639701,0.1148023335865566,1.20246263694905,-0.46241944388840606,-3.017604018364221,-5.253682964192949,-0.45797797064924833,-50.27372743954079,-0.7197622270608071,8.802683744271642
