,Az,Ae,Kz,Ke,Cz,Ca,Ck,Ce,BAz,BAe,BKz,BKe,BΦZ,BΦE,Gz,Ge,∂Az/∂t (finite diff.),∂Ae/∂t (finite diff.),∂Kz/∂t (finite diff.),∂Ke/∂t (finite diff.),RGz,RKz,RGe,RKe
incipient,457636.2396483072,135195.18525901416,1278175.0071115778,191374.4839265197,0.5731625574981961,0.3001783556320138,-1.476697982371726,0.2971186376001272,-1.2345418069890457,1.127890823737413,-9.688076159654138,0.4670217138470252,68.6186923417653,77.41729134297377,-3.670721078377271,-6.699611590310893,-6.958959886019907,-1.2105870795071287,-0.128654401954673,3.972357421992832,-4.851077165900652,10.462957182572994,-2.3415376212764283,1.7315190881739535
intensification,315695.33494183683,166730.8974251646,1252357.2507159521,305758.95074212964,-0.6193468309440597,0.41026392189410527,-4.108809279294285,2.0744923052722406,-1.0127828755003532,0.7686449377441303,-0.4069533364604026,-2.2022141518416967,58.53354948355362,36.11293924023996,-0.1363893897258306,1.0026137259216923,-2.11741410247086,0.7564304804114058,1.3686327677234416,2.2397075503630304,-1.3137141360204616,6.503742214422188,1.652013926045411,-1.7413798823617996
mature,193995.46092619872,164154.28799751578,1357698.1528930133,401562.9042568114,-2.192202018217527,0.39432274781423254,-9.332596348095072,3.0730270507997592,-0.022806836316037804,-0.16089500398295262,9.197734488786272,-7.721562700721425,68.30478715461378,33.638425547305836,-2.4794707944268417,1.301336443962123,-3.026261988560219,-1.3134778905196132,-2.035697341148431,0.6261124120019325,-4.801334422647476,0.291366536377895,1.5261214164488666,-4.057948286171473
decay,159512.77015349705,99973.71045572909,1009329.0347324527,417494.5531273915,-0.5124380987380117,-0.013069570018047769,-8.841677307301584,0.23649302113480097,0.1918322864512051,0.16491454441622708,5.4386963405537,-6.422236658946076,47.61018463195005,48.836196192096196,-0.2795228394105885,0.26966056406321887,0.35670902706969865,-0.2928531695950702,-2.795475608713201,-0.6592440224802754,-0.36063092813756603,1.1199434567726958,-0.20820512285844858,-3.315177691970587
