,Az,Ae,Kz,Ke,Cz,Ca,Ck,Ce,BAz,BAe,BKz,BKe,BΦZ,BΦE,Gz,Ge,∂Az/∂t (finite diff.),∂Ae/∂t (finite diff.),∂Kz/∂t (finite diff.),∂Ke/∂t (finite diff.),RGz,RKz,RGe,RKe
intensification,948816.8929968163,91009.75831602867,3133549.550647486,180414.2709959933,1.5999609705824724,-1.5390864845666155,-2.806692142252786,-1.7640394266112922,0.9192041132099341,3.319349527928587,-9.60375484991601,-1.838644137702395,-95.46401691371823,-143.50702876154213,-2.69537983118297,-0.3485171118751837,-0.10200710618198457,-0.14767548178657933,-12.969395015591692,2.493209773285909,-0.9603367333760612,-2.1589089940053694,-3.6919779517598434,3.289201195346811
