,Az,Ae,Kz,Ke,Cz,Ca,Ck,Ce,BAz,BAe,BKz,BKe,BΦZ,BΦE,Gz,Ge,∂Az/∂t (finite diff.),∂Ae/∂t (finite diff.),∂Kz/∂t (finite diff.),∂Ke/∂t (finite diff.),RGz,RKz,RGe,RKe
intensification,705135.3172678923,139153.55089998263,2422416.1204270744,167416.692516134,2.806515205883241,0.8662522717171853,-2.7835014831234854,2.491991790328873,5.775519483010269,5.0913254531124466,6.756322412818287,-0.859859405587166,158.19389142113587,101.79769725968609,1.9289263190042583,-1.1706389435172648,6.348984110418971,2.033102626474176,11.90794478442556,1.477522245026725,4.246232105009129,5.128608648847518,-1.4324833080265829,-2.938111622838468
decay,912927.0567234801,252659.5800757593,3152056.2498858543,264076.25155011227,4.126493167998748,2.0629634485331296,-3.991554451010509,6.398484224878662,9.808933148425288,3.0515700809411657,-21.02791339249116,-3.9753763007950673,247.18791728153602,159.5388390932049,1.5922740852574895,3.0523105721054757,1.254428160151337,0.48303979454442486,14.880931618564961,0.7711934756130032,-2.365048371742073,35.773906294067885,1.7669904899487918,-5.6434688994811015
