,Az,Ae,Kz,Ke,Cz,Ca,Ck,Ce,BAz,BAe,BKz,BKe,BΦZ,BΦE,Gz,Ge,∂Az/∂t (finite diff.),∂Ae/∂t (finite diff.),∂Kz/∂t (finite diff.),∂Ke/∂t (finite diff.),RGz,RKz,RGe,RKe
incipient,522673.9398443399,47076.27088886911,2998520.575822107,231444.6184357557,2.6699302454059777,0.4807852541796674,-7.122837001328644,4.034686241822757,1.5746883906660063,-0.4228435630402108,-45.35489808237276,-2.951782834578194,-42.12451659985615,-23.114560026901863,0.5041257111072285,0.6343800379212344,0.1636316723296638,-0.6262635727644926,-9.961350014583225,-1.7209979790926984,1.739658781249303,39.8464548237122,3.350480977918808,-9.926738387665909
intensification,502604.83491802966,42364.11708024947,2753172.8593789088,171160.58648099893,2.9702138276051655,-0.03908775627354185,-2.2181987664961134,1.0893017511660348,0.07418529323081799,0.6793710144269317,-23.942429416946776,-1.927084117574437,-26.65421138687604,-20.04905815597918,1.7234452407106389,0.5516044145117415,-0.28684943812506736,0.09301936166175417,-4.835284995977644,-1.2316153015936993,2.5700913399757384,18.35512935986008,0.5420378546743992,-2.6120317016814103
mature,495263.5679510582,49589.44609325042,2586970.725431344,145719.1640023033,-0.5127023149220419,-0.2606191703743928,-3.1193268881910456,-0.10105621540763375,-1.440400391344297,0.026849855517387167,-2.4262210473648316,2.428306830360663,-18.94170621291693,-18.017602419622623,-0.12969026378171464,-0.2221711921155195,-0.40657848981375455,-0.14020794831276093,-1.4046269404256133,0.5447358575339294,0.26050041623410786,4.653623310052306,-0.007494848863389025,-4.901841645610145
decay,480541.9714547125,44512.38443976063,2698434.597006086,184514.84936117625,-1.3301160427720455,-0.17843827909466767,-0.8280809709103617,0.03009048229317973,-3.6674820478555037,0.0944544562775945,12.913551603107015,4.057634156467121,-1.597370781320638,11.941875341941257,-1.5064206385635948,0.149480110608171,-1.4037223413768762,0.024109717148902955,2.0285021125402944,0.9640110784267093,0.7552053846119154,-8.726852476884316,0.1381840222591559,-3.9517945312439546
