,Az,Ae,Kz,Ke,Cz,Ca,Ck,Ce,BAz,BAe,BKz,BKe,BΦZ,BΦE,Gz,Ge,∂Az/∂t (finite diff.),∂Ae/∂t (finite diff.),∂Kz/∂t (finite diff.),∂Ke/∂t (finite diff.),RGz,RKz,RGe,RKe
incipient,574039.3900302243,65121.66464800233,2411874.5075428165,111671.71288521742,2.299340948536869,0.3253682270532504,-2.1698660404928662,0.861220214805086,4.4487784135513575,-0.5317946832588454,-12.89114589793448,3.2766630063444695,29.83330581085263,-1.3621071819279456,1.1543975267652575,-1.2906190796179902,0.1718100575733303,-1.1286520235219175,-3.3413035646373195,4.6581386590738045,-1.6522591803879068,9.420367425253158,-0.06100535251123654,-1.6496106025686166
intensification,330461.3957421841,57319.61380836199,1794506.9686620987,375400.1098410283,4.11637569184261,0.43498316544412297,-10.837743280042888,1.4977701949270146,1.9723301205445996,-0.4773768838551756,-4.379104460561139,-5.892286527309184,12.651971428487787,-20.508938203750855,0.17804497930346092,0.8052544634891763,-1.8604246953796764,-0.022622298837899783,-3.868991841734363,1.1745548568936228,0.7186040413624574,7.2314802070270545,1.5175416145001672,-5.2686720907670965
mature,238019.74326201004,52084.78826052614,1885481.129788706,318275.2220133211,-0.35428073817026157,0.5113028251603219,-3.496050872922065,1.873352295302036,4.020283589320713,-0.6592766715170126,-10.66781885875486,3.7947534933724767,76.75993193754195,66.10217399261482,-1.6720978781113214,0.9261407110586878,0.01588146719724809,0.28934694177834064,9.217116497341543,-2.533737327424035,-3.847380035133405,23.73526696718873,2.3106730834370675,-11.697893989020614
decay,235422.46301546122,75933.08829460219,2256493.5111779734,260409.95604596857,1.629914637876496,1.2304616249140898,-1.1905586208773635,4.29866286838959,5.631571603899671,-1.6089679566889463,-13.066859891734394,7.876007733975638,87.59933831612886,72.31515529869121,-0.622295751246793,2.3465472415438615,0.011473426154050531,0.033929124417223094,-2.4448402732865127,-0.4650549321096353,-2.7597219149550343,10.182663601448748,4.711098324581669,-13.830284155352224
