,Az,Ae,Kz,Ke,Cz,Ca,Ck,Ce,BAz,BAe,BKz,BKe,BΦZ,BΦE,Gz,Ge,∂Az/∂t (finite diff.),∂Ae/∂t (finite diff.),∂Kz/∂t (finite diff.),∂Ke/∂t (finite diff.),RGz,RKz,RGe,RKe
incipient,1054720.588555402,73053.8025659242,4664871.635658153,182682.85254222172,5.862397534102088,0.1028581726895699,-1.3194886947520434,1.5956961432041954,8.23763304438734,3.174078676912137,-40.81132772708583,-0.7028974844397203,120.94059055748572,98.1995653368379,3.936555623518601,-4.390866230411373,5.823675710388839,2.475159454743819,25.133009463467168,2.892830480120861,3.5512983727931573,61.40142835120295,0.7939187483463073,0.6805431266043424
intensification,1095766.14426309,76134.40225786508,4716614.204034046,214315.08162757644,13.154304761371057,0.5390292663218874,-3.082592228798246,5.380131174826629,14.1847497662849,2.6745075450780202,-79.31412067828411,0.8006606027756267,97.72472142458714,36.24865084438121,7.497836955760758,1.0441567231618731,-1.8585937374055135,-0.5864983084450188,-10.641548459835647,0.15475600437161868,-2.35000947599747,58.60085968587564,1.5800960549817031,-9.108628002028883
mature,904517.8426561675,45950.183383345415,4228525.680024868,182579.28919461655,13.500039736854095,-0.10875007750572165,-2.69293893032894,1.5054057090640571,13.953749803314007,-0.08660286764010085,-60.62867695056231,-1.068996223213053,6.002355721108096,-51.73056780333988,1.8077264297900562,0.46274406143954866,-4.315680465335622,-0.6924385923792127,-3.9941847867078875,-2.665328813711845,-4.878140609301253,45.82739135732926,1.008320061830667,-5.794677229891789
decay,964462.79520381,29300.757864789022,4308721.6366595095,106741.72860568728,7.774411416502923,-0.19735731283784044,-1.4492673887379743,-0.05281883606792481,11.635901614342446,-0.01793687629547113,-37.3078165261699,-0.6958473591572706,-51.13332294121633,-134.32746263983367,-0.896118222267739,0.17664686148246064,1.1538180264334545,-0.17606475280314265,-2.242318009335945,-0.7260424047062538,-2.9050294842439075,28.740354489069006,-0.013589399737755834,-1.426643598219033
residual,952335.9703102685,26699.42272132117,3796957.0462644254,96912.67860869157,9.091513920384354,-0.0823941909524714,-1.83671903763054,-0.2262496371648911,6.650424454360612,0.3474229741762971,-48.14965855250459,0.3107452166878351,-91.2320946912508,-173.40017076021286,2.8535676453291074,1.249221848770598,-5.088583334899169,0.040340122799991,-32.073257549377374,0.5021528536515554,-2.729888059827897,8.821606120373396,-0.4509382975887258,-1.4190617635019285
