,Az,Ae,Kz,Ke,Cz,Ca,Ck,Ce,BAz,BAe,BKz,BKe,BΦZ,BΦE,Gz,Ge,∂Az/∂t (finite diff.),∂Ae/∂t (finite diff.),∂Kz/∂t (finite diff.),∂Ke/∂t (finite diff.),RGz,RKz,RGe,RKe
decay,213954.5582671124,49956.841835605635,1142173.8285504007,221507.6239964467,4.657647952641367,-0.06736395209205574,-1.6987021285843735,1.4140029584823908,2.416026086281803,1.048025783506621,-13.877957194483887,-3.131722914088351,17.44854578321581,23.798344264371977,2.248163041088628,0.40970178897955406,0.44987374789082424,-0.15691005773575267,0.24397782133763285,-0.9535324988460696,2.6241316621583337,11.162989191764524,0.27643106933207306,-0.934514671824483
intensification,242256.35936890193,35360.810955542904,1098829.9311288337,189863.56008252976,3.5104228823090726,0.007521135822833449,-2.146322922898594,-0.1617037088575111,3.043955870433795,0.312690044727319,-17.285809447187503,-2.2174234568271003,-0.22804406172516822,3.6875162872822447,1.2875746861930497,-0.6060023909025497,0.7337140622113371,-0.27636461882622365,-3.872080142252335,-0.5334065693617662,1.2077022099094488,12.049629345524691,-0.7582795082338872,-0.30060232657574903
decay 2,287332.1387331394,44576.22109780222,1078494.2297132635,215346.69121983927,4.540366817135547,0.43456843477507934,-5.4278639796601125,-0.2971888199103131,4.250859627558569,-0.9830453472921634,-14.515803437983584,-1.558424029929279,-29.252641768506507,-23.268520329375153,1.2166184062773606,-0.0705623010947024,-0.8969427564085549,0.20327959988515787,-2.2877295096750094,1.4818078066145686,-0.17286713205649673,13.115571090833143,0.454567692491929,-2.0904433232059514
