,Az,Ae,Kz,Ke,Cz,Ca,Ck,Ce,BAz,BAe,BKz,BKe,BΦZ,BΦE,Gz,Ge,∂Az/∂t (finite diff.),∂Ae/∂t (finite diff.),∂Kz/∂t (finite diff.),∂Ke/∂t (finite diff.),RGz,RKz,RGe,RKe
incipient,464129.5429404523,274357.99862367765,2322512.647217462,278128.00552608614,3.905700042129112,1.7224517751449986,-2.9492134378102937,6.579946167109308,8.806088257833363,-0.7638611443230962,-3.514767114296957,1.1781030092647695,1.9142407855549217,-3.306329068256978,0.1670457707578339,3.397203251605781,-0.8803383117153074,1.3921559405057542,-3.9219859946514823,2.668040531949687,-4.05827475227456,-1.3637054846733425,7.01351147679316,-8.039222082234684
intensification,562311.5399877466,368091.85314666876,1913199.3804406873,542939.5189888272,-0.16572094138143126,2.849319391233598,-2.3955075764857017,8.92314581201896,6.8523077373673775,0.04564617213182045,-14.981546609039038,2.7318198425977274,43.85112985220083,45.68820750599132,-2.5268993704174085,3.119682963253479,-0.3856390160341727,0.2797130593401099,-2.6165178848167674,3.561644482589404,-4.554348303549384,14.9262572420894,6.307893307993651,-10.488828748512985
mature,409723.4713314076,291528.401964075,1839167.6587236193,724677.0274755646,-5.319091396974102,1.5948265694563457,9.193317009307826,6.904961945984249,-3.7599454499081846,1.600382073075452,-25.717647533013295,7.637064594770889,44.554948376443036,41.41507321250673,0.11530988253173663,-1.2506876586585736,-1.6621573836991264,-2.355989727522531,0.3055252785117313,-1.8163227590555577,-1.6264767613086977,22.148947199191305,1.353763575929921,-7.16503229050287
decay,316750.85162803286,115026.5925924774,2511052.7775044637,350925.36260134645,-2.7882475888670966,0.08746494199655229,7.132267565247697,1.9591918856022836,-2.960471437523304,1.6778041319864785,-7.189128448471308,1.4346415214443373,-51.81264557607392,-71.58140328150823,0.6462691979252422,-0.7189718810954508,0.3630338720379718,-1.233308644685318,10.47001389764478,-3.828221705696806,0.6227226626907322,13.31512236973549,-1.0393858330660655,-0.08978754749573105
