,Az,Ae,Kz,Ke,Cz,Ca,Ck,Ce,BAz,BAe,BKz,BKe,BΦZ,BΦE,Gz,Ge,∂Az/∂t (finite diff.),∂Ae/∂t (finite diff.),∂Kz/∂t (finite diff.),∂Ke/∂t (finite diff.),RGz,RKz,RGe,RKe
intensification,321773.56152766524,206500.60600565764,2905194.7901599547,581865.9254446954,-0.3972818501010208,-0.2612912804983657,6.900910928966509,0.6004825952790392,1.1942996906344416,-2.015255260724698,9.015202413731036,22.82423046864337,-159.00065476849915,-215.53787093643928,0.087306266231381,-2.5816670142188114,-2.1603471667785135,-1.8955797456735006,-5.872012349008674,1.2183760014450336,-4.013219988012342,-21.390843841605196,0.9814493908286019,-15.305426133510869
decay,435463.25350330566,191262.76647711714,3117850.1419707118,524656.0299011111,-2.3267514461055505,-1.5903546734773661,6.246413663220557,-2.576805515995365,-8.643613981900756,7.0939153226753735,5.881413587837613,12.524852987437075,-163.02162885579293,-209.98019827149056,2.1495669349055957,0.5545781745898009,12.915648484728106,1.3842940388018203,18.093851447529584,-3.684134843217884,17.642156347045947,8.292775642576968,-6.696072126391551,-7.385768651439039
