,Az,Ae,Kz,Ke,Cz,Ca,Ck,Ce,BAz,BAe,BKz,BKe,BΦZ,BΦE,Gz,Ge,∂Az/∂t (finite diff.),∂Ae/∂t (finite diff.),∂Kz/∂t (finite diff.),∂Ke/∂t (finite diff.),RGz,RKz,RGe,RKe
incipient,209796.76438051058,109745.60723281009,2569897.4516872973,216228.68560303847,-3.550886264699513,0.2025242744887241,3.461843377110573,3.183965906156849,3.4696510252179857,0.4966433857476704,15.257213172624024,-3.300899002958719,72.32390649853207,98.06511192148835,-2.5216850249237837,-3.447145135165957,1.867729342219208,-2.036268941470139,7.664900419813758,-6.200845451960524,-4.950283673209566,-7.503269865221327,0.44852930445031525,-2.6220689780480813
decay,298879.274256739,70767.97308659404,2454488.9467548663,153294.63657325803,-0.954180360595819,-0.0528372524278591,-0.45535426593627015,1.164861468412732,3.423141909357655,-0.27111398702376066,-12.518970631325471,-3.2972676550321802,43.48625935404275,87.91306792846865,-1.349994147465029,1.0143200653074096,2.7856611976805605,-0.3498012078474435,-1.947585978445546,0.7096543408849539,-1.6444983247007736,11.980919279412014,1.1390115000169083,2.386706261568132
intensification,358671.92647514684,78660.21225281023,2579889.433389035,198005.96117130312,2.258936802679646,0.1956752230142389,-1.2623263526543025,-0.1642830245450864,4.175530887078364,-0.0834002719840694,-38.24973681529706,-1.1961555688057914,-38.39829770360543,-1.7219026229809842,0.9130043911641368,-0.5214331166098003,4.721529175957621,2.7319294633916704,14.625136648243643,2.0947198129583238,3.000610314573142,51.878263013515365,2.4553714878164143,2.192832053654899
decay 2,543356.1814823308,202151.88489805578,3406490.219415553,198665.9031693877,6.452912905245479,0.7544914116701609,-1.2936536401916838,-0.3723325856402891,8.447844234214264,-1.076785399607244,-73.4885461208936,4.338452759097891,-152.45058817494862,-180.00496953050052,0.40367413501535704,-0.026035474010173143,9.141549732802748,5.711607657325994,54.16381433006356,-1.6270079896923686,7.901109815504122,122.49310118590336,5.661569059622789,-6.886781803341655
