,Az,Ae,Kz,Ke,Cz,Ca,Ck,Ce,BAz,BAe,BKz,BKe,BΦZ,BΦE,Gz,Ge,∂Az/∂t (finite diff.),∂Ae/∂t (finite diff.),∂Kz/∂t (finite diff.),∂Ke/∂t (finite diff.),RGz,RKz,RGe,RKe
decay,748804.6013936996,132968.08439732136,4335294.285532962,386164.57001071086,12.710519155155495,1.6001078820774484,-0.31112398016683657,5.702596727353981,19.81779487533538,0.7317286472637321,-33.83132724067897,-0.9404551054196764,113.83564636018244,50.30475660347499,6.085019726026836,1.816608513116357,6.592862633484205,-0.1519329263751688,33.97843016699131,-1.0145424143662791,1.0856947953817706,55.41036223268161,3.218827271637631,-6.08780801646742
