,Az,Ae,Kz,Ke,Cz,Ca,Ck,Ce,BAz,BAe,BKz,BKe,BΦZ,BΦE,Gz,Ge,∂Az/∂t (finite diff.),∂Ae/∂t (finite diff.),∂Kz/∂t (finite diff.),∂Ke/∂t (finite diff.),RGz,RKz,RGe,RKe
intensification,254694.1146063363,142063.63694645083,1050847.878241952,447350.74717079045,-1.3332378473821527,0.5127511777369209,2.6783458482383593,7.010790546753247,0.5542675170596697,-0.03796455013211701,-7.7390342433824255,8.079959984062391,24.659079268512993,22.920760129283835,0.3044576866258067,7.204842483521352,-2.149146772084183,0.9667949284272389,-2.474765973761748,6.628875580683024,-3.523900958789084,3.9191602687644718,7.502798847575683,-5.783529101894258
