,Az,Ae,Kz,Ke,Cz,Ca,Ck,Ce,BAz,BAe,BKz,BKe,BΦZ,BΦE,Gz,Ge,∂Az/∂t (finite diff.),∂Ae/∂t (finite diff.),∂Kz/∂t (finite diff.),∂Ke/∂t (finite diff.),RGz,RKz,RGe,RKe
incipient,956567.4783058288,159740.47858294702,4313334.556794663,181923.06520363496,3.557611022754907,0.8579119227385703,-0.8552518247302789,3.7174073934066607,19.96866128751276,0.4356427801310204,-32.81301059461507,6.824911750520499,-60.17568319009711,-156.0440517782221,-9.74994339267368,-4.525820291599979,-8.357892529528213,-0.1873984880049641,-25.276634039290343,2.5975424698226344,-23.91103087154749,4.834017357300102,2.236454202532106,-8.800028498834804
intensification,559834.6310802735,135960.68655630914,2951820.4408415165,335902.44270945597,1.6498503299659413,0.941446644059938,-8.110813586003914,2.499445939945451,6.963522616988299,-1.1079305587737955,2.235484493930603,-2.7667670439923144,-110.36416934254703,-203.87996387611884,-0.8077116584949731,0.24148152718367022,-0.8372822192133338,-0.3081975983982494,-5.547019813308495,-0.3857086347825174,-5.2095078621757525,-1.3215410512011254,2.357732256261059,-8.229201116739569
mature,833497.5812283114,71490.16628463178,3606967.7650804203,108751.11168790025,-1.5725055986492484,0.9214964599301706,-2.2011833132268555,1.014396278925714,6.229134051023511,0.4613513511016343,1.303092840041139,0.7866040704395514,-18.701022095169268,-46.77530356842663,-3.084060046885963,-1.640758760386996,2.9133081322689613,-1.374451588017679,24.748545178073783,-0.6986234758735287,-3.9668350574736273,27.219141249908745,-1.7429031201237701,-4.700807138465649
decay,917572.347229933,49603.94912040947,4525214.560474988,99059.97447265206,-3.7478410016837573,0.40875239996581375,-1.4523254235192016,1.2677385160760948,1.898962332178514,0.06063562031692067,12.457508753777768,0.49079803361101226,15.215405270432871,-10.362034050989699,-0.6223667192435097,0.28922080140787254,-1.4947234707030193,0.2949963428866703,2.161254528652531,0.07504120473418255,-6.732774404599477,-5.096087799922278,1.0933468386800307,-3.135820768472127
