,Az,Ae,Kz,Ke,Cz,Ca,Ck,Ce,BAz,BAe,BKz,BKe,BΦZ,BΦE,Gz,Ge,∂Az/∂t (finite diff.),∂Ae/∂t (finite diff.),∂Kz/∂t (finite diff.),∂Ke/∂t (finite diff.),RGz,RKz,RGe,RKe
incipient,649871.2562484152,118462.35820134396,2057673.4222755823,170740.23327174413,0.39151008363270035,0.5945929315602109,0.5443931313731222,2.559604672077561,6.460096167412817,1.0733394908942764,23.998470840441605,-0.0075362561286733245,-19.23672776869746,-44.64932643936358,-0.9158287583106846,-1.074068324272489,1.4603529787610179,-0.8260929781521357,6.72330341704536,0.8280537167879286,-4.013640173458888,-18.21107063840207,0.0655792714709379,-1.179621567787837
intensification,577393.7246575404,108413.57031365484,2174403.773559366,199179.1719396764,-1.5291250816081268,0.7490169825176086,2.2076805340700734,4.358486232658295,1.3775016632104031,3.0607673666094843,17.85775019316026,0.5699448878739919,45.92011331335464,-11.508489118503045,1.3861323851442937,0.848956758567348,-3.9692252248715874,-0.6087733647970573,4.790050042934147,0.1347713148212467,-6.126834987172508,-13.74625560268806,-0.0600714812658558,-2.5859792716409657
decay,500594.8317243114,122561.50957030091,2482821.439047864,204355.11884546513,0.048278208043167105,0.869295869312576,2.4688731859220874,4.004766823860249,8.497116908527072,0.17811263025849708,12.77474644957402,-0.023324667387783986,91.67175563592491,16.389307335417367,1.4612243509425595,2.6791439654948945,-1.8515937840887347,1.5184782529225929,8.77066869540348,-0.38023144717623925,-9.431136615260064,-6.521229148135793,4.475836577211769,-1.8928004177266173
intensification 2,191735.38445399833,196445.90093102166,1979797.4480706498,122998.98159180243,1.4002592822932802,0.16090109234087133,0.5847854097002968,1.7152815284601148,3.790753300093259,2.906514945829935,14.43799243050159,0.9083612181907091,107.70390770155667,131.93084492854388,0.8592368934403439,0.6783678930935282,-0.432206351455252,-1.8706746695625005,-15.722434320783776,-0.6734330060708804,-2.6617992769143584,-32.14547144327894,-3.222809179273191,-2.7122903430214076
