,Az,Ae,Kz,Ke,Cz,Ca,Ck,Ce,BAz,BAe,BKz,BKe,BΦZ,BΦE,Gz,Ge,∂Az/∂t (finite diff.),∂Ae/∂t (finite diff.),∂Kz/∂t (finite diff.),∂Ke/∂t (finite diff.),RGz,RKz,RGe,RKe
incipient,937151.0794167327,202413.9716882046,5058829.65130576,194605.15379223952,-12.806009965745822,1.4022783281961375,-1.5299727690025329,2.084496273038806,2.1120207575895193,-5.073072494152785,1.82642768980275,0.8698121906678423,69.13377155473745,36.98718087714338,-1.607892990489864,-1.1207745025241713,7.553815179700492,-0.7657756908213079,40.576579073662884,-1.7338524354737712,-5.961937215438712,53.08613411860849,4.9895147481741455,-6.2181336681829515
decay,1408466.058383885,166186.31759819828,8317243.41387627,126998.75640204291,-8.55799725374267,1.4912789987769208,-3.060028157991274,1.7027589524072841,6.830291479790859,-2.0744943582906052,-29.356719626163613,-1.1391463390149899,320.99167899312647,262.78389615701104,-3.01823716886712,-0.9975199133932771,5.303478934586691,-0.9567056099246908,38.93545029761828,-0.5635432007056708,-8.593530800169919,79.91019533551582,1.3292687019962777,-4.187183972089239
intensification,1093461.4742777073,106320.57308496155,6607674.130243744,347777.18179122073,0.45759648816239185,0.958127385422877,-0.9757572503454426,3.6797976496057916,11.220271635571383,-1.4855814822296223,82.24687848570042,6.755350177230222,-30.631721491500187,-22.09014049843991,-1.3714885020375382,1.163400544650264,-8.99553627227794,0.9955724429110945,-45.28718796976466,2.4364346148986753,-18.800084034264056,-127.01590569328204,5.202824189323632,-8.97447046228278
