,Az,Ae,Kz,Ke,Cz,Ca,Ck,Ce,BAz,BAe,BKz,BKe,BΦZ,BΦE,Gz,Ge,∂Az/∂t (finite diff.),∂Ae/∂t (finite diff.),∂Kz/∂t (finite diff.),∂Ke/∂t (finite diff.),RGz,RKz,RGe,RKe
decay,521789.3681662233,126023.34730713695,2395336.9645515694,331398.7674319184,2.9620398238924417,-0.5006379334562097,0.6495602914521975,3.218144650466742,-1.0527957803026584,1.9312815260378327,22.298201152428344,-6.485063573936904,56.08714456123006,76.98095429314341,2.387400638415798,1.5269359217748146,-0.58304911954214,-1.0522584742805077,1.4690195888158266,-0.2280127532449024,2.9311485511967503,-24.440781678957162,0.7352425836046118,3.688466461677457
intensification,311165.80260157125,129021.69631462384,2501674.2511083772,339447.85218409187,-0.6808620919970141,-0.09572611168384111,3.6581506914961834,4.850583149789389,-2.9849421774901903,1.572040756644292,-0.5049011972070016,2.092190555792796,129.30125059477743,156.35286089535347,1.8721137219605477,3.6656905567015787,-2.038381432625804,-0.018659638691193733,-2.2785330423105137,-0.7327931988062956,0.16997254118353117,-4.750920444602681,3.355608866137744,-4.017416212892296
mature,130023.80032586317,115083.10497623245,2400083.037267926,275972.3424351919,-4.158682172517932,0.20618064998783672,5.137838659442729,2.6604869715478072,-4.72644042075084,4.450774177765148,2.5813523729387424,3.656234373499879,153.07657527488178,230.83546628094453,-0.019661279337052775,0.044590690759692665,0.1497906184123058,0.19866297064892754,3.7350930404677993,-0.5013955862104987,0.9237295166330494,0.17458418060426073,-1.7978048855562496,-1.6802782718154552
decay 2,187737.83391313345,95281.94766493776,2426111.6861167164,352931.7099802041,-2.7470921917623468,-0.2705746687670895,3.775450000028199,0.8150560985699354,-4.8521265977131325,3.647795742064485,37.96408533790201,-0.07404097678944765,-50.578792009458084,36.01278653679667,0.18645762308690905,0.27855544195759707,0.6753788031045079,0.49682069428053793,-1.4637174788160265,1.5601303978952166,2.5098385402882037,-40.456160624983895,-2.0653442804469213,4.594565276142927
