,Az,Ae,Kz,Ke,Cz,Ca,Ck,Ce,BAz,BAe,BKz,BKe,BΦZ,BΦE,Gz,Ge,∂Az/∂t (finite diff.),∂Ae/∂t (finite diff.),∂Kz/∂t (finite diff.),∂Ke/∂t (finite diff.),RGz,RKz,RGe,RKe
intensification,150209.8473549334,117424.45416394608,2662580.9506742475,93852.07814644616,2.950160600392815,-0.03871204239646033,-1.3637750639125397,0.10985330157920703,2.1843495144743477,-0.5822599280769588,14.348261484453696,-0.9834393136485245,-153.62745773686106,-178.15865554762,0.13253619550404364,-1.8072549119708572,-0.17587123408165306,-1.1219544084994935,-14.935319932909742,-0.5554945260187831,0.5512278094403541,-30.869966953843715,-0.39112913644686725,-1.0456835778620055
mature,142687.62098765653,85040.24330725614,2411565.648625874,92131.19243669031,3.3287556188522656,-0.01517186786469675,-0.9560896556610464,-0.1453064338471753,2.8459656910613176,-0.128192380083819,5.890109895312715,-0.4569643148793878,-137.07392370090258,-156.46982983411925,0.24625335144327126,0.0509817012709211,-0.33268861357507334,-0.8179515505411237,-11.931381400747092,0.5509856564783102,0.1349294463511774,-20.19415725925103,-0.8198937364397834,0.19716674954382685
decay,180370.2055603504,92052.32559244517,2172824.724881041,129270.83194656238,2.3952477106231886,-0.40829231213636197,1.3940020996502864,-0.4896514555776226,1.846286908814669,0.4818171547197987,2.714002146948065,2.207425189895081,-127.88437684175206,-126.58963357095965,0.4649302844590664,0.3206008423799723,1.5129279617324418,0.45682134150469256,0.6290524789347055,0.7101727582015923,1.6535964514045993,-5.874199478286834,-0.10635495665636678,0.3864011235344201
