,Az,Ae,Kz,Ke,Cz,Ca,Ck,Ce,BAz,BAe,BKz,BKe,BΦZ,BΦE,Gz,Ge,∂Az/∂t (finite diff.),∂Ae/∂t (finite diff.),∂Kz/∂t (finite diff.),∂Ke/∂t (finite diff.),RGz,RKz,RGe,RKe
intensification,563453.0861017229,127875.31512492285,2874570.7608726546,130536.5521230245,-0.5151744267162548,0.23659668289619526,-0.8127804277219116,3.2582747883816077,9.125418556689251,1.0236263104109133,2.227393582064405,-1.013775329391065,-39.91403576123593,-59.807955068049026,-1.7547260032303496,-1.2163293769870633,-1.3557477306250285,-1.5490269442050646,2.8929801587632173,-0.8624856366908162,-10.759744031134337,1.9935414311369797,0.44902485086943467,-3.91976552340327
decay,486031.17743682396,68553.70487311792,3275384.7327219746,94778.98591460785,-1.2802144412443524,0.1079204123931646,-0.8289261092797263,0.7763595332537572,0.8317274732856227,0.17554045935596418,-12.238223334650078,0.6338740787248863,101.65618226277468,45.07633784601638,-0.42370575024854207,0.30848058951087276,0.01565828066793205,-0.42818040025913756,7.091506316743815,-0.3350817950763649,-1.9883632214688787,21.438870201917975,0.06471826124549082,-2.5742415163347347
