,Az,Ae,Kz,Ke,Cz,Ca,Ck,Ce,BAz,BAe,BKz,BKe,BΦZ,BΦE,Gz,Ge,∂Az/∂t (finite diff.),∂Ae/∂t (finite diff.),∂Kz/∂t (finite diff.),∂Ke/∂t (finite diff.),RGz,RKz,RGe,RKe
incipient,624069.1798835191,208627.45113257095,1745555.226009151,243445.98419015761,-3.1090307042084753,-0.41639156687258866,-1.2697913022903158,9.944224052832682,9.256311184618605,8.152545721348213,10.4812672762507,9.19416302440519,38.28387432180537,70.10118962170203,-3.252735209098088,3.929652748984187,-0.32483088858771075,-0.9508576499954878,3.324745317928965,0.8371910754372349,-13.10656434428738,-2.7776999518229446,1.2572122483615706,-19.570987304090952
intensification,591408.926926599,272009.3850512526,2988827.830356882,461155.54364090407,3.12784753192307,1.6606978099003775,-9.753336761775577,6.215592504911297,3.6063515666323016,6.166153415620698,-41.60547938651434,-13.096066522825048,156.2337705818252,154.221007915222,-0.2581996215484183,3.04100865585392,0.3175680487245599,-0.057577991518018824,3.0302013433294155,1.8440608911134149,1.4997618239157062,51.26116995969626,-1.6688367121277956,-1.0288018527484162
mature,608124.7607496317,225997.82761019983,2483841.99641191,667983.4225384988,1.5895957506656218,4.303118760393927,-21.370116836536162,4.2672215652645935,9.268976912376486,-5.0564643713025355,-39.57876459904655,-13.010285915024685,196.13247729586485,194.07266002696255,-1.5973022212575352,-1.820340277991761,-1.8143325994338173,1.5928097238106413,6.539184407744577,1.2847042289473178,-5.190595000750754,65.89847009266167,6.613376899983844,-11.342348257828753
decay,666123.9619177605,275262.96025577444,2737377.87287205,708590.3611661823,5.958525820607903,4.495538715035633,-19.992617650043886,8.557722866252117,14.200021876964778,-7.594160774897588,-52.95846932435255,-11.046872623340807,198.99744555298932,185.99592880137791,1.2977546637705912,1.9340998754352152,0.5874476873990945,-0.2704300184829453,2.935981712716032,-1.0098362436148502,-3.158509653922149,69.92854286650457,11.385914907631124,-18.513304136570042
