,Az,Ae,Kz,Ke,Cz,Ca,Ck,Ce,BAz,BAe,BKz,BKe,BΦZ,BΦE,Gz,Ge,∂Az/∂t (finite diff.),∂Ae/∂t (finite diff.),∂Kz/∂t (finite diff.),∂Ke/∂t (finite diff.),RGz,RKz,RGe,RKe
incipient,1151804.2503950896,320241.63866753,3694025.4919979125,284188.7110572408,-12.83998045814428,-1.2426616746401797,2.447260267160638,12.48490642176867,-1.58215753576187,18.940045700069007,6.410216613109732,-2.313477769995439,143.17014831277882,167.90191521974558,-4.752625395805984,4.711014078076582,8.639130582151372,-2.8900080809565605,13.878357400396231,3.8709537435657992,-3.861354014871216,17.86086097827014,-8.102485684616715,-3.8532146410467933
intensification,675019.1253564837,334674.40653762553,3904513.512754037,601885.9275085733,-10.379711456010211,2.6227355912975967,2.4422085216256884,22.878849390233746,-5.255831824578469,6.846536344195413,-18.892635103094214,5.817988928944328,220.5307207866646,210.21973657680604,0.9034203595621606,10.27458928663389,-9.276243799862588,-1.7658246577467471,0.31490063847165256,2.8053067670394394,-11.777387839996734,27.145038675950392,11.64375279699399,-23.449323030512943
mature,293329.98423389765,146318.0139579682,3712749.8669180307,571419.1858359119,-14.316200686752907,1.3345687228115815,11.33527004490764,9.229311018356986,-10.689507227523206,2.3502121752346237,-14.738379943543434,2.309344954522961,230.44223016249836,242.04236669932365,-2.3530539717219785,2.0758702546633305,-3.5634765368715176,-2.347734590173619,-7.264955503087236,-3.7964946091842617,-5.855601273289634,10.454355082301463,3.196795530137162,-3.9998805371565678
decay,262142.60440255166,81171.58625417644,3657803.985369881,237638.52534195155,-6.270618461608897,0.2068406166402054,5.618155871988634,1.474570489193458,-6.381037717993088,0.8556208243733338,6.313104565993687,-0.4709900803716736,221.34891000873753,209.89577919547023,-0.39644867844361364,0.5041355092585381,0.6492540331025952,0.1326667657714707,-8.659524326828064,-2.0750006238739886,0.9665139061269913,-14.32016630320149,0.5447758139513894,2.5395748392928597
