,Az,Ae,Kz,Ke,Cz,Ca,Ck,Ce,BAz,BAe,BKz,BKe,BΦZ,BΦE,Gz,Ge,∂Az/∂t (finite diff.),∂Ae/∂t (finite diff.),∂Kz/∂t (finite diff.),∂Ke/∂t (finite diff.),RGz,RKz,RGe,RKe
incipient,779640.3707930809,69020.214604029,3134714.5102249873,158871.0792341835,0.8826411990362388,-0.0725967874552198,2.106015531350818,2.1774666817875183,-2.641732081233858,2.824967361725206,8.821500745958408,-1.612267422386091,86.16995503078543,132.1436740770558,6.05649032251777,0.7376257698768641,4.952584527151104,0.3578086944197883,13.680109444403469,0.2754819849499624,8.40436101996598,1.8699519680580023,-0.2170951980626796,1.8162982568993538
intensification,891739.360938674,170034.45895140377,4278745.059135032,349248.15459701075,-2.560933971829742,0.8965662271418914,-1.5595436890818297,7.3212260516878,12.484393929949592,-0.6408059810170533,51.98245475629323,-1.9117440803496322,-25.51025228225083,-32.12535692201036,0.5992584364493337,5.1594826704957955,-1.925891341809656,0.8523330712420992,1.1493346967613345,2.188847559277306,-16.0746530164471,-46.71264239862033,7.917798876805063,-4.780178101142691
mature,531352.0299049079,144815.67717090948,3253146.5887965634,526341.2761915427,5.438867258460332,0.8685465521160017,5.80638676157815,7.017305496434094,10.54926489957003,-0.6588354542293184,20.794307350318164,2.122150808965831,-85.34855468455288,-42.7729635108029,2.008997540293993,4.081255128260566,-5.764846173886086,-2.497622592615026,-29.491363720574718,-0.7564650437529699,-10.006697262879785,-61.53092509093136,4.309971805932384,-4.089534587574746
decay,771212.8544033278,86355.04326803178,3492421.1397332465,280862.599492002,1.9091938345548372,0.34263268023030324,-2.016285970030466,1.3656426426738455,-1.6007012602766328,0.9812339003974231,-22.892737999511123,-2.454154352466833,61.232052726334054,33.853222990525204,3.050806118477207,0.355886361681139,6.709138853216117,0.11068566907302246,16.751507071867444,-0.5662685297915473,10.56166662827789,39.751337206854195,0.15246173111914144,-1.4940427900290252
