,Az,Ae,Kz,Ke,Cz,Ca,Ck,Ce,BAz,BAe,BKz,BKe,BΦZ,BΦE,Gz,Ge,∂Az/∂t (finite diff.),∂Ae/∂t (finite diff.),∂Kz/∂t (finite diff.),∂Ke/∂t (finite diff.),RGz,RKz,RGe,RKe
incipient,559960.402642685,442203.72374042985,4429449.132142066,379564.9784956991,-5.949091309444573,3.0783501220167295,-3.070779999648648,6.340747999400574,10.431638928292605,-0.37412783319038745,-100.57750391819529,4.489580592022938,388.7969279304286,354.8992834959254,-2.3984247444478632,-2.459006623417471,0.33411954513835224,1.3587658090316819,-21.552639697586514,1.3020157905323166,-12.968260570582098,88.04473552970201,4.995291519605914,-12.599092800539845
intensification,363493.0588167553,476007.4178025462,3871042.2522384734,396585.03889722086,-2.3217172953044924,2.696188681601002,-4.461900182012993,5.167518960923306,5.144473807129193,-9.933828739193114,-55.34007161079129,7.256764428862555,268.99706237532337,196.59724985131493,-0.9183973838138408,0.7738233300280759,-2.127815795009934,-1.5977431041228474,-3.2066251526754117,-0.44583162538991805,-6.897818215842615,58.91706393543335,10.807415914392571,-17.33201519718877
mature,360345.70870901056,190005.32074047928,3807792.0800879216,287087.0031969171,2.048458989904845,0.2156187846145131,-4.002792180116883,1.7339367781965935,5.813125493606819,-5.631406775917748,-55.78354071420687,0.33527600729641893,248.53568752476065,240.83982238801633,-0.1859987185489962,1.3380991623661722,2.6269385090293698,-6.136269662761482,1.0339669698524112,-1.8337511627210967,-0.9221092100580912,58.77184087427132,1.013455106738348,-7.905756128330991
decay,386769.70551050943,92218.47357966733,3838697.691333724,279796.29652655986,-0.034939843508969726,0.9669038955140344,-9.528084339770453,1.3849490537582043,0.6367239254481667,-0.97602728390925,-54.876306075120866,-5.290780126171416,162.90673069807806,186.06353669540783,0.5025632573622969,0.6299487705915907,0.6575423762182309,-1.529835634337039,4.29365271995589,-0.9642308244476688,0.9527825027751289,68.73298297835618,-0.1357631921836188,-6.58648409180491
