,Az,Ae,Kz,Ke,Cz,Ca,Ck,Ce,BAz,BAe,BKz,BKe,BΦZ,BΦE,Gz,Ge,∂Az/∂t (finite diff.),∂Ae/∂t (finite diff.),∂Kz/∂t (finite diff.),∂Ke/∂t (finite diff.),RGz,RKz,RGe,RKe
incipient,307764.82316795527,255803.506715749,2722471.3518668488,377230.9831191703,-4.493690847347156,-0.06715232370250941,1.0156673057384435,7.598482272998519,-4.683322140604865,15.351546199006739,46.20321533946113,-20.9220640739674,123.09993251637908,195.70411052449265,-2.9385615410286583,-4.720123354799299,-3.7848754251033156,-8.527618123994129,-23.486440720710988,-1.1526451319684274,-3.6623964555481168,-66.2116325185634,-16.21352972629984,13.186603974738897
intensification,367257.792234578,94567.70927200683,1603243.3340818237,309622.9999773229,2.700346242824707,0.502920897799497,-4.082650662396162,4.706100908497277,1.2247194312292082,1.3585173326230404,13.35655086160452,-5.144516422042033,-3.781513619857339,-20.29657345978488,0.8398541594599472,1.978050399392376,0.7832651964121884,-0.4630447664958033,-9.025308147586026,1.6381877393112276,2.7618129058071847,-20.999554589619088,2.3816179115789358,-2.006047409540179
mature,180942.48729412517,95084.38119670852,1178095.512368548,407706.85622677434,-0.8913589960282067,0.5170919428839291,-4.018177068625571,2.546782583650726,-1.168282899537671,-1.3471971465936874,18.264258654833036,-11.114724251854604,-18.60468100203082,-51.88829240599881,-0.15218292640500047,1.0696136890983738,-3.9589404396142704,-0.7644501110812344,0.38293903330266177,-4.113685292423798,-3.164924593220878,-12.971783556876593,2.61243767627925,0.4360793071545096
decay,409005.9046107902,43478.721925871345,2280442.8614079813,211367.70654560073,3.577993453672667,0.25050430954300135,-5.091716737640677,0.05687375246782132,14.605614589952806,-1.4385928294120258,31.963409447835566,-4.549614346427374,2.8459564466299723,-91.60287371740597,0.6893880378957064,0.18024417053583525,3.9010740608406462,-0.25410301234569727,8.91556442232419,-1.2812602383889484,-6.876042765896491,-21.534121741543363,0.9908592599911488,-1.8802363820700756
