,Az,Ae,Kz,Ke,Cz,Ca,Ck,Ce,BAz,BAe,BKz,BKe,BΦZ,BΦE,Gz,Ge,∂Az/∂t (finite diff.),∂Ae/∂t (finite diff.),∂Kz/∂t (finite diff.),∂Ke/∂t (finite diff.),RGz,RKz,RGe,RKe
incipient,250679.75625752402,27788.399338722327,880974.5223654943,75750.51903145439,2.9973560875184915,0.06979645285424604,0.26709852412201296,0.5381766491749419,0.6460486537956196,-0.1342348164911716,-4.063337940238674,-0.3217652214433917,-4.847354888481609,-6.707654604125054,3.339627845226782,0.44591702443928555,0.6577588423524834,0.17508507565430445,0.508108313754864,0.4376971425748232,3.0788627289296016,1.3069916423530334,0.777700088466172,0.4883842389652859
intensification,290455.6236295611,50162.95185782512,823313.2176994213,230719.24712356622,4.290414131631654,0.2765538312423146,-3.949483913228206,2.7736837076292864,0.9340223860885082,-0.17347444471625528,-8.171900853606619,-0.08926556616001022,-0.7125320615602426,-11.730772478739183,3.3066791197802234,2.133994989719164,-0.32704736875583684,0.15716466254034211,0.10380312121843942,1.5713854292760487,3.305898208029625,7.934773756421609,2.827768983643569,-5.062516625421433
mature,299272.27848521137,74144.42159214287,950131.4000977977,464989.7199567397,1.6552479412935253,0.4587450137463992,-6.524029629728595,0.2169998654477721,3.0602794183628226,-0.9890697816807036,-1.4040894440993859,0.17431482271333681,10.229338365070829,-14.427606855058277,0.24867899518986034,0.14732916481130362,0.5331871049792035,0.3099143173463523,-0.9072515651566384,-1.096027075887762,-0.4130993583436949,5.365619567377818,1.0572389507284288,-8.011371393777464
decay,211218.4440286615,85724.40377935632,767307.6020781836,273119.4433654026,0.9498453916701114,-0.33639111224563006,-1.149771559416927,-3.3465696165917294,-0.9359313929187378,-0.5121249128731092,4.75825716186411,0.4100697273507966,6.890211526314685,14.57954606752155,-0.08761385241254249,-2.606851011579047,-0.6290705930348669,-0.18939155661007664,2.4642195526464357,-0.9674595110947888,0.9203150793083525,-2.09411144147086,-2.687445148083067,0.8192688187292163
