,Az,Ae,Kz,Ke,Cz,Ca,Ck,Ce,BAz,BAe,BKz,BKe,BΦZ,BΦE,Gz,Ge,∂Az/∂t (finite diff.),∂Ae/∂t (finite diff.),∂Kz/∂t (finite diff.),∂Ke/∂t (finite diff.),RGz,RKz,RGe,RKe
intensification,1101518.544668341,100134.17677088435,2776009.220539907,226886.69770177398,5.365297148383138,-0.7027730047159193,-1.3865622210630317,-0.17660245628088264,15.132957812809094,2.1435206081150864,15.39604861291488,8.69286218090483,-127.84397336356876,-225.0829976444313,-1.217710031743927,-0.953922365271361,1.441753913933333,-1.0617796304108598,3.6114240141718845,2.2118787006323033,-9.028679755208541,-15.7633595260631,-2.67912969009091,-7.690943245054675
decay,1113445.497390862,114239.46209006317,3188334.9273765353,276005.77581205533,5.077505966874076,1.7952975960248985,-3.9588818756165316,0.33324992720642516,20.424798164355412,-3.0991117207993124,-35.903041870974036,9.584528908046511,42.922514844636495,25.90370859319918,-2.690029695704181,0.8636266565037544,-3.671485164099686,2.8073112314311794,22.302923400078786,-0.7472214035173104,-17.22347976555612,57.087341179795274,4.444375283412018,-14.62388211438678
