,Az,Ae,Kz,Ke,Cz,Ca,Ck,Ce,BAz,BAe,BKz,BKe,BΦZ,BΦE,Gz,Ge,∂Az/∂t (finite diff.),∂Ae/∂t (finite diff.),∂Kz/∂t (finite diff.),∂Ke/∂t (finite diff.),RGz,RKz,RGe,RKe
incipient,1123290.9161463561,92913.59269203326,3021491.4419137407,195500.51314768553,5.710364668792984,1.7704580823887153,-2.5934898172793384,1.8253376596606194,23.36829945464683,-1.9553025655043519,-20.35068929151174,3.974981665372718,9.572171625087286,-66.89847697622064,6.70692667541433,0.3701833567345948,-12.987100115490009,2.057988494903811,5.1306537723050845,0.7844338510017537,-28.874576818955138,22.364468212303176,4.068170637680067,-7.609375291310921
intensification,554847.4246723219,628495.7802747912,3606926.636207525,900562.6745872026,-1.9698285559026492,4.905705840414973,-9.303497142510222,17.54539268793758,9.878624094395366,-0.18567135828036005,-28.334352454144156,12.572073046798312,192.71135491617844,159.1175867289243,0.19713479479344914,10.143700684154485,-5.761754100618076,0.961015377180075,-2.3185947378578806,6.856119062837701,-12.70450091050112,37.28908341469914,13.786373582983042,-32.56484381440842
mature,147671.7498684141,136726.09559325926,1434251.324420004,1134368.704843337,4.375166516534343,0.523984820092721,-37.57226673571166,1.1363183884476142,3.47138402101409,-2.4931221828847336,11.489478928840743,-16.873623191637193,45.541012491327294,-22.51701129821041,1.4668385617743105,-0.04719570682120322,-2.086236287869285,-2.971930536880183,-26.390630778600492,-6.061333581326504,-0.658468972256311,-4.683009488263919,0.13352521435944437,-27.89629551384858
decay,103626.03795797071,52242.91364910356,1240607.852846943,367360.57560790644,0.22222865749239407,-0.22493608977555302,0.30407705982480815,0.0080380782408668,0.6145189477585505,1.477980743956027,3.2709158405526426,-2.608085213463915,-27.389940286162023,-41.50594841915525,-0.0653504820597837,-0.0976586446318942,0.5532636338736574,-0.23361697861085307,2.2847589543718914,-2.099435503537625,-0.06396274616805198,-1.5124626034979536,-1.4786235545504602,0.8046886915102309
