,Az,Ae,Kz,Ke,Cz,Ca,Ck,Ce,BAz,BAe,BKz,BKe,BΦZ,BΦE,Gz,Ge,∂Az/∂t (finite diff.),∂Ae/∂t (finite diff.),∂Kz/∂t (finite diff.),∂Ke/∂t (finite diff.),RGz,RKz,RGe,RKe
incipient,675834.367001932,96669.06033512876,2955735.324975545,147597.1734124308,3.439549502442387,-0.2300904295142864,-1.4078079277186408,1.9010239612853193,6.332517333350467,1.971464961190584,-37.831713968883214,0.5520470601726561,-129.0499364738083,-143.3121201136892,-1.2661412744402762,-0.795813585868979,2.7897214183182513,0.7297104863105663,-21.473884985257147,1.7098309052793754,-0.33333684210411535,14.32608740890232,0.8893599159195883,-2.151048043897241
intensification,353516.10199206165,93803.50980732155,1840710.1543714544,219591.5163970681,2.308732189492647,0.07098610495647824,0.905479352544738,0.7825825149512399,2.1786686617785787,0.22009913225794628,-3.6673679275300763,0.7197910926355953,-38.48900987518975,-29.3244767729975,-0.9456524926911551,0.11219726189989587,-2.419650171170041,-0.2795881821264699,-7.548437520012968,0.290201953297074,-2.218600538499494,-7.095281134520276,0.21190909561034546,-0.30669230174502354
mature,295514.8897759656,51980.20485643653,1397930.0445733867,180858.24630823935,-0.23976530689455844,0.18028817226117808,3.5627600956575916,0.7883475664889998,0.8997845273792926,0.6129442689812019,8.645267019614774,0.4579074797130003,3.970249014134039,24.295321032243592,-1.7148915533034697,-0.16840555705258273,0.9655944242314386,0.09786915588352191,2.6116603912691763,-1.4269201103990097,0.006332762218765553,-9.356601417108632,0.09298428113014179,0.8895849390565822
decay,463024.0942064133,91651.05982390039,2230527.976973892,217202.27201363925,0.012895589226611064,0.1277391705129581,3.3585521976230863,1.678524797661771,3.4211639679724763,1.6165791016598596,14.189857048354297,4.470015704139363,-43.75116401543734,-35.20490548631562,-1.7772988424987546,0.6457486923754301,2.5313214319713437,0.7025271813037689,7.491166541209835,0.6733438568676855,-0.7492077762615634,-10.070138293994162,0.636733706792722,-2.116644447310362
