,Az,Ae,Kz,Ke,Cz,Ca,Ck,Ce,BAz,BAe,BKz,BKe,BΦZ,BΦE,Gz,Ge,∂Az/∂t (finite diff.),∂Ae/∂t (finite diff.),∂Kz/∂t (finite diff.),∂Ke/∂t (finite diff.),RGz,RKz,RGe,RKe
incipient,263971.8625080428,52763.107976983185,888757.8851135521,58891.9345882281,2.2197144698889137,0.1240453549362147,0.02022604107689588,0.4624189508517157,-0.12290658032045301,-0.44951008490532174,1.2447407571511178,0.4108173009649809,-10.754261403103795,-7.640898685794317,3.576912213145837,0.9718910882934084,-0.7822780444782114,0.614552322060701,-0.7397518433655583,0.1175721295943551,1.68438836066737,-4.224433111482486,1.402436002881524,-0.7354380811454455
intensification,281479.04521158355,52095.057327206865,1265601.8119297212,115262.0397349883,0.6087968066713743,-0.15683488576991797,-0.7322627748291847,-1.1063454315979613,-1.7236861355159305,-0.3484451249450894,10.770009390207077,0.6111972050469557,6.6722141769695344,11.901576443217856,0.5672054411902977,-0.7200145847687435,0.6088669528206195,0.035486290976307296,7.106388950824704,0.4597368846585913,2.7845150092380053,-3.5401544712245636,-0.5655791299066465,0.22262233638041198
mature,387320.0787298365,83546.58364676367,2980169.567634401,273358.6684120003,-4.2568808786416215,-0.39315254644289976,3.4711070947206353,2.073290310289784,-1.5959268418041241,2.733493674236594,28.58695551814734,0.9445458649130183,113.10565046301443,155.86841885038152,-2.5633931593782706,2.063760681814635,2.0999276431402008,1.1968411897030833,16.081436553181803,3.540137467374013,-0.9541789401401971,-11.719745181044553,0.9297903721991727,3.993408386891847
decay,405773.8238501771,150059.0775319261,3167585.891420454,321973.6619711726,-3.2392990765422716,-0.5627039211834088,3.218764578454002,0.040837196975695635,-0.9178296595462954,-1.5749408567944507,76.78117593401615,9.594331611550835,-3.5376436291208906,66.48078187477209,-1.3600689430922555,2.044667379966419,-1.0323813807705142,0.5695609003367255,4.943318443362758,0.3571163618447665,-3.9165547189499,-71.81732299256512,2.7480428752902806,-6.059287868227761
