,Az,Ae,Kz,Ke,Cz,Ca,Ck,Ce,BAz,BAe,BKz,BKe,BΦZ,BΦE,Gz,Ge,∂Az/∂t (finite diff.),∂Ae/∂t (finite diff.),∂Kz/∂t (finite diff.),∂Ke/∂t (finite diff.),RGz,RKz,RGe,RKe
incipient,743773.5235379038,95330.08740820563,3079676.524568287,210841.28629685196,0.8362830392678278,-0.3982547895945273,-1.7017884913125438,-0.23397460598704264,-3.598540474248341,2.5152097440304657,-11.208219051621342,-1.6269746865469286,151.82212639608971,55.60151621745226,-1.3023167767244992,-0.2533566689675481,-1.2872555684161044,0.7966109735798275,-5.760963396715152,0.4161986739694479,2.7493131555055363,6.312761106950905,-1.5543185868431537,0.5753594751908752
intensification,501826.2928897149,99972.22113644,2471944.37986846,309833.96422713174,1.8414026428120605,0.7533893368165285,-7.079435513306989,2.1241393998929547,-0.3552431487117713,-0.4093491159355206,-17.965581218460922,-1.699257904243591,137.6930529101547,68.26498061348757,0.9196718862829942,0.5893360041927339,-1.456279846832213,0.04241631225620564,-4.11868757985559,1.053340910941241,1.4937552815081467,19.08492650910026,1.8225154912681525,-6.4509760980151105
mature,96404.54114353536,108828.50284273108,1268457.190985209,501644.81371746457,-0.5310917264253984,0.6765789713525276,-7.188053285725163,2.0338794511541787,1.0293665133424548,-2.69834998136824,-14.55822324633734,-3.092949226256362,110.80954288080211,103.28126836653303,0.2102649332076782,0.689422859330943,-0.020407488086140763,-0.8706749143713874,-0.6364012132509929,-2.823245654666929,-0.9042867565014664,21.64096704523691,3.184975546798503,-8.952229165289909
decay,137539.4360795757,47458.604050424095,1725719.6611565305,182938.85323845467,0.30347164738247456,0.11442207275873804,-1.5196836966975567,0.6074371269347687,3.4076007620998254,0.6490219875783336,2.756182566143423,-0.39709823595676524,42.68302930178796,10.804548255404091,0.622318618956016,0.03718486557414035,1.5279236127720557,-0.2558950748274325,4.470859003961284,-1.2458654174505346,-1.461783429186557,2.930888487132943,-0.41190200822973555,-2.975888005126094
