,Az,Ae,Kz,Ke,Cz,Ca,Ck,Ce,BAz,BAe,BKz,BKe,BΦZ,BΦE,Gz,Ge,∂Az/∂t (finite diff.),∂Ae/∂t (finite diff.),∂Kz/∂t (finite diff.),∂Ke/∂t (finite diff.),RGz,RKz,RGe,RKe
incipient,551051.3227450538,161031.03876332243,1919576.1774714508,401502.75994596485,10.59137499259955,-1.1033841073508295,-9.342714675392065,-2.351369564137951,-5.872355703302546,7.297008857337939,4.718545436771291,9.189417818020937,-45.017090523902844,-61.639055714910434,1.8023238510642592,-1.9607999981101933,-0.566650631638753,2.2481639150871158,6.06052061889928,6.793174642623222,14.79369595691251,0.09331486492050504,-6.296830399037947,-9.387588286651827
intensification,414254.4417155109,132300.27545358718,1477060.3728894999,765327.2517893651,7.61337803024083,0.07543342380439648,-23.213367021788038,1.6608895282400769,1.5319980771911683,2.1472553110444275,-8.15638250883808,-4.886528502944804,-35.48315160154188,-80.65195625542852,1.616645018147269,1.4274589275833434,-2.491859701013827,-0.5818663600947259,-6.722377367820812,2.2481526074434184,3.6649536758402284,17.033994132564477,-1.1436655667034719,-17.73957543963989
mature,140062.59126551822,126672.62606618069,1120728.9746138374,1023563.4209987143,0.665195283622424,1.0854776898146452,-10.839976751026915,7.816923387381111,1.3961093817075914,-0.6873946336696685,-20.804324718388575,2.602855762849046,40.74767869499624,33.97311288215158,0.6406977997057031,5.75955993022955,-1.061276717579754,-0.32203092657944954,1.6338526592950822,4.174606699640914,-0.706713125850276,32.612958845088144,7.096809404656686,-17.085149201616158
decay,225863.93379640364,91051.15328479093,1974990.1649108455,568441.8682889065,0.06743561927807416,0.46178265286589315,-0.8624442870299441,1.0685898022042297,4.898088544620166,-0.123254687820388,-17.76027188138236,-3.608862373588751,96.96518835222254,97.06261981026556,-0.2443718129716248,0.5904021080137614,3.422329756173095,0.5179984728824885,13.595649117232108,-6.58904344133646,-0.9465405163031038,32.15092966636634,1.248060310041213,-4.911215156981881
