,Az,Ae,Kz,Ke,Cz,Ca,Ck,Ce,BAz,BAe,BKz,BKe,BΦZ,BΦE,Gz,Ge,∂Az/∂t (finite diff.),∂Ae/∂t (finite diff.),∂Kz/∂t (finite diff.),∂Ke/∂t (finite diff.),RGz,RKz,RGe,RKe
intensification,680401.1885743934,332946.7770109549,3969759.5188202327,325171.8866560113,3.904957423121893,0.4833593970862852,-2.9854429684561867,6.185122236161207,1.2838504331921539,10.01878640531859,-22.253444600531378,-2.4692971958687124,265.29043840886624,190.36043922461607,0.7689723575327758,-4.799667558597938,-3.232973141186459,-5.640306808080534,-5.182194649378128,0.31017193880442256,-0.12850675417043386,16.151735496487543,-9.957330374324203,-6.391096069944259
decay,566718.2778836585,141686.84081091793,3821177.6838348173,258865.77092318307,5.638201359964938,1.4265594310114638,-4.224463543734648,4.437296436292983,6.6319215886384955,-2.2271254949577117,-54.08861813825112,-5.01623369718056,188.1056834548672,118.7231333187794,1.568413303950072,3.334200824618494,3.635189712092307,-2.8486138000953125,3.2133793838529914,-2.4704166258182387,4.068028914430214,55.88825970587382,2.3892487001439195,-6.1159429086653105
