,Az,Ae,Kz,Ke,Cz,Ca,Ck,Ce,BAz,BAe,BKz,BKe,BΦZ,BΦE,Gz,Ge,∂Az/∂t (finite diff.),∂Ae/∂t (finite diff.),∂Kz/∂t (finite diff.),∂Ke/∂t (finite diff.),RGz,RKz,RGe,RKe
intensification,428738.44603812206,168238.03529662362,4125652.798660606,316321.11803798535,-4.980256681482535,0.7895159629147982,0.5911273052956864,7.882850488135414,0.20210453631979086,2.4607776076730663,20.63629068955819,3.0460626358628127,121.94660994090168,163.0740338146055,-0.5246065658029478,1.0225521447652304,-1.9527399741027647,-1.023399985405759,-4.300473456415409,1.329978508224407,-6.345585228990292,-20.54763476978675,3.6091569321417896,-9.007807310478134
decay,430629.1600921425,83350.28970601068,4182200.282222706,268586.78462415596,-9.907980018584691,0.0429980653354846,10.167039578607106,0.5973950335872353,-5.654033608947187,1.2800164049173333,32.229488604778155,3.047405051447801,-97.67523531208576,-57.342593077760704,-0.43364470918713105,1.4847421115135977,3.263367966719534,0.3475563734433635,5.663074035097003,-2.8161322954114754,-0.9475803775824856,-26.825474129703558,-0.37806306322221916,3.706107198160595
