,Az,Ae,Kz,Ke,Cz,Ca,Ck,Ce,BAz,BAe,BKz,BKe,BΦZ,BΦE,Gz,Ge,∂Az/∂t (finite diff.),∂Ae/∂t (finite diff.),∂Kz/∂t (finite diff.),∂Ke/∂t (finite diff.),RGz,RKz,RGe,RKe
intensification,863898.4713652671,328721.87234479014,3107891.677705751,462227.1095215321,2.0517381787697246,3.463970773223573,-5.190722259279065,9.934299766775723,13.532501085546025,-2.065629584231389,-14.963308920699527,14.374562245459787,95.58889780497991,28.783884824658124,-1.8927485013088556,3.0111968218743472,-10.770222886099562,1.818901516635216,-5.755271263223747,1.9800666709832815,-18.78701501965229,12.34702173798512,10.354860094418758,-27.519517600531294
