,Az,Ae,Kz,Ke,Cz,Ca,Ck,Ce,BAz,BAe,BKz,BKe,BΦZ,BΦE,Gz,Ge,∂Az/∂t (finite diff.),∂Ae/∂t (finite diff.),∂Kz/∂t (finite diff.),∂Ke/∂t (finite diff.),RGz,RKz,RGe,RKe
incipient,89205.90568058532,42153.48687832343,441026.4291862645,131826.10045588823,-1.5383523104526071,0.03948088879688046,-0.6006216276346222,1.2950774929712454,0.4156054967799463,0.3696053972728797,-2.1609766644842936,0.17956423717855186,14.111911366403183,16.839804549951463,-0.12557393633075573,0.7016726854778007,1.8973660834931867,0.45028323014719035,1.5042667036078488,0.924100092063712,-0.017110834942486036,5.804217306179371,1.3362744370486759,-1.1511632657207078
intensification,106786.65912683753,58334.52675514163,502238.0269177366,204302.03371224526,-0.6274891466475105,0.28047081619204145,-1.354796328550688,2.900557825978737,1.408316884026529,0.5366556191953125,-3.6862764521344564,0.5998732126479069,22.649263772039166,27.235727195557786,-1.1269723556432791,2.2300915206550145,0.3878011259502915,0.7801970540055704,3.418147457265738,1.7640857365534395,-1.3675340885317062,9.086709384598393,2.863628444596953,-3.091141630623892
mature,147741.59594751248,102108.53517933027,677344.477577266,281836.34022734803,-2.208688936295153,0.6874782285506721,-2.090231004831482,7.164178076797796,3.3328569359923943,0.6918101107625652,-11.863980696655585,1.590851147119535,44.46384832411578,51.445914543488,-1.4348658750177923,5.818451940319813,1.5696604232102591,1.3299699740051238,6.401654091922901,2.421728088684132,-3.2844072205266164,22.56455472970512,7.114859711489682,-8.423532140064681
decay,261818.95584785094,163354.11506393988,1037113.0437357372,348737.9462146673,-0.9307294395334547,1.2481763026403336,-1.6988190299008685,7.691357515712701,7.394385654171328,0.3607405534054436,-25.794252569359774,4.1508146162679775,57.60745147799535,53.88220424715141,-0.8570319914284427,5.686621586390116,6.505722963443711,2.7868951698899287,15.341911397689788,2.0643681581720363,-0.5712158276207389,43.76571243648388,8.869335829556851,-11.476623003709511
