,Az,Ae,Kz,Ke,Cz,Ca,Ck,Ce,BAz,BAe,BKz,BKe,BΦZ,BΦE,Gz,Ge,∂Az/∂t (finite diff.),∂Ae/∂t (finite diff.),∂Kz/∂t (finite diff.),∂Ke/∂t (finite diff.),RGz,RKz,RGe,RKe
incipient,296231.8192823112,203637.97446271367,2442619.674976254,240216.904024751,-0.8286616780761421,-1.1671786975374001,1.9261606084811314,0.7035599439649024,-3.023043924561024,9.694445581287555,49.81677592832756,0.07921050075500968,111.08492947023484,135.9979002519876,-0.44819514979581765,-2.119480148755971,3.19991523062726,1.2549464056768584,13.893646077043584,0.14960093985216885,4.227118779574741,-37.02062878168897,-6.568760534108395,1.2929911036133879
intensification,187795.1308329843,275665.9804797271,2622728.23089629,333457.7203773669,-0.49678359783790843,-0.4695992087867834,-2.9068566750004003,2.2044563708865264,-0.9623375752268915,7.425253076960891,15.90791221264394,-0.47288631389618346,176.7672479452277,159.38034044685088,-0.3738561055010329,0.28875821586638223,-1.8943410943395815,-0.30083143752121433,-4.131446268871789,1.8675121303349154,-1.8983863257373816,-16.635718208677417,-5.052028934808794,-2.7709146016558277
mature,107550.31983434658,145077.78123257114,1960239.094637056,389145.4013467376,1.4534299862101328,-0.01316421601580583,-4.16379036761907,1.9085144265906215,2.41236241281602,-3.4935847124510553,-12.04424316004223,0.30181146699579126,103.99541892118862,86.3754179930253,0.16134753157212522,1.7154879803336012,0.7189392373943996,-3.225483092582838,-9.813533110723458,-2.926385889774194,-0.2531574052272931,4.9410704307277085,2.1897802624746454,-9.300502150979677
decay,249507.20585149905,51945.95675479221,1727941.2311417835,147531.22219508543,2.729012451576192,0.08926337144651666,-1.9641532446481365,0.14112072695389383,4.165637067758145,-0.3799883035764366,-4.861163403613706,-1.560489573546432,-13.819921110000902,-35.54650404924142,-1.0277000309380315,0.351436181421444,1.551339473178323,-0.2997162516700436,3.94799565637404,-1.7056797605338185,0.2039782284428873,8.044299853059693,0.1321294074137703,-2.2504641585894176
