,Az,Ae,Kz,Ke,Cz,Ca,Ck,Ce,BAz,BAe,BKz,BKe,BΦZ,BΦE,Gz,Ge,∂Az/∂t (finite diff.),∂Ae/∂t (finite diff.),∂Kz/∂t (finite diff.),∂Ke/∂t (finite diff.),RGz,RKz,RGe,RKe
intensification,1264704.2300159016,128648.82469086112,4419809.8946178155,166455.7048473079,-2.972055634926844,-0.2224257501700847,4.640154666628714,3.219937755260171,1.7119745541697178,2.5071201102705283,16.028460840864962,3.2556936282525815,147.21084551213684,190.46464016985598,-1.7203777627240016,0.38620322248216027,4.979166815321211,-3.269567721689502,17.100096885273945,-2.5417283425536623,0.07271087605456443,-0.5964629872928894,-2.334324326529774,-4.377205059437702
decay,1208718.9207950826,37145.50972608585,4517206.170456784,100080.08017185048,-0.46467215384793176,-0.11180066721195611,2.1978814349888056,0.9933639985028726,3.1065332526591485,0.6781178281873348,57.23864058071015,3.7517690354917903,-1.0444582827697104,23.997477306510547,-0.4068257281173646,0.6727147167631069,-8.291902693467943,-0.8977065853716686,-7.633665827433589,-0.5751039612818021,-11.97490876718698,-66.6055156892846,-0.4706597478441745,-3.1223555602876596
