,Az,Ae,Kz,Ke,Cz,Ca,Ck,Ce,BAz,BAe,BKz,BKe,BΦZ,BΦE,Gz,Ge,∂Az/∂t (finite diff.),∂Ae/∂t (finite diff.),∂Kz/∂t (finite diff.),∂Ke/∂t (finite diff.),RGz,RKz,RGe,RKe
intensification,398908.25562849717,240255.27368319378,2306027.748711741,206548.41882564168,-2.7112234995743583,-0.23024236066914522,0.54756056874224,2.0043224421991925,-5.4922100985025955,11.031307121323735,44.14963858573752,-6.464054680637427,166.22015688410448,185.9516052000372,1.040168652881853,-3.985223234254751,-2.430739850882623,-1.1824343223935359,-14.276159846383294,-0.40341595567537925,0.12000438737646865,-56.2621355012887,-9.979176640848934,4.603876851505096
mature,284148.37489504577,198235.51107181906,1800896.9811131447,172698.1563354851,-1.8170194551016312,0.13286872000849545,-0.0869271705497778,4.690510015288835,-2.1282276181111337,0.4236825649867013,28.028393500962423,-3.8198971724889006,118.61398413616965,127.98787759417783,-1.1304644290197599,2.004471344922526,-1.6998367567415562,-2.342453217587882,-21.11540457679175,-1.8689662468467347,-1.2557598737235582,-47.239851452102755,1.7915055127057562,-2.826506260196447
decay,367803.2889406855,96614.70453010613,1220493.5127990346,167049.8909969001,0.23106784969016422,-0.06107528882463106,-0.6515472354052476,1.4286878400029925,3.4757335783625143,-1.283185334972433,13.016284954826396,0.6272393115637699,20.680298515389097,9.174426004374396,-0.3136339968013281,1.1249878137741136,2.0290108230445223,-0.8918867222562122,-6.3822380428605845,0.6857127139589454,-1.2767301944524594,-18.9780436119719,1.8810617415438446,-2.021761673013065
