,Az,Ae,Kz,Ke,Cz,Ca,Ck,Ce,BAz,BAe,BKz,BKe,BΦZ,BΦE,Gz,Ge,∂Az/∂t (finite diff.),∂Ae/∂t (finite diff.),∂Kz/∂t (finite diff.),∂Ke/∂t (finite diff.),RGz,RKz,RGe,RKe
intensification,189695.3359864726,371090.61095424835,2917754.519246589,619461.393288354,0.12101725008201239,1.1812737792110855,-4.35991178149293,5.251213352037355,3.9088195520509017,1.6309414226517773,-40.00706408808759,19.666415899510348,273.8418589401111,306.7447137182242,0.4829153688995227,-0.7198454493449329,-0.3239545030187943,-1.8788256556818541,-13.976132470885517,9.997179784993659,-2.930483025776598,30.26982614861299,0.5601724944926382,-19.280361248046972
decay,195357.78994468346,445251.8423767542,2108089.9089675862,1065414.7938566625,1.474620420098416,-1.7923919592274917,17.88967914091178,11.344871566542409,5.007586601536789,11.904668755762671,-79.52084857659896,41.58193856238353,114.13269850615099,140.54427920872197,0.40066788643521,8.133439741657858,1.3487491785109658,4.415139226394903,-25.991839072716346,1.4082032446996908,-3.9766089621548986,34.16470994287242,5.647733996402131,-33.628927743314456
