,Az,Ae,Kz,Ke,Cz,Ca,Ck,Ce,BAz,BAe,BKz,BKe,BΦZ,BΦE,Gz,Ge,∂Az/∂t (finite diff.),∂Ae/∂t (finite diff.),∂Kz/∂t (finite diff.),∂Ke/∂t (finite diff.),RGz,RKz,RGe,RKe
decay,180054.55107436795,33293.32157141588,449950.9953631015,87930.20055072471,2.0090562612168235,-0.1191938422400805,-0.3965932432492836,0.1653286865913171,-0.08413834860801506,0.2584468205398143,-1.1360227403637186,0.3940474612876277,-3.103857534278161,-8.166198933855341,1.2735788601647584,-0.39963890421194276,-0.42525807168048435,-0.22305159955773463,1.7922340433329484,0.093983119826534,1.548742695904274,1.3157937657291272,-0.19697589126615137,-0.8619862713016946
intensification,174571.59954652132,39546.37999321365,337341.096749325,93502.3151382204,1.8840838753128082,-0.12174276886795847,-0.6474992027283919,-0.12734084214857583,-0.456673195876803,0.34607014749052606,-0.7090138140733229,-0.1633169049151198,-8.52636903527787,-13.716760273723299,2.192515617800898,0.10494115073215189,0.022345115095731272,0.44857299384485305,-1.2662872720814593,0.15485718578048532,2.241359417417384,-1.793858130592552,0.09690477307370961,-0.20198426988421098
mature,156265.81921105873,57015.72176951653,420264.79889239813,94323.56753725192,2.6510690768910092,0.042252166364874805,-1.077134859909479,0.48495177425671465,-0.22723462789432394,0.24053829603876306,-0.5385488016696411,-0.8562129902556173,-8.918965481826522,-16.316713293955342,1.5055390152863515,0.5453064850822611,-1.312686667289945,0.013740101043194591,3.658137845351918,-0.1642702437500685,1.6078692038602624,2.6227524300400296,0.2159014128962713,-0.8701438876606449
decay 2,132621.81270313,51874.82169120489,379707.70723688026,81752.71279004194,2.597849215915603,0.06468055931468736,-0.5576130684472722,0.017660144106655506,0.3980543480628304,-0.16544480907750433,-0.7699142986808264,-0.5103996864321274,-8.319812118969443,-13.392731899837042,2.111699297777947,0.1953285545709606,-0.4874022860596255,-0.12624406210923875,-0.20690152429788242,-0.30350947075197526,1.7770731411078344,-1.4772233730853865,-0.007819668239766209,-0.3683829968737757
