,Az,Ae,Kz,Ke,Cz,Ca,Ck,Ce,BAz,BAe,BKz,BKe,BΦZ,BΦE,Gz,Ge,∂Az/∂t (finite diff.),∂Ae/∂t (finite diff.),∂Kz/∂t (finite diff.),∂Ke/∂t (finite diff.),RGz,RKz,RGe,RKe
incipient,326079.35701815464,308422.24931339687,2242100.4731873055,493095.2095690469,-7.2779671203304845,3.407689659357018,-1.2888475531135362,11.535434940561997,10.699329139054475,2.734464409230623,-44.816358359577045,8.99067090117713,181.34086863707114,163.66182164918413,-1.978428968133607,-0.8101674969202551,3.540001633405435,0.8838303325187816,26.337399653850316,0.7739234742454285,-11.029604966622506,79.72057268687138,6.277111204493136,-21.041029920607233
intensification,481003.7368050133,239018.94121031396,3424727.2563760146,448115.4831803669,-3.586905557133915,2.39034105952362,-5.937840786864834,8.883985502138446,10.097537051358618,3.7954668092791684,-13.241192357873626,4.267547503554202,143.08960989939533,72.78657047858451,-1.5428667868390822,2.2910903142104715,-0.8364822312768814,-0.7684843407898431,-3.598112524879178,-0.9632187913452888,-12.130583780245797,19.16782617699319,1.9296932925458143,-20.05259258390277
mature,222227.34692077836,62939.6864327684,1487156.2715850254,240269.9922167588,5.761505904511826,0.45927756442619955,-5.481957963604776,-0.9256126397829367,4.0722775151718364,-3.0833722149341183,6.6614207863034895,-3.321674009051827,30.281110024287962,3.195518363004217,1.4504760093714046,0.04352481641903403,-0.14068700051800373,-1.4274334413719398,-13.220951074081844,-0.6738315656291528,2.007818953248185,-20.161919801292385,0.27104856935304206,-1.908502880399165
decay,117498.86019576939,58126.755699961395,1233015.173518496,242097.31544739148,0.3252267419468068,0.09035869953512382,3.1125141439472532,0.2601876614114482,0.056055515143373556,-0.042515500061177686,2.2444843089509785,0.385563713562895,-56.80735490751954,-107.55549665789722,0.058525616185591205,0.2067333977332964,-0.9160852818523885,0.031435022153007974,4.892714759610878,-1.4346932145288007,-0.5565553555138313,-0.7895104352341602,0.24377948409051017,1.0320695544441092
