,Az,Ae,Kz,Ke,Cz,Ca,Ck,Ce,BAz,BAe,BKz,BKe,BΦZ,BΦE,Gz,Ge,∂Az/∂t (finite diff.),∂Ae/∂t (finite diff.),∂Kz/∂t (finite diff.),∂Ke/∂t (finite diff.),RGz,RKz,RGe,RKe
intensification,1045183.9959535073,250860.42286107023,5161832.071279728,452655.6520885923,9.979609488567183,1.1498377372845259,-4.949438692140698,2.704574803492838,16.209089064423967,-5.721737582786621,-3.733559547164815,4.298084337831221,96.37411017703442,-158.0679339025751,1.0603909864527845,0.8049451662839783,-5.437606536353254,0.7645650979415408,-19.81445902739131,1.82972563008804,-10.517248374925513,-21.111070276652978,8.041039746936475,-10.122372203376719
