,Az,Ae,Kz,Ke,Cz,Ca,Ck,Ce,BAz,BAe,BKz,BKe,BΦZ,BΦE,Gz,Ge,∂Az/∂t (finite diff.),∂Ae/∂t (finite diff.),∂Kz/∂t (finite diff.),∂Ke/∂t (finite diff.),RGz,RKz,RGe,RKe
intensification,312456.45808364404,171521.22998068426,2862000.006331749,246119.72100427182,-3.5544780644059677,0.9242305756766267,-0.2891889456357704,3.6215383437771895,4.344216675924771,1.199873548924783,-4.929583582865324,3.99336893033066,120.3528741294288,170.38367287342683,-1.329481684846731,0.6856446639478441,1.350965608898665,1.4339494203157692,7.320137025761655,2.1607822460351565,-5.623498555755445,16.09338761866872,2.9313836394915493,-5.743313973708463
