,Az,Ae,Kz,Ke,Cz,Ca,Ck,Ce,BAz,BAe,BKz,BKe,BΦZ,BΦE,Gz,Ge,∂Az/∂t (finite diff.),∂Ae/∂t (finite diff.),∂Kz/∂t (finite diff.),∂Ke/∂t (finite diff.),RGz,RKz,RGe,RKe
incipient,128468.07817330681,70029.2728590095,577916.0049541119,100096.20667554182,1.5068316025604798,0.09566710998559269,-0.7173136515378383,0.266099234154831,2.10709909497089,-0.23755691121847056,1.8443085035869118,-0.14885166820339357,-2.1136318498044226,-4.262534801102763,-0.2312324694966478,-0.3716072679770863,-0.3987490590409437,-0.34570055168917374,4.281345339006614,1.1424019965792163,-0.9033494414657616,1.647518884397061,0.0622884836985352,0.3078407790899406
intensification,383822.04755382036,91936.59086947115,1777938.0763566715,252632.10128337945,2.9773439668846224,0.7860397606603589,-5.299293132730191,3.0756978585102446,3.7985151849075676,-0.8981689553990705,-25.287708349744367,-1.5758884754241806,30.217470066315148,4.960820749074533,0.5662855324035323,2.5092413169933745,1.9926756221612811,-0.09058429321369767,10.157351144369807,0.26428478844591974,1.957544164798697,37.767008659959735,3.097242760035258,-6.534817727370335
mature,648438.6491723418,47940.440103707915,2818988.1006238037,205824.7130251908,3.5028282596787506,-0.025588807628526132,-6.4631607010602865,0.7322440492282724,2.7589987120090047,-1.159035649486987,5.766405310138799,-2.680308808328541,-47.612226701235265,-92.31571757518385,0.8761079994815958,1.398045732809974,0.9568277982210274,0.1415133863284995,-9.864397448769774,0.9839292317475705,1.6750685382622468,-12.670470317527037,2.0583818926722848,-3.5311667102124473
decay,600239.1165957366,70297.18721140378,1726651.9294277388,244981.23132467698,6.32625143043947,-0.04133544499663526,-6.779726594215646,-0.9842651259685663,6.059781459448938,-1.5113208263852869,8.682784641118939,-5.516508083043939,-65.60524086434967,-97.34444705442203,-1.4200735719077908,0.6653824413870655,-2.3725277784019108,0.2967550451380667,-13.479486395002457,0.11536283293126784,-2.1473932524080133,-21.708795872345217,0.8651461905514225,-0.16359055227187252
