,Az,Ae,Kz,Ke,Cz,Ca,Ck,Ce,BAz,BAe,BKz,BKe,BΦZ,BΦE,Gz,Ge,∂Az/∂t (finite diff.),∂Ae/∂t (finite diff.),∂Kz/∂t (finite diff.),∂Ke/∂t (finite diff.),RGz,RKz,RGe,RKe
decay,361650.00940896996,114398.39967284123,3506135.0498024602,184706.77162128288,-6.881169883640978,0.31829383844658454,0.4677967051161493,2.489471004880627,2.5981949893607155,0.1627027329324409,22.001833088983386,1.9759045900946424,218.25772557893018,236.1141243347023,-1.7795604570810588,-0.4850587181297177,-0.5235381476866933,-1.1754449909143927,-1.9501316874952237,-1.0273361042380564,-9.684609182241802,-17.53859159795378,0.8330294425872092,-5.024914994097176
residual,209529.25686977827,62943.44447092078,3054000.142172116,167852.54834405545,-0.60556068460388,-0.1287017491634698,-0.2591186197058004,1.6983183239428512,4.197726753075001,1.3040475462201089,43.3818975145016,3.033650713379243,149.36761009568892,149.61072468361186,0.3511676120176062,4.493558042699092,-2.001264393272949,-1.0692520475929437,-3.3624239620919494,0.6787620595655068,-6.9332535801153,-45.879642172283866,-0.5462795207067315,-4.312325597462388
