,Az,Ae,Kz,Ke,Cz,Ca,Ck,Ce,BAz,BAe,BKz,BKe,BΦZ,BΦE,Gz,Ge,∂Az/∂t (finite diff.),∂Ae/∂t (finite diff.),∂Kz/∂t (finite diff.),∂Ke/∂t (finite diff.),RGz,RKz,RGe,RKe
incipient,519942.1879805124,158941.34438984745,2166816.634619535,213596.80236638876,0.5723929732667821,0.186390500454904,0.0260051336471388,0.8104113302620922,-4.686837083799822,6.684130235956324,28.91129889117208,-8.938245645632694,134.8005075771015,162.03132432347903,0.2821626381716033,-6.922712062930684,-4.4654011427934215,0.7181620820594091,1.4212296033025011,-1.594269722358712,0.9802194147280864,-28.0884673947835,-5.341947324089727,6.559569726659029
intensification,361087.14902750176,111778.95531800778,1858541.2812340588,210062.8693026994,-1.2404775307748483,0.17272363217535183,0.76573784883054,4.171737661010107,-2.7912882204301703,4.600087030009248,23.341481476996226,-4.896935271790963,60.95651812686271,88.57130522095316,-1.170146505799201,1.7847772853920678,-2.4287870220414214,-1.1009656316668195,-7.2148614372308355,-0.08128870952164655,-0.7052527002107476,-30.081603232282756,-1.7020386328413122,1.4096467500897485
mature,328672.9400618517,65465.30677335311,1665423.9831914369,166416.40810072064,2.799709876857896,-0.05730485788416114,-0.40155943718404186,1.8254371817388042,2.407643496826752,-0.16375064959106014,-1.6321763708143653,-1.362182343111119,7.4124764281334095,23.77272946852719,0.3983253347095408,1.2574613005644382,0.48157303602400475,-0.9456475492289625,0.8106828007046468,-1.8761359329305225,0.8163345581709871,0.04470873184515748,1.100845139985063,-2.7409502087422495
decay,301353.26964508794,37875.54578045113,1556733.2520371901,91703.68988543082,3.3372400463125875,-0.0526225467751213,-0.31401078201207794,-0.07528159161465989,2.070374364395171,-0.15618338327429765,-13.99247236584726,0.666102624930019,-35.50656715746892,-6.860336734537289,0.3873363899117373,0.1316185830260807,-0.09289742065885777,-0.01480394109166083,-1.0647433659983458,-0.3035643135275808,1.1213457144834373,9.904499735548402,0.11872039734309826,-1.2083961288550178
