,Az,Ae,Kz,Ke,Cz,Ca,Ck,Ce,BAz,BAe,BKz,BKe,BΦZ,BΦE,Gz,Ge,∂Az/∂t (finite diff.),∂Ae/∂t (finite diff.),∂Kz/∂t (finite diff.),∂Ke/∂t (finite diff.),RGz,RKz,RGe,RKe
intensification,910288.9877671689,299886.7091021009,3378640.657661735,500714.77992124745,15.250938150558586,5.75343144317462,-10.377526031388907,12.099440138410529,40.14712436189897,-3.941676273597779,-84.4553156236182,5.908865463949331,133.07733889963396,91.81784231916603,3.2720743782935453,4.219810040869014,-14.35552067038363,1.1351607799208587,-8.06513725715103,-0.6405671972207442,-33.49827543854939,71.5167662472975,11.422845748754545,-29.02639883096951
decay,578228.9764128547,403951.60997418995,3746487.9074666104,492760.02302158624,10.82015095954586,4.0520520027438325,-0.019482509754281323,12.600969033570953,23.734499029928138,-0.3978820563041854,-66.7330823802822,3.814382060985207,243.1573859889391,195.80939088841882,3.0003265655797775,6.1373238752690735,-2.8017430192034096,0.45914302424145204,9.61914001754137,2.1295116585576888,-11.664039086841854,65.55155394803198,9.405942111372761,-14.305321945752755
