,Az,Ae,Kz,Ke,Cz,Ca,Ck,Ce,BAz,BAe,BKz,BKe,BΦZ,BΦE,Gz,Ge,∂Az/∂t (finite diff.),∂Ae/∂t (finite diff.),∂Kz/∂t (finite diff.),∂Ke/∂t (finite diff.),RGz,RKz,RGe,RKe
incipient,747477.9069012633,87304.42169502517,2380230.322429375,149677.71284513362,3.641679878276856,0.4476131608168155,-2.08686912014942,2.2839026731410987,10.157962511540529,2.014190456387741,11.750610015266416,2.413263881159251,-75.07528652342081,-81.24182310622989,0.3369313752659285,-3.611013392013852,4.242823893999373,0.5204397994457044,-5.677411294715539,2.014850445392022,-1.825845578447483,-18.982832068109392,0.3425388553822461,-4.769185229057747
intensification,316153.6370224514,143434.33048591128,1790794.3883750348,261250.31393111704,0.2915244858905173,0.915450903291512,-2.079088970915472,4.7452896921466685,2.246716112496277,1.036725695813109,-6.630565610263606,2.7869812593932672,88.79549421114046,81.44334690630046,0.28897370285938473,2.3517353797459966,-2.2295852732688126,-0.23604726096885123,-7.144678381586679,-0.03747555663703913,-3.2693259965830603,1.2734517137018815,2.557065832073198,-9.648835479092451
mature,61522.575013101676,26801.536466540998,377321.83581299474,148183.72452182768,0.3830547294240785,0.11383640155032826,0.49010294739619803,0.519702957022172,-0.5346174580624942,-0.053011792981368176,0.39367148317999917,0.39616711248311426,-11.990236153466048,-36.185895904152474,-0.039791966413559574,0.16339460141339707,-1.295461982433895,0.03193146563618039,2.74374896672334,-0.4195273288629883,-0.26395339339699425,1.4769198067230638,0.4908098140893922,-0.8452944509720767
decay,36045.02869456305,20737.400522226442,513353.81451603293,173512.55422619887,0.30877990539923794,0.06262473154083799,-1.7914254093598738,0.2260347858990936,0.3313443768552043,-0.05916855494179006,-1.3738926749976088,-0.8963518338761362,3.392371959617107,-8.44025825258436,0.07060962702614676,0.20106309931193908,0.12324710413426919,0.09737377070128084,1.767775899969428,1.2420634759402982,0.16330736421914077,4.624314078927672,0.31995238000132653,0.12095511455746712
