,Az,Ae,Kz,Ke,Cz,Ca,Ck,Ce,BAz,BAe,BKz,BKe,BΦZ,BΦE,Gz,Ge,∂Az/∂t (finite diff.),∂Ae/∂t (finite diff.),∂Kz/∂t (finite diff.),∂Ke/∂t (finite diff.),RGz,RKz,RGe,RKe
intensification,649306.015161619,166223.86827707803,2910983.839691656,415646.15226334316,4.3622575012756,0.8625423595353159,-6.1848577051913685,12.30626369431043,3.0455473648171076,6.6790948392189256,-55.37133874507544,-16.591698250730207,112.51971997151257,143.15795850414088,1.5742510686909028,7.796174358203664,6.715017237578631,0.28052310957505866,12.000696040145286,0.5354753775980844,8.894269733572438,69.1946349891365,5.045149605131248,-1.3639477711735037
mature,1469710.0317076258,136274.6677309873,4501660.749481816,300577.6105503556,7.35589586628241,1.8267647576899175,-8.955837353481517,6.548882083325183,25.229559946163747,3.40736228602453,-91.370132092557,-10.186045866426783,134.4992664776381,78.646696577993,-7.367149038075159,2.757923542269444,10.767826901054322,-1.3486925814332358,38.96953710938803,-3.972288366171929,-5.279072421137093,131.93961068914413,-0.033937541822499626,-9.290961936551845
decay,1521351.1733995073,298333.27746585634,6840758.352009038,369226.57858649356,14.604970949668308,3.5473796206765758,-2.723374373798721,6.598760985885121,24.017754933401978,6.214504662596834,-54.52948216259055,-1.6734205262073447,302.5800940450578,220.04869945717155,6.897223000912374,-0.3001888193228142,-1.6916505715028924,1.5664979907312775,25.321037726209127,1.463877123653461,-7.5570549345599884,67.96892331293007,-1.596625306657012,-6.184837709823036
residual,1183269.3429289914,139243.13911984622,8340572.843173708,318990.12891635,-13.124620388467346,-0.24713600195360683,8.025002368107222,4.749219194990392,-18.41786167453174,9.280740807805037,80.28739959042326,-2.601100218696273,41.87715520688455,-15.522177231813426,-0.19362220849479536,0.785897574631739,-3.1861582740924526,-1.2596028713738594,-8.43053450526349,-1.054029046642563,1.8599470100183317,-83.61831607532662,-5.543988482234897,4.8228543451705415
