,Az,Ae,Kz,Ke,Cz,Ca,Ck,Ce,BAz,BAe,BKz,BKe,BΦZ,BΦE,Gz,Ge,∂Az/∂t (finite diff.),∂Ae/∂t (finite diff.),∂Kz/∂t (finite diff.),∂Ke/∂t (finite diff.),RGz,RKz,RGe,RKe
decay,411343.5702133208,72415.47170235038,2247046.4661711263,228287.80509301712,2.5976052848926905,-0.5604636654297845,3.236674005912822,2.8316952601786434,-1.239552634135508,2.198258679387431,-27.0214378198741,-0.05094046819650179,77.9607372763428,99.60256811514795,2.5077760830871756,2.2256806951157078,-2.578654489718034,-1.2949434150104127,-6.7517961988723645,-1.4170928315998257,0.6980397638803805,14.435362330196229,-0.10104316878941537,-0.9611736176691456
intensification,864085.9683025462,112505.17701219294,4825654.324327584,246578.37962571887,0.13799828238012632,0.44116540190615555,-2.9877324793592757,1.5995940795308212,1.5477579993798343,-1.637485974675406,32.463750431546494,1.2555219148649035,-79.98221170631479,-70.56503412843274,0.34025886555703827,1.4781212894437976,0.822687531508906,0.49625274963429644,10.287114668177772,1.2044584362962771,-0.14590678358464584,-19.32690156638957,3.292167401934368,-4.638390037458723
mature,372166.74760064547,116066.91861138729,4058031.598363648,406598.77359780495,3.0437748733998014,1.0546563511205491,-21.308673025414834,3.9348414941842704,1.3655851444106415,-0.5417343211288745,20.96953504090651,-7.457786487327771,301.49591365129993,233.69544699376783,-0.330917766663045,1.5189265307040165,-3.442531313238937,-0.6695489533209515,-9.014533481063967,-0.44064087250624373,-0.7096852331292275,-11.719170369955448,2.7523705108716436,-18.226368904777573
decay 2,319650.2048327178,63805.77610021039,2958178.896343234,215549.37799232863,-1.6358418114963653,0.6382208445167558,-5.146732088285163,1.1863674051355466,-2.633905726606999,-1.029129534057999,-34.971987694707785,-3.9183814888113284,116.62401446073841,64.60284999600152,-0.1292347724250379,0.015473359318961363,1.3280371000577356,-0.04381297219171516,-1.3192855726727606,-0.6656346981488813,2.964321859685124,40.435276021816556,1.5334631224850748,-3.0803527027582644
