,Az,Ae,Kz,Ke,Cz,Ca,Ck,Ce,BAz,BAe,BKz,BKe,BΦZ,BΦE,Gz,Ge,∂Az/∂t (finite diff.),∂Ae/∂t (finite diff.),∂Kz/∂t (finite diff.),∂Ke/∂t (finite diff.),RGz,RKz,RGe,RKe
incipient,1191120.171829422,64193.7734304825,3041907.2791818,97139.79452942795,3.129664068042942,0.36941668586199683,-2.5844142654970783,1.8683812062405463,3.8819991203349744,0.3470583347018923,-24.819413052406333,-0.8540916989385252,18.419317721169843,-15.432631859782944,1.0464526299726231,-0.6175624759538075,-1.6236319450835435,-0.19382714623762498,-1.3489398955117533,0.19941466837730465,-2.006550311513579,22.925223354348716,0.9580790394390324,-3.3992891044217948
intensification,858548.0081290442,232275.49721409657,3750167.296172951,450478.6868323045,-4.045121510349893,3.117744992611104,-5.548365632505403,7.001787168196089,5.880490347101258,1.0316392055147263,-16.020347958007825,9.786313787048996,63.10755398812663,54.08769593995439,-1.1940438923655812,2.0345365755155767,-3.4933231897347032,2.243331837902733,8.42721836151308,4.152618862555028,-10.301190054574748,34.041053462376205,5.095734807972992,-18.183847725195466
mature,479180.5063410328,299350.478426084,4306461.910537932,703879.5695123723,-4.656001171590749,3.0192854530889615,-22.078369520463635,5.121310012165077,-0.11467373708264245,-6.180052933874891,-47.81098916986345,-11.410702145922315,323.4171704121456,255.81901717651687,-0.8321389951626048,1.4106806260266749,0.93333612815341,-3.5540654339307673,-8.697043441215056,-3.541412126563318,-0.5887058532657354,65.84831642070279,4.728012059020241,-19.330389513269715
decay,623128.9584492608,92035.83089059353,3011046.2146745813,175123.28935825996,5.1593265393287835,0.7596202196383354,-5.773658723394327,0.9721998413386981,5.669803344969632,-0.6147423598247173,-36.906146876337544,-2.714590528722829,251.31090024709601,204.2996664329529,0.2637713036768308,-0.5826820105996238,0.2350749226855641,-0.3398368615916003,-5.893290349990565,-1.3665352572016294,0.48421833668305164,31.627188710412515,0.48748511993347987,-5.397803293211824
