,Az,Ae,Kz,Ke,Cz,Ca,Ck,Ce,BAz,BAe,BKz,BKe,BΦZ,BΦE,Gz,Ge,∂Az/∂t (finite diff.),∂Ae/∂t (finite diff.),∂Kz/∂t (finite diff.),∂Ke/∂t (finite diff.),RGz,RKz,RGe,RKe
incipient,775031.0342205323,489286.8677179465,3136185.154946437,370926.00143353344,-0.1199446494508293,0.5556418881179344,-4.856545738258916,8.556258790223804,7.506919202954894,14.293130634644491,13.415100592390068,1.5094583140335853,50.425866872194696,-31.594262383151953,-5.24353726627601,-4.810306952648012,-6.842105586675305,-18.3091175463852,-0.68484796684369,4.605940044129502,-13.913327550963094,-9.123458171524014,-24.60163127892382,-10.316322798386803
intensification,365464.2617228291,346816.8777457471,2799143.0660468224,790810.268336995,2.3044542075966152,1.0055833144098887,-5.467055949816742,9.032325502631247,2.489798446442177,4.25403490118746,2.162808281852716,7.656877477813269,85.93726679716475,33.157062783353474,0.020358261597798532,1.953772219373751,-3.978872658926307,-1.8787680047489594,-5.331749258619149,4.455506628013343,-3.1586335833619823,-4.33195579825174,1.893939282284939,-17.70075230224791
mature,196607.14973881165,92021.89695732303,2382800.5927302972,849812.2547739869,-4.776466546406457,0.27282251964124365,13.611688700018187,3.277938323964046,-1.8592214138510166,0.6409468873061414,10.586361093363985,1.9356117739319092,33.26881478869862,31.838798719169137,-1.6156022756975446,1.1214187428056468,-0.9590158152395255,-1.5540168826216243,-12.92641661457604,-7.037202563511795,-3.6034384281537224,-32.347999861551756,0.8101520343950366,1.3609360386104388
decay,200852.19347736734,77446.55253367384,1935148.4045471612,589903.6861598089,-6.715246896315734,0.10762129906512187,12.238375234570016,1.0205020545091408,-4.521590835483972,1.3262173027743398,10.970550723805738,4.984214220091175,43.5647228005801,91.56762676435743,-0.6757200614722555,0.5462554790298965,1.2022865793703856,0.12343074965471228,-1.7168566791475246,-1.7246251450908001,-0.8837481823962542,-18.210535741207543,-0.2899057976756083,4.509033814878902
