,Az,Ae,Kz,Ke,Cz,Ca,Ck,Ce,BAz,BAe,BKz,BKe,BΦZ,BΦE,Gz,Ge,∂Az/∂t (finite diff.),∂Ae/∂t (finite diff.),∂Kz/∂t (finite diff.),∂Ke/∂t (finite diff.),RGz,RKz,RGe,RKe
incipient,948051.1233440479,66474.42039358304,3595692.663557477,147318.78724565747,-5.039657172835109,0.2259406085176257,0.7334671200623943,0.6300996440470131,-4.032583679315702,1.9377027335332544,-4.790213466849011,5.08820489258061,-73.70860099982876,-119.91220712983124,-6.704050528431342,-2.6760493029902266,0.9360275460763013,-0.16426475932820345,18.04650546762508,2.2979669045131477,0.15489466107452055,27.142908987246805,-1.6978084573320702,-2.6868705120520815
intensification,690498.5310822289,66366.28416041144,3618618.4763492565,242898.5255670581,-4.4994488956404135,0.5234832254356767,0.5485705057801692,1.6409402338187014,-2.564486856894224,1.2078443821929654,24.401857154188637,3.5029813566447165,-85.80013221149568,-70.87014813634192,-2.4483867371768513,-0.3686923181736054,-5.052807429081018,0.29819153305221624,-6.982413414469266,2.3321518957822227,-6.46428624239153,-27.433392178797657,0.2078041592422753,-2.2631991889010257
mature,522479.9973164689,108526.68413014052,3170003.30405262,365553.03151859646,-6.323394873785405,1.5240471356860206,4.89049853186053,3.9960395531698363,-2.324038392670645,-0.10416500701395011,51.41373567797398,4.77830899795281,-95.15898708049244,-60.64514864322149,-2.5743090379749685,0.8508395175031488,-5.1116092667672355,2.1204934573018726,-13.741963963653479,1.4955447599920688,-7.586918612195975,-63.72280329970259,4.696650881799638,-2.3883052592700476
decay,395926.626893793,162066.8328316646,2799203.343098776,356582.56727027067,-5.518671456758462,1.7564360891071376,8.896116836239486,3.6717652421561864,-3.23714905270009,-1.4628622874042827,46.512897393719385,6.250970556860955,-66.16511373505816,-23.27431070559846,-1.43302476906104,0.33858088478741705,-4.841097778588944,2.651044535547194,-10.27480080750745,-2.966424915160565,-5.366184093540179,-60.16514358070786,6.029235976000525,-3.993043877938221
residual,292671.85323027684,221110.2450666298,2623995.800360331,269878.7594163929,-5.231745807740378,1.8534518584391244,6.71843966470386,2.249216675365433,-1.186746354715612,-3.6299924246584943,42.7335892890439,4.242772150300049,-9.759085108675963,22.82579999586979,-0.7994488773507429,1.0726233186417495,-5.738269815075396,3.3370391105766806,-15.854409659803196,-3.99866663877303,-7.929817409661038,-60.07469280581058,7.362796352161483,-3.7722157997346515
