,Az,Ae,Kz,Ke,Cz,Ca,Ck,Ce,BAz,BAe,BKz,BKe,BΦZ,BΦE,Gz,Ge,∂Az/∂t (finite diff.),∂Ae/∂t (finite diff.),∂Kz/∂t (finite diff.),∂Ke/∂t (finite diff.),RGz,RKz,RGe,RKe
intensification,283027.85463399015,191357.08801661019,2279603.1628110125,610750.7711991952,-6.85608029629879,1.0479901245002783,-1.9876379472762733,17.09586153444113,-0.2555440296900857,6.915786120005328,-41.96624590351838,-5.0126043591607115,157.95329793549308,157.95470924909554,-3.2746445584079913,11.34868160552336,1.2923753652029073,0.8267891846413266,20.105694793004446,1.238264452815143,-4.260170776905521,70.91565894009788,9.958874474576854,-12.832630669741553
mature,478108.5815119008,242559.98893860757,5163371.401781831,356940.79692450544,-8.108121389566616,0.41517559025383816,-2.0974170737021502,7.303071312577978,-10.826822843273595,13.689467121678712,21.930136033758657,-6.893639932932467,433.5929657216198,414.0987138654267,-3.4987633742083926,3.3024553939680126,-2.234517320262584,-0.5277094619874239,-9.618124895132992,-5.567582494829137,0.8993597236982334,-21.342722465622884,-7.329280861341997,-8.074430948176797
decay,209923.4190722417,42626.7066004985,1442211.1257744052,112094.50502906938,-1.610786249576502,0.04978082666436676,1.1636833621658726,0.3316503343107688,-2.1528598224660094,-0.03811376167226084,8.98690519595239,0.8445146932304773,26.151052346070824,15.318538982262828,-0.1040966442684885,-0.050963196860401454,-0.13686951638116127,-0.5214393295731409,-6.828868676327573,-0.14518899435760185,0.4549848831727134,-15.368670984869334,-0.2014560602544785,-0.15767065973297537
