,Az,Ae,Kz,Ke,Cz,Ca,Ck,Ce,BAz,BAe,BKz,BKe,BΦZ,BΦE,Gz,Ge,∂Az/∂t (finite diff.),∂Ae/∂t (finite diff.),∂Kz/∂t (finite diff.),∂Ke/∂t (finite diff.),RGz,RKz,RGe,RKe
decay,870260.3589404065,119630.48309051106,2532348.1981152087,212279.848359831,1.0861933388402878,-0.01265097772155165,3.292500489051613,3.0570599039320028,6.29608189230512,0.6541270982107297,33.37664295578804,1.2359431461417993,6.137448530339615,-18.918146870328812,-1.5238566361020482,-0.19237241404708127,-2.540130785524175,-2.7591121418517535,7.73593119626357,-0.1169130008379512,-7.762670316710558,-30.019405587416372,-0.34352835840892854,-1.11741556186014
intensification,850809.9562434192,65149.186088480106,2661911.408397824,184306.67567108336,1.2602908553534418,-0.24569482522737343,2.2919529149018003,2.3398194772878855,-0.8789072162357231,3.025561446753459,32.60555314814945,-1.0885769329463335,44.03451103115716,40.992361874309005,1.9623513784269289,1.1274272952008912,-0.7310581020091966,-9.727812867950843e-05,0.26982916786230854,-1.0737704441147726,1.1624451443525947,-35.88796775054238,-0.4401444223668793,-0.033060073554524116
