,Az,Ae,Kz,Ke,Cz,Ca,Ck,Ce,BAz,BAe,BKz,BKe,BΦZ,BΦE,Gz,Ge,∂Az/∂t (finite diff.),∂Ae/∂t (finite diff.),∂Kz/∂t (finite diff.),∂Ke/∂t (finite diff.),RGz,RKz,RGe,RKe
incipient,597252.678889707,321775.13479593286,3568802.706066994,316746.9822445241,-2.4117421723645625,3.830087614966842,-3.4115322883995014,5.694006402557908,20.50592353837534,-0.8533886861213308,-45.10892531951192,-0.8955979789558514,300.16633755089254,294.145867868401,-0.5298003414077564,-0.6242326171379655,4.656641514448725,3.58458450969126,30.940983687088302,-2.6731024391599294,-14.430936581324337,81.8731834673643,6.301891983403657,-10.883043151161488
intensification,679241.1082166107,245757.95772188352,4910801.923453746,514856.334104924,-0.2727080039398487,1.9312045992580773,-7.266686818147159,7.424344845061903,7.341602149200852,-0.9216817783679451,8.769903517832907,3.7807778893562345,84.17995015383588,36.878256819184685,0.9612862064438256,2.4230592617851556,-1.0066101269250296,-0.18705638310598308,-3.7424371933441654,1.9001229314040031,-6.689715680807659,-4.97294588909007,6.22776564106579,-16.571686621161295
mature,532370.646462547,204264.0142903141,3364231.093745535,679658.1512998305,0.16774242514706947,1.5798708426041377,-14.960682747902641,6.858125116437302,3.0556159111717283,-7.415921299832958,-42.56530038615664,-5.7619574794401744,252.68632186747092,223.34345893347722,-4.112208963491864,3.4055613971506022,3.6230602932450404,-2.940014409770728,-9.830588300283052,-5.1964841329688145,2.3150576498245203,47.52765240862915,9.754161163895393,-21.253334517868584
decay,578224.7427152378,128189.58998462591,3054674.6938728984,289463.979435294,5.625358409096833,0.7385825443999048,-8.400589135477658,1.7874806233513096,14.14083230185331,0.03668974642877817,3.2979464926680926,-1.7930848460021116,193.52396532940884,114.08590742130144,-4.986137669326495,-3.7731465381669085,3.64982320996096,-0.12154601966024896,13.85538047012743,-0.5459504630787743,-4.127068138395614,13.33266470384016,0.8906623128623773,-8.940935375905628
