,Az,Ae,Kz,Ke,Cz,Ca,Ck,Ce,BAz,BAe,BKz,BKe,BΦZ,BΦE,Gz,Ge,∂Az/∂t (finite diff.),∂Ae/∂t (finite diff.),∂Kz/∂t (finite diff.),∂Ke/∂t (finite diff.),RGz,RKz,RGe,RKe
incipient,848329.288713693,415964.14139210555,4156923.377250648,315474.69536711,-8.45388710296106,1.1475843613364727,-1.5575697138329077,13.852310192412618,8.643131694963062,8.32941407649239,-33.50924063060574,9.778805886474444,241.82840275689597,240.1749877208108,-6.79147090380493,4.468542873962613,3.556093115984947,2.611174946719167,1.565796500813212,1.2025153005082385,-12.393341320602703,45.086493948212926,6.986486701302923,-23.986170492211734
decay,905298.2110551584,353629.159757181,3805501.668400925,357332.90199618874,-9.780984783972542,3.264749542415921,-2.8845294510040045,14.769297631259073,13.338858164616656,1.8099848316342375,-43.5037350705854,8.039727214021546,178.24057603718367,156.54477927994324,-6.918323923704677,4.851586159608745,2.6577259040500154,-0.6920083933241565,1.960972786591697,0.42944020002760025,-17.197367502123264,58.13022209215366,9.002554863884757,-25.26411409625703
intensification,1104006.509368682,343298.5813431125,8197268.5202517165,460339.93465232215,-2.462906837588517,1.3229185598186342,1.3545302783711095,7.434661791097443,-0.1658903150224757,7.3394740219597425,-28.942605733027477,3.3731494058419687,404.8008386177622,302.0495639826618,-0.6059034538835452,2.3615565119614916,-0.6043918984772503,-1.0199906702770418,20.628506379163497,0.8099509111281635,-1.578489861224655,50.679488671408386,-2.247721460957978,-8.643330007440136
mature,750262.4292001157,99380.27187752933,7179541.624159717,518915.7207551428,9.165870242296213,-0.1277757162935819,0.8563646226957524,2.78035552426225,-4.695282143022411,1.8150393793883175,67.83435357593687,-0.24307797385160126,162.5024107281673,55.13832136593706,5.499922754012821,1.696864858321672,-11.82920904066149,-0.7252942919761214,-63.066583180924546,-2.159942282901991,1.9041676283635531,-140.9231716218534,0.36779756919139306,-3.840855210616887
decay 2,461509.08906053693,53047.49710918088,2506517.9309843527,151604.9914499381,2.0520752059248353,0.113094687535752,0.7897285623209895,0.5781447865196283,-2.470288510208539,0.3993677395705626,11.421746440650134,-0.23340944263522767,77.4187546789934,77.02018124848543,-0.36331841215513233,-0.33499257323750525,-0.33612033725767176,-0.15673750800415237,-19.227549013259296,-1.7462240942524891,4.2993380664114556,-33.49109922215524,-0.09105514859083874,-1.3012308758159004
