,Az,Ae,Kz,Ke,Cz,Ca,Ck,Ce,BAz,BAe,BKz,BKe,BΦZ,BΦE,Gz,Ge,∂Az/∂t (finite diff.),∂Ae/∂t (finite diff.),∂Kz/∂t (finite diff.),∂Ke/∂t (finite diff.),RGz,RKz,RGe,RKe
intensification,959512.0222606133,51486.113382440235,2791814.0527250846,199893.50912772943,-0.7544237761835255,0.43233824188113906,-4.838888372407546,0.44616114807084406,-9.01569632864722,0.4188337958972621,-24.082229956855482,0.012615056493233495,-59.5529076306272,-54.15958453221262,-5.1210736923211835,-0.7332351805113891,19.457284216098984,1.8832583962784268,30.33490837200129,6.245295187473793,28.150895010443815,60.01045047744784,1.4782475065708696,0.9476306105021693
decay,1657988.2773423211,184641.7043852588,3036861.8906160085,553685.7652110764,5.120814415906338,1.7049029507531148,-26.83124645014264,0.13549800901787531,-13.668442961902487,-2.252154262861884,-23.227790681515156,-22.07005792520145,-59.83947099439681,-83.93321600427099,-1.8158861082047568,-0.6042746232647648,8.774933872773506,1.918767266050699,-8.717219768570756,6.702592653478259,29.269094201335452,36.2210029471807,2.601516587177343,1.8059061195191954
