,Az,Ae,Kz,Ke,Cz,Ca,Ck,Ce,BAz,BAe,BKz,BKe,BΦZ,BΦE,Gz,Ge,∂Az/∂t (finite diff.),∂Ae/∂t (finite diff.),∂Kz/∂t (finite diff.),∂Ke/∂t (finite diff.),RGz,RKz,RGe,RKe
incipient,1193159.3167073869,143826.35898325656,3257852.758680882,226032.0321128842,5.640912826641064,0.9571851500330103,-0.12991047821351998,5.62749435626812,8.81219884304621,-1.6417523687396869,-34.65784280637876,4.278947964276035,143.5013260917871,71.94434141508593,-2.012546290438637,-2.7449916463961217,-8.098849841109846,-5.756859465424545,-9.998339583639881,0.04661931836822967,-10.312950707481981,19.148500874311324,0.555202109550253,-9.989733480389447
intensification,673314.9025771671,64066.85703491947,3042581.5565791903,190343.997895927,4.201155033143129,0.32625904379148807,-0.5709345268228072,2.2222256743271545,10.262340568461731,-2.3772603130051406,7.09159537418768,9.9412672082663,-97.59144646904635,-194.95238034433436,-0.30270080919318215,0.8307613107187698,-7.820208083772913,0.05253104124530132,-8.624678773894145,1.1322988023466851,-13.555134575300027,-19.34649465440215,4.325757984786109,-11.602128607069577
mature,304050.3870277169,77980.25714418734,2082571.4435720574,378993.20287363563,2.7568358712697827,0.356744898263345,5.213081982696994,1.5289349352516666,4.979060955562989,-1.4574594432302,22.51036540043535,13.790612120869751,-207.09820052398538,-282.17651272409427,1.891161661136004,1.222518406614486,-4.138496017114701,-0.018393064799707006,-16.874932077359016,3.3244662806708742,-6.003976203144563,-47.355215331761144,2.6112564154188145,-6.781998792753548
decay,129426.78366568727,114911.19787875557,1028348.3547412395,545551.8539335285,0.26077563833335354,0.6321788567957964,-6.763216045035847,0.6851683968147079,1.7981879581495666,-1.2734888333426773,3.2068943807986336,3.2659723285664595,-26.087082043905784,-56.55918665449749,0.30512311373725115,0.414687326430701,-0.9545510812061693,0.786261291617023,-9.629192440861177,5.526337878399164,-1.8597845442265861,-6.333646414957319,2.1127396649786117,-5.18801889201785
