,Az,Ae,Kz,Ke,Cz,Ca,Ck,Ce,BAz,BAe,BKz,BKe,BΦZ,BΦE,Gz,Ge,∂Az/∂t (finite diff.),∂Ae/∂t (finite diff.),∂Kz/∂t (finite diff.),∂Ke/∂t (finite diff.),RGz,RKz,RGe,RKe
incipient,82361.56827727307,33404.66498263341,334164.30772959196,45948.31474962471,0.3112261197309014,0.02723103216713021,0.04325655505508343,-0.14123591606658853,0.0856277907356603,0.06707707701924998,0.6258755446651934,-0.12233263941289516,-2.862747548182801,-2.6090761312172583,0.7504819721375803,-0.14124164537782552,0.3426776439235996,0.08887625601112212,0.4238577544641169,-0.21854486948036703,0.5955070050859708,-0.5565004649870614,-0.14666776924184657,0.08828024105420014
intensification,143718.88393638327,33218.20156712496,602587.549172587,65301.59998688141,1.0871361251329519,-0.012034593964164527,0.032479792058272235,0.5314077533593979,-0.6535729925180939,-0.07214311872269233,-4.441309278153851,-0.4729897640554871,10.391775123769417,8.450751701535445,1.6278312305388467,0.7431637897490351,0.7111784849846232,0.0048197815574647085,3.763108747510008,0.422681548788942,2.4398530086715042,7.084802108472634,0.6204052476037196,0.3967433515433034
mature,265776.29782979994,34098.83041276373,1394809.5925495517,146257.26851350768,3.6756487382189746,0.010559617827068884,-0.04877584992253429,2.966226359988373,0.9568866127134651,0.36828651074720137,-20.785051549684123,-1.921831595179149,18.422561953049488,9.659256552909309,2.2738602618232013,2.7268109074407283,1.7552816378092728,0.03539290308148472,5.5458422148249165,0.5820270841664433,4.48460338114185,22.7040208762126,2.6227731344955885,-0.5111435305653156
decay,331903.8267595884,34015.649047910054,1606251.1421471979,172343.66769726417,8.199154466935848,0.1444308068848058,-0.8936492203076508,3.3464912255050274,2.330600419124052,0.5937967654716463,-31.025665793968265,-1.306288014921458,5.5849597527642025,-3.4088538583488157,4.899246056385094,3.1452028950502866,0.42570983159231757,-0.059504060265642325,5.876454080819384,0.342035317785229,6.438694686288921,29.596614628159454,2.548759592882933,-2.5918171131059915
