,Az,Ae,Kz,Ke,Cz,Ca,Ck,Ce,BAz,BAe,BKz,BKe,BΦZ,BΦE,Gz,Ge,∂Az/∂t (finite diff.),∂Ae/∂t (finite diff.),∂Kz/∂t (finite diff.),∂Ke/∂t (finite diff.),RGz,RKz,RGe,RKe
decay,104557.55904179948,312154.28751713154,1916093.747620543,1216500.3610266424,-1.1755317608626679,1.606238736369739,8.740039522225475,6.893546890014505,4.7083323940614505,-2.3532865826149525,-44.84937582166043,27.916462709086247,130.05058540977265,135.40969671897025,-0.46438431110597767,-3.994589579816595,-0.6986644485762843,-1.8689871452695095,20.892698943762483,-9.868461244889968,-4.976289867130664,58.1775670040601,5.77160759099021,-35.93843132176524
intensification,77163.43599309176,264890.5101048646,2293181.1644133586,1090821.4862847973,-1.7741049960162447,0.858190433955352,10.852701026424874,7.868072785932759,3.598078892185357,-0.4313980709699739,-41.614312189765045,21.67854205027556,145.8550408912189,168.23562888292815,-1.4224035878651464,4.407842725401444,-0.436219000869261,-1.7313520426439224,14.910657658448365,-4.0289841070194905,-4.95021245511551,47.44637381780478,5.709928380303458,-22.722897916802935
decay 2,77253.2395574341,249142.67098226896,2890672.9617308336,743215.2972834416,-0.21940200577224012,0.5541364578463076,8.3015822256188,7.809669666956194,3.6171172214281033,2.468485859105692,-15.918881310540158,5.48719908062179,160.3681921172316,201.29321767882848,-0.29180746663999224,6.247539092447911,-0.1985812141260106,0.27717201718619827,14.077424826189981,-9.050328814398673,-3.4809639834800468,21.914125916883577,5.064219367190394,-14.045615336357857
