,Az,Ae,Kz,Ke,Cz,Ca,Ck,Ce,BAz,BAe,BKz,BKe,BΦZ,BΦE,Gz,Ge,∂Az/∂t (finite diff.),∂Ae/∂t (finite diff.),∂Kz/∂t (finite diff.),∂Ke/∂t (finite diff.),RGz,RKz,RGe,RKe
incipient,712743.8445418358,207098.54910625552,2269562.4924066844,476674.25693084014,3.681445586905263,1.1113685025401265,0.06557947348114895,21.425632083328807,7.212681950806391,1.4986867383073457,-25.788141181158096,-1.9843251762130614,37.77081795292165,10.349109566600195,-3.2219696140300877,14.493480844806848,-13.447655639926317,0.40551993499597977,3.095828114963057,7.807818497169091,-15.86752350128732,25.136944235734745,19.221096777477317,-11.567908936465507
intensification,361372.51629324123,210822.482365175,2240828.48766233,765777.6465660477,-0.48082598753755423,2.116140663249304,0.819565496734323,19.307241063818953,5.005970031256754,2.21171018762553,-24.028062980469073,1.0491460105695924,56.15765841697857,10.908602183277532,-1.2313816678976715,13.144035276067862,-4.9492695746070625,-0.3517230217440715,-4.3483576843078495,7.050723438054067,-8.319924930152068,19.34096578696445,14.627667191200047,-12.486098139600154
mature,195251.24414074986,179308.46681829516,1691573.6351809253,1042145.8420950505,1.1183725900933033,2.0201183476262967,-1.872227642912757,13.485031253539313,4.723111755995884,0.6366102985739592,-26.455860461174428,2.070893035699449,68.81051415017127,32.747732508155295,0.10072108637044518,7.7905006004479125,-2.387976859603059,-0.24750345488709313,-13.666654289940455,-1.0265665121381917,-3.9725976778793433,13.54306122405343,10.580799152451963,-18.45471844428971
decay,203395.88155156182,159374.03168124924,2166067.833784962,514450.02188931534,-5.134311101728129,0.7646615449072933,1.239806435405802,7.403823741815979,-1.1425165868014093,3.6110302459141703,-23.70576317661452,-0.16745333821176236,170.93295911899295,193.92514590515867,-2.687737027857908,4.123104239529473,0.7733297773883161,0.17145904334872045,10.128267327681336,-4.998980953638296,-2.4538031926311117,37.72853517061818,3.1995909943432355,-10.99554492183671
