,Az,Ae,Kz,Ke,Cz,Ca,Ck,Ce,BAz,BAe,BKz,BKe,BΦZ,BΦE,Gz,Ge,∂Az/∂t (finite diff.),∂Ae/∂t (finite diff.),∂Kz/∂t (finite diff.),∂Ke/∂t (finite diff.),RGz,RKz,RGe,RKe
intensification,732064.4179220013,79372.47735827879,4041876.0974892965,121143.0672501365,4.947115465647903,0.14484462135462756,-2.5341331297287444,-1.1909966224595385,4.93343749576691,-2.2698155189934366,-14.534616963538236,-0.9911759591223586,-116.70152931325205,-128.13915844845957,1.6302340935900967,-1.51763274625578,2.477397008924571,0.23916562119250406,2.668591290000921,-0.19565013063392145,2.635919600160191,14.790225917619999,1.173139896371775,-0.5476106787807685
mature,985944.3836980413,115202.0259658185,4488794.76076961,97001.89857457431,19.964547470192066,-0.16483320137331312,-1.8955886147726884,-2.913076550044842,22.577093801487315,-2.0365274237025237,-32.58712501306015,-0.6799468909606547,-238.52211166821021,-314.12666576726485,3.8619628609961305,-1.4768307988618856,10.048589225186753,0.6790378957901628,13.15180256499829,-0.9446154167229097,7.2712096925181875,27.669968722639066,-0.03267802917884233,0.7528194095098986
decay,1485098.3245312977,69539.7645725089,4476101.363077143,99993.60144890487,14.45384823460635,-0.2858394381200977,-3.2730305383157843,-1.5337681319634187,19.357827667586907,-0.6075987492959143,-23.377850305954468,-0.3971188666313963,-195.05972645025759,-276.82947246361505,1.5629509934046,-0.7738924689469275,17.296661238048053,-1.1048675989658379,-5.347073988738565,0.43452524808748494,12.106842366947397,6.849958620925338,-1.7451975435132447,-0.9076182916334838
residual,1568179.6234020854,121474.87674488753,3823784.5605887994,214040.25011512855,8.435082346753418,2.1898678803707194,-9.5286202398145,2.9391175695492726,16.657548690959995,-0.01614509543229687,-38.901578217722985,-2.3585826719445713,49.3844911322138,-22.097900830829428,-4.275474263072501,-1.0413675058866694,-9.02820661591503,0.2858788270117413,-10.066577705397957,0.9910481290699236,-15.06080507975088,29.928538405386114,1.0512736116225911,-9.11810700834928
