,Az,Ae,Kz,Ke,Cz,Ca,Ck,Ce,BAz,BAe,BKz,BKe,BΦZ,BΦE,Gz,Ge,∂Az/∂t (finite diff.),∂Ae/∂t (finite diff.),∂Kz/∂t (finite diff.),∂Ke/∂t (finite diff.),RGz,RKz,RGe,RKe
incipient,245168.96394239957,172278.3376708121,1635283.5866711598,398210.5139183364,3.9885360763595923,1.308781046875132,-6.493624382958769,2.9493191852089056,6.403424905876789,-2.386779109553766,-8.345999480219021,-3.0153597740726883,-8.173636593950254,-39.163819995952885,0.09999553585255228,0.23629935187555312,-1.2563277736292309,-0.23662365006968178,-11.593720400550886,2.3519430884016668,-2.3624355562712953,-0.7426326137326873,3.7906935978178575,-4.075640705693321
intensification,239159.55090254504,194201.73334310993,1487069.380763942,694883.504745007,2.9415927335516505,1.8583629664164643,-15.245287458850786,4.4812461746474135,7.212327059447362,-2.9778303592067195,12.628651017133954,-7.517558490587215,11.063333177861193,-4.112625895985327,0.4165887194975125,2.131742363429304,1.0589461660291573,0.08862040228259405,0.5997817198719917,2.7220992550484002,-1.3534251934500918,0.27482542803717336,5.689333969720263,-9.48687588786259
mature,450289.75868960615,159149.36092873034,1536490.6673399596,943565.262688801,4.143374426206324,2.0297848540481036,-40.239288127246084,1.1778021109596972,11.864592805717589,-3.6854032614873757,8.522251220509506,-28.863440030139323,31.76389613657284,13.660382241827032,-1.868554594420977,-2.633746583738088,1.4390965481265596,-1.0850163913051418,1.724832653515453,0.2138808243003465,-4.252336977336599,29.298495134045705,1.7484041270938273,-12.33976938376611
decay,664122.6721934334,97336.762104277,2066514.3427815482,663189.8378498409,4.855739510108824,-0.6917813868616929,-18.048955468917605,-2.9248404163777515,4.950182131959411,-0.7965867894522394,7.081932124799129,-22.372016932272633,-17.713812972820154,-43.468978891108705,-2.177074401225501,-0.23379274318330806,4.260599607864528,-0.566693956076039,9.58209322823723,-3.751269372808403,3.4743755991522485,15.693377062246878,-2.0031661961398592,3.496632506924379
