,Az,Ae,Kz,Ke,Cz,Ca,Ck,Ce,BAz,BAe,BKz,BKe,BΦZ,BΦE,Gz,Ge,∂Az/∂t (finite diff.),∂Ae/∂t (finite diff.),∂Kz/∂t (finite diff.),∂Ke/∂t (finite diff.),RGz,RKz,RGe,RKe
intensification,209431.879495944,74489.25977715054,1454678.1653625502,157821.00775438134,-1.1754694043707843,0.07647696017450413,0.44337619097830877,2.9095722427168504,-2.082874490528437,0.8727165091904041,-3.149657462110666,2.0409302630448205,71.00216459144916,88.87116224673646,0.6802621790653626,2.1944180909365087,0.08254030539796327,0.5462231098781706,7.967593322197307,0.28298413563186886,1.0664223517301201,11.84934399770045,2.5066018832301125,-4.224142179151493
decay,241013.5218808143,90893.68343582773,1790126.9330030861,171856.7491041448,-2.655930455857556,-0.5845988511004037,1.905830524277584,1.9575491428302465,-2.2293282619225594,1.7667033856164216,9.403620066742214,2.299163008940628,79.7868093047143,105.61134379399951,-0.5754088281892952,2.329509575925536,-0.08964961172996821,-0.547591232754964,1.6969736016262325,-0.29920323402510635,-1.1008506567653682,-6.95654653353601,0.22785337555926477,-2.6500848615183967
