,Az,Ae,Kz,Ke,Cz,Ca,Ck,Ce,BAz,BAe,BKz,BKe,BΦZ,BΦE,Gz,Ge,∂Az/∂t (finite diff.),∂Ae/∂t (finite diff.),∂Kz/∂t (finite diff.),∂Ke/∂t (finite diff.),RGz,RKz,RGe,RKe
incipient,588325.9986085652,319697.4670567228,5021131.070429307,420053.1302426011,5.44106839601274,-1.0131069439658793,-2.7292691720306075,-4.758537544570314,-3.941412255973428,11.444256693046546,80.08852749219335,-15.212829699253495,176.04600957533927,181.9711413630072,2.1521108913322635,-16.802750265150948,-2.7122605120437653,2.769877419995028,-28.899458661363028,1.867531176705336,5.657113195976523,-111.6997853775385,-12.419809873655952,19.10962924849854
intensification,495712.32631143864,293286.718642549,3840035.8161511747,366710.1114653061,1.4281100664689679,0.6406278618339245,-3.200702627804497,11.09694092940534,0.5881719165880642,5.1352979188699015,36.263470320763666,-9.706435517998182,163.53089983434288,173.2970622495254,-0.7842735693738447,5.811808183566468,-0.6437746181474028,-1.6349182198218268,-19.023421923894013,-2.4559745818980336,0.8367913935674255,-53.514299683322164,3.686096928879689,-7.047182621109691
mature,554218.2426961267,96416.3484557718,2939715.665729242,162926.48712248993,-3.5025855030413373,0.017054785666933997,2.5406908896578764,1.9966615983832265,-1.8756352945262265,-0.999922285901564,4.639175131809893,2.0092926934889377,115.73784833899377,119.75704726417729,-3.3978268326243084,0.4119629015936547,0.13245914759620925,-3.9357309317667664,-19.87225201549677,-2.868913527332886,-1.4774362752519672,-23.549532533923202,-0.956201833148909,-4.334176929547174
decay,467223.5123771425,69021.53072223192,2570317.5839722967,282250.7220610666,-0.9688912184522608,0.34037555066813824,-2.6374118118698737,0.4264153306386208,-0.1630774659541735,0.41835680411130444,-2.3830382896929496,-5.15144604037731,-11.185917685942762,-16.934446134316538,-1.6404251122493256,-0.33168225207378055,1.8370900050626129,0.5710431443786965,3.5500715165329746,1.8439087090051933,1.3716518032326634,9.53941283654806,0.23872612023787487,3.9315276068740084
