,Az,Ae,Kz,Ke,Cz,Ca,Ck,Ce,BAz,BAe,BKz,BKe,BΦZ,BΦE,Gz,Ge,∂Az/∂t (finite diff.),∂Ae/∂t (finite diff.),∂Kz/∂t (finite diff.),∂Ke/∂t (finite diff.),RGz,RKz,RGe,RKe
incipient,680859.4319087391,91571.33811827816,5131045.401965192,252393.23171523112,11.293626234900415,-0.0317145359480671,-3.724216451010279,4.004829466195283,10.580802038496492,-0.8125473408161925,-14.728283733846975,0.10836130139032041,150.5672249843359,9.169380358693218,2.072697410218454,0.39989546722115676,0.018139424827628953,-0.6360017211291304,7.391670233309204,-0.3076743871956959,0.699249085283486,14.550544183266041,4.213089621830413,-8.145081605791578
intensification,625889.4627590396,78589.13464011555,5023544.077928865,293980.73028565745,15.129574608262985,0.2553658736098515,-5.881723549095019,2.071038613499501,4.145456486999084,0.11548551259212511,7.53293277693614,-0.8062812606705868,52.41312034207112,-59.70557349803026,7.088598917623501,0.9433606206634269,-3.265192753971388,0.056718784094805165,-11.698529525328393,1.0162383294599413,7.974291240902362,-28.479313361432496,1.7569060113923296,-6.130242572463992
mature,345801.87111931527,96911.64049585814,4004786.662619718,327675.8830018415,10.835680753557318,0.2083235417475244,-6.277080738386778,0.14917479676087103,-0.9657795238728348,0.07952689038964385,11.028319188557157,-0.18950295793841213,38.67207670175976,25.123319363853284,4.676680572729445,0.22770659025791773,-5.3522020709590805,0.43478859808841164,-25.55980056372688,0.8954448440074052,6.657581748218594,-41.14671976745458,0.2961129627121144,-5.341307733201831
decay,151660.1725021507,110617.5355740947,2963917.16535752,324608.83647715667,1.977746008331901,-0.03889619726751995,-2.595864122265506,-0.8667106593629972,-1.0884084055129943,0.600954679368887,28.82776961318487,-1.4940677334556933,58.670243058571735,111.39228606998124,0.6653876674124426,0.9139876808483068,-1.2800259702727823,0.20537023925748255,-5.735746583509966,-1.355468384124917,1.7472322463045924,-33.94539808276123,-1.2233989022068816,-1.590554113571732
