,Az,Ae,Kz,Ke,Cz,Ca,Ck,Ce,BAz,BAe,BKz,BKe,BΦZ,BΦE,Gz,Ge,∂Az/∂t (finite diff.),∂Ae/∂t (finite diff.),∂Kz/∂t (finite diff.),∂Ke/∂t (finite diff.),RGz,RKz,RGe,RKe
incipient,222851.43539543933,264100.6363701961,1893168.6854074756,247012.24968859123,-3.295363074785711,-0.33784059626560015,0.7508865299271998,1.3221200777956013,-0.9699930370252382,10.064977323032686,44.79998818849586,3.5677945067176333,-1.5411240083483433,43.355306861614885,0.20762494141725596,-3.9361007693610284,-2.3782862322432146,-5.720864420826178,-16.688567771065333,0.6658567332867574,-5.041496866269288,-58.944079414702685,-14.12588106979766,-3.473171321299278
intensification,233291.16841446087,215113.08146495218,1957810.4904070632,179969.6847995266,-3.3669313538393033,0.39054270377921885,0.1038981369716923,3.907924103346563,0.2491134547826921,1.3649405232816252,22.99862285327493,-2.3056231239969525,11.24777829082224,19.6188487379072,-0.8037036185809147,1.0367943893460327,1.0018842999275828,-1.8263943710009056,2.2114756442658896,-1.5646408624333017,-2.223617804915194,-17.524113992141427,0.32604650528481305,-3.06304370481122
mature,293230.632820132,68851.49600361238,1943574.5577446474,127956.07053636228,1.8375170894852968,0.10581496990660423,-1.1381948308667484,0.698484016995989,3.23174728676474,-2.7068066657891348,5.559476522513223,-2.5022183901379007,4.015158275131811,-9.158884221549618,0.17897885832412996,0.4551083338737431,1.5258550004789082,-2.7328886918872297,-1.3267916527274461,-1.3463427297935315,0.23743977310606976,-7.585590433859218,0.5665870209912898,-0.6808031875183685
decay,320280.2828916041,49745.14982091674,2193443.1958602006,147356.25636830268,6.969719215230354,-0.03623769521843829,-2.5851258528802434,0.518934460422232,7.757751325204009,0.4815502947703503,11.137924723558434,-2.9848725940118355,-55.35686741689068,-70.79342158079191,0.3180353747259954,0.7503112602365266,0.3128282771755679,1.1311385861516121,10.85735827160126,1.3839811347124342,-0.5114415280165243,-4.665159814307286,1.2047604470219322,1.2647934154217941
