,Az,Ae,Kz,Ke,Cz,Ca,Ck,Ce,BAz,BAe,BKz,BKe,BΦZ,BΦE,Gz,Ge,∂Az/∂t (finite diff.),∂Ae/∂t (finite diff.),∂Kz/∂t (finite diff.),∂Ke/∂t (finite diff.),RGz,RKz,RGe,RKe
intensification,900658.7958684816,381584.9549770507,4048647.584592121,499426.98547282687,-0.9414247004902517,3.1789036860775997,-1.1622387281119386,13.81468990476418,19.57250545390127,-0.5082116012316356,9.094196007150037,-2.368280729154667,30.06276692621275,-17.164280490340225,-1.946418860203783,10.549931442047471,-5.9732816028214,1.8396012882655257,-9.914447105478928,1.7365487835824989,-23.308308071135322,-16.904979684026774,12.98359910818374,-10.872099120138952
