,Az,Ae,Kz,Ke,Cz,Ca,Ck,Ce,BAz,BAe,BKz,BKe,BΦZ,BΦE,Gz,Ge,∂Az/∂t (finite diff.),∂Ae/∂t (finite diff.),∂Kz/∂t (finite diff.),∂Ke/∂t (finite diff.),RGz,RKz,RGe,RKe
incipient,316603.2877646772,80126.75695007356,1797382.9485940945,255624.1171297036,7.225761159962202,0.07351742283902188,-0.2863331755567297,3.666261223542589,3.5517045658663546,0.23317641318551657,-8.643481049211605,-2.161953681689887,-22.169504047133024,-29.568628388560946,5.832127797401371,2.6065341803693314,-1.8232327951967566,-0.5317485472432655,-7.032694671588509,0.31354315675657674,1.9243412217381128,-5.328641606782375,2.8278188402747846,-1.4770975606528545
intensification,256973.63801419115,57266.11011611748,1321194.3237257001,205981.83804604752,4.863294774459883,-0.22862867606999895,-2.73030938929139,-0.24248389912212,3.2254485719879513,-0.7702382138061595,11.271283105722796,-1.4832631150874411,-60.649695115561165,-69.85813379582149,2.9943075990404893,0.7662990396308688,0.16014060853623577,-0.01006461447765823,-3.5867383921653393,0.6231843175016741,1.569358134938168,-16.991006883056624,0.7463183762763802,-0.38137805758015453
mature,339806.2955656606,56651.99605792206,1046951.0103515225,315179.43226438307,9.280909370831436,0.1631592055355634,-4.949600939817906,2.4978881606226673,5.489745059781408,-0.6171198948070822,-7.433858888790655,-2.9170202711433926,-29.973756806823285,-40.52148511087925,5.365075303738166,2.7999130660503773,0.6637823169319098,-0.010824826163570963,-2.200189094429638,-0.34724175778167404,4.6181058335175,0.9023613633474898,2.941024023730615,-4.877710587078856
decay,331950.8686914446,82801.37973918673,1152644.759070869,354029.31864463486,5.419088364524376,0.9568241895084498,-3.7048399078097147,5.614078296642501,2.705265741264809,-0.1173988649894372,-14.134033330726904,1.4629109468966255,9.867700455372496,3.8937882723659887,4.482532789245554,5.05182131519774,-0.45715958695527104,0.8622821883618499,4.9295745785033995,1.6784348125063289,3.2134872258127456,17.349359452515646,5.636935160485337,-9.103394338842511
