,Az,Ae,Kz,Ke,Cz,Ca,Ck,Ce,BAz,BAe,BKz,BKe,BΦZ,BΦE,Gz,Ge,∂Az/∂t (finite diff.),∂Ae/∂t (finite diff.),∂Kz/∂t (finite diff.),∂Ke/∂t (finite diff.),RGz,RKz,RGe,RKe
incipient,1014995.0433669258,83698.61290188314,3333231.7214232343,188605.89328444813,2.267485765603687,0.6183146849046939,-0.13215330965094851,3.7032607552904278,2.0166297522396572,1.6255243558780363,-1.7624907870303332,-0.815515868723133,32.01221341515673,-42.2323627927088,0.12345700479904131,-1.9467198313571896,-8.14280623862376,-2.003011138026028,-9.644737725417535,1.1765101673916474,-7.273635540355036,-10.01757939433994,-0.5435894235183304,-1.8433880288265962
intensification,702554.4179496854,57272.16083583011,2507080.793305371,190499.48287883116,7.135110455393136,0.45026269097242194,-2.8452422664781136,1.8690462666137977,2.9253735554371514,0.07925816951885883,2.5020788173549127,-2.2342589787044917,-111.4316253611832,-162.97542314104382,0.5196855089035426,1.2247534469996486,-5.136529467271547,0.05735164618419861,-16.3165935104573,0.02733982766214115,-0.47652987634314115,-23.108540516727235,1.396877052306715,-2.4526897267252785
mature,366274.2998497714,73436.98900185544,1514251.0790914677,195014.5229931002,12.22050673224553,0.15990074272959037,-7.502091482256877,0.48398538628476384,2.596046975190435,0.28360241969548156,7.763281621775178,-6.434699070390508,-99.37364902628633,-116.25268240560604,0.8200189267071053,0.39046516809497983,-6.84333378767147,0.2661360136770388,-16.445800089503223,0.16819078833771964,2.9410267121132136,-28.927496961267053,0.3066182375367307,-1.3831870098134127
decay,199240.79982579002,157855.5757303344,1026881.2613241622,349293.9992230649,5.6257015483667825,-0.60188770500126,-4.332145015798224,-3.791474209154657,0.13516619120492482,-0.3499608475865106,-2.449196289817902,-0.9382534654834455,-46.66200981877417,-53.29568125164893,0.5885553644440247,-0.6654995618333518,-0.38596696570128813,1.3097864927660077,-2.0393519849861366,1.6356705156945186,4.50268068645931,-0.8837122277367945,-1.5298391638008781,2.033253174534397
