,Az,Ae,Kz,Ke,Cz,Ca,Ck,Ce,BAz,BAe,BKz,BKe,BΦZ,BΦE,Gz,Ge,∂Az/∂t (finite diff.),∂Ae/∂t (finite diff.),∂Kz/∂t (finite diff.),∂Ke/∂t (finite diff.),RGz,RKz,RGe,RKe
intensification,1078515.7533452353,119619.87024674912,2511923.7558975653,207807.30637734412,1.2732320178032692,0.6738099245707558,-2.1095281581100123,1.6633843809979032,17.556236380409068,0.7908390605007125,-3.979100004693919,-0.3740176694420311,57.84379507453767,39.620971578803804,-2.4921519390559483,-1.3434845479165434,4.369073575776937,0.02921972581000165,20.36823415488317,-0.8194549999948441,-11.240120862258106,25.18363029988383,0.2279551217364364,-4.218349869660729
decay,1011335.436897314,186043.13315019713,3339266.2675821013,290201.1087752261,-1.5202084441652253,2.5587643198311554,-7.711712021986623,5.371159910190336,8.775262659385408,-0.5129177344541299,-2.877794096415215,4.038948815558656,85.8844443607894,-31.879685696146275,-1.2371690705189966,0.8595113085865199,-7.203550151679555,1.6644647724180976,15.262340828233828,3.6122456796640545,-14.940256935399036,27.372055390800888,4.989778097231408,-13.50957506807156
