,Az,Ae,Kz,Ke,Cz,Ca,Ck,Ce,BAz,BAe,BKz,BKe,BΦZ,BΦE,Gz,Ge,∂Az/∂t (finite diff.),∂Ae/∂t (finite diff.),∂Kz/∂t (finite diff.),∂Ke/∂t (finite diff.),RGz,RKz,RGe,RKe
incipient,581242.5053850787,57077.8045061355,3324256.5476783095,104112.79987621638,1.976718071311236,0.21249568348894235,-1.1580999810326793,1.0997033592171062,1.2964953828794532,0.15170728687936608,-7.93518839450571,-0.15926605941156566,-126.0411100218168,-166.53136812352872,-1.8395915772862061,-0.5282712049230104,-3.3652333219987467,0.26885804087041576,-17.80415794932318,-1.247273710156254,-2.472514950078021,-10.687587645096027,1.0043584297192134,-3.3458109909944738
intensification,507795.8227137605,184526.74744649732,3034425.769643589,403296.8236707494,-2.230790032393783,1.518339545497852,-5.889304733989331,3.0632672643196956,3.9795707794130393,-0.05411017957495994,-16.25133440940782,4.503422745453314,55.13337652890665,37.016245345142515,-1.5179522240400365,-0.04972707023487442,-0.8635749765732446,0.5974636837129733,-0.8755352947975323,0.7838832182092738,-5.555596242882214,23.495893880993403,2.1965015821097764,-12.67211152555307
mature,127307.39624426383,218703.45118241635,2373258.0115394685,686729.4962153207,-1.5930546654233695,1.2711300002759496,-4.883904957020256,3.369234137961012,0.6851077914159605,-1.8125203897397966,-0.9327490532278638,-0.8746033557493582,26.532717662588936,39.21404551459382,0.3248496471969608,-0.3525262281791442,-1.2573305380953632,-1.54313634669005,-2.025933040054226,2.6549164762539084,-2.264362994658744,5.383775635617262,2.3674881807348083,-4.723619262978002
decay,95152.4448512049,90300.14725543973,1302973.2983394829,351495.54222540924,-0.3462221554267113,0.048989119105110966,2.8015762319713486,0.44736024175717065,-0.4468646184108247,0.7375812010875396,-2.8978097491019446,-0.5962850923343709,20.59513227751835,7.361592236618451,0.12762313523222132,-0.4349207020089193,0.43275112429366047,-0.3996913709732609,-3.845018536628597,-2.3107940730949994,0.5823827063828846,-3.4025628640712893,-0.7389014494087404,0.6397070094535501
