,Az,Ae,Kz,Ke,Cz,Ca,Ck,Ce,BAz,BAe,BKz,BKe,BΦZ,BΦE,Gz,Ge,∂Az/∂t (finite diff.),∂Ae/∂t (finite diff.),∂Kz/∂t (finite diff.),∂Ke/∂t (finite diff.),RGz,RKz,RGe,RKe
incipient,500240.63799376227,188188.16189493588,3921875.4781086724,351387.9827331563,-6.63727152644424,-0.5104810259327807,1.0943376713407558,7.816180765579944,-5.083663813309665,13.018512104144817,67.5955653529259,-6.171128368336234,213.78019363293356,177.70728997244268,-2.8699510081193527,-1.3056401256620171,3.416266102775231,-1.297820161539805,2.167764723364481,-6.943871219536967,1.3521773637078758,-59.88486677445795,-5.989670474171898,-7.494585945439919
intensification,564204.199521867,130672.66326949772,3875314.3364626337,175038.8406125359,-4.700406895375062,-0.009823166661904553,-1.1626979726253792,2.3954401440548945,-6.128006284234134,2.9491250579125374,20.017016122232967,-3.0827650217959226,282.6474698450468,252.6640108569648,-1.355760115038471,-0.17990750689683413,0.14727080383112,-1.2412338420009459,2.388628718387961,-1.2389714380844026,1.5650470260282874,-11.765282535844557,-1.7850955891966844,-1.7143445329687539
mature,602491.0676526547,47255.00608014973,4176641.802535512,132023.46520653565,-6.221775767265203,-0.4697576947033984,0.8738604386115064,0.49475076277635427,-8.195882004116505,0.8600375189211134,-7.275763570577575,2.084606701077752,146.7665423102713,114.2748074657049,-1.8325291302517606,-0.07731908822941559,1.5998624244404498,-0.5951864770503932,7.557941933826588,-0.48652091657768287,3.1042109665883526,20.181620833057863,-0.4907155384917537,-2.1920179418202825
decay,721648.3114275931,71427.0538269206,4624395.014772092,166000.42793267377,-6.750364072316822,0.22729532210033637,-0.5562047263440679,0.27839767834672774,-5.895456457642069,-1.9704471603584122,-26.85959171436943,2.9226397813806453,-102.10686223863054,-126.45424911409715,-1.1666626508519602,0.49655934113085537,1.504384866722059,0.6683576811719935,1.7617628085267332,0.6503672780793763,0.8767725741476434,35.92792332155705,2.689907197776797,-3.106874907992065
