,Az,Ae,Kz,Ke,Cz,Ca,Ck,Ce,BAz,BAe,BKz,BKe,BΦZ,BΦE,Gz,Ge,∂Az/∂t (finite diff.),∂Ae/∂t (finite diff.),∂Kz/∂t (finite diff.),∂Ke/∂t (finite diff.),RGz,RKz,RGe,RKe
incipient,111286.85397777548,652450.8469982576,2917917.132584884,597445.8199749151,-1.7780192399180812,-0.9705472347364044,3.3766712758871824,11.598276179576391,-2.1331188590248624,8.299160541917075,-31.18024678504154,23.181550666068496,193.90622733187303,233.118418752702,-0.7100249455972977,-10.05737970100045,5.546441332232477,-17.32987778384556,4.334451821974211,14.2889078446539,4.9309937166028535,33.91604657104665,-13.06021491144984,-17.114247725103805
intensification,252332.25283574034,215020.85490881486,2623966.5111229722,834775.3142714661,-2.072375008508577,-0.5557575730241064,8.905636943465558,4.247926512493322,-1.9896491946915402,-3.2531619821668643,-58.117417577369984,30.229249980981525,118.3245875237021,177.40687360129238,-0.3297032257750178,2.557017994105511,2.2785583488335246,-5.374443885920516,-4.613553475538178,-0.34377305588264295,1.6400749619923813,46.67060216687483,2.682402181763776,-25.915312605891934
mature,361950.15675391303,71180.71337902237,2649061.726555459,530354.4213817491,4.538861486416694,-0.04956516334005735,-2.518808784160007,-0.28201048526199335,7.8861285785027,-4.799821161441606,-50.41066535330978,3.3027035647065945,160.1971956750663,147.1782264093214,-0.6708943445056401,0.41600066324498497,3.4864505684306444,-2.132646255344796,7.412076896683169,-12.318235307898702,0.08961831300457979,55.802689547736264,2.4347295841748746,-17.85773717150331
decay,545913.6160086422,32851.05005451065,3054072.067620352,181204.5926516709,6.383109889261846,0.13096753979098016,-4.097870719514135,0.5623107829470659,11.83475058294188,-1.901159685189371,-47.56717081448855,-10.949998559786337,180.33946057636467,69.2204498727653,1.3951081026626013,2.179472319462252,8.894632850884994,-0.6192448806904699,27.56534436365617,-9.483592708112587,3.573959696995941,72.847276008397,1.7132580476549872,-3.1937756507874524
