,Az,Ae,Kz,Ke,Cz,Ca,Ck,Ce,BAz,BAe,BKz,BKe,BΦZ,BΦE,Gz,Ge,∂Az/∂t (finite diff.),∂Ae/∂t (finite diff.),∂Kz/∂t (finite diff.),∂Ke/∂t (finite diff.),RGz,RKz,RGe,RKe
incipient,803439.9539854728,437838.07408555655,4360958.030280457,513170.20807411964,0.6963443586172874,5.899858273605722,-11.10922446371314,12.858090708219894,10.528705904517057,-14.277673168523139,-68.45741936245513,6.070259131507436,299.3207310171742,210.8800913455322,2.4709113636138205,-4.4164497106116185,1.3187828036294298,0.6234825265044842,19.389340139130596,1.1703102828917555,-2.613720468664619,98.25963960668159,21.859388129641797,-28.867264020548713
intensification,466357.40206902724,399137.56837370066,5238988.975380928,488570.3991631192,-6.9024373932459895,2.3442347813786815,-1.0377548472833977,13.135084297730101,6.787095746822274,-5.033254452968619,0.9193383619091589,0.0781722044060997,265.2042846425772,188.68036717313643,-1.3386364266990893,6.9744547176347504,-4.569659296535416,-3.510831319901604,-1.234014452027368,-0.4845731702580632,-15.914957655225002,5.786839426592859,12.313272649418439,-14.735584519677664
mature,421196.0412003394,65131.27907870733,4495618.914452641,297729.45084020233,-1.4557207991601464,-0.07741379297070043,14.241497702620174,0.404321483401522,1.055641213430266,-5.033576228345734,25.583456228119942,-5.781766164033623,-63.612942750469195,-89.12271170744741,0.5333872804820576,1.919794333802627,3.2983975745173626,-2.950209311579924,-17.59866756939854,-7.090965228070952,0.7096217689562495,-55.96790070097851,2.565102193138032,12.527977155181324
decay,403779.3410634905,81880.50020288627,3963530.198723247,282656.0784356763,4.933894465240315,-0.5643975876504316,8.514251633663818,-1.898520957107221,1.4778327991331577,4.656048103189748,52.84643462294055,3.6768047051278123,-318.4425937153251,-338.645050897205,-0.07061712092195364,-0.10749353922568346,-1.3936673839254123,1.0487561613242606,-6.49323348684935,3.5122041082684596,1.4979966945313137,-72.78781420869402,-4.941415311322276,10.248171993911686
