,Az,Ae,Kz,Ke,Cz,Ca,Ck,Ce,BAz,BAe,BKz,BKe,BΦZ,BΦE,Gz,Ge,∂Az/∂t (finite diff.),∂Ae/∂t (finite diff.),∂Kz/∂t (finite diff.),∂Ke/∂t (finite diff.),RGz,RKz,RGe,RKe
intensification,540410.6540840697,413545.3848528958,5496462.951265876,629648.3484506552,1.5300497267757653,3.3856108832901373,-18.621595661773558,16.008767271016772,17.667150307297444,-3.119031678530963,-62.44433052700817,7.810523014450214,400.73241693127693,383.5162167458635,2.072554869417609,0.8864617776128388,0.1995862616406266,-3.2522947862029694,5.54657178996042,0.8036172628970721,-12.551903435590917,85.08244825196638,12.48989328005463,-41.637268684343475
mature,493778.8279768266,327557.2486145146,5529060.983626475,427750.5005141958,-2.8594411274780356,2.9937104851957828,-11.81662725890618,12.483976560162713,9.091140159210461,-11.759247321658746,-15.670757048185976,-9.609723005457939,416.92301524150037,443.5558625109636,0.44659258603456564,4.825193793107005,-1.702275232950831,-2.5712845842924956,5.680723317815595,-7.282446553679049,-10.659146034443545,36.02754875238579,18.67822881233318,-21.973327367290004
decay,406263.5664791489,117334.41100032623,5576059.750681764,173391.84368746096,-5.424444998809773,0.8623255874044204,-3.4294899967860797,2.138712504256777,-1.9431416436986249,-4.856097073446343,-8.95205642855646,-3.7482779390355216,280.2061063466882,222.10361822212383,-0.7048595727217939,1.35124084737384,0.7689174743033472,-1.9858727883199734,2.2889837197845986,-2.1960276035409128,-1.8500602934033807,20.094975143936914,4.146611201978725,-4.015952165548247
