,Az,Ae,Kz,Ke,Cz,Ca,Ck,Ce,BAz,BAe,BKz,BKe,BΦZ,BΦE,Gz,Ge,∂Az/∂t (finite diff.),∂Ae/∂t (finite diff.),∂Kz/∂t (finite diff.),∂Ke/∂t (finite diff.),RGz,RKz,RGe,RKe
decay,1071317.8866252913,93961.65403271955,1760306.5108850324,363611.09887292905,5.751390167596053,1.0899822872820404,-13.876369381891143,0.6182611024425502,0.8798630639196925,-2.094662126405614,-19.12260183680842,-15.083744321543502,19.901855401909895,5.157872667525813,-3.353792368611828,-0.03737243738112883,-4.395122424412435,-0.24365679340389065,-6.274155607838858,0.2363370406970972,1.5663869665459653,20.973425443264656,1.3792841481622333,0.8254508779069076
