,Az,Ae,Kz,Ke,Cz,Ca,Ck,Ce,BAz,BAe,BKz,BKe,BΦZ,BΦE,Gz,Ge,∂Az/∂t (finite diff.),∂Ae/∂t (finite diff.),∂Kz/∂t (finite diff.),∂Ke/∂t (finite diff.),RGz,RKz,RGe,RKe
intensification,157707.880533538,246986.8404366301,1519446.000898712,625450.9275915654,0.4903975944997813,0.05365093966812623,11.983256684941532,5.5533156909286845,-2.676983006229963,-1.4780733431090656,-3.3923519830605255,4.209831160444025,20.125748371719872,6.324297052437738,2.618871171455948,2.742554876440097,-0.49051558144646495,-4.433875381890578,-6.112033577548672,0.9338140272986271,2.7305159589514054,-15.19333587392946,2.543862712479045,3.15392386086745
mature,139024.36515460812,72808.84498573677,1637376.6896092587,700464.3233920966,-0.9733823554232046,0.010017181365652031,1.2081923050067467,0.5106759201278191,-2.5756611044187046,0.7318954273459669,4.434079679831144,-1.630189540999407,-13.483021322440576,-22.53972317754099,0.7757883908846562,0.0837181125645247,-0.6695276772720877,0.23232133814819686,4.078685872592487,0.5472595061172184,0.9427682530890641,-0.5902037568221971,0.0010846495643972072,2.874965431995553
decay,491215.65111333167,75842.86106551488,2779807.1058245697,394930.3672282972,-1.8278153563446118,-0.012584998137468217,-3.0981828707958785,-0.10474449334570876,-2.0133280525758006,0.6121458208840045,-17.589514729495175,-0.9242494070550873,51.07634196239768,49.067270185918964,-1.3072984717279865,-0.31868907786309303,2.6279599518179326,-0.1589646395949966,10.0317258039526,-1.7664193852725871,2.800887649911653,32.54723876058827,-0.8632699556872419,-3.835608355667668
