,Az,Ae,Kz,Ke,Cz,Ca,Ck,Ce,BAz,BAe,BKz,BKe,BΦZ,BΦE,Gz,Ge,∂Az/∂t (finite diff.),∂Ae/∂t (finite diff.),∂Kz/∂t (finite diff.),∂Ke/∂t (finite diff.),RGz,RKz,RGe,RKe
incipient,734579.2787114771,147679.31221117594,3522971.0981733087,281490.38348865765,-3.9358013285878424,1.2775380042012556,0.8441308123825294,3.1505393311770753,5.682224291168017,2.619543976845822,2.648215741212116,15.171532323514445,66.57011774980421,99.36768257310533,-2.489015882488694,-3.399672520322232,-3.834902639866752,-1.5010074942980223,-4.808104698255624,2.755845003071031,-12.175390255421355,-4.364649923262426,-2.2475501441680246,-14.722095839237959
intensification,616486.4638167211,79395.65216064788,3178209.0561285946,315048.4231159687,-1.6238768159239796,0.03246612476326258,5.215543957300483,-1.1967742402132169,-0.8042338875887102,0.539524053168013,17.746046180721226,12.870162811503764,-48.82272267690967,-34.770933902029675,-1.5899109373876135,-0.16629677793076192,-1.2782058087486545,-0.3105016821714344,-3.6023349506512146,1.328067236358412,-2.0653826123206613,-24.940048272748946,-2.0792661003159263,-5.129777377631651
mature,411630.20652832673,95865.97768721313,2509122.4987787805,493916.5464621618,3.3241698435845364,-0.6366240424885624,8.255809014204829,-3.2206302646589995,-1.796864404210511,0.9954075213960808,25.510507523506732,4.229604716589522,-150.7433768624271,-182.78548529053788,-1.1334170724716066,0.15937911739822672,-3.0105487428746325,0.19417460759309849,-12.395791728916224,-0.4364322420362662,1.473861462431853,-49.486278110212325,-3.385239135973419,6.81040232023804
decay,169609.54349346185,178065.86283911124,1440171.7818067644,820439.1743319868,2.590886167865264,-0.4806735967795493,-8.617759820781012,-2.08804639800221,-0.526195201922819,2.2986856573357595,25.242328238265305,-6.053242137937181,-77.34987503545558,-100.63193545697227,0.08803842806420098,-0.16291122468962058,-0.009692951695228845,0.2876214687316776,-3.5066843360908138,0.9891346589049445,2.626714821313305,-22.722138921440372,-3.6184369898267423,0.5126633740633216
