,Az,Ae,Kz,Ke,Cz,Ca,Ck,Ce,BAz,BAe,BKz,BKe,BΦZ,BΦE,Gz,Ge,∂Az/∂t (finite diff.),∂Ae/∂t (finite diff.),∂Kz/∂t (finite diff.),∂Ke/∂t (finite diff.),RGz,RKz,RGe,RKe
intensification,269839.16334126244,138490.01457793792,1914853.842788101,206670.77433651907,-3.928891931290818,0.8488881807347086,-3.5408645771288647,5.102356124094676,1.0204230173313928,-2.3720462541068716,3.004995600400222,1.430101224673844,87.04465144101773,88.06903741616392,-0.8538511217987441,-0.40461940841416066,0.5899549440690268,-4.080584937457877,-9.369944658259218,-2.072900747728051,-3.510471823818475,-4.9051837502397575,2.5449292600089626,-12.146222673625438
decay,284018.5388819643,72373.96624262816,1968872.864910623,174964.74748535446,-4.951879372509423,0.11059385646312025,0.6680283822106564,1.0837994051543605,-7.491352313740754,1.2697520742764776,-21.549102927556515,2.8319332165181534,53.12673624685598,50.88674037757453,-0.5763280489525351,0.7760616722730139,0.22871046469845538,-0.15119494394740626,11.16151991671074,-0.2470814064140561,2.8787772623929064,36.99447383456603,-0.4477414695326438,-3.4947856458759134
