,Az,Ae,Kz,Ke,Cz,Ca,Ck,Ce,BAz,BAe,BKz,BKe,BΦZ,BΦE,Gz,Ge,∂Az/∂t (finite diff.),∂Ae/∂t (finite diff.),∂Kz/∂t (finite diff.),∂Ke/∂t (finite diff.),RGz,RKz,RGe,RKe
incipient,635118.5038454033,221850.72583727594,3622902.420292459,292452.17693060107,-6.154717490950293,-1.2907003625977287,2.875752994315384,1.8584940387126947,-6.690049639096106,15.537205526151752,49.46307580311254,-5.899750149248838,266.87659082220847,267.5498456176215,-1.9756225180304956,-2.4529697214935156,6.1887970841671915,4.59587905658535,53.011106803151854,-1.7970203178931292,5.433428869715278,6.826995496674225,-7.792132068255981,5.119988786958399
intensification,551626.5254271076,182926.58083909022,3940387.3299038303,260333.86407150017,-1.2193199689126948,-0.4350480434602767,1.5440434998716508,4.6780395350005115,1.6932564240177979,5.6493794608601,43.605792499538666,-5.9438820898115,133.10486130726025,107.74467271242845,-0.8178915259923606,2.4412356668884256,-2.8592088309056956,-2.1031381689957627,-1.39553620765408,-0.43365707638563034,-6.206833267296464,-45.326052238151696,-2.639430051395074,2.3762289782970085
mature,429574.5490676156,70373.38514646674,4254239.265118371,245631.38283680426,2.2315917698058882,0.04645168808170854,5.7933800096836,-1.2663141411175125,-0.40635282387032645,-2.5191752629271797,34.97565321571295,5.266919070536619,-330.6052849575141,-296.41189462775316,0.055740436883320116,0.7260548459066117,0.9528526121243052,1.555477045280502,19.50210594432699,1.4294939987113964,3.6372488938822287,-23.498519050875455,2.7618864790084614,3.2222690789758897
decay,640278.5071648649,76841.01032416825,3856696.864731535,178462.46257007547,3.6218792003624967,-0.6937228817721895,1.7354621135652546,-1.375830397997157,0.8937937739973622,1.039719052663374,-3.5630274691563417,2.77997179161488,-139.5102031065544,-148.45461781802283,0.8108335261913332,-0.02005348422145265,2.075855745857744,-0.41032286230848186,-6.7841902294165015,-1.1911614316814119,4.110218290450688,-8.57850407418791,-2.1321494311968237,-0.8598407117338811
