,Az,Ae,Kz,Ke,Cz,Ca,Ck,Ce,BAz,BAe,BKz,BKe,BΦZ,BΦE,Gz,Ge,∂Az/∂t (finite diff.),∂Ae/∂t (finite diff.),∂Kz/∂t (finite diff.),∂Ke/∂t (finite diff.),RGz,RKz,RGe,RKe
intensification,475247.1567530811,90061.35444239747,1682610.858702909,212783.4147133151,-2.791687899387355,0.012821079054349316,0.8189164517645184,1.3520952298654603,-2.9303874581168494,2.142667186432255,2.086754126104476,8.309514199458585,98.74955869431095,118.48564483994733,-0.8682250447104131,-1.2308326450781788,-2.934652561695493,0.19248091659815425,0.8620087451459302,0.6319204323364284,-2.7831319239116485,0.7480260666642894,-0.6109121190229897,-8.210772545223097
decay,334774.8273064301,43552.812133631196,1668125.6770707571,143467.1550674565,-1.5534867555649043,-0.02703534820577967,0.754092986413053,0.40735607087675346,-1.5718094429926133,0.26250108367683955,11.077669758310298,1.0532237760115384,36.67378342522506,93.53364760670625,-0.34293011642573523,1.7513408249983886,-3.473082889059444,-0.7819331901494969,-5.6134609173830805,-2.4341984246994364,-3.481795549837514,-15.891736906541526,-0.6100428547438033,-3.1406852851746745
