,Az,Ae,Kz,Ke,Cz,Ca,Ck,Ce,BAz,BAe,BKz,BKe,BΦZ,BΦE,Gz,Ge,∂Az/∂t (finite diff.),∂Ae/∂t (finite diff.),∂Kz/∂t (finite diff.),∂Ke/∂t (finite diff.),RGz,RKz,RGe,RKe
incipient,834627.1597182421,129265.06884442216,4664693.160619962,423324.74095924076,3.068414860741471,1.9805617288650008,-5.492592858689368,5.0284113397663,14.798929772579617,-0.9844109053680361,-8.429529229018247,12.834985560477442,113.58759149673945,38.98248019333164,-1.3075305966569961,-2.0002634613805856,-6.016670884493223,1.8714696765863568,15.700461338459903,0.979753195198476,-15.766624067466367,26.554168565426043,5.903730192855691,-22.376236563734633
intensification,448419.43211522466,157853.34330177418,4315392.109426485,351634.87012395327,2.953922192165823,0.9886344056383434,-1.3544294950001925,5.319616123961181,3.413894696249405,-0.5997125015699856,8.225437631364795,1.376882910191155,182.70905290367514,178.98688537264246,1.913447349677515,3.307457891931751,0.022455885067948954,-1.111481900753244,-12.478328594022733,-1.0778320572919842,0.5511177866227104,-22.303258922553155,3.8192123191395795,-9.128760586444512
mature,656388.1884342156,71021.66629014787,3592127.769223478,352569.9268772579,2.9031779920899186,1.3304253223294642,-15.776182703205455,1.8379596356250723,5.355169235233052,-0.701555697278434,1.5453150667934281,-1.15850387173531,142.79239024129615,74.19288946603393,-0.9767345682740259,-0.3719110588044679,-1.2053601503597837,1.7283432941120296,-1.7913101185561535,1.1941059048498368,-2.326926071173454,9.536379525765954,2.937433304686072,-15.261532562245378
decay,514740.17078618717,77836.17072915562,4158354.1139047765,210940.55390650075,-2.542301765417052,0.42279258296455835,-2.725764740621357,0.6865407441916622,-0.4248175870921642,-0.875813996992644,-23.72918324651952,-1.1526336950455225,135.11639288473924,91.71346266289848,-2.1657978127500233,-0.20372212205033752,-2.039205228892798,-0.4693288936222898,7.671484293702643,-2.223754793456526,-3.733896824253127,36.66873404626056,0.6702332645974582,-4.4834265832240225
