,Az,Ae,Kz,Ke,Cz,Ca,Ck,Ce,BAz,BAe,BKz,BKe,BΦZ,BΦE,Gz,Ge,∂Az/∂t (finite diff.),∂Ae/∂t (finite diff.),∂Kz/∂t (finite diff.),∂Ke/∂t (finite diff.),RGz,RKz,RGe,RKe
incipient,748737.3203098191,164669.37217060474,2338427.1748622097,240204.33126380356,3.527638487896747,1.3206586595846799,-1.747907915756958,7.983188023920391,4.424829853535891,3.2822435620544326,-19.13994851340408,2.820070522025754,64.633973481458,66.38203870802737,8.083464854774075,3.452996518592466,3.2895193416574515,1.182749269173867,7.389386749779456,2.6217802259994607,3.712986635602989,24.749604691043746,4.563035071455146,-9.929386235703642
intensification,644510.1124984603,233551.25261125388,2476927.156296305,758716.3424723819,-7.509902659745259,4.146968994920356,-13.345539300871803,14.084653219946484,2.6868367613581956,-2.6104212894126264,1.452297489140399,5.095276446290544,40.989194750442245,-0.57669712542999,-2.5383441107359306,4.923340561983714,-1.9782309669045397,-0.5549002407302285,-2.6408377482961254,3.242179137965971,-8.028001393087639,16.762306723180533,11.993205273708526,-29.28328982914286
mature,478110.5001188983,69297.4854109704,1894846.1910808592,712687.5807867098,-2.1653537066415915,1.726458215237834,-16.752345588875436,2.824794302653497,2.551342509956264,-1.8480242313298412,-10.477060937679623,-2.381847323656972,73.70757522864704,37.8383674870164,-2.1251028894913695,0.57720853182338,0.381211973439636,0.025051474203681656,-4.027549122982843,-3.3121493797770403,-2.609026027920386,25.367211110213802,2.971411792949186,-20.507441947649
decay,183313.21806396826,72454.42950787528,1633330.4490418355,424695.1721218569,-0.17727091369129314,0.43465922171714383,-3.368622419290784,1.1999587670514436,1.3065827111264199,1.3759468205245706,-1.817994354546323,2.0431214342330817,74.20258852292469,94.77818761112623,-0.5490499043531367,0.10762189797729015,-0.9604035188618928,0.3012389262085009,3.8266180600613717,-1.100492021311453,-2.0095979219624613,9.19050574758977,-0.3094083489817707,-7.712194641886763
