,Az,Ae,Kz,Ke,Cz,Ca,Ck,Ce,BAz,BAe,BKz,BKe,BΦZ,BΦE,Gz,Ge,∂Az/∂t (finite diff.),∂Ae/∂t (finite diff.),∂Kz/∂t (finite diff.),∂Ke/∂t (finite diff.),RGz,RKz,RGe,RKe
incipient,1328850.7875538545,370877.478919328,4148635.78574649,420999.8456441232,10.896237429383014,5.905337228475115,-5.177773603687977,10.07160890903105,25.349188633355386,6.41293627050759,14.487330010884497,4.892094700531629,129.92568779946083,52.28620035016167,-5.218407238539596,-0.1662468798671958,-7.740431921025251,11.599429626306417,29.21259184144513,7.431426844593084,-16.288045896522515,9.006798004865592,9.352765036354763,-12.710050368657571
intensification,387316.3233385356,427085.90878378565,4512237.523317397,594674.3730745903,-4.384925903904503,4.149835331258501,-12.96052752080911,9.209844362447326,5.8719728002430855,-2.929024123118254,-0.7770696297118643,-0.3999473647161283,421.63802184244213,377.48511749801617,-0.6217882608414297,4.296230578506929,-6.184862665739974,-3.3905235554828224,1.9881736057684039,-1.3184424240857318,-12.291926038629061,20.110696660193888,4.598509598824258,-23.08886694262604
mature,306429.9851154334,105840.75906629139,4455505.892185913,381390.7560342569,-5.223470812373625,0.8165640759331838,-18.32001499557931,1.1426477645132864,-5.582881273382968,-2.1306180193375863,-13.05248039423132,-3.73517625116895,421.2809617156784,303.2025733979731,0.5342689951097641,-0.19674081175644478,-1.5314243835258785,-1.0067708002980138,-8.217881381859923,-0.997994575664808,-0.35544984658335166,28.378084820324336,1.4499309076196751,-16.725481084588456
decay,497256.62584980717,100714.42487591093,5454038.019619671,193552.9460139693,-4.518800334757131,-0.23178077296983027,1.7259252980444377,-0.2792846995615974,-2.0335124575505983,0.40421646955588353,7.780356478771556,1.2958190228372033,-281.4901598913341,-321.55127904227396,-0.32553169616134026,-0.050813019166041216,3.3656414247123387,0.3786596843393094,10.135411151476248,-0.7190703797912912,0.6485727745359751,5.1479297094173875,-0.07306071180834119,-0.009679405022459427
