,Az,Ae,Kz,Ke,Cz,Ca,Ck,Ce,BAz,BAe,BKz,BKe,BΦZ,BΦE,Gz,Ge,∂Az/∂t (finite diff.),∂Ae/∂t (finite diff.),∂Kz/∂t (finite diff.),∂Ke/∂t (finite diff.),RGz,RKz,RGe,RKe
incipient,930944.3045465392,242520.99676752908,3313595.412089698,373637.12738505926,10.273662842026072,1.0126216137873996,-2.9043363832506124,4.548191001790295,10.951206370749393,5.114465958459126,-52.59182165927476,-3.285187879161045,116.44791352606046,39.309356551703786,3.072651176875574,-0.5901657411233664,-6.719482151316274,3.4321429903576277,-39.0762632108518,4.690319623457358,-6.384404066252197,6.1462319896475,1.8532464199013974,0.5229801175774955
decay,847047.089792906,244010.15906420464,2967844.9387147985,467092.6322054067,4.288488126027174,2.281300927573709,-7.263289613159391,8.389077199148629,16.296320363607816,-1.29205649991684,-55.821355231231315,-1.2364901743884447,86.25183269182673,6.469882039582207,0.367479013490062,1.5352087766154092,3.7197901433371516,-2.1001656385163776,14.127883386284495,-0.005813101921613217,-6.00674116666978,72.92404010464803,5.299667132975382,-14.42168973984119
intensification,1037397.7905440914,170563.23797692088,3525202.9021578184,385815.1058433664,2.9193704627328714,1.971402110556367,-8.248564694445513,9.193775146954541,14.595777104712193,-1.2319317915699426,-54.81761530858315,-1.2631607041904453,86.6742042543501,-13.839191270040223,0.573424112527731,2.686156274322262,3.543760987558466,-2.0823936449883433,5.472283355228403,-2.2117370343088285,-6.1612435438644875,65.61909289552419,6.371911182979775,-18.390916171518437
decay 2,1127916.0917337139,106477.66895689224,3690489.0458138795,301403.01454961486,6.248068416626032,1.2610700222500495,-6.996740038195151,7.028388603506395,20.007272313158857,-2.4005609734586764,-48.77235091804576,-2.406546141021537,60.346689343185666,-47.93815042053306,0.40832041385103035,5.096912196653776,3.7017398981084346,-2.4427513142996977,13.875412930142192,-5.2995180428544755,-8.79639397617434,63.396435469757066,5.725128240415325,-16.918100543534486
