,Az,Ae,Kz,Ke,Cz,Ca,Ck,Ce,BAz,BAe,BKz,BKe,BΦZ,BΦE,Gz,Ge,∂Az/∂t (finite diff.),∂Ae/∂t (finite diff.),∂Kz/∂t (finite diff.),∂Ke/∂t (finite diff.),RGz,RKz,RGe,RKe
incipient,1112469.7556134209,268748.16654268967,2439051.889232636,302836.65645252174,-22.418040515553713,2.410302410668592,-2.345416001130089,7.5511540035661415,-0.061250763072874664,-0.8536490634150086,-29.51306369287136,8.222013176481777,101.54829437088644,79.98647441168711,-11.874203526981685,0.3597807969095791,4.752187083997674,-1.6520876808613498,-7.966437521365362,1.267376638184833,-15.194300257814572,46.310082688189794,4.342412975451207,-16.851206542993175
intensification,859603.3942089558,326869.09758788464,2302072.946510603,733910.6999784748,-6.519675160539352,3.9553875128540197,-3.861127087574295,16.352161198353436,5.9904576081998036,-1.166416416388481,-44.355014992451984,20.26405310098692,91.66628364921168,99.81163809200947,-5.3289342255958445,9.231158224447656,-6.151041615521773,1.5941947580875966,1.4218652625494355,9.23758840864299,-14.70578687140691,56.157682503115076,15.15738485997549,-31.239752978271667
mature,509861.8680659984,404964.5952177348,2577170.5455624145,1407462.4894856391,-12.155008380893587,6.000760152825514,-29.883453329922745,18.785786102104872,11.981216619823833,-5.945388643376819,-19.79824864362014,19.820818290040258,77.87207511292355,65.19014664083835,-8.98947143499612,7.76748861365145,-1.9592832049115976,0.3972263752295139,0.7386683140807955,9.93925610952317,-20.094748052803503,62.575378668517274,19.12764096788569,-58.55080161254471
decay,565484.0130332583,311750.9998052963,2932231.4581160047,1291180.5103473398,-7.90209739362924,2.4501072370138535,-25.758490622891355,15.398878801779427,12.954566518767834,-5.403429273729078,-14.667375114101885,-5.670294148353197,71.87843430600113,33.58162311935549,-5.8663389760484,11.431030507843118,4.867664949473768,-3.4672193108336296,13.502085675320942,-6.597614821801336,-13.538891725909451,61.83004880594342,14.884981527661026,-42.08469009811892
