,Az,Ae,Kz,Ke,Cz,Ca,Ck,Ce,BAz,BAe,BKz,BKe,BΦZ,BΦE,Gz,Ge,∂Az/∂t (finite diff.),∂Ae/∂t (finite diff.),∂Kz/∂t (finite diff.),∂Ke/∂t (finite diff.),RGz,RKz,RGe,RKe
intensification,96956.33300436176,73623.55229420276,335776.8588854265,251253.66956616193,0.33753751664793874,0.4140663354602381,-1.854904543840002,2.0293063898640398,0.6479238414227657,-0.3006564759331072,-0.44304358741712463,-1.8970692594908523,4.9742519578318145,0.42958426207863903,0.45824256560781973,1.4560826596408445,-0.1632063954467422,0.24119931966458089,1.6150553171276611,-0.12852335628273345,-0.05952638476133103,3.5754659317368493,2.157095850001489,-2.1156650304959226
mature,72618.08742492239,94466.23468386281,500116.06820938684,247440.20448196164,1.0272899657531867,0.30545799354244446,-1.8260767884122704,4.102646289959778,0.0715228330237856,-0.38125313223272767,-4.191029202869701,-1.6616409283090345,27.090276919014855,23.340079443858087,0.872297851073653,4.04057226134719,-0.5219940203613328,0.0694317147930471,7.064561975619315,0.4044087886568956,0.7392311059105129,12.0543780011481,4.247873143443107,-3.862673361406117
decay,287271.02321593446,72951.43516874265,2245265.265630337,207415.6249295913,-0.7333432423196992,0.028877742953788664,-0.886790632823423,1.8725417956752983,4.010965272955998,0.22865931205976767,-13.636975491287354,-0.4909464953741595,95.45172639899194,94.53961798783581,0.3790778947011798,1.4700692612167219,6.127322290325005,-0.463923353480415,32.096283386802426,-1.2550090780911671,1.4118915180030973,47.353392753232896,1.1510813871813266,-3.5233950112157277
residual,816145.9151104481,65761.83251983776,4167686.386850593,197329.43696785456,-1.2361477281748958,-0.3200573555273683,5.837597568838351,0.33573088484943614,4.311911562029117,2.839796941571685,73.16909017395547,-2.4411351138656077,-94.79642394098252,-49.50906266274372,0.1242567541453769,0.5852388248444288,-1.2855652569544442,0.40121056190443055,-3.598088400077653,1.3545174000991724,-7.153681902685825,-81.36862841469656,-1.782798139290449,9.297519197953696
