,Az,Ae,Kz,Ke,Cz,Ca,Ck,Ce,BAz,BAe,BKz,BKe,BΦZ,BΦE,Gz,Ge,∂Az/∂t (finite diff.),∂Ae/∂t (finite diff.),∂Kz/∂t (finite diff.),∂Ke/∂t (finite diff.),RGz,RKz,RGe,RKe
intensification,767240.9877013048,341682.2716110204,4927714.378898656,230709.58097118745,1.1631408660719103,2.8414948343356,-1.6158668359443447,6.322409777196875,14.994754072735342,-0.9922525675552336,-68.95489825572992,1.783082165512021,430.474924417764,429.77836019183275,-1.442890569752377,0.4355533985850631,9.196313159868714,0.454140014979695,32.02634873277446,-0.136745649718251,-1.7938052124591188,101.4339729583768,4.927307525396205,-9.858104428371494
decay,706329.3377471281,269413.7930214676,6026617.093125215,223952.11944414367,1.9403921742451566,0.7764323281565348,0.709528710864671,5.650891254116656,6.622751456520364,9.378113665714261,-1.2856019725466497,4.402483994667048,523.3657042185445,479.29991108943125,0.13336676272355538,0.2446808051400633,-5.602966307694677,-0.5583035075446329,11.521615194639097,0.5613795219914254,-9.508893261813348,10.157296282075919,-5.061958247298773,-8.782467015927608
