,Az,Ae,Kz,Ke,Cz,Ca,Ck,Ce,BAz,BAe,BKz,BKe,BΦZ,BΦE,Gz,Ge,∂Az/∂t (finite diff.),∂Ae/∂t (finite diff.),∂Kz/∂t (finite diff.),∂Ke/∂t (finite diff.),RGz,RKz,RGe,RKe
incipient,219028.77773664502,170587.61968587473,1151178.2733813978,262922.3150213901,1.0193467946082204,0.06612063883488878,5.757869135295482,4.546858993536929,1.8129163278502678,-3.3578349229895332,6.582594905214177,-0.7459244844756605,36.03422720357768,22.50836562027357,-1.2929194927659506,1.8575199424425146,0.3253557062183126,-4.614868223419313,-6.635452651959099,-4.481779974476121,-0.40209318818884554,-19.995263487076976,3.2237050542722594,-2.524845348241906
intensification,179518.52404259166,80800.47975440545,771645.7120691072,395240.3899379357,-0.4703461668101736,0.77932683963669,-7.527874463583213,2.0360194888922662,0.710377840197304,-0.805069653825293,0.5521564366788241,-1.7466976506340448,26.404943347632656,-3.898321334283223,-0.2216745838498159,0.7320928054822056,-0.27805185511936936,0.41825713314565277,2.1651407110672967,3.0613733050272045,-0.6794490224901572,9.611204904781859,2.4800194362265215,-4.7558229968142305
mature,171093.69778792938,119406.34443222801,1349160.4084829576,442044.7847906418,-2.1126035963255325,1.1005284049538921,-5.78646777380242,2.2451746591870045,0.12743728341496607,-3.217497625143001,-6.17744512544172,4.475065460253942,40.150208769016274,-16.072103376373384,-0.5135241115477214,0.37472940623431883,-0.68979205110198,-0.2646677012525521,3.581212603433079,-0.26175157460478626,-1.8293045258885865,17.65772909900275,4.097476178123562,-12.768459467848157
decay,362346.7037015677,68900.89362211207,1772139.6473588676,344788.49164816685,2.399763874566862,0.694978057665826,-12.830859527523229,1.035742302250389,2.553222785826407,-1.4670857881938097,-30.700633319469567,-5.866405349989962,83.68817251890952,34.94337532626094,0.9824833261327804,0.44368157088626586,3.459459197287522,-0.03271172848263409,6.575154059057772,-1.1486073645419823,4.000978343693804,47.706883031483706,1.7751383042957385,-9.14880384432564
