,Az,Ae,Kz,Ke,Cz,Ca,Ck,Ce,BAz,BAe,BKz,BKe,BΦZ,BΦE,Gz,Ge,∂Az/∂t (finite diff.),∂Ae/∂t (finite diff.),∂Kz/∂t (finite diff.),∂Ke/∂t (finite diff.),RGz,RKz,RGe,RKe
incipient,421097.0104722513,291367.5560447104,2911762.020571344,476075.564875174,2.5252475779788557,2.6312899660016247,-7.03995065884973,7.481521240089566,10.376197100420063,-0.7923880855117944,-57.102243042526574,3.6584346449269325,175.476640115216,105.38413638334642,-0.31561666263752225,3.8510860366763744,2.121354752193709,-0.8319850654836621,18.166806132427578,0.8777536119744399,-3.0983048042458723,79.78375225582502,4.810634294116074,-17.302152931891786
intensification,613267.763132075,218622.93044543487,3942616.9846894993,451156.33085696376,6.884063262186511,1.856639068001677,-7.237581846451551,8.60322244224354,13.930218471020776,0.1201555829763245,-67.4355288088746,-1.1199138376407034,211.3643188767914,116.53662102542654,2.0214090569074314,5.2775402245191865,7.93827166117655,-2.2256979860193207,25.851967218729463,-0.4800548695900485,2.748755520343962,93.6410146118691,4.400729805246217,-15.200945320644434
decay,1386035.6637423134,79986.33660888801,6580790.452886099,213793.5921876027,11.546942364757378,0.6088161852702535,-3.869840491605318,3.1878804808758163,11.173461415013845,0.39192602443631347,-67.8883464155405,1.6119291140039849,37.12988343044115,-48.40338163398857,2.82986730282765,1.2243281484047632,12.035625674025834,-0.8455467041624464,28.118330486134408,-2.5598952874142165,13.017922809039618,88.32957502852285,1.3415915670068017,-11.229545373899336
intensification 2,1919034.8399549234,282832.9213417646,6737355.214801133,388699.17204383394,4.230543846280979,3.5279908459128646,-10.07435474005327,8.065938097742103,20.222553675679094,2.6094543418230507,-25.39608408883841,-0.5815754441027363,34.56704406833729,-53.432542232061536,0.7420214490201945,2.4845324148567114,-10.259393756494575,3.8223274596501793,-5.665877656695127,3.8103878803542752,-22.72341273997982,25.57401732591557,5.750820369656367,-13.748329513338364
decay 2,963453.5534399105,585916.6910976038,7475349.071496896,604567.4323628825,5.404799220674428,4.6686574432544115,-1.893153239111526,10.518620179455171,25.86571018394436,2.1268163374339806,-41.906497490132175,-2.20755315157266,539.6340891999629,329.7131384265097,0.24482362208675598,4.504471181236162,2.4950603230082242,-1.9142781286985215,3.0970946587891426,-1.347069213379969,-13.297193197007296,41.491946167358414,1.8088682700682563,-11.551289480374008
