,Az,Ae,Kz,Ke,Cz,Ca,Ck,Ce,BAz,BAe,BKz,BKe,BΦZ,BΦE,Gz,Ge,∂Az/∂t (finite diff.),∂Ae/∂t (finite diff.),∂Kz/∂t (finite diff.),∂Ke/∂t (finite diff.),RGz,RKz,RGe,RKe
incipient,170707.60431195918,234987.01518147413,1386300.870013014,382395.0721034071,-1.072542926501922,0.7465493765888915,-1.9768344875995767,3.2903963154278943,-0.4652472917989761,-1.1830005510482793,-15.495667799481167,4.1098055104033895,117.82743514892705,107.10081493469302,0.45316569194467543,-0.24215730298323604,-1.102185956422557,-1.641376836181854,-2.2866112111861896,3.1506613331824203,-0.962932214536611,16.258434002396477,2.085470653705428,-6.226374980248439
intensification,187515.0160622919,125742.50104266514,2190720.134882853,391965.37950850074,-2.018980952917884,0.8802134454192047,-10.041890421871289,2.185798430771366,1.1018232606727274,-2.28605917594767,-32.06307580393331,-6.947527037356451,272.5571839352766,243.2761826581373,-0.48309666470521667,0.5206641952136373,2.9440984609388203,-1.1347854840642213,14.70600055661069,-2.9235104420434634,0.7035076927674142,58.82994773533317,2.45685867723561,-8.203672257329664
mature,566336.83164248,34072.62877604172,3081122.8910674322,69988.76705276067,-1.4814148999708634,-0.052524273937041496,-0.02976567611985159,0.12029595163486329,0.1315516351136512,-0.22713685473648104,-36.62231208847288,1.1825399270436083,-6.807157897260495,-60.21615462628854,-1.2791296677829187,0.07814138829135697,3.7289339200888634,-0.18352766692266953,-9.334168593929169,-0.9782709268985047,2.0634431110673073,28.799324070634427,0.21642941338571625,-2.310872481696828
decay,976798.2663587584,41342.868293247186,2942805.419286096,105170.70354779692,6.247943665883572,0.2618838904994342,-2.3058850021566077,0.18968529214692328,12.324241621231657,-0.9154803286004145,-37.05192373587746,-2.0344869013315527,-116.16598410374247,-223.46492145138234,3.3925513589463354,0.41317095799749254,5.805430700579229,0.017446935884529724,-0.8586049854087436,0.6737976350305316,-0.008983364269422959,32.251260086741745,0.8607286661324332,0.21271424205855316
