,Az,Ae,Kz,Ke,Cz,Ca,Ck,Ce,BAz,BAe,BKz,BKe,BΦZ,BΦE,Gz,Ge,∂Az/∂t (finite diff.),∂Ae/∂t (finite diff.),∂Kz/∂t (finite diff.),∂Ke/∂t (finite diff.),RGz,RKz,RGe,RKe
incipient,744508.4921156885,335926.0334117674,3488540.789475086,845276.4412022701,-7.255509697825221,4.483411041342184,-1.136186221086738,24.553629600202743,12.005532197149115,-0.5202991775468395,-57.9852948744642,29.32677331150454,185.0891897453232,115.65618226494333,-3.272719807786567,-5.040524866257872,-3.789356562367336,3.089098008989946,26.713066294780862,10.746081087134272,-18.56698741599949,93.090057088157,23.679615745397346,-44.27050804565975
intensification,304838.69404770574,209936.7856988391,2778278.446002096,577301.7878904508,-4.94166370455786,1.7575309225913993,10.448957911705715,10.278158995212646,3.5982543870426267,-0.9480655487085345,1.1456086398698326,16.9091248819087,111.09060858124087,118.25016284318859,-1.4290798190112666,4.116973461429277,-2.4009495457536514,-1.5986853079897316,-11.481520101267034,-3.7384492936607248,-9.183336714762737,-18.134422948284726,7.870008313340051,-20.47677525907635
mature,208756.0688259617,44113.98786331015,1660565.8249486643,205330.61148083635,0.2725247960725114,0.16266553460053929,0.596947573787941,0.38012266194421207,-2.4887565640982787,-0.02900167075749016,11.394864973561864,0.5741667000081017,-30.296946576988496,-43.86957905519327,0.7092427481882556,0.24682561115413856,-2.5086888465480808,0.33314113626088254,15.868744538203327,1.559079247237585,0.4152580482232483,3.6044071947810092,0.5795999343620453,1.2017374590732124
decay,266537.81004994124,77131.26927952164,3668786.270161752,336690.06109062803,2.8415172752799056,-0.4520036644266274,4.28291267476683,0.0037244637235314126,7.11121133310881,1.4750288049013367,52.169085588435955,3.7931063934360325,-268.6295144583238,-270.7856744072787,-0.20415012782392128,0.47021104603172365,0.8977600097755551,0.5050613419148376,8.668004234423625,2.1185679545856204,-3.823937712479976,-50.62551130405905,-0.5142393348363404,2.6046497721928854
