,Az,Ae,Kz,Ke,Cz,Ca,Ck,Ce,BAz,BAe,BKz,BKe,BΦZ,BΦE,Gz,Ge,∂Az/∂t (finite diff.),∂Ae/∂t (finite diff.),∂Kz/∂t (finite diff.),∂Ke/∂t (finite diff.),RGz,RKz,RGe,RKe
incipient,611332.2416556178,85140.66551095199,3489903.119092816,277293.2282773337,-2.109056885318969,0.23074228837133215,-0.9864804057486946,3.000497407170923,-3.0090121695210277,3.233579522285125,-18.458554883429166,2.8001848804643226,-25.09520696463869,2.1109869775869576,0.3105755755516725,-1.5742118696874206,2.988048251946185,0.7417799661729976,15.866035115529353,-0.08281553834223605,4.118745824519575,37.42012729002619,0.27795556268746363,-6.869978231726176
intensification,570284.4370565099,129956.36891398349,3645037.668088003,215325.47414768705,-2.645893001746511,-0.18816312561060558,-0.9542387180908083,2.21901998199576,-8.244725249553081,3.8666438862841703,-8.758353737400887,-0.8268848162052278,10.550730195423428,-2.1191497647876996,-0.3114989637040952,-0.23144707960257713,-2.8982824790706467,-0.029974821312006128,-5.913004644999435,-2.056123288341456,2.5123866431253163,6.445480812238771,-1.489435599989811,-4.402497172222797
mature,408065.9527001517,65479.55534595211,3209021.149651784,112833.58812549745,0.8382130764485569,0.4054606149106049,-2.1193158577308595,1.7189649804735225,-2.9980332604469444,-1.5885558056338258,-34.68312730065332,0.6016456470046687,39.4172766458938,-5.381840997870633,0.2846190743378674,0.3435898098205779,-1.015409990068811,-1.776322873326329,-1.8800754522659529,-0.22629254075609892,3.226296961737295,34.08415462966967,1.1257372978704145,-4.66621902596515
decay,459392.0121789875,53180.232285978534,3304564.1887385678,121420.49558667175,1.652986642486327,0.4593071035129187,-3.0648558763833007,0.05397552257270313,-1.1080577259988829,-0.9593005081106698,-41.29978055985117,0.2871645010168299,21.58116340251528,-8.035897898815108,0.2101493335621094,0.371344649984449,3.071851979720246,0.026745412585771407,5.796501838501696,0.28345101926308114,6.292203451718375,48.508151632249835,0.5807143397562256,-3.122544880709752
