,Az,Ae,Kz,Ke,Cz,Ca,Ck,Ce,BAz,BAe,BKz,BKe,BΦZ,BΦE,Gz,Ge,∂Az/∂t (finite diff.),∂Ae/∂t (finite diff.),∂Kz/∂t (finite diff.),∂Ke/∂t (finite diff.),RGz,RKz,RGe,RKe
decay,874848.7378302626,70973.11208559791,3007449.695411136,145925.59511519194,6.300507435897256,0.6166336327229918,-3.7334365644775356,0.40852982810882604,9.039315098096285,-1.4613140836105822,18.251371150921077,-0.022781033109627476,-96.36024385326164,-117.49638391182846,-0.6408338053265423,0.4840611140649884,-0.5532565486486177,-0.051159551348632544,-3.2864821279018246,-0.3253319310271022,-2.675430578124659,-24.104924150242617,1.2020507276477839,-4.444517290503836
