,Az,Ae,Kz,Ke,Cz,Ca,Ck,Ce,BAz,BAe,BKz,BKe,BΦZ,BΦE,Gz,Ge,∂Az/∂t (finite diff.),∂Ae/∂t (finite diff.),∂Kz/∂t (finite diff.),∂Ke/∂t (finite diff.),RGz,RKz,RGe,RKe
incipient,1730456.09635049,128750.64627935427,6356416.113056321,177295.72636840228,15.877460044735097,-0.6745441747910944,-0.7859728766925107,-0.6274856265207017,20.715252716123903,3.271154215468627,-96.36539652105188,-0.9720106725776014,238.40427860077256,129.24336084936428,0.3124364279693897,-6.876603607115398,22.64003179345709,-4.551722267958916,31.962367779439383,-3.2827956591205454,17.127694947277185,113.23627713244868,-7.775817935157151,-2.469272236714753
intensification,1981620.8328963944,44825.17170334722,7266531.428764065,97035.07031412702,6.072335070268816,0.07056111045037514,-0.5130246525666424,0.42313010250486577,17.767067947302362,0.7979190895777842,-34.74084948476766,-3.3969124585978747,-3.330996306215058,-88.63580359022568,0.4067643592566584,-0.30679149772371506,-0.1138707622911557,-0.5223833792223093,10.123628652479871,-1.0887649332019735,-11.73804252887433,39.305167719545366,-0.9677334767456032,1.3719927703243928
mature,1788632.7638629435,92343.97528467773,7086784.0948949605,100377.87977460396,-1.8165952411359436,-0.4161770108618035,-0.36299817744517837,-2.9015396950099714,6.9907594970643006,2.4780714506704786,95.39742637475942,3.389110273455703,-241.48734511239076,-227.20227892113292,1.0638756260659494,-2.2386077040838126,-10.683343141315184,2.924490585240811,-21.878546872444826,2.3970267165700685,-19.90687489037723,-115.09637982862313,-2.0389435495778354,1.5464579606791586
decay,1411217.6751230457,190821.97161531658,6536131.234286263,155057.10496156724,-0.7277070562462735,-0.8303956458654106,0.24917961394901553,-3.213820793716549,0.46232549794751776,1.9745291657283766,114.2271178414242,-0.9184171603505294,-110.84149427280495,-44.26396514207061,0.4543979546940763,0.04103049371523433,-7.599160801253875,2.0141238010158,-7.334997769708037,0.11057298392660164,-9.619589001313077,-121.083588168835,-2.3438305125637156,4.491990551942695
