,Az,Ae,Kz,Ke,Cz,Ca,Ck,Ce,BAz,BAe,BKz,BKe,BΦZ,BΦE,Gz,Ge,∂Az/∂t (finite diff.),∂Ae/∂t (finite diff.),∂Kz/∂t (finite diff.),∂Ke/∂t (finite diff.),RGz,RKz,RGe,RKe
intensification,240838.090222919,168242.84829909555,1993909.7638914746,290436.2020028597,-0.3993170055168489,1.3810805649014608,-1.49717052051652,7.614069404035071,4.948265713408117,5.7837016991291765,-30.157983827753554,3.666679488890747,127.03397301979135,111.33089780297739,-0.3413602840284875,5.316546349997257,0.5323294990575328,2.855736599940905,30.572615967039486,3.923600585151009,-3.4341726549659715,62.62708732082641,3.305023739945338,-8.85431882829133
