,Az,Ae,Kz,Ke,Cz,Ca,Ck,Ce,BAz,BAe,BKz,BKe,BΦZ,BΦE,Gz,Ge,∂Az/∂t (finite diff.),∂Ae/∂t (finite diff.),∂Kz/∂t (finite diff.),∂Ke/∂t (finite diff.),RGz,RKz,RGe,RKe
intensification,1093057.3051746765,126676.86317523505,3573952.8869820675,146314.96266957762,-9.065568425335716,0.15579388005247966,0.02861024138924315,3.8400345422926487,-2.14106852312146,1.0435296345252727,11.37364789437219,-1.622035053992267,53.92034911004448,84.27623444656305,-4.341208978769154,1.6718636198441426,3.368146440367499,-1.7229152673405717,-4.690462347165039,-1.1276410184041108,-3.4005595817942766,-7.02715205759076,0.9177957603743252,-3.317030265315249
mature,1315324.589530097,66447.37906934739,3674627.8303266815,86219.72747911808,1.4410289089473964,-0.35968849140599696,-0.6034291769699588,-1.86497910241889,1.345889997468382,-0.47375261410238984,-5.954815817870013,1.5952310554105156,-151.74578422743642,-207.64834822521752,-1.9590975711344238,-0.012406885001311001,0.16762608830748071,0.005280475808677428,5.716032699960131,-0.7897588168111408,-0.09692349161950202,10.833248785852705,-1.0262575211018257,-1.1234399467727252
decay,1885774.32895561,52052.98858964805,3833510.489640627,95012.13342914579,5.186768843106142,0.20349459924457305,-1.6770810015717044,-0.40748162267247545,5.029214517406475,0.6090015122623805,-25.297547794511594,1.5815572829640951,-99.1614173214692,-149.01991910806635,-0.2618698032785378,-0.15823614222230326,13.524730595925622,0.4548601380718873,2.3794982800092006,0.6726237534957356,13.885779520869864,24.167358232986352,-0.7651175961075417,-2.178532908367589
residual,1230123.4489566553,252956.55285959863,3743978.051682651,343391.5893004116,-4.690517422125006,2.9833712635380065,-5.785238281145895,8.953312201164318,4.423625101001918,0.46895033479118015,-25.317791720041072,1.738438949740231,195.07501786560664,133.27929169009892,-4.5179175355216525,1.605565360068431,-3.5715290363625027,0.4604419736062118,-0.165494981064758,0.36021149595385543,-9.702300295951424,35.62805244224721,5.961432576441342,-16.11677793609659
