,Az,Ae,Kz,Ke,Cz,Ca,Ck,Ce,BAz,BAe,BKz,BKe,BΦZ,BΦE,Gz,Ge,∂Az/∂t (finite diff.),∂Ae/∂t (finite diff.),∂Kz/∂t (finite diff.),∂Ke/∂t (finite diff.),RGz,RKz,RGe,RKe
incipient,271505.6844835805,80722.18249977715,1395617.1779721358,285965.22589170345,2.203341899850699,0.01775426022354405,-4.784613110884753,-0.7348050443800167,-2.20166730698332,-0.9900996125161537,-3.549250034567333,-1.8701977472856675,-47.719372669555824,-74.30310545051519,1.37399688737924,-0.44388348396937016,-1.338607521143124,0.21705758676099726,-5.259983536800285,-0.9188532643534789,3.084155945914439,0.8705377088011022,0.4545978946735902,-3.0984635835725483
intensification,282362.1339882607,69155.77938708315,1156254.19306868,175653.67831855046,2.9599843636491414,-0.2508953299115686,-3.2680502496284185,-1.535501049345824,-0.2715280889032828,-0.7052122029116745,-1.8161726320052054,-0.834807113757401,-29.02741525859013,-45.255568637064336,1.1309649855730384,-0.41462739479578403,-0.2356851557704697,-0.2792065261514517,-2.9131202681729653,-1.2253696460886168,2.7449319668703858,-0.7888817501884823,-0.8586000426740326,-2.1231117326138103
mature,227889.0250871589,47562.33177079567,934242.0168651636,108031.78112743977,2.2244265907876635,-0.25154933903430843,-1.2278293681944914,-1.351630871561043,0.4398158469460401,-0.28575838909404133,-2.2952180368861677,-0.12628253304795015,-9.512555242266572,-16.37027546580498,-0.21003298511403687,-0.89957414053044,-0.8154525569587205,-0.4625425586343779,-4.226493441872105,-0.742665101422002,0.7176088478485944,-2.927872627579109,-1.2768657020670713,-0.4925810650075004
decay,190465.22250521288,26707.394834890452,872785.2630366929,99388.35795742867,0.7936691922976103,-0.19409063160119563,-0.04131253256386283,-0.6858851768934547,-0.2580525846046648,0.34039288862695555,2.8434605965690465,1.1847062213815445,7.974216962851538,-1.1195625626543686,0.4098871541793385,-0.4368182210335529,-0.02907893421976811,-0.07058306740926949,1.0426379641721881,0.37023825687881756,0.8285522110813112,-2.5531792921306056,-0.9027705013284842,-0.1698953201731347
