,Az,Ae,Kz,Ke,Cz,Ca,Ck,Ce,BAz,BAe,BKz,BKe,BΦZ,BΦE,Gz,Ge,∂Az/∂t (finite diff.),∂Ae/∂t (finite diff.),∂Kz/∂t (finite diff.),∂Ke/∂t (finite diff.),RGz,RKz,RGe,RKe
incipient,765879.7920926977,204735.31106531023,4368213.867645576,455485.3540809047,3.782166299262288,0.1619846158072766,-1.6052890169071266,9.725766069650136,6.429862821300899,3.729010216957628,84.89964488001013,6.325882624916765,-159.358949667603,-189.693446863062,-3.1918535539662645,-5.699505397883419,-6.127080992536245,-1.3519189519217238,12.055472016903243,4.759165658489423,-8.61279289876758,-75.02105014546204,4.482852284963508,-12.897772052984603
intensification,637037.8248154932,152910.09958546903,3563531.974890545,508065.9637550462,-1.5517409651968286,1.4280884498237854,-6.755509437832906,5.812455830133158,5.065456933292719,-2.047136634647535,-6.898438837208521,0.44714995608664543,91.03429119542972,65.25779692577488,-3.9377771723176767,2.6568795592321304,1.4339981221098965,0.023441392908608655,-7.966499801642985,-0.5617322919183217,-3.7551113265558658,7.239189438595276,6.454945407865516,-13.57684751597103
mature,764633.4261864749,321208.0464891534,3642612.721769729,392855.4665423407,-5.799888498379928,2.867619898024086,-9.749992251410754,2.551897772102574,2.550251280202022,7.588956666820299,-37.9428186800702,0.09246791982691938,233.828711050352,231.75672633344135,-6.223201123257516,-5.775763023672179,-5.690959555481834,4.207262837995357,11.326960153456378,-0.7864746067079998,-11.173479436039699,64.81965958331725,-3.697415954746455,-13.180832550048247
decay,536508.3030749118,173277.46456874977,3590049.2292304495,261877.8016867643,1.8637839852946863,0.929714544291204,-7.169143487597112,1.0088758867163568,7.173806892240419,0.20537727729731511,-20.01673117073897,-4.29603960680276,176.71278285285507,113.29531496109428,-1.0405606621599124,-2.4500376172165708,-0.1526295364197129,-1.7377263654228992,0.8369359161676009,-1.0997071320158678,-4.532937899074245,26.159026589209002,-1.863942300295061,-4.981686899526575
