,Az,Ae,Kz,Ke,Cz,Ca,Ck,Ce,BAz,BAe,BKz,BKe,BΦZ,BΦE,Gz,Ge,∂Az/∂t (finite diff.),∂Ae/∂t (finite diff.),∂Kz/∂t (finite diff.),∂Ke/∂t (finite diff.),RGz,RKz,RGe,RKe
incipient,997249.3820574946,149071.41293266046,3859492.350874348,469018.04798086797,0.15096519757394278,-0.8225477901257333,5.340836008361378,2.9902414869548646,-0.5770414078685344,9.116212110862781,30.446182015304657,9.17330245086163,44.01196641035332,72.23261552259605,-2.5222260309471793,-0.9587690073563718,3.2435017613652533,-1.494166691056914,19.58835049267088,0.13887652483060395,3.1489605766819975,-16.34963272856909,-6.797589524839097,-6.683831404624513
intensification,1143695.7179590429,164924.57735587683,4195581.984911502,424758.06016788725,5.447564694233608,-0.3835541196777031,7.4631319176942945,4.3656127528791675,5.434784617026039,9.383269368425799,4.657704524178108,-10.5306889700017,35.89262684732508,26.704637674545395,2.1596646085194173,1.1678510677148612,1.683310808431013,-0.31408941545748387,5.22375291169482,-1.347671317906473,1.3125367659608778,-12.344648224411186,-4.948191911326413,12.28053681691035
mature,1119328.2192289722,68534.36119572535,4603363.516793461,323870.25728277396,8.8089420619736,0.10434067259477255,5.60900253500847,4.387027730286961,10.67010644601382,2.6699988774056753,-28.880613422574825,-8.053683636351018,-52.44569836352363,-88.43201204908573,0.8134278420796484,2.5723985979498045,-0.018660962299413608,-2.2009139501666297,15.32707542960905,-3.004179786600731,-1.77548467374486,29.789744255201803,-0.5882257698801169,6.271478654471796
decay,1257690.424893616,49193.14372081729,5210495.88272951,238020.19921780843,11.241609041277535,0.3894490356425031,-2.1907091702350865,1.1688193565367682,14.74974667601351,-0.5586729448251596,-80.13710937918344,-5.990746623374256,-142.35578957514312,-190.1916044499823,0.8434638208459101,0.6023108644552186,2.5551892675233616,-0.10895823152264267,6.015698468529368,-1.7379349961823678,-0.5634993315701097,77.10190797667036,1.229085034196782,0.8932831004200331
