,Az,Ae,Kz,Ke,Cz,Ca,Ck,Ce,BAz,BAe,BKz,BKe,BΦZ,BΦE,Gz,Ge,∂Az/∂t (finite diff.),∂Ae/∂t (finite diff.),∂Kz/∂t (finite diff.),∂Ke/∂t (finite diff.),RGz,RKz,RGe,RKe
intensification,406354.6497120678,650627.3617193222,5930151.3829649715,428122.6081788046,-3.8763459234603084,1.4831303611125473,-1.5763255207321247,22.299313947257215,-8.79292506934154,11.925301575331439,-80.2313015238811,1.527650674455959,459.7502564192808,453.5099797814832,2.7371475837055574,10.602750954225263,-3.6335054685599335,-0.8655933893672897,-13.982660090272162,4.803983201223512,2.766204038433848,71.70131287780139,8.025288621445938,-20.599306941221784
decay,206330.77286538886,221711.35752222897,2659210.443512123,488688.7310888924,0.334175346111958,0.8164131050849074,-11.58404592528924,4.227995980841335,0.2659104674277417,-1.8250666469736518,-46.337326747963495,-7.819223860287677,278.78977727565854,238.88054659158172,0.640776046045735,1.6840202059287563,-1.2107666732849771,-2.8994578154550643,-24.68631878901371,-2.2674374620293296,-0.32608868951585324,32.900878538127074,2.3371917072750152,-10.26025550787223
