,Az,Ae,Kz,Ke,Cz,Ca,Ck,Ce,BAz,BAe,BKz,BKe,BΦZ,BΦE,Gz,Ge,∂Az/∂t (finite diff.),∂Ae/∂t (finite diff.),∂Kz/∂t (finite diff.),∂Ke/∂t (finite diff.),RGz,RKz,RGe,RKe
decay,282007.7766576084,144734.49139673563,3256470.8271732535,242320.20012607254,2.854552803961022,-0.012524160011461949,-8.594458353703141,-0.20355060288951649,-0.7663296582105079,0.997866757852614,24.376758499973086,-16.232160666188197,-204.66739388190433,-215.69279254095233,-0.06463210186010518,-1.5389803478616386,0.05321753997805731,-0.17574733994004618,-6.969988832709884,-1.2565842475911564,3.6615758421381255,-25.60684178294085,-1.364640540670715,6.584668667783413
intensification,379603.4603827184,137446.51509685488,2878846.819508867,260527.68205003906,1.9382897078528176,0.24144366475178555,-8.326826560554073,-0.04504432043910276,-5.481507449114154,-0.3636056971664283,17.593402415664503,-15.867105828359506,-171.19868034347098,-175.28044234627853,2.4016312470248753,-0.5674653335630834,5.930163057534997,-0.36127193193540436,-10.120204645290075,1.1169276145810512,13.591403879253752,-21.325070208253326,-0.2841542199598644,8.702251202825586
decay 2,711530.4129840713,168569.3986262363,2677648.851212813,253258.9973504872,-0.4296297349858557,-0.7398714449302973,-3.9485505119092497,0.0850271446202145,-13.684933794517834,-0.3404773700965359,8.938328751430397,-14.168946205924032,-138.1251829446566,-129.73962184274973,0.8546467412731152,0.2093824409064495,10.167446696803239,-0.10835592154131213,-4.947889846127286,-0.5347454730205792,22.682879311404918,-9.508038350662575,1.0570200381057357,9.600623076373987
