,Az,Ae,Kz,Ke,Cz,Ca,Ck,Ce,BAz,BAe,BKz,BKe,BΦZ,BΦE,Gz,Ge,∂Az/∂t (finite diff.),∂Ae/∂t (finite diff.),∂Kz/∂t (finite diff.),∂Ke/∂t (finite diff.),RGz,RKz,RGe,RKe
incipient,969378.3637534712,359219.32666657073,3501319.9246392315,429581.5481755483,-10.208641028268207,3.7079863921343263,-9.47269105281088,16.036459532960983,-2.919513098973472,4.181458456378849,-6.051562961499561,4.001914233155519,71.40880593802767,103.3843597272961,-3.597528356467144,-15.444084283458754,12.412865237231047,-7.628398368201349,11.97280574029872,1.8868876626670168,8.83172370007064,37.70570078287737,0.5186163162464581,-27.62417715626037
intensification,1048256.6273743124,211903.54879832457,3509012.988417273,427192.32947181165,-5.252317978430851,3.922148008824012,-12.419766642574015,10.632737765885315,3.594563935690161,-8.27739933612497,-11.627857144579924,-1.2243825453274713,48.46173706595038,33.41623144887281,-4.539690316278403,4.053256810801432,0.6121393095454443,-3.932888900684398,-0.06880941237503535,-1.7653851314140931,-4.312594595751555,29.231132353209755,11.055100192501875,-23.593506994545955
mature,1141367.202646534,166971.712090099,3662686.568397687,366661.4794896097,-6.644482805876172,4.430603348329306,-23.87824103907244,7.522756676490777,5.291877852442729,-9.805827707255705,-17.15656194803373,-15.78219372242681,95.52071934474606,23.04442574658748,-4.317104430544436,2.684111245918751,8.074539622146988,2.3189358747971287,11.58140623852437,2.1201438408431432,0.5687823121573928,59.26069203150671,15.216916910214309,-13.498660152293262
decay,1240858.211942422,258563.22226442685,4309304.898995423,468002.3558507835,3.6078432407011336,5.098065064153998,-22.49961139365624,6.060963686605936,15.764287501793271,-3.7095613835703856,-48.21342986842835,-12.832884326036499,277.1711035573314,157.2509004147326,-2.0721066379361406,0.27516452455349,-1.1217981893116342,1.7616294007254456,13.949231301122344,0.9399461116299932,-8.180177386249774,81.05442932250581,6.434089406747768,-14.787744642595682
