,Az,Ae,Kz,Ke,Cz,Ca,Ck,Ce,BAz,BAe,BKz,BKe,BΦZ,BΦE,Gz,Ge,∂Az/∂t (finite diff.),∂Ae/∂t (finite diff.),∂Kz/∂t (finite diff.),∂Ke/∂t (finite diff.),RGz,RKz,RGe,RKe
incipient,420250.5356164863,298535.6153728493,3160513.9536878346,561927.0554182468,-5.841828335681019,3.3405482686120838,-8.551080041688916,6.999192519432986,1.9664575553321468,1.2803876585691647,-66.37342531890802,20.049198603264493,220.32282002215413,215.07619627938257,-3.9235819937974235,0.09109619722309792,10.49354528716107,0.14551894620414882,37.060033126516615,-11.382303775976753,6.02580766475999,117.82636682279458,2.5237755384558866,-46.981774940363145
intensification,542232.9888002604,279258.21732317365,3677257.05951918,494874.4932645955,0.8607268745652525,2.9202908830350496,-8.06759984946363,12.746556873305886,2.998853571422001,3.700947232657289,-49.453595780671165,3.873415231961257,243.6053723307235,241.2829195063765,-1.3606014845064163,5.81837288977452,1.9635429770966426,-0.9494871991881361,7.016904131293288,-0.19058198019158024,2.745707163274944,63.67737288686283,5.175831558425412,-24.878153934922352
mature,679588.9733673834,213139.46065038443,3988408.047044231,384688.32155207806,-0.9915995814235053,2.0933978777746174,-9.428155405598686,11.10589187319207,2.7068334389567696,1.1036537936356392,-33.22828622008163,-6.7512348879589865,232.45012229572544,209.974126257402,-0.6548835701336649,4.59308087151651,4.626152376872103,-2.754582894579382,10.41530401077654,-5.2177443670009085,3.021117234266445,54.06334521788036,5.15425730720243,-19.000556757832673
decay,1015039.4908392432,72855.41938914575,4941790.30628242,285946.9610705831,3.6842254867492783,0.2982529876271978,-3.5878097892684813,1.4500618295040348,4.702579770975377,0.6725080431514333,-39.63897309366321,4.750480565958886,67.65101830460677,25.61723824593031,-1.405245252955997,0.5163580137089573,4.132157422114458,-0.5482044432229098,17.251163639127505,0.033395280633326155,3.4120561255155573,56.79372103530991,-0.06890364449750574,-9.754956904098076
