,Az,Ae,Kz,Ke,Cz,Ca,Ck,Ce,BAz,BAe,BKz,BKe,BΦZ,BΦE,Gz,Ge,∂Az/∂t (finite diff.),∂Ae/∂t (finite diff.),∂Kz/∂t (finite diff.),∂Ke/∂t (finite diff.),RGz,RKz,RGe,RKe
incipient,403974.06688427285,387300.3270405558,2194953.7605850887,759765.6287148627,1.0735528041105051,3.933946165085244,-42.85496583067621,7.2226214367146,17.40774597311454,-16.126453078489657,2.8483022465816212,-18.68953991450089,63.28860400709204,41.07103049862598,-4.929835101050109,-1.4769124063466015,3.6379574879058136,12.266063322105975,7.5788261510204,2.047596429136867,-8.762289516012975,46.511936931004485,31.681191672224987,-29.340450923753046
decay,636935.5765492526,630917.8492325785,2832051.6109488434,1060373.4576252026,5.4924938681121365,7.683809457638818,-61.025757802143076,10.214677514442874,25.27823918836867,-22.84361974242645,2.0384578370826256,-39.352211188922055,99.43321803506548,49.3896873279867,1.5048479759129876,-0.7985882889792456,6.702672463366703,3.959287702058416,14.449959884949715,7.320347089189965,-5.399263399251014,67.94476598189802,29.333775501288926,-24.567877038473934
intensification,786940.0422853102,748211.57702957,5464667.534259652,1104959.5532831308,7.719156010014958,11.03894009516104,-26.07223253079337,29.553658886104724,30.25220242700074,-7.2185278988402795,-101.03596167597414,-10.656714759452104,353.04689328484096,234.07086958164015,4.910827430749346,13.732443460755315,-2.375964093902259,-2.7427856587744177,51.430831334810186,-7.252867778353493,-13.870070415727003,170.81986953156274,22.99046103100954,-52.22204443579949
mature,882595.4702956099,460633.8356616786,8755043.178133307,629388.7768927375,-3.106140679749197,3.1280144062039414,-6.341899719278293,17.409870084401263,-0.5731145413638089,14.712022053341807,-113.19620750172543,-4.797329976705583,583.2109879262497,449.2024623054601,1.3690542226975833,4.405402340522245,9.573505987281457,-5.237077045263565,41.23552554087341,-6.120572060465562,10.16849425510001,163.87977344162633,-5.667243420408049,-25.075011887439533
decay 2,1225120.581355302,169531.27008341317,8520377.2799317,275686.5878557417,1.1711013609005365,0.2611614336352906,-0.2894116930117789,4.566033683471026,-2.5145095032424263,6.063776238543562,34.834690751777856,-5.611644857370735,172.1077010797688,12.64742293149689,-0.7802273441277435,1.7899544383916923,-1.6455589375358997,-2.636056934794604,-22.69527279480917,-2.97506071414297,2.3012133602423535,-58.41165321447579,-4.394960923502432,-2.2188612332550375
