,Az,Ae,Kz,Ke,Cz,Ca,Ck,Ce,BAz,BAe,BKz,BKe,BΦZ,BΦE,Gz,Ge,∂Az/∂t (finite diff.),∂Ae/∂t (finite diff.),∂Kz/∂t (finite diff.),∂Ke/∂t (finite diff.),RGz,RKz,RGe,RKe
incipient,872525.9214642674,216377.20069328428,2229506.2788594035,243095.55500063367,5.2443810428437025,1.4718766230660023,-6.430428195920177,1.0811198508383173,27.11492287273176,0.661272171031029,-3.897482428435201,-2.8418097032213097,125.13925057823218,26.713403771570306,-2.6045882198521717,-2.9852677689991096,-2.8612307235155834,1.235913035302275,8.777159905210892,-2.765239989848678,-23.25989593033764,13.860689486722569,0.18388409204356104,-7.434978333385862
intensification,484679.40321338794,396437.15401252906,3059813.461042699,437677.7671513994,-4.105633783418714,2.713104013153509,-9.076644421821294,8.238050775252905,11.062202804197433,7.735906957224884,49.363161316730434,0.17738415948704392,195.68751040887557,113.13284879142009,-3.843186108300235,-1.3203076276783525,-5.566673953329806,1.2247032215001643,-0.878125312912033,4.372830447357264,-18.021406527792443,-37.059008424402464,-0.9862569736253249,-13.119248909203979
mature,177946.09836950712,293168.7245967083,2273556.254100545,621196.4483153926,-0.47206719267049096,1.443117842821786,-15.48832202096093,2.8121662642341714,6.9270339952217554,1.0159299957597474,48.08445818389445,-12.63650742721012,191.21368699889135,114.76456688683602,-0.67111863904701,-0.8863331687746093,2.5051565746133,-3.837998252942228,-11.770438681484338,-4.69306325513532,-3.45082677045716,-43.89450765174737,-3.4848798272895904,-10.3570441131203
decay,210648.11851827617,186923.98631228006,1051767.9642486619,686115.2942911707,1.1688203956383236,0.5454141104359933,-22.20232493095837,3.3544638655932038,3.394134204585177,0.2121578245195812,12.243065572308542,-18.529629603553115,64.75762749095665,26.847910690875466,-0.89525105283995,1.4554706002063396,-0.3095419833856684,-0.5486484586656994,-12.323700789942253,2.557199309789496,-1.9894416818965284,-3.5332618269307448,2.04824347197193,-4.469959883208966
