,Az,Ae,Kz,Ke,Cz,Ca,Ck,Ce,BAz,BAe,BKz,BKe,BΦZ,BΦE,Gz,Ge,∂Az/∂t (finite diff.),∂Ae/∂t (finite diff.),∂Kz/∂t (finite diff.),∂Ke/∂t (finite diff.),RGz,RKz,RGe,RKe
incipient,793318.1177353597,214197.12343946577,4513138.949618524,394893.2999022178,9.10812839265982,0.14577221110187552,3.3778054893669482,17.973267528364545,9.997451614675779,8.03706560706917,-64.15263591935387,-1.9802179788758543,189.81659392970352,232.65790417688686,8.856972527892491,9.926977522854239,-1.0553297771137053,-0.9034945447544185,10.812367665263052,3.835032951672729,-1.7988807880277902,62.47906970259015,8.886935165439084,-8.780211108449013
decay,680552.0351667812,175748.96453254775,4378099.750776058,414754.3398827403,9.697339920715022,0.7622994529200571,3.770319539226538,11.676989171560646,11.156446908312576,5.373322728911271,-55.83723465752616,-2.8712959413232215,169.65999514980632,205.0345651634364,7.984314350230276,7.488018943518335,-1.219108499691092,-1.154015321751026,7.247786501326622,-0.6895505039729175,-1.9159160343685875,49.617361698911225,4.38735166797829,-5.724924194983803
intensification,737337.1088404313,154601.57125982686,4929480.386404057,383670.0987074465,1.8741725668487288,0.849163074988129,2.8300485689713004,8.554889192092185,15.889190971195765,3.591042954550533,-32.70062718928904,-1.2804094906836392,164.7453871530105,160.17685472842436,-2.842057550257544,6.063662584107167,0.9644422424748847,-0.7671525623285022,29.68552263092249,-0.6723936352906027,-12.201413086884022,57.68192868439151,3.34753060022502,-5.116824767727848
decay 2,787766.4640357359,125633.19488419397,5854538.294733092,334942.87550661794,8.98906683109599,0.13470877325172897,1.5800988715327549,4.321416516620741,19.145624608252895,2.835695543734327,-36.91447405421637,-2.506723833821222,156.79650505801288,120.6093554650229,0.9241438266083235,3.1971835345493624,3.5650994108080396,-1.239038612110381,24.017487715635834,-3.015991284299016,-6.456749593097135,50.36279606722346,0.11197358752430409,-3.2505850955657807
