,Az,Ae,Kz,Ke,Cz,Ca,Ck,Ce,BAz,BAe,BKz,BKe,BΦZ,BΦE,Gz,Ge,∂Az/∂t (finite diff.),∂Ae/∂t (finite diff.),∂Kz/∂t (finite diff.),∂Ke/∂t (finite diff.),RGz,RKz,RGe,RKe
decay,665289.3275945504,54031.01420721594,2371070.693104585,252194.55177026134,10.820531681134904,-0.4475887384602499,-1.6901848885934914,-0.8083991338772072,17.90087536297941,1.5985248097626517,-19.194321363531476,-7.3242493930810255,-105.15867007376856,-198.38779132339707,0.9713819652008229,-1.1599285452390242,20.454235285246455,-0.21041486813085408,44.62120116328509,-1.1558409269298109,12.926302864941698,54.68517573427516,-2.1697500733104627,5.28662271143493
intensification,1382283.3284355274,158100.62159812852,5726919.747525727,298282.6578895089,7.9509564919452425,2.5066469640337803,-6.482432184071935,6.134934192158218,32.40196636973293,-4.099268564941552,-66.77747180924058,0.11709723756454658,92.30673713532649,-46.21551895498007,-0.4601196798620289,3.2606737634624015,1.04646035295267,2.03801393709883,34.63690751128798,1.3599997049006984,-20.89790256080124,99.94585501265523,9.765569730164819,-11.374463908894
