,Az,Ae,Kz,Ke,Cz,Ca,Ck,Ce,BAz,BAe,BKz,BKe,BΦZ,BΦE,Gz,Ge,∂Az/∂t (finite diff.),∂Ae/∂t (finite diff.),∂Kz/∂t (finite diff.),∂Ke/∂t (finite diff.),RGz,RKz,RGe,RKe
incipient,816371.075144615,38855.803490177306,1849061.7591314728,252155.59622336453,1.129626884936136,0.5572548082593589,-4.3256030866313235,0.5019636863926669,1.4734995643311555,-0.6097858384845148,-29.230053611465777,0.47740673974868586,18.17479473899598,1.6940180081364293,-2.391968684451948,-0.024805289285742896,-1.528771125934529,0.14066239579054698,-2.3083814000299716,1.348827671947358,-1.315388997070189,30.117648413130993,0.6951571124083699,-3.9561458408253194
intensification,597135.1855253222,91126.57330907811,2473482.735139559,393735.8649354,1.8679032613646587,1.5862496150520988,-9.041480489354516,6.081019050421392,3.0252869459744725,-0.13167923819235536,-46.17308789503044,-0.7070531621946962,88.54906234879205,54.76043959637954,0.3701014970028237,2.7824061487590255,-0.4841928744309123,0.06064835774734264,4.80033939807833,0.2768071612029612,-0.05532694398862686,58.14700452109861,4.6870970313089915,-14.138639216378246
mature,537498.6637555588,77557.42919106761,2439603.1672288217,297784.0510549839,2.5643115600846356,0.25678678526524507,-5.165898889642567,0.17332552275652593,1.2370067397043303,-0.02870008862883198,-15.97575090320986,-2.051669888575678,16.44666409352926,4.236359149867201,0.01932625346339731,-0.008579958811652981,-1.4284508883815152,0.1547192529014961,-8.064328958027566,-1.930974712785068,0.15564071726403544,10.513009274740227,0.099958079021609,-5.218529236608482
decay,288752.5790003677,247821.27872535566,1630584.572281906,267883.5544927079,0.6178578359575496,-1.0133886576847553,0.835529341601643,-4.108665228773436,-5.062705915111891,2.7600880865989237,11.80606971089212,2.753498386786136,-62.90674227911521,-50.81161841510735,1.589870253855887,-1.6453406880916086,-1.0150870991402097,2.2457971198534072,-5.967021937192364,0.4916700567777659,3.652087994244475,-19.226478825643674,-3.609567537834195,2.682366240366709
