,Az,Ae,Kz,Ke,Cz,Ca,Ck,Ce,BAz,BAe,BKz,BKe,BΦZ,BΦE,Gz,Ge,∂Az/∂t (finite diff.),∂Ae/∂t (finite diff.),∂Kz/∂t (finite diff.),∂Ke/∂t (finite diff.),RGz,RKz,RGe,RKe
incipient,548669.7987170529,156178.98070305088,2832214.61992419,218973.28062032646,-1.4215094406616884,0.40855714570543034,0.48225279819325007,5.730859854344992,4.62296728992326,1.1843230409306806,21.79765404786135,-2.4895166280004073,45.96120599628206,65.80452450229805,1.2625766145023742,3.6897869842688324,-2.2396392525668882,-0.8083188497185647,0.07540476892309042,-0.38806903740079235,-7.875558837446407,-20.78299263646982,3.329660817990316,-3.147159465552126
intensification,529941.3966543279,120183.03243052866,3309130.4783039894,377860.9476882387,0.23911758106133718,1.0371220540892918,0.04031633050662589,4.540292512246995,5.549290964380012,1.3156316813928504,17.986620705080615,6.125338795890375,-29.04411604025363,4.625194588040908,0.45597085897895745,2.0837903350886102,-0.14066702732104944,0.17681284244035736,0.6067422333216943,1.6046568557410934,-4.413718356550433,-17.65931238332688,2.3643516192052103,-9.020658121889648
mature,426895.1186148594,236382.15077674523,2699961.385897106,776289.9104705779,-4.537686667911006,3.1415736264565486,-1.172110876421314,7.930819767101583,0.04040793845527554,3.1536539906402763,-20.621332865588535,17.81409569844511,155.415500827645,157.6635726239712,1.7115697473082787,-1.3587146238773733,-0.8521055281970733,0.8595437288583349,-0.6033799591365214,-0.21874841410297233,-2.2886265081068062,25.727750450784338,2.4951358788630933,-27.135774756070987
decay,318335.9578764885,166791.70040309444,2791391.825961994,427980.62710722565,-4.36601598182182,0.6618756313573418,2.6999981800389734,2.409015227648689,-8.17917070492351,5.863544588417769,-18.671221741726573,10.858372090217918,129.2032432808223,164.77055351141146,0.07313088745721943,-1.6394375787360924,-0.36829692328907443,-0.8168544147070858,2.323780279781585,-2.852468580029316,4.106733431169959,22.661019823291,-4.933259406833508,-13.41985771785695
