,Az,Ae,Kz,Ke,Cz,Ca,Ck,Ce,BAz,BAe,BKz,BKe,BΦZ,BΦE,Gz,Ge,∂Az/∂t (finite diff.),∂Ae/∂t (finite diff.),∂Kz/∂t (finite diff.),∂Ke/∂t (finite diff.),RGz,RKz,RGe,RKe
intensification,549685.1589872325,233833.29830764388,2372155.3018717403,525934.9243831979,-2.033240824249326,4.630193551672299,-16.630987905897804,5.224752132779347,3.5042350146674743,-8.96352696428661,-4.614312378684143,1.44420352888069,122.27816010318836,115.14049529387916,-1.035617232692105,-2.4745925668125994,0.3945218070086609,-0.17074504324280998,-5.026751285332939,2.7331712701101667,-0.5127604802358401,18.251789823498335,9.387340502150849,-20.566772297447677
mature,431794.8942810965,221634.0844418776,1871429.4561571747,640663.2624445945,1.7537913626237036,4.211019378004674,-22.3111919162007,5.582426987499606,12.497148711321284,-10.130684925458475,-17.961564870531472,-11.14298536999512,113.74155128695187,102.17997421484489,-2.814686643821198,0.7498177204441792,1.5325388617029305,-0.9393600193508004,-2.0266859010331713,3.828344979872065,-4.999799108989976,36.4922795230753,10.562732515602606,-12.922288553833116
decay,472535.8221415286,358889.93380645424,2256875.422482103,784079.1048029506,-5.467607035885862,6.85077114864516,-26.23060495610801,8.574364810230374,10.74095733394247,-15.11068442582086,4.1547771352160945,-25.466525911210194,154.6648157475029,104.85428680305989,-2.1062134764329397,1.6029668671586284,-3.2547709433022876,1.4689272190973257,-3.197950672370179,-0.3449754232624691,-12.612564164485457,24.3454841844076,18.303205306503397,-9.68341927839066
