,Az,Ae,Kz,Ke,Cz,Ca,Ck,Ce,BAz,BAe,BKz,BKe,BΦZ,BΦE,Gz,Ge,∂Az/∂t (finite diff.),∂Ae/∂t (finite diff.),∂Kz/∂t (finite diff.),∂Ke/∂t (finite diff.),RGz,RKz,RGe,RKe
incipient,863081.8231418957,162905.68102143527,2992812.5985886976,444836.08702661033,5.7622868299218295,3.012386629224514,-2.2534549983692242,5.014910424329621,12.736450265958764,-4.28280136427973,-38.42606330645672,33.29592965689891,9.81233598425546,-25.279441287714736,5.544844174668185,-0.22925494456395082,-1.6194187589953843,1.8832837130404432,-4.357076426618473,10.169662130565328,-5.581195565807803,30.56015504828564,8.16860887242528,-30.394632949032427
intensification,404239.68935961835,369417.1301342144,4203039.9172269115,737941.7015185889,-3.43542851861103,3.491903910589944,-5.651311557200416,18.555655079824803,0.6819205897300239,5.983016409371416,-88.87589148140327,22.73476224975208,305.45010910981836,301.53272983952843,-0.6679753921657857,8.996508794111717,-4.29182637859608,1.3426256281568334,23.200457645922846,1.2268897535203367,-4.91727157634719,121.16308920313757,10.423360388020273,-45.71483913325696
mature,352980.73875930056,204165.68847824677,6075905.926107846,467549.86722248833,-9.66184313872377,1.2696872284152958,-5.080799497841004,11.413487063808404,-9.562670164251784,2.5591310345220952,-11.719272221525397,-11.471225137921648,389.1194399145336,331.1068993402658,-2.5493178214949634,6.441238881265297,3.501896596751262,-6.802843219839222,9.508776881933963,-10.653095872384213,4.672410850694571,35.97069174002414,0.7818255810317907,-15.676157296111974
decay,621278.126198869,67732.64208882891,6048107.634941879,166071.78083092807,-0.10380428149247527,0.0419911477645604,0.2744990303772119,-1.1433195803750655,3.1193176712749113,-1.021051252352198,-2.008014027309329,5.237102132890478,-100.16711031496321,-143.4765016473139,-0.8828417980428375,0.45727153756291056,3.2543809579829994,1.1779418003588706,-1.7970839470111588,-0.8133798034720892,0.07325015298017361,0.040235331413435126,1.0136823245714428,-4.63266332561029
