,Az,Ae,Kz,Ke,Cz,Ca,Ck,Ce,BAz,BAe,BKz,BKe,BΦZ,BΦE,Gz,Ge,∂Az/∂t (finite diff.),∂Ae/∂t (finite diff.),∂Kz/∂t (finite diff.),∂Ke/∂t (finite diff.),RGz,RKz,RGe,RKe
intensification,804599.2077147671,248928.63162844654,5280977.802960137,356119.2453756526,0.26809836834545947,2.4352694800342793,-5.986720047484284,7.870207180272085,4.873190500951588,2.7290056900194637,-54.34783794954527,2.8693309636730375,317.3824970273226,190.55891647020232,0.7334083361326471,2.1341086189500555,-1.5186004283847792,0.1623570896537499,4.100471906170581,0.09984874400345305,-3.688423080956627,64.16693153485464,2.8682890998720914,-16.626409447425957
