,Az,Ae,Kz,Ke,Cz,Ca,Ck,Ce,BAz,BAe,BKz,BKe,BΦZ,BΦE,Gz,Ge,∂Az/∂t (finite diff.),∂Ae/∂t (finite diff.),∂Kz/∂t (finite diff.),∂Ke/∂t (finite diff.),RGz,RKz,RGe,RKe
incipient,648640.2003458316,150177.5846206235,1651759.7689515983,208250.66132766785,6.236822668241358,0.3362882531028684,0.8805473706416996,0.14294297652065927,6.553372601956561,-1.5262636620468282,-16.606168738948565,2.1423434796509953,-44.94569418349173,-95.22182978467204,0.498606675185479,-1.0126282466665113,5.08042865381067,-1.0049371099662447,21.35431283416221,-0.696970123909721,5.100166973198336,30.843111534227717,0.32798127549837425,-2.101709209439676
intensification,837859.5475123927,110330.93358840638,2203656.5055917506,201802.17262041938,8.019819037335727,0.350012146202056,-4.0420732639243475,-1.803726217672636,9.749490623878602,-1.5193524891276047,-2.023403779466717,2.019301534484348,-128.6077055583921,-136.7159411933662,-2.116909978492836,-1.347041079976176,4.524018261687627,-0.17733324853840135,-1.4743653145825883,1.3619954760489346,3.1443588213468083,-3.4287073085272533,-0.8117191232854887,-2.8956531046871254
mature,1157158.2362611,125720.41733540554,1553033.846619207,508476.48533121427,3.20571235931036,1.9750313736808613,-3.1642226265380127,1.0133164393473022,6.25391308154148,0.04504988707335366,20.499453421769946,1.1433518559682683,-113.3684699514024,-98.39175481775611,-3.4031746319088763,-2.512433135722034,-8.902841870583185,0.389472486106154,-9.737053644156827,5.607668167510039,-9.976011219133447,-30.27799679869912,-0.6172923353007589,0.28677724565645585
decay,702750.759369418,114935.94307864642,1369809.69564607,546679.2333129694,-0.6507231612430752,-0.4641385033201173,6.18999184451707,-1.4423493114888275,-2.240868655188088,1.9799306252968323,15.669518335093725,0.7902411235036059,-63.31194015240638,-55.205137072356585,-1.173758255506792,-1.7446535356853883,-1.8853087304719305,-0.4709077839888966,-0.45210849904396405,-0.9681000896242099,-0.7593017398470353,-21.660895517411685,-3.4290492174544394,5.87399994287808
