,Az,Ae,Kz,Ke,Cz,Ca,Ck,Ce,BAz,BAe,BKz,BKe,BΦZ,BΦE,Gz,Ge,∂Az/∂t (finite diff.),∂Ae/∂t (finite diff.),∂Kz/∂t (finite diff.),∂Ke/∂t (finite diff.),RGz,RKz,RGe,RKe
incipient,362967.9189863267,67975.00307441768,1588608.4744700436,198766.399960185,1.6038090403488006,1.376950603142776,-1.50344273813696,2.163681657681316,5.629518889293146,-1.962200846205472,-1.970136075250604,2.778477760516504,34.16671758288184,17.126107061769005,1.131303948763491,-0.9118112821189404,10.66520926173917,0.832452600591229,19.89484839804341,3.7041243690412538,8.0164500159376,21.764618171082176,3.5813845013352408,-2.741477787293526
intensification,522596.8637366917,94226.00822926988,1883721.8682236637,244821.52904620496,4.428042483879232,1.7623068643661084,-3.6273061605117944,3.56204152866503,8.10344308914082,-4.110144391767374,-9.717457841243073,-5.314936840972623,34.855236200656954,4.890226181220904,2.984415251289614,1.961354137854375,1.8944462476740174,0.34285651422925295,4.749195395849207,-0.012128885664424013,-0.018647493221459997,13.66591691372484,6.252735570295546,-1.8865397338686256
mature,555141.2369826848,91082.9764820657,2075347.8465397023,200847.83544347514,3.7602014397448835,1.3915880849733586,-1.6671091020978333,2.004178881749799,7.019944490232025,-2.6745639171271685,-8.226506015299016,-6.120739888875382,58.470031399625896,25.74922043961618,1.45266390906079,0.6323307028595662,1.4350765882357814,0.13243490803974392,10.662830520588102,-1.0190245210094597,-0.4330783772780022,16.796244198240068,3.419589621943352,1.4304273840182904
decay,595109.2971069388,167661.33588509995,2775613.696778204,270945.7828705493,2.64844310863202,1.6434127713408364,0.6330330127059983,6.5257176505356735,8.38211030390088,-0.6991543547438741,-56.711917019599284,0.8099389923138877,116.26962266588856,67.02917016494476,1.8824235864127628,3.282694363346042,1.1611337628862726,0.7928665361129116,7.030563153454961,1.174476187075201,-2.929120661041753,60.46100405171623,6.374325770051623,-5.528147443068363
