,Az,Ae,Kz,Ke,Cz,Ca,Ck,Ce,BAz,BAe,BKz,BKe,BΦZ,BΦE,Gz,Ge,∂Az/∂t (finite diff.),∂Ae/∂t (finite diff.),∂Kz/∂t (finite diff.),∂Ke/∂t (finite diff.),RGz,RKz,RGe,RKe
decay,711557.1746842099,163198.43980077683,3360627.0386471837,440247.7289059835,3.063172780527761,1.1230877357991802,-18.590671710680613,0.33463283151726425,0.8542496504715493,0.17203763610217132,-20.01731499086435,-13.726193679045048,-52.78578301095351,-131.47275897277302,-2.1401206598760396,-1.0267913637266974,5.769302954734766,0.009046726407150067,14.789284301661455,0.31170013218295006,9.101313820590157,50.33409822267866,-0.9514458139769372,-4.88741073096988
intensification,1264769.071900372,172032.1627166108,5941778.931541212,528615.0740135937,10.114470760887091,2.8277921634763334,-19.605559703313585,5.056785166660507,8.713299453893164,-1.3238179609558935,-122.59517131966913,-9.748096160089428,167.32830114723603,-36.41960061698936,1.6874099367867181,2.8168951795002015,-2.148894252330654,0.7002897300356662,55.37324176605636,-3.537682650476654,2.0800692181396054,187.45950202815197,4.253100694175733,-18.451931360361318
