,Az,Ae,Kz,Ke,Cz,Ca,Ck,Ce,BAz,BAe,BKz,BKe,BΦZ,BΦE,Gz,Ge,∂Az/∂t (finite diff.),∂Ae/∂t (finite diff.),∂Kz/∂t (finite diff.),∂Ke/∂t (finite diff.),RGz,RKz,RGe,RKe
incipient,273409.17297462706,210515.85523910812,2619863.2697776225,284853.1830646509,-0.9000679566192588,0.41309613000618367,1.4443323903654486,0.4122683687079462,4.465158491647238,-2.900043250379351,18.013633077523313,5.549945462493834,-152.09695495953247,-167.3503093284555,0.6991345608576269,-0.9041197597416724,-8.36194072087821,3.5817374316815704,8.006187107889916,-0.40955498219239717,-13.31407103913852,-10.55171040337959,6.480952920762683,-4.927436423028728
decay,185990.23106855954,257872.83448736978,2767410.438714213,244086.0782940377,-1.7483867388861938,0.3384600600759882,-1.4968885888569219,0.7041479951045413,3.899030432036731,-2.706489723170616,34.65638441356394,-0.3708238423184715,-191.60928665833944,-225.58144397738485,-0.20520226758233862,0.13626520912758275,0.5569222874915436,-0.47993397920701186,6.089943245983062,-1.4841413855307166,-4.752034823355392,-25.321165839837764,2.592243678992157,-3.3143541271737083
intensification,222154.9945192885,240106.8829191314,3006546.7205973635,193970.7707144708,-4.632048696811104,0.6098161946958846,-1.2442916499020233,0.011707498834708377,1.932702430234409,-2.5980651321880512,49.743521182080116,-0.90201105993814,-236.37528096315313,-278.1985251808511,0.22080859606263079,-0.3150962424577861,1.6637334638721495,-0.04542197715036448,2.6413931916697373,-1.7564359188161986,-4.291201468477479,-41.22578764369725,1.9545344591765108,-2.11042400761479
decay 2,295373.37591064506,200514.89367373683,2859498.909688221,119216.99569077895,-1.0593054630874008,0.26030536196264303,-1.670084612990798,-1.174733055294495,1.542106306109449,-4.030196993303732,36.83853100986479,-0.9927559858301668,-236.60204788688645,-275.76765453371655,0.3411548287557225,-0.17432862318720063,0.9457410829638774,-1.3472583736908346,-5.9875384435876535,-1.0534986144461285,-1.3953653242703294,-40.096679377374244,1.247900202355759,-0.5560941863122647
