,Az,Ae,Kz,Ke,Cz,Ca,Ck,Ce,BAz,BAe,BKz,BKe,BΦZ,BΦE,Gz,Ge,∂Az/∂t (finite diff.),∂Ae/∂t (finite diff.),∂Kz/∂t (finite diff.),∂Ke/∂t (finite diff.),RGz,RKz,RGe,RKe
incipient,1782495.3142995953,154973.4877745041,7247839.862113792,314278.17509103316,9.284003843111215,0.9172142949784243,-4.267597162509264,6.009241024999741,13.730718446614821,3.2314741532265097,-120.77138902497474,-3.9466630686252984,280.6246186283557,101.36088751989196,-2.55036855892878,-0.994527160267939,4.887593503537047,-3.8918985730061535,31.37307762127307,-5.744136473175999,1.3580931950118647,147.12805996564586,-2.0313459962113467,-12.074311592059706
decay,2242892.962736886,36056.86877655638,8255289.276484497,89807.67392475455,5.8394273850242175,0.02605429079775934,-0.6972710089336216,0.9147462655791945,14.917080732069994,1.0129681662214336,-88.8110603481061,-1.3903614892997123,49.7628192496135,-26.95219290840688,-2.3517569600537223,0.16948432622830573,4.22725871368459,-0.5910821798237711,1.6869420992252055,-1.4779002203789016,-4.824340342563429,85.35584607124069,-0.7153583712637694,-1.6995560055920056
intensification,2374971.4120927644,25449.399925837584,8073671.127123829,45610.910123672875,8.330325563229142,0.27792466217506845,-1.53668641372119,0.6614813634597005,30.047110470853067,-0.3198600836784714,-49.65202748840545,0.6764352748141735,-151.249079534412,-226.23369399446284,-5.322891578635273,0.07345938739410712,-2.194482414584275,0.13939295179115047,0.2839935367240429,0.23011786423127797,-23.63334266003313,43.142381875621545,0.842809736754254,-2.6444851877637863
mature,2199659.3542981083,50622.40701399109,7811425.955377871,81396.94245696365,6.213979141052646,0.972537702768516,-3.2328972132643803,1.5630843466035986,37.543037916172736,-0.8106156702173986,-21.968762343975037,1.8484958947464265,-175.59142386526094,-234.2776062750749,-5.335359861348763,0.3229495959738514,-9.006789050357032,1.8103101040004819,-17.27037612665889,1.7301914500869755,-39.36331012270861,1.7173042895278847,3.2114724180529635,-4.91428600452743
decay 2,1752607.4585444129,213446.23675057624,8039567.081412064,178553.8588682142,9.186006970864293,2.7424321920931085,-5.121709190482259,2.44734007013617,24.852124704010656,2.8481191658001146,-72.94142516488432,2.0110320244785895,204.56564548866655,80.08775988524187,-2.3630126446349715,-0.43870782901294286,-10.906831592114619,3.06764450197011,13.963668438840575,2.5934163854146512,-23.83051713316787,82.84079582334287,-0.07556678578694433,-6.986664899682369
