,Az,Ae,Kz,Ke,Cz,Ca,Ck,Ce,BAz,BAe,BKz,BKe,BΦZ,BΦE,Gz,Ge,∂Az/∂t (finite diff.),∂Ae/∂t (finite diff.),∂Kz/∂t (finite diff.),∂Ke/∂t (finite diff.),RGz,RKz,RGe,RKe
incipient,825398.3013893404,215557.1900859043,2859685.934778039,319589.84204531234,-0.5707429943926478,0.847770631213916,-0.16134772198464042,7.15235693194133,6.537522630344665,3.3360567442176134,7.27901848981569,3.2872826581962364,41.30971919161791,21.656814195945888,-1.8853144732371157,4.512492502304448,0.7053538227654647,-2.599961341269119,0.8338448190400207,-0.9100821571772645,-5.555141170757934,-5.713082954398381,0.36856821524068,-11.511069469299471
intensification,890414.9054135844,248296.8067076521,3383834.1184609686,616778.8911871872,-7.425787605360545,3.222468817992372,-6.918554389105799,10.891322322062415,5.829725589209287,-3.1216329407548025,-0.5868624327233516,14.44663021830795,64.51070040592576,-17.255095525983684,-2.858253901262877,5.004701870557082,-1.9819803608655076,0.8400291415597052,4.937961221973506,2.387519378079219,-12.015024737442964,19.869165649163204,11.630515586384549,-29.868987551396945
mature,279963.145299614,295586.1125312698,2858559.227535306,925331.5369632952,-6.005301312448495,2.954603845630158,-36.62478968057156,5.557100732272839,-3.103955384149352,-9.066470091527187,-39.54599057737032,-5.809195231823769,224.60205854904473,145.31816688358234,-1.43861167542261,0.6049517061286466,-4.69125733267286,-2.1637076500524213,-24.687061988808818,5.078990896080031,-4.637999415341845,57.489019581581566,9.505259328117447,-31.2937042849406
decay,271494.5461493183,76315.34721200488,1709272.9650948397,408619.3503722617,-2.3128993382394096,0.6852893343918569,-7.85220993939821,1.3085234295802448,-2.9450001621569912,-3.5006445067080594,-20.936282203272036,-6.720190869737177,143.16318932639078,131.32790606760065,-0.8373285418709598,0.1677325160717502,0.6046300516649559,-0.6532277589596631,-4.879283466820282,-4.035084867456349,1.9220202099743948,26.22210801408937,3.4706508429367844,-6.475627366697625
