,Az,Ae,Kz,Ke,Cz,Ca,Ck,Ce,BAz,BAe,BKz,BKe,BΦZ,BΦE,Gz,Ge,∂Az/∂t (finite diff.),∂Ae/∂t (finite diff.),∂Kz/∂t (finite diff.),∂Ke/∂t (finite diff.),RGz,RKz,RGe,RKe
incipient,700918.3402038412,233545.84353098448,2691114.603554427,286696.2472616195,-4.39777067132672,1.8110267566164862,0.7050176328173848,7.638546074203801,2.3774277573910023,2.1167396326159116,28.086281599456,11.168191995642381,-35.51590665864825,-11.186926217679972,-4.704212403657027,-0.28037122728797215,-6.483777302562429,1.5800831654151597,1.2649153800895092,5.269040499126777,-11.447948974663666,-23.12861318085716,5.290862850386564,-12.832679937902022
intensification,308956.06627441355,228349.64362475436,2318011.7837456022,615835.1881296568,-1.6149613533465814,1.1452840979254437,5.576996295275599,3.6691895020053416,1.2677293105235299,-3.856513190218808,3.463757010457048,13.811465425629217,41.313861551545216,69.17122902948941,-0.4909187551784871,2.4622719042829755,-2.8289868745906475,-1.3306317631819027,-6.955344791363714,2.428582770205612,-4.5663934405353155,-14.381136743749778,5.049786831116803,-9.475075862153352
mature,241424.98262676093,48401.47515938709,1618076.2441557266,481784.04615362675,0.0964666464483882,0.11241140835614347,-3.526767124424798,1.280375574614503,-1.6261745083742263,-0.8560136473172222,-8.324737417839554,-5.640891746987999,63.78477159989168,32.64724472235815,0.4761913928828741,0.972199615289127,-1.0059229393536016,-0.6797581690522725,-8.049644298694366,-4.577824349889387,0.8291296238251563,3.7053935971215965,1.344219644523309,-3.7440753019406885
decay,163519.04099134463,75418.46126035499,2192533.7525131125,311429.2151989301,-1.115873022600938,-0.18542400010390114,1.7908227923333213,-0.011483691030791917,1.3448494860610412,2.089505026473739,22.275342185153495,2.8752152349227367,-134.8445966601307,-150.06019351328618,-0.22592098223794685,-0.04807403978524165,-0.09082706421375122,0.7954957314493066,7.1489560102851195,0.9566128390977949,-2.7369735729796316,-15.801335944600755,-1.1200689859513235,-0.11629591246082906
