,Az,Ae,Kz,Ke,Cz,Ca,Ck,Ce,BAz,BAe,BKz,BKe,BΦZ,BΦE,Gz,Ge,∂Az/∂t (finite diff.),∂Ae/∂t (finite diff.),∂Kz/∂t (finite diff.),∂Ke/∂t (finite diff.),RGz,RKz,RGe,RKe
decay,282775.631094257,73839.65392465646,1175040.9763103544,99906.03400130811,1.5304119525040758,0.03844350365598178,-0.8748780122673143,-0.5561734458973768,0.6073418993067625,-1.270197190945712,-14.489246601062845,-2.136697267533805,-16.37938158832833,-32.02845376233277,0.05462134499039091,-0.7127129636236058,0.7362198064153667,0.09001136903980375,0.5649349615278683,-0.6301775263314177,1.697733363268662,14.398647622353952,0.7655916104321572,1.18781517483245
intensification,243893.4416534442,56580.99901087553,1019681.0135349272,76428.76705995794,1.512375946142485,-0.1672528739152773,-0.38835663274920756,-0.38893244417895073,-0.15168015014171382,0.17553246645513695,-6.080886949119811,-0.009339862562580323,-13.905834000800882,-25.823070338173327,0.15997874954012656,-0.06972696247566779,-1.5895901880224792,-0.47438501978716024,0.11519532317326002,0.16067975662631073,-0.09278696565355814,5.072062958899794,-0.8715970565059706,0.17059543061863439
mature,231128.40116110787,52745.15100061412,1312109.2877629637,86732.94226679434,-1.1675608090773175,-0.3295604931499556,-0.5475021939495084,-1.1498650035688853,-3.0600447589058035,0.6228700139929209,4.991080554228906,-1.3839822068783159,-19.54127850858018,-57.72109127834793,1.0674288348781982,-0.07577037382519915,2.387578488754123,0.510163692770616,17.199046530713254,-0.400048319290849,3.950501945432653,13.923028979511177,-0.9330108316412342,1.5862966972068433
decay 2,358286.35876949696,50102.3936827317,2086056.1711547263,108445.34996484799,0.6012251399343616,0.09027407662430106,-1.1077123763867525,0.036736819447451066,8.532297106181726,-0.7815589148238595,14.47335321972812,-2.130231654376441,-74.09479519160995,-127.5595076493501,-1.0804626009251872,0.6196661787688059,5.41809934340878,-0.08996501191193622,22.320191243712834,0.3481524314784757,-2.422698546214285,8.353325260437106,0.6380566457350734,1.3339348900207124
