,Az,Ae,Kz,Ke,Cz,Ca,Ck,Ce,BAz,BAe,BKz,BKe,BΦZ,BΦE,Gz,Ge,∂Az/∂t (finite diff.),∂Ae/∂t (finite diff.),∂Kz/∂t (finite diff.),∂Ke/∂t (finite diff.),RGz,RKz,RGe,RKe
incipient,216271.3422707567,107922.74867916132,1424910.4484369096,150590.75533549834,0.6611431171728188,-0.09084530436021188,1.3071573093912698,1.2871962816091953,0.8040560153308194,2.8022880447140532,6.296332075712492,2.4910755405937386,83.40965593579136,118.66562474837396,-0.6001000908073724,-0.9284942579454643,0.7378192914244582,-1.3266018039627292,13.83359644367703,0.8533834829528937,0.5040610889062457,5.5689639414004475,-2.750848262707375,-1.61773102985877
intensification,426924.2256175821,72402.48084702503,2781606.3776957737,151491.20101080879,0.35559430875062725,-0.025397154803298384,2.1626027848887452,1.1352480444902027,11.86154008909194,0.35212220225444985,1.0898326607703424,1.454738579970265,39.49003392395825,31.12855204026539,-1.4026290292646315,-0.08611807504337378,3.9772083841313375,-0.6678753059622926,24.48000293671726,-0.6535258236856104,-7.554134551013272,20.871973182307546,0.1406476910767584,-1.080909663257333
mature,557106.7395247968,50526.13038597802,3589256.5642438745,109721.46889257232,3.27015795918184,-0.09183785983390945,-2.5307604693941883,-0.028906601364439705,13.75593926878909,0.15958763830434375,1.4799918502806815,-0.88094682435592,-208.09456844603812,-338.63158538267203,-0.5704636748737407,-0.5758680741157972,2.8492405477745613,0.5680865509792588,11.655461070027862,-0.09473859740498954,-7.7283786216666,9.436071729959526,0.4714301711443848,-1.7156456410788177
decay,553843.4970746759,74067.16919344306,3789330.302778856,125841.86319062946,3.1641705076105446,-0.5853709859539671,-2.3602711193584036,-0.976328467052033,3.277686517669512,2.4608347507681647,33.20555330891089,-5.125281190893381,-245.05918018881306,-388.1856249596769,3.1063336023433115,0.9435823508111869,-0.2133313652690747,0.30835942375744785,0.9857885715577976,1.01498851483113,-0.9122183612820094,-33.023664125605244,-2.5434328081087823,4.756327053418142
