,Az,Ae,Kz,Ke,Cz,Ca,Ck,Ce,BAz,BAe,BKz,BKe,BΦZ,BΦE,Gz,Ge,∂Az/∂t (finite diff.),∂Ae/∂t (finite diff.),∂Kz/∂t (finite diff.),∂Ke/∂t (finite diff.),RGz,RKz,RGe,RKe
incipient,1681454.0185618387,97158.17584529816,4331994.888826056,392576.8280850068,11.540663524920532,-0.31076736070666244,-6.335362627728669,0.5615979898160037,15.018506919709413,0.42079806085301885,-30.04593231808445,-3.53270320927541,-41.000703334857405,-178.8173655441811,-3.734038085342226,-3.678854158766173,-6.226840717767164,-2.8217417190121283,11.406879746654237,-2.2450598337655414,-10.015451473262706,36.247511167546826,-2.3701744293424807,-5.6093172420348045
decay,1704979.7515846964,82494.64916953033,5119245.756147734,353225.02940352383,2.980709313566067,1.7490899848586956,-5.569221832825385,0.7207097959592796,19.689392570565733,-3.0639953669321702,-68.60205245259527,5.654193726972271,139.73045758370023,21.156808392404955,-1.5231699722790306,0.23062417433749482,3.69299619305618,1.7571270858302313,56.574300525816845,-2.1811636345164853,-11.266597079084791,127.76486549767144,3.7927422638629857,-14.12528899027342
intensification,1622417.5981917446,143543.68274510588,6506369.1592760235,330164.6557456114,1.5485690985036475,2.9284087135773094,-9.832707198783924,4.30189216886849,18.36387657985272,-4.334131345614628,-99.19667797996036,7.837411084058157,302.0537329949548,191.36937273580116,-8.450326594111727,0.4612864475647161,-10.94319919550267,1.7354454078662718,20.930326433075457,1.9459422793118142,-24.830097963274433,128.41114251331612,7.443060208772081,-20.02606817239875
decay 2,1305582.4113537697,180728.1689447495,7387177.101722333,312006.17254742206,2.675515137183383,2.332741874346578,-9.205557802748386,6.537162207649819,11.100094519587833,-0.6869659515051966,-68.88738438233305,-1.5325254541925635,365.70731012395225,256.3386409328553,-2.003988049652403,2.5861448757245964,-11.623890202597778,0.31720705155614853,32.24076447147709,-1.889015411557934,-17.715727710655646,107.65819151937517,5.2085933363645855,-16.099209967763574
