,Az,Ae,Kz,Ke,Cz,Ca,Ck,Ce,BAz,BAe,BKz,BKe,BΦZ,BΦE,Gz,Ge,∂Az/∂t (finite diff.),∂Ae/∂t (finite diff.),∂Kz/∂t (finite diff.),∂Ke/∂t (finite diff.),RGz,RKz,RGe,RKe
incipient,324284.51787786983,494966.98145209503,1607897.6031517305,1113981.2935201735,5.634520322196946,3.7330217319464256,-22.173218684536305,21.282850191877497,11.191901721300198,-1.737890158350207,-23.620639484940096,-7.795507236977511,78.90716358231431,50.73686027804707,1.780979655003528,11.564614794350746,-0.34577104972962264,-1.3754796548318378,-5.377731927974106,4.754453726000182,-2.1701307168864514,34.78160591930534,17.91223896344944,-30.906107913436102
intensification,277891.91593230184,431940.93146279064,1353264.5908008933,1602626.8031205835,-1.8430086827592624,5.657955115648544,-18.738191985307125,15.244560588446888,12.85542592261008,-7.29553706877829,-34.38642769797835,8.407584111793433,91.61822925117897,74.32181096578732,-1.3657314537066276,7.877837745719199,-0.4274782939420349,-0.7411029352897613,-1.7040949404563828,3.1993786896475602,-9.46795778366283,53.26353342558835,16.141039606286874,-39.19095799589989
mature,195863.3695748239,275167.75261103973,1103781.9783120642,1588750.075443931,-0.6008163514737971,4.357509949159676,-32.490443067313194,7.847275673458612,9.670147759411687,-6.984473396148444,-3.3135534149841495,-19.23766163273287,61.651528030955895,32.64441596211067,-0.11586843251851951,0.6344081785983063,-0.9176982490117824,-2.3092612229895333,-3.362553535990983,-2.19387206782923,-6.831152410737592,33.04225929778016,8.164977897457847,-23.29392917586817
decay,287875.53277111816,91728.28252655079,731109.8798540535,485200.0180005851,0.08122304630815119,0.35635887867873794,-11.161086189382635,0.3138201426158229,1.6567688802200322,-0.7081394284806084,7.748440044088481,-11.66245272658778,6.77195409061032,1.7309949247735734,-0.841019234186642,-0.3613643217685792,0.390536223635113,-0.4405979610034038,-0.11094966372590535,-4.213282790555471,-0.8286507315980299,3.2204734352600886,0.22500273141428995,-4.025736395966142
