,Az,Ae,Kz,Ke,Cz,Ca,Ck,Ce,BAz,BAe,BKz,BKe,BΦZ,BΦE,Gz,Ge,∂Az/∂t (finite diff.),∂Ae/∂t (finite diff.),∂Kz/∂t (finite diff.),∂Ke/∂t (finite diff.),RGz,RKz,RGe,RKe
intensification,1389669.1281578627,224585.4347842192,2706405.3970931834,96119.51541992533,0.043187658367235926,-0.34833514781980435,-1.9948431700644442,1.3574364847944134,11.607795994271699,-0.8094695697186809,-33.0567978638527,-0.8434691478913015,-80.87560959831437,-91.78105393211726,1.5545618275946882,3.4634188645611834,8.569986977017194,0.8289493590978229,7.289386740836565,-0.9038901768213018,-3.3429565067070754,42.29784011638647,3.3441905614307217,-3.412700683788857
decay,1256069.2207946458,46470.91322700588,3203279.4038361297,83245.63072640338,7.922352211266192,-0.03597492050949534,-1.1541996267972765,0.012906368559135139,13.322464924176376,-0.63123106068235,-30.322728824417037,-1.0741450591940058,-27.361521572472224,-39.85941009988711,-2.5072149208966485,-0.024578950967766876,3.786197777731328,-1.0866023808068095,11.503374244659001,0.21756590776126958,-1.649889855688354,35.05795048460712,-0.40649003105582915,0.12460497159886383
