,Az,Ae,Kz,Ke,Cz,Ca,Ck,Ce,BAz,BAe,BKz,BKe,BΦZ,BΦE,Gz,Ge,∂Az/∂t (finite diff.),∂Ae/∂t (finite diff.),∂Kz/∂t (finite diff.),∂Ke/∂t (finite diff.),RGz,RKz,RGe,RKe
incipient,1275097.2725362575,38128.12096795778,3450263.6524768034,121665.33501352962,7.568711402946769,0.23160910358259423,-2.1146573130350217,0.5075582613167201,14.268737529815578,-0.3173568407603068,-22.18263843000069,0.7175512188726344,-67.09358336031012,-100.84555977617295,-2.375067396376457,-0.1654356355479622,-1.3377327589014938,-0.13798713950562438,8.744758870596163,1.3946293406130272,-7.806149782187709,25.473343210685105,0.45531885898880836,-1.945137452611349
intensification,703022.0675213744,222826.86995794612,3712723.626619435,321127.74553569325,-0.06493494876484185,1.8082245683133737,-2.007427802342584,8.927966499214747,10.063961798888432,2.4730739874510395,-1.386342803003788,5.263976642916888,98.44257243982308,89.50186970397378,-1.4736736141440325,4.793880596495004,-6.439664317147016,2.107729389446356,-1.0441641132530046,1.5912294259374986,-14.760336496486918,2.4145414408582093,6.75439733289669,-14.60814151853672
mature,172789.09248193802,407315.5075780243,3710558.5006571733,550644.8916233176,1.4589609168335638,1.456621626529733,-2.0273360485595378,10.12606556662083,-0.979454181845962,2.1090906676405843,-86.88065083425889,1.7606686298318273,295.6418169926356,286.6070955476572,0.5450855367807153,6.834987288963752,2.549392084180152,-0.7919851508603704,14.932526526777867,4.045907026848349,6.444428809389411,102.38155249276272,5.768368121590143,-9.868163218163845
decay,538089.1689616572,290316.95065578603,5094141.429973806,584807.1579334291,-0.9837849621302915,2.1493740078253767,-12.39226826129838,6.125759514223192,1.7861252613997332,-2.379321958085356,-132.3073169063797,-5.476230954503952,532.7887302994518,431.0725765303288,-1.6405077524291292,2.2110278312617004,13.759630830764065,-4.3568169425358505,40.90062829188344,-5.407682365912203,13.139094615059417,186.58399842169183,1.9988905219473214,-18.44947918692982
