,Az,Ae,Kz,Ke,Cz,Ca,Ck,Ce,BAz,BAe,BKz,BKe,BΦZ,BΦE,Gz,Ge,∂Az/∂t (finite diff.),∂Ae/∂t (finite diff.),∂Kz/∂t (finite diff.),∂Ke/∂t (finite diff.),RGz,RKz,RGe,RKe
incipient,352644.16125430027,142601.4159177991,2118356.534168594,399377.0379864173,2.1715302530539664,0.6828164849367737,-3.770216372736254,2.043044931559649,0.3204297550619504,0.9190948862162528,-2.088030561274747,3.7352284589216436,52.760689551800716,52.09757069808216,4.65505189309157,-1.3827106781003573,-0.7886795319338736,-2.262024236794427,-0.26047935109183457,-1.3997802992142676,1.7452374509949162,3.426237329865199,-1.8208906763878048,-10.948270062431812
intensification,321755.0732655618,101769.40111724881,2164167.7838590634,450042.9558936185,-4.555904560704568,1.3613330211665775,-2.23584022672654,5.78667364438234,5.647011881729481,1.1042815661432401,-1.4684044830584688,18.06660195808994,81.88472220037038,84.49889605807309,-3.991192372909147,2.058474425486059,0.17580670182581687,0.15294103020094488,4.521900072623461,5.772519155993567,-8.665776719441656,12.782049343113037,3.474000087273467,-20.316596673205254
mature,301843.38362267445,96316.09488286167,2194793.255952381,655471.3593406732,-1.6642847090793005,1.3767709020729282,-2.349695067310655,9.668606268773027,9.596067727583963,-0.9204027884059526,19.464696629969584,14.947462819089997,54.73515005560995,54.239354098923236,-3.9400921654831556,5.549273200494761,-2.8393946652983644,-1.046119393716779,-13.328848164411069,-3.46033712471345,-12.7229761998887,-28.779565017990695,8.166118761389273,-30.426101279887135
decay,169610.66524278835,82856.64993643698,1448084.192815349,313121.9492947482,-0.40059168110771504,0.6930136784268737,-1.9347378958443235,1.3536011014485458,0.7819481906939476,0.13820309394523927,24.747008945529593,-0.4968955161845982,-12.49678172751495,-9.727607033224205,-0.6678375961557586,0.6502531806431366,-1.451959105256075,0.018822790577491408,-6.702956282906995,-4.566438036146039,-1.941485298630864,-29.11463565148455,0.5412071196539245,-7.357881517254311
