,Az,Ae,Kz,Ke,Cz,Ca,Ck,Ce,BAz,BAe,BKz,BKe,BΦZ,BΦE,Gz,Ge,∂Az/∂t (finite diff.),∂Ae/∂t (finite diff.),∂Kz/∂t (finite diff.),∂Ke/∂t (finite diff.),RGz,RKz,RGe,RKe
intensification,1124527.6987020115,193989.84387244825,4066544.167474558,262621.63841484865,2.731393401647014,1.8965270776574068,1.0863348379340692,4.777702103713843,28.767303153620226,-2.009999360559287,47.58758242099078,0.4663678585191238,79.70031596645308,-38.80332136959275,-0.4980568832853066,1.8493160251667486,-4.4925862051050425,2.372374444101536,4.284710692274024,2.4580033579293747,-28.63196887942085,-47.120599968297824,7.263548830717259,-1.699731766369523
