,Az,Ae,Kz,Ke,Cz,Ca,Ck,Ce,BAz,BAe,BKz,BKe,BΦZ,BΦE,Gz,Ge,∂Az/∂t (finite diff.),∂Ae/∂t (finite diff.),∂Kz/∂t (finite diff.),∂Ke/∂t (finite diff.),RGz,RKz,RGe,RKe
incipient,1501843.779512449,156454.9919152679,4988959.046742228,260965.38772459753,6.986157572151965,0.42331867043128096,-0.09990297394968582,6.850285403096735,27.42601258276366,-0.5157840101739923,1.8055509372265195,0.3702675160282648,54.87546295871956,28.56440090123152,0.5325854973284808,4.551805862905816,1.9761851453659596,-0.0930334389884261,17.40809359931224,0.8225181636485264,-18.040351194814455,8.716288063883445,6.849717303851022,-6.497937729426158
intensification,1098284.933078887,365447.4204792275,6689652.033561616,373039.810887341,8.668977973028431,2.8146764402256825,0.1101599067634725,11.992582172106864,32.60729988614277,4.073866047036303,-19.39309366186876,-0.2797557574320608,237.45824887414142,189.42183667196122,3.1502841096779313,3.1975253067364657,-1.6890913353267965,0.6980021555971966,13.384025066318234,0.17783271785342,-22.812736808215444,23.99798084839509,5.802041840442074,-11.424833790057914
mature,1252987.1637057192,302995.9932589436,6559351.435975899,301952.3438022882,9.596824428156907,1.6722668371669613,-4.5829720014555315,5.757374966689775,-4.844198388402622,4.520891665335761,6.785349594058971,-6.771635820530694,441.480881954694,377.86863574618724,-9.876296679591547,-0.6871172845033988,-0.20548195338353636,-2.325611851370796,-43.41371523442556,-1.4884546656019133,15.907807700342957,-55.212917255185914,-2.7613953871837436,-5.057165813216527
decay,741765.1625554725,45493.250623568645,2920203.8500678083,105122.97063536996,-0.14630436839198413,0.12069712381460893,-1.8274072327748077,0.6644637615443927,-4.598721931054131,-0.12051269996269678,-18.53490760530846,-1.5296385749193706,226.935464277218,188.39316686524955,-0.4498786228714072,-0.31301245215293,-1.7372566636197821,-0.3658979677852845,-11.193724048711873,-0.5644465115178733,2.8358580228569745,9.31489515776338,0.2983813699071957,-1.526678930917703
