,Az,Ae,Kz,Ke,Cz,Ca,Ck,Ce,BAz,BAe,BKz,BKe,BΦZ,BΦE,Gz,Ge,∂Az/∂t (finite diff.),∂Ae/∂t (finite diff.),∂Kz/∂t (finite diff.),∂Ke/∂t (finite diff.),RGz,RKz,RGe,RKe
incipient,739909.7235668531,66837.09468617762,2020372.609252964,448429.3639818213,25.854707428179168,0.9008635575975994,-12.012946671908905,3.839497020025388,9.555895679352222,-2.9948693636683537,-20.08478067980742,5.431758551949822,-18.04884255954452,-50.21902792513245,17.583563182975144,2.2926422229866112,-6.372565401061761,0.5788225935155114,5.32977224774719,6.173533618260656,10.827109905362782,11.572792171284346,6.512325419611654,-15.110668625623456
intensification,621189.5890696154,88897.94786859934,2020085.1277714812,467108.754268119,13.795982459434237,1.6271496943983448,-6.57292646722167,5.215872999192048,8.702554060083711,-3.4746131990413858,-18.075694682274964,-2.594084675549099,-5.903843168523703,-29.416153988528286,9.652297876122889,4.565526786060434,-0.17338913073526624,0.4261529448542253,-1.2307065563525044,-2.1877393849944893,6.547188963013605,9.62193213370989,7.489489448689315,-11.38245417585911
mature,756256.261559241,87241.6966513568,1992897.8048074474,324334.47021653823,4.534950993817652,1.6782945733857682,-4.31814287996002,4.0792919765001265,12.773673380690575,-4.224442704667272,-2.8831667342204517,-9.570378319044785,7.694101041979128,-20.45037336391595,-1.0312645858879779,3.4501649631642217,1.5182760482792783,0.1977436980420919,0.7940588101129644,-3.451460100864307,-5.042151765207876,3.460417430475784,6.823183805823722,-2.278516638279667
decay,670902.0873230036,148995.25182039174,2255618.6626552236,283743.76812042587,4.063039720732426,1.8796170402353303,-4.2030915393818225,5.366668540769151,10.19838473252536,-2.5959254667667597,-4.0045928814836405,-5.382771446330003,55.02223839608488,17.01694467507285,0.38005253832359975,3.5936710274164048,0.12904233189903996,0.39633861828344435,5.360950955606668,0.23362433972706154,-4.1266856396585645,9.505595655739706,6.479315585584024,-3.953364294093909
