,Az,Ae,Kz,Ke,Cz,Ca,Ck,Ce,BAz,BAe,BKz,BKe,BΦZ,BΦE,Gz,Ge,∂Az/∂t (finite diff.),∂Ae/∂t (finite diff.),∂Kz/∂t (finite diff.),∂Ke/∂t (finite diff.),RGz,RKz,RGe,RKe
intensification,698622.0830217131,375710.6177189592,2887069.594203473,358566.7422553301,2.4745271408051677,0.9668754561270679,7.228259743299015,7.330344077440273,18.418709900915882,0.7259453815526229,-73.60752951572245,3.624029812918606,148.08718980311346,137.9247263153055,-1.3572277325623638,2.085507473463581,3.7849499508471505,-1.5759303934976627,-4.474926508250953,-1.898497478225299,-11.192357353136494,59.4298161233673,4.0615928462629185,-5.624611625285163
decay,1036277.0966852084,144959.90146745197,3490502.00382052,183092.82332252,5.527714173538229,0.5741134732420816,-0.05979365279977152,5.435137670244393,21.23003858186771,-1.2618618184055403,-90.4219641608924,-2.9189056620286347,86.62585380723836,41.230475111348056,-0.24464957708559307,2.1546410508309934,4.859098921486625,-3.5532110947360707,9.63562129228568,-3.3016284651923393,-10.269112013600774,94.58966493243963,2.5696749206717815,-5.877654126207871
