,Az,Ae,Kz,Ke,Cz,Ca,Ck,Ce,BAz,BAe,BKz,BKe,BΦZ,BΦE,Gz,Ge,∂Az/∂t (finite diff.),∂Ae/∂t (finite diff.),∂Kz/∂t (finite diff.),∂Ke/∂t (finite diff.),RGz,RKz,RGe,RKe
intensification,440069.58886903164,89945.888147289,2200606.781068698,270686.89617656835,0.4496902598297193,0.21507340268257544,-1.4913009345904784,1.374777185795649,4.087337779160417,-1.3927820901160992,1.1134650976255054,3.4607615394539257,12.754237383287057,34.16425353728987,0.12168669939204702,-0.5299837433318422,-2.248802583459539,0.07338840413109597,-2.2258691254133116,-0.2618089843068618,-5.671376700107662,-2.2977235482780567,2.6258742773602686,-6.588648644146915
mature,387455.5010800618,94604.68218326739,2656105.400296114,198348.00573566908,-0.9997423388164194,0.7624321554276482,-2.4506934527450643,3.1582657523930653,4.856786777468899,-0.10705949136208999,-19.69146774982175,3.1645254125995836,145.04397511183916,158.38215753900906,0.34988717847438516,0.5514261071600882,0.05014006321466754,-0.1798304590214963,14.143290446268624,-1.5590579170606358,-5.043956897643002,37.28519398765186,2.3230626293060106,-10.332542534798348
decay,352661.64347718615,127340.01324581895,3012637.260772656,132142.52605160623,-0.8995998769543113,0.17704082647855088,-0.3702563030312958,0.4875288478054847,3.886604145900284,1.0458730297029941,4.953914135201495,2.2298999646417115,-47.012760286406206,-39.082545019517624,-0.2892180268349699,-0.4684198192333188,0.715936090789472,0.716026409673047,2.732442379938702,-0.13552851891543172,-3.893227105586574,-0.9516155752771865,-0.019358598703013492,-3.2232136343939244
residual,1125537.6281578122,201695.38493261507,4565041.433264073,316032.3631200689,0.7394789670051947,-0.1410885591259536,-4.166221072434625,-1.143093236640448,0.9187528201420373,5.371823358286151,-19.016688560088703,6.114975216983007,-211.00423211475663,-293.5057844478268,0.29107354313376693,-0.5794980062544143,3.00962267680686,0.4517124896517304,5.667574176351915,3.410858947732584,2.689260264544065,28.11100484187004,-5.922115546148914,-5.7272441050446
