,Az,Ae,Kz,Ke,Cz,Ca,Ck,Ce,BAz,BAe,BKz,BKe,BΦZ,BΦE,Gz,Ge,∂Az/∂t (finite diff.),∂Ae/∂t (finite diff.),∂Kz/∂t (finite diff.),∂Ke/∂t (finite diff.),RGz,RKz,RGe,RKe
intensification,1174432.9089553142,137462.5428310263,3484733.267753763,244942.16763913003,0.2842559672083681,1.868870818066239,-6.6213211551059565,4.044529612435619,15.654983116742532,0.5293293250656572,-11.78950791012884,-0.8498046796211907,-59.873157543250564,-134.08570822877277,-7.666110590796513,-0.15999143997012882,-7.6758899773425355,3.391780057687355,-9.345255065443613,3.9024946536459018,-21.177746308810462,8.781318032582814,5.038109526991079,-5.913551434274483
decay,722467.8783691259,412490.2522075942,3609793.4215247864,420713.5204618929,-3.8100083218706247,5.1253547508369275,-6.082901917191576,8.94914646912372,13.085548057034202,6.970821284699525,-15.867237290750017,-0.7665294901077143,182.5837934179149,90.20754758201156,-3.949315169168514,3.2190136327130943,-12.89426325594942,5.044082424442729,7.775869821224272,3.864945402146631,-24.66446488401732,33.53601735103649,1.8970528580299983,-10.400573494060952
