,Az,Ae,Kz,Ke,Cz,Ca,Ck,Ce,BAz,BAe,BKz,BKe,BΦZ,BΦE,Gz,Ge,∂Az/∂t (finite diff.),∂Ae/∂t (finite diff.),∂Kz/∂t (finite diff.),∂Ke/∂t (finite diff.),RGz,RKz,RGe,RKe
incipient,168982.22013906878,54783.713642080744,842882.2569942822,99029.43870616515,3.2069858614321505,0.0334239978267333,0.265376802412627,0.2409535518903759,-0.3118414178787521,-0.049670580251047335,-1.4822399608713974,0.11983109913062584,-9.78535879988488,-5.93207745384557,2.2160141239731876,-0.2673252645644026,-1.3448396145378965,-0.5369802498027273,0.3054660251630777,0.37412627102204415,2.207411662599739,-1.6846566778103018,-0.27978011548803733,0.2787184224136695
intensification,284991.7414561056,80547.6619070823,1554365.6338752313,259422.04741939376,-3.4816007544953083,0.21580033631990886,-1.8461284213331801,6.103942308010673,-1.293204312898089,1.7228802561778571,-3.704941794789017,1.8909160318207061,47.04697636932276,56.752260830698106,-0.6944022199848828,5.179942536145277,3.052157008344,1.535845008598607,12.663988193540124,3.700356013902927,1.07956090306669,21.69665916415763,5.701106724111514,-6.140630747261632
mature,491162.23295141966,239401.18507002527,2486024.9920431767,581663.7881002943,-1.236251269699293,1.2886279797999578,-1.4034226232895213,20.571545724575895,7.2081779025243335,5.872110739755219,-18.46998442030367,3.1020498786212385,134.12701662804162,130.6007126455247,2.0229667853655084,15.890152878313776,3.441601838924864,2.5134078069863386,14.054451762568407,3.9828526726022573,-3.714199353498804,35.1641100758609,15.924214812007058,-21.094165553884398
decay,518945.14390381257,395245.9790594798,2797790.6069118315,845202.1645538583,-3.054795700469609,3.3857603337928794,-0.8464909440109946,18.188188096091462,6.652029703218091,3.333442374041945,-38.661425385696035,18.84844110129548,157.45334381274097,101.72451421903361,1.0429978109391276,12.873625835783008,-4.0915902492566545,3.8341940481281434,-4.303156947715712,13.75650186264409,-10.412655319151474,38.25955508246093,15.30317943638478,-24.126618278753845
