,Az,Ae,Kz,Ke,Cz,Ca,Ck,Ce,BAz,BAe,BKz,BKe,BΦZ,BΦE,Gz,Ge,∂Az/∂t (finite diff.),∂Ae/∂t (finite diff.),∂Kz/∂t (finite diff.),∂Ke/∂t (finite diff.),RGz,RKz,RGe,RKe
intensification,541100.3660447149,195676.10865998245,2912394.870234389,373040.4255988381,6.718400544993522,0.5299521885814739,-4.906655799199079,12.74480192693319,12.369373287817236,5.108367945471136,-58.01256354556672,-2.314224099283951,237.9550882641063,276.0278152959385,2.9097910070730606,6.986355273259112,-3.8550252927346533,-1.3960102152430822,-4.468989006165293,2.5009473325553713,-8.976045846976897,51.73182979360697,5.710471577637496,-12.836286294292947
mature,546143.4200697315,138384.47708084228,3649481.2939111874,428786.7483283831,3.571950490927486,1.3571075201567786,-6.879312536889208,12.56144300449943,19.061629149962066,3.9505704624877858,-25.215709288513676,-2.3326947860804275,200.7650874328037,194.87842267069476,-0.2896437377275001,6.4411384994452145,6.002060522297308,0.35031539117009913,32.387259516244406,-0.7510959084210602,-8.13051061658049,60.9103308507198,7.604080413024964,-17.859156663729273
decay,967362.3270144337,287674.9207728727,5338045.25707652,468726.46567141614,2.471231049165487,3.4562782863844124,-5.756705985618677,15.708443096805068,25.304631154722042,6.507317206538213,-2.014448632685175,1.0180565927763014,112.30715828255711,38.362506827793645,2.6191821581475554,5.531065064959864,-0.6515792570602376,2.617837629881986,8.40508265736302,0.7485366407896616,-20.028701076232377,13.70500622650139,8.36268523376443,-21.734669034410388
