,Az,Ae,Kz,Ke,Cz,Ca,Ck,Ce,BAz,BAe,BKz,BKe,BΦZ,BΦE,Gz,Ge,∂Az/∂t (finite diff.),∂Ae/∂t (finite diff.),∂Kz/∂t (finite diff.),∂Ke/∂t (finite diff.),RGz,RKz,RGe,RKe
incipient,124997.87051969468,315927.1674424868,2378660.0098746046,402593.4354369356,-1.622106297136229,-0.1216525711719522,5.649088118789496,6.135951745041279,-0.7226609568777084,2.3779211924122245,-29.546275047822185,3.6705493237198015,100.75955499205206,112.42409996788425,-0.8381155828983413,-5.9223764294396,0.0531164327956597,-4.420778073010949,4.945913748092846,2.463267260173765,-0.9679814786348132,30.465206974261765,-0.5410949492099419,-1.69414568979782
intensification,191638.44715512035,125185.52483706114,2636620.6996594653,298044.5600745187,-3.1374276142552486,0.26431877299855283,0.2640395634024811,3.3737604970831825,-1.5275276651878689,-0.40159394513917307,-8.14712373881714,-3.2003034988486574,82.56388849096197,71.44750905873894,-0.07023970727639611,1.0053829088517632,1.0023716278253814,-2.341789939093903,7.729799200096117,-2.192720553488919,-0.3432095482434451,18.750310989766028,1.1692457301298993,-2.102137988320963
mature,251944.26019113403,34133.64033373854,3470284.6235959395,173430.38967937662,-2.6201813366919486,0.25720023780220796,-2.3027466760936806,0.9320816306636193,0.1224343469778243,0.09798393300400628,10.454912884027166,-1.644562612437458,-29.39887580411761,-64.23068621285,-1.1137558503595506,0.2352847802905974,0.8599048831603276,-0.2579871468940871,12.045166433294572,-0.26450556768549316,-1.6255105627072368,6.513181562053034,0.3189103129633178,-1.854771262005335
decay,374437.1647258725,54083.29610561588,2729116.037981024,272161.3077062313,2.596637705562866,0.5652065243337823,-3.5080769216637293,0.6891868111852353,9.1296861695507,-1.1413185784016846,9.340906057694474,-4.126650453145207,-112.66956050035708,-130.82761894669625,-0.8891793838147329,0.11175834274198163,1.53431139794797,0.5283739157236576,-9.466060262882497,1.6260366263923525,-4.433530541706082,-17.895527104476106,1.7936727809767954,1.555423346688594
residual,724053.1533575773,229183.32342779657,2007100.2675733282,551107.0851444354,6.839598029336371,3.403684695454795,-10.146631205731259,5.688516252854169,21.619485928448544,-5.02817747346957,-32.3066153528902,5.986478739148643,8.441336274319037,-22.2535167981648,-1.681847213168963,2.1564627520410737,4.580680340463172,3.054071958419463,1.4886945825622893,1.4312224049393447,-6.795522863194209,37.10234311184737,10.367080989288407,-20.39040379279473
