,Az,Ae,Kz,Ke,Cz,Ca,Ck,Ce,BAz,BAe,BKz,BKe,BΦZ,BΦE,Gz,Ge,∂Az/∂t (finite diff.),∂Ae/∂t (finite diff.),∂Kz/∂t (finite diff.),∂Ke/∂t (finite diff.),RGz,RKz,RGe,RKe
intensification,700707.1288256553,179694.76731824473,3380683.2802260863,158975.89286528638,4.55560164259327,-0.13119301103826814,1.6047563500949957,1.8761498136170023,20.467560159038285,1.3800978576431264,9.516977638823956,-1.8751063346636436,149.68518848818977,152.28125517715347,1.9173139227767924,-0.8692979112336325,11.153272386566147,-1.7457043271262358,12.883279638440317,-1.6341859752234196,-4.889879140917138,-2.7940559930719076,-1.1184593601140909,-0.03047310408178222
decay,970401.7919243267,77337.34271480958,3780051.5032743043,157265.42377415037,6.835598628701429,0.18363945786697386,1.9972348118937018,0.38973984398947814,20.72237771631047,-1.5279834624391688,48.6529527258523,9.504132522696306,27.59793886750081,10.825256271237686,1.3457908255379505,0.17536416234983446,1.1133946217956772,-1.5843327642272713,6.704459126476005,2.038972278689331,-12.589745007946387,-50.78132703997143,0.14975108433440149,-5.857665276102752
residual,1043460.9492536068,43690.20721658311,4078913.2878872426,259176.5250684516,3.954888901438781,0.848734360028691,5.123249644913361,1.666300983940738,16.20323327792454,-1.5967347492404833,63.338733686381744,11.191541455018806,-75.82634487735696,-101.05164965798556,4.753422895454053,2.968696388303359,7.364798128834691,-0.6252528253472297,15.932060880685889,3.638503404256866,-4.034811887622375,-56.484811352048,1.7890485478053009,-4.0960893897893165
