,Az,Ae,Kz,Ke,Cz,Ca,Ck,Ce,BAz,BAe,BKz,BKe,BΦZ,BΦE,Gz,Ge,∂Az/∂t (finite diff.),∂Ae/∂t (finite diff.),∂Kz/∂t (finite diff.),∂Ke/∂t (finite diff.),RGz,RKz,RGe,RKe
decay,456608.4458678803,130403.34643008505,1674387.4601152844,321754.91351827903,-4.016843830498771,-0.6919484840743793,-0.3899206485677972,3.3265281949917056,-2.374234133753606,1.7476581174805697,15.020419038148031,0.39307485479119725,4.843699988100947,6.5207021931716165,0.102671079620669,3.4343996071353975,2.6015185494079835,-0.3320733271454712,5.282493213399776,-0.8787554807940893,0.26696036858843875,-5.331161345681685,1.9387452344400442,-4.988279179144789
