,Az,Ae,Kz,Ke,Cz,Ca,Ck,Ce,BAz,BAe,BKz,BKe,BΦZ,BΦE,Gz,Ge,∂Az/∂t (finite diff.),∂Ae/∂t (finite diff.),∂Kz/∂t (finite diff.),∂Ke/∂t (finite diff.),RGz,RKz,RGe,RKe
intensification,1442674.5773441421,151909.699531909,9497395.317790773,413915.39701671747,1.7889320241872237,0.5945035212962984,6.353654625689513,8.061102935844406,13.010922766666237,5.3447038664333695,89.19353022718217,0.5443611156129885,172.7092584159705,67.84523166939363,4.422692590058724,1.2529662523442984,-8.172860199804003,0.37543696654186,-10.88390267382293,1.8080530705682665,-18.800347420986718,-108.22001955088186,2.4973325146565974,-0.4437563551996139
decay,956070.0460946303,128615.93740696725,7611156.370420836,491074.94526765496,2.940150115651598,0.31499544368780036,9.415555052222334,-1.0592108208634994,5.9907963167967075,-6.639280295907066,137.68993200634705,4.185369529997506,-213.48363261406828,-187.96795966846446,6.054074990507635,3.3030930090896975,-9.002637150871376,-0.7795497656268422,-55.6280333893685,-0.5726076951341673,-11.738287908328685,-205.6736705635895,4.485524265728925,5.71678864795416
