,Az,Ae,Kz,Ke,Cz,Ca,Ck,Ce,BAz,BAe,BKz,BKe,BΦZ,BΦE,Gz,Ge,∂Az/∂t (finite diff.),∂Ae/∂t (finite diff.),∂Kz/∂t (finite diff.),∂Ke/∂t (finite diff.),RGz,RKz,RGe,RKe
decay,371516.86933866027,127762.70567444628,2049277.083844198,432159.1911945695,2.7785438488924052,1.3993857406299428,-2.7766474783508426,5.112741061214673,8.66486615945784,-2.0976479394578904,-18.269915423342454,1.6046951272695715,4.348410971555319,-12.121796786084133,-0.9233984639642047,1.5568921015836221,-0.9207672948050138,-0.7736343665071702,0.661907138513893,-3.7892479494733173,-5.407703864740503,18.92992619131477,5.037368893535451,-13.283331616308406
