,Az,Ae,Kz,Ke,Cz,Ca,Ck,Ce,BAz,BAe,BKz,BKe,BΦZ,BΦE,Gz,Ge,∂Az/∂t (finite diff.),∂Ae/∂t (finite diff.),∂Kz/∂t (finite diff.),∂Ke/∂t (finite diff.),RGz,RKz,RGe,RKe
incipient,429152.4912253965,51171.99675853127,2343725.101868339,124738.66793344892,-1.3904221152456175,-0.03415775501833562,-1.2425687292806924,0.5651299889924186,-0.7858650480009298,0.2455272604222867,-2.243265065268495,-0.16404953710996592,22.73186397173473,13.079424246319853,-0.726396115408237,-0.154147985314482,0.011031626698040949,-0.29548175709647667,-0.14473204752975716,-0.504153515139441,-0.6276831955649824,4.731523862265049,0.05827872649199072,-2.147802696302586
intensification,469286.394864323,47622.8853454123,2470319.157646835,136843.73526498067,-7.108699729537121,0.5429776803480117,-1.6810903837150717,2.675888399567022,-0.4768546033134101,-0.018066316082784736,20.352155594868297,0.5628700343253163,17.491200612840334,20.754817663355517,-3.7050816189339835,2.045993749770398,0.86986845749265,0.3942498103186356,0.23465343329419686,0.6616438192743623,-5.21899898838305,-11.327712048321908,2.545226845620431,-4.258204998333048
mature,404700.878575259,280496.9766804836,2371654.976280571,650936.1881136236,-2.898973385248547,2.453353939134917,-9.839573807093412,15.738286519465088,4.57499894285721,-0.30448808633692614,-20.852349820873773,-2.4095986985423385,106.61685056700726,84.45574591496434,-3.6738228084159474,12.646945239323358,-5.191118946516717,0.7216431442879603,-4.9571112819018825,4.536534806027513,-10.211737335487557,28.63378573131385,14.311063810955062,-18.63172682198865
decay,532447.1131326831,233478.37897826533,2490715.237548012,468646.7722957614,-0.3793466333134224,2.347230875322921,-11.004976631732768,7.418016953925204,13.256445106740868,-2.4246545266776196,-12.852237709598018,-5.825618344489065,119.88491539837285,106.676063850566,-2.3836548923430536,2.6022267136760657,1.5415668273230856,0.3106374144055938,2.321422745655588,-2.2149060227890356,-9.746994037408284,26.557983720299802,7.806078019685498,-14.812281263957948
