,Az,Ae,Kz,Ke,Cz,Ca,Ck,Ce,BAz,BAe,BKz,BKe,BΦZ,BΦE,Gz,Ge,∂Az/∂t (finite diff.),∂Ae/∂t (finite diff.),∂Kz/∂t (finite diff.),∂Ke/∂t (finite diff.),RGz,RKz,RGe,RKe
incipient,911025.7281244793,233058.31365627577,3956518.885630231,288159.26755372906,-9.70470399766168,1.6579630959155842,-4.242822745411936,6.926505705425389,2.551300672379993,1.9862261634749638,-81.7641012371286,1.125754716726982,99.16851930321108,72.86615591867215,-6.760216839590807,2.198147518878858,2.6691799589874976,2.4233626219987836,-14.495653401977528,3.3657437691363143,-7.92886161513859,81.21597457822467,5.705679068033625,-8.929339398427993
intensification,893603.9288697429,163613.86993929566,4041828.7864614567,407850.91597414867,-2.7636717938016964,2.328502062571537,-15.48486976118655,9.51906384990407,11.044436139993413,-1.9877220649185205,-56.83558502269258,3.793717185824928,66.80382675280799,8.569906714369564,-7.206874954086516,3.887701892099918,1.4229910206247334,-2.210574797061781,10.776095976098135,0.7037905499311972,-10.056614850598843,85.86022255377897,6.967709055189272,-28.09386024698435
mature,983964.3697213425,78409.57673764104,4694295.298405502,380171.51604328834,0.6855843230420521,0.9574886473676537,-12.356307311068932,5.571005781087449,8.318255914333617,0.295281530470566,-27.78615915318214,2.505841408277888,54.66077910358916,14.83850255720529,-5.274485911804397,2.125870154803114,-2.110720711365237,-1.2075396850751245,5.240067930309171,-3.251804274424352,-8.785903655289149,44.69695007151819,3.1106959181741054,-23.684958774858618
decay,1018455.9482363139,67075.43585041042,5378590.4007859295,201555.93939044815,-5.444224860386919,0.4667038762462621,-3.692101119710439,1.47792683688221,-0.10600659651023933,-1.5158412725602362,47.627315428133976,-0.5321563960796223,38.74397112818235,23.743768144413416,-3.6777821254277443,1.3747607204542434,-0.2060082727809219,-0.0016401320196055113,7.17806028768256,-1.0469283154304763,-5.07752266041134,-31.312929160354052,2.5254241011765783,-5.6847998759435034
