,Az,Ae,Kz,Ke,Cz,Ca,Ck,Ce,BAz,BAe,BKz,BKe,BΦZ,BΦE,Gz,Ge,∂Az/∂t (finite diff.),∂Ae/∂t (finite diff.),∂Kz/∂t (finite diff.),∂Ke/∂t (finite diff.),RGz,RKz,RGe,RKe
intensification,1109563.9128664408,134229.79679840096,4981037.989053153,366385.54378092004,4.84488576723772,1.5450890084300941,-5.04870351842814,6.161855421784889,17.92174476400189,-0.8667351490523787,-5.190694357326061,-0.9470924257103733,-6.029929552597778,-13.285743197383605,1.1244529890476878,0.9069812573883373,2.073537110663228,-0.7122137155230667,2.2850848154486356,-0.5826329141771666,-9.458232877670847,7.679596923965117,4.771287846884106,-10.846099428679821
decay,1262547.606811439,112627.04588794011,5548366.22961442,294701.82815520297,3.0512123701135403,1.9535485373696786,-7.79628269255805,5.568317438146441,16.40076435218455,-3.1583133751933277,20.85119137540756,-5.141879754609967,-48.82009680279699,-85.3773404651344,0.6112663653292854,3.4938237858164913,1.3205167903543404,0.04809963091178956,20.86273870944621,-0.4399204594908442,-10.075486654346987,4.756617656483155,6.821181906881878,-8.662640835585368
