,Az,Ae,Kz,Ke,Cz,Ca,Ck,Ce,BAz,BAe,BKz,BKe,BΦZ,BΦE,Gz,Ge,∂Az/∂t (finite diff.),∂Ae/∂t (finite diff.),∂Kz/∂t (finite diff.),∂Ke/∂t (finite diff.),RGz,RKz,RGe,RKe
incipient,1486762.1360714382,151736.4754660922,5146563.871662701,313689.85023674945,3.3443829382162646,2.398884574077426,-5.2596982330843085,4.689355706383743,36.33040846967001,-6.768235039328748,-11.613076054523443,5.518496273982882,-79.08257514961437,-278.36915784043083,-7.144545316738193,-1.9893083535132543,-4.686995156381794,0.6536167385689081,-1.8713098105558426,3.3019186729001517,-35.274136113758104,11.657081538835644,9.712322910203973,-12.165631540550782
intensification,740811.8641194511,317732.4068216318,4577547.241061462,721207.5229563891,-0.10976948020955908,4.1904909601538245,1.0642044644408322,13.551430019244142,26.769111052822932,-4.417076732259418,-15.158996316617978,44.84393487910168,174.57350933657827,131.8993259425849,-0.9755815512254508,3.1560795925816287,-9.105394902891813,0.9665388797994886,-8.727209471187019,1.3396960669336695,-31.793784475770483,5.477351861199685,14.744554671149226,-55.99146436697132
mature,204963.6911989384,230634.74631185425,3217561.3780926713,575534.8911414644,-4.701022599317268,0.4865544310281731,16.073451052801897,7.639791551091986,0.13139597942647666,0.8564680728375116,16.480275454589016,16.500962425348536,91.47097349358903,164.57834781662487,0.2904702438467358,3.9654595054547443,1.8356513394700886,-3.3861832703711117,-20.676653763296745,-2.0829313249251205,-2.5102128082454827,-48.529357671370384,2.9105857768551906,-10.150234248563747
decay,247387.3551620154,43893.25255450844,1778756.7494373964,318198.7194589489,0.07397592215474807,0.12274849624209824,-3.53913000931316,0.6403152954404501,-0.8416119633926001,-0.13326769223125565,-8.932761951932426,-2.2656505006839622,48.30151872387241,45.95418494911394,0.2773150455597499,0.22759301093115572,-0.6231786951494924,-0.2910730517112007,-6.595188126346553,-0.646917899713508,0.4151576866399541,5.802727912744285,0.35976143971840685,-2.5607127037831554
