,Az,Ae,Kz,Ke,Cz,Ca,Ck,Ce,BAz,BAe,BKz,BKe,BΦZ,BΦE,Gz,Ge,∂Az/∂t (finite diff.),∂Ae/∂t (finite diff.),∂Kz/∂t (finite diff.),∂Ke/∂t (finite diff.),RGz,RKz,RGe,RKe
incipient,1057185.6676383056,223502.91291980716,3238271.591136396,157541.3468726476,-4.409037296288542,-0.7113539663337395,-0.7479585417801305,-1.3352343287725066,-3.443002011892027,-3.1207907709969462,23.330400489289957,4.6871138687223395,-66.10971279389156,-4.755986368623044,3.4259233081319334,2.7545660083629264,7.215569385030626,2.8430648236582834,2.3708991687100482,1.660434549498348,5.538180134300373,-15.802505482511238,5.339975232216463,-2.439403532231615
intensification,596032.5406079214,200081.5268069431,2643269.571737188,500468.42442226683,7.017212974849653,1.1194357583501455,-10.207505205576743,9.8755183188957,3.9765151546013233,0.22175686614033366,-4.132825085492092,1.232355590883097,68.60606718183071,44.66786852855207,1.2189312428061678,6.743097492599293,-6.4916454776695,0.38369525889670214,-9.096462169758446,7.521565634306012,-2.331511899071023,-1.7733448535392677,8.918020953301925,-13.79381348104953
mature,225031.84712635056,217139.36621358042,1791262.7993842054,1272512.4837382974,3.610901438054923,2.0278982126791414,-27.768605911017843,11.737139604805403,5.949436030686907,-6.605245387428687,-16.637447392979347,1.1268854419702157,135.89053214501416,93.09884419560703,1.051425839682939,6.786343680332184,-2.526989499184904,-2.3778174486872263,-11.36795201935753,5.627387183165527,-2.8376258791377458,29.42719984658474,13.936669330867723,-35.005243774627935
decay,354828.1386716553,135170.0251404173,1964973.8908356386,563611.3213176791,1.5897268850846613,-0.8697812345658494,-3.861858588213954,-3.8004227080799162,0.7804719878060932,1.6545002339533064,4.476773730521173,-16.510671849050762,-13.521245844052808,-38.98993758710906,-0.05380208880163651,0.1189645724224679,3.5188790190288,-0.4856064330152035,6.407902945178264,-6.722282967532075,3.4583526817415184,4.203260917786383,-5.070748140482578,9.72695300138465
