,Az,Ae,Kz,Ke,Cz,Ca,Ck,Ce,BAz,BAe,BKz,BKe,BΦZ,BΦE,Gz,Ge,∂Az/∂t (finite diff.),∂Ae/∂t (finite diff.),∂Kz/∂t (finite diff.),∂Ke/∂t (finite diff.),RGz,RKz,RGe,RKe
incipient,313218.4829590776,78567.7445122354,836263.1352353441,252984.2016650531,-1.290908062091913,1.1256235632558083,-2.562970454795415,3.3638037681918953,6.067404862954248,0.18263566955215096,-3.4975374347631893,0.8863499264165444,1.38115189042606,-13.44011620925037,-1.004698535012831,0.4419795695257619,0.5729243170935655,0.5936274869496758,-4.027746926132048,-1.0546302253776396,-5.659765044696788,3.3236690255184698,2.6491720223336124,-7.867754374781494
intensification,280663.69642637426,145697.22963656383,887930.3381549062,502360.55250149814,-2.6155166427268175,1.5957718875347953,-7.5220418966359475,7.3288986940281955,2.9631473569119526,-0.6207809279083228,1.0611900258604963,-0.8438535923730882,-15.019325704629612,-34.33349269512673,-3.2009414699508447,5.844164655018263,-0.946151973788856,0.8034578624509925,0.46978432847563106,4.169407909047778,-4.929044085892831,9.546152841977898,7.157365596852716,-9.837679089243277
mature,143510.56182347587,134758.3165994904,766297.9175533999,900628.4060814226,2.74422683663837,0.3698228771973648,-2.482644412635607,7.787093296720284,0.9210873130244801,-1.2732671326499685,-1.8481564115708569,4.536617241812758,-4.040630434142507,-9.914781783711426,0.9775765941414718,7.230319220078272,-2.1614873549015434,-1.63124792337835,-4.1586687626480145,5.677410898408568,0.031475045909711175,-2.572094775079921,7.059289628794536,-9.12894405276008
decay,106005.83068825021,74905.56914368052,1830100.9202093745,542173.1447101731,-1.9789351252699048,-0.33132500630121015,7.490248756984948,1.0642786563533049,-1.3475309322134015,2.5063226414480613,6.5133549249494775,2.633702725608324,107.82452708448038,147.62841802222962,-0.7494398939892228,1.4617767082683681,-0.16834336992390087,0.30871818108094085,17.59661517185503,-3.1605751364636467,-1.1310725692816137,5.571946615190512,-0.8020007977126055,0.6316922385596739
