,Az,Ae,Kz,Ke,Cz,Ca,Ck,Ce,BAz,BAe,BKz,BKe,BΦZ,BΦE,Gz,Ge,∂Az/∂t (finite diff.),∂Ae/∂t (finite diff.),∂Kz/∂t (finite diff.),∂Ke/∂t (finite diff.),RGz,RKz,RGe,RKe
incipient,260572.99745797925,128548.34000066046,1712532.4069689943,186905.23231595312,-2.168125519612425,0.8550836986085903,0.2055687470857476,2.140949009811846,-4.519034161340842,-0.2546088226831026,-6.9765608506825085,-0.0103012866817615,36.321660752378975,100.89401329346865,-0.5121390261899575,-2.248268382075582,5.318407387302604,-1.7897088220613753,48.25836276854065,1.7718012181847762,8.524399727639612,57.19748039174984,-0.249234688175017,-0.1532777578595605
intensification,372553.6200189853,82609.20349919032,2617892.4987127227,171159.4463953717,1.6047947538799718,0.16692494014353018,-0.09381499986362786,1.37399987852163,-1.1496756508827783,1.5620124833335183,-25.99833327523207,-2.0664465423206004,-15.18552106308241,-51.800719718475335,-1.3049793698229493,-0.11283239827351928,0.5044792897879803,-1.0024280211442098,15.148449288426756,-0.8252813190891852,3.4258746346942606,39.635802809642485,-1.3573655660996282,-0.22664965515384253
mature,278277.4344240282,52755.776340944314,3058485.1236007833,139839.565056853,7.06019969582295,0.24081752588303745,-2.7348805428409353,-0.8034135547907906,2.1098295753134026,-1.2957043204882188,-31.155938841356978,-2.754622021600528,-73.85990568908053,-178.97422113407842,-0.6983735877235262,-0.4375084877722054,-3.413127281332931,0.15357374972873505,12.046069396348646,-0.5470427028015109,1.7780603650596543,38.87668908472361,0.40504698954312557,0.27611233074887265
decay,720114.4786248326,164219.60929680677,5209760.064425011,279967.99664492946,3.3041455719103,0.08082948640484544,-5.7527906359442555,-0.2453314905827027,-0.81609853170364,0.11965294068435739,-34.221467878748946,-3.294239317348026,-171.06856563958823,-333.9113145029357,0.14837355427685595,0.21659585065964676,5.260266505715365,0.7059938522153998,11.761945838739413,2.3798074339287325,9.461340095734151,48.432058781522294,0.2601799345434929,0.16658760591520613
