,Az,Ae,Kz,Ke,Cz,Ca,Ck,Ce,BAz,BAe,BKz,BKe,BΦZ,BΦE,Gz,Ge,∂Az/∂t (finite diff.),∂Ae/∂t (finite diff.),∂Kz/∂t (finite diff.),∂Ke/∂t (finite diff.),RGz,RKz,RGe,RKe
intensification,741787.7764696446,121388.11548036843,5567808.077207189,341768.86163403915,7.975066266144329,0.42481403246456356,-3.6581831008535772,4.458666239081089,3.044763174396084,3.784713886541987,-62.56460147192063,-3.3816062739435884,160.95004825190375,87.46720776104897,5.435694711810724,2.304856081072879,3.1015151254184254,-0.38618272782296276,23.827102118052697,-0.20819108148196042,8.456632249631232,82.07482042468256,-0.13704440774842447,-4.94343414747304
