,Az,Ae,Kz,Ke,Cz,Ca,Ck,Ce,BAz,BAe,BKz,BKe,BΦZ,BΦE,Gz,Ge,∂Az/∂t (finite diff.),∂Ae/∂t (finite diff.),∂Kz/∂t (finite diff.),∂Ke/∂t (finite diff.),RGz,RKz,RGe,RKe
incipient,60950.692249580316,56275.931737694285,634709.5856307372,221942.3495668382,0.108762108221946,-0.11934403920145197,-0.44795727938887636,1.951385106947642,-0.908310022697469,-0.16491699732995022,-4.607535736114294,-2.1200813867177977,20.68892043086731,24.98441990347507,1.1235716581665054,1.3321001566103101,0.8067769762283045,-0.3281489875760009,4.426626330453151,0.3314771552382485,1.7045050679462674,9.373357237734377,1.9074971559030434,0.0522161556195276
intensification,90604.59068176975,42700.44367811944,958809.3763120418,257030.38385918658,-2.3743391534124645,-0.10664578676987226,-0.1173587609312426,1.450025056568924,-0.698643137191378,0.7873158167492004,-2.479098476744778,2.7984593199679137,53.4139301921014,72.65916908826071,-0.8640517427606574,1.2848363905817757,1.1250580143610873,0.23711113326786698,9.603030457720974,0.6275649606301575,-0.6572837886298718,14.57382684880946,1.0064661598574631,-3.7382781768379223
mature,195734.44423732316,80954.83622986263,1793787.8811025869,303089.9790869497,-4.35357042525372,0.019480529491024898,0.11327605772862492,7.358678399042332,-0.7904955847086121,4.678260513306757,-5.8095602137912365,2.8196302554975907,130.90803164463435,174.97131407280597,-1.505054497018085,5.0510341645980565,1.360179254047791,0.7930659091774798,19.560017734474666,0.09897046703077605,-2.183415057006292,29.609872315790998,3.45400326542203,-9.966062129780521
decay,277178.9501527886,97389.83809619099,3621148.2007338125,303218.51920674247,-0.6258170318484158,-0.46328110382758214,3.9183230427134763,4.231313054810721,-1.1322298677565332,3.3899064784633093,11.592852632335237,0.6160356268248471,222.5437565177589,246.2047951795073,-0.038194238770806334,3.748170974153229,0.7082931301877283,-0.16008462597494383,18.679917636501003,0.20967795677993165,0.7514248622682634,3.794558993300709,1.144603054200051,-0.7193476821421605
