,Az,Ae,Kz,Ke,Cz,Ca,Ck,Ce,BAz,BAe,BKz,BKe,BΦZ,BΦE,Gz,Ge,∂Az/∂t (finite diff.),∂Ae/∂t (finite diff.),∂Kz/∂t (finite diff.),∂Ke/∂t (finite diff.),RGz,RKz,RGe,RKe
decay,697244.4002798407,161651.80116097472,2695899.99664735,208609.43316983012,1.6411266005568217,-0.7764233139490364,-0.6547001430434365,1.256820826395314,-0.4816947941729663,1.5314172820155654,-43.527680782509414,-2.3648404635395393,71.24409779650023,44.514868801544864,-2.2227071845992055,0.09302354574738747,9.895481169187503,-5.00227207186934,28.74186692056444,-0.4465881395738769,11.241879249968253,71.28312124556047,-4.500445213540556,0.006731354526911426
intensification,788664.4117399997,85894.58452513978,3018714.490821078,199433.3019084366,6.329792840212654,-0.4381508729983679,-1.1449245854163883,1.1976440319045174,1.7010117130099578,0.083295495226774,-58.62007740162268,-3.367502823781104,73.0167430845299,39.65184725502995,-0.3096330159527123,0.4041254989852707,1.4064111984366792,-3.0242187494642,8.716092177549166,-0.2048413890738205,5.597041452641007,62.15130132437558,-1.4717193397880886,0.820092817386378
decay 2,905172.164238532,73778.56638529763,3907469.6754779923,209629.1559758993,13.387809231844257,-0.739396312528746,-4.016743177417711,-1.7509102552041818,5.796808662665612,1.1281981379907264,-73.99492422149083,-2.4710988365437125,13.077392248298167,-56.552771518748926,2.3349671719420506,0.24153048150542197,4.5213810782432144,0.1275206532521719,21.11054068020751,-0.036633245517344884,11.372985334893114,85.73439884727179,-2.01219142741399,0.1686326688128385
