,Az,Ae,Kz,Ke,Cz,Ca,Ck,Ce,BAz,BAe,BKz,BKe,BΦZ,BΦE,Gz,Ge,∂Az/∂t (finite diff.),∂Ae/∂t (finite diff.),∂Kz/∂t (finite diff.),∂Ke/∂t (finite diff.),RGz,RKz,RGe,RKe
intensification,1828991.796329166,188565.6094062965,4978620.497856178,242188.05468395504,-15.98251466531197,0.30118403299029417,0.6633161532362962,5.624334347404247,-4.402186612504119,7.702586946172033,29.08301989784142,3.825668091348055,128.83034502442342,135.92087787970084,-9.875823554786159,-0.9412410980530183,2.6537933928481485,-3.9219504086954093,4.348364237085571,-1.2512893938317546,-8.62535062696941,-9.41545714868017,-6.301387040453489,-10.03797567934776
mature,1667924.7734053545,114633.64662085913,5248096.510341339,205657.94872960332,3.4135321530497444,0.2013497048029379,1.5456833366507823,2.8965907477652766,5.883701098145456,2.7724777766186266,-7.754441811542286,-0.05200914082644903,129.6837873771791,116.02490240058304,-3.8497939504139795,1.4136254996611637,-10.100150717173744,-0.43913382675921414,8.912034412915474,-1.2692731504280863,-12.368969957466518,11.707260734757234,-0.5163705604155019,-2.5681714207161317
decay,1263002.8748054102,55590.071131390425,5963324.4636169225,160476.48389276167,-2.5473706684968254,0.1933296143286135,-0.5032264710534345,1.4379108879383418,3.896985787750591,0.8834919781826374,18.5408523087971,-2.362830603998582,34.3836768432648,17.83584263383838,-4.153922873786011,0.7567507550437697,-4.626709769502636,-0.4060945740716156,5.286250998123713,-0.09804520800556289,-10.877736611421438,-10.204004171123128,-0.045005278644524825,0.3236480370012427
