,Az,Ae,Kz,Ke,Cz,Ca,Ck,Ce,BAz,BAe,BKz,BKe,BΦZ,BΦE,Gz,Ge,∂Az/∂t (finite diff.),∂Ae/∂t (finite diff.),∂Kz/∂t (finite diff.),∂Ke/∂t (finite diff.),RGz,RKz,RGe,RKe
intensification,178190.4121013519,199908.19591676927,2370611.067276712,216679.4914439362,-1.0180012262087292,1.6799718766609877,-3.959506450756396,2.942510417848946,2.814882871055199,-13.698306602057114,-25.318454861365822,-4.980717841500744,145.3063511751474,162.00000815989347,0.02239598779772651,2.8947062625440867,0.10371128958868717,-0.8842415007228749,10.964876558326601,-0.2929849966919637,-2.0492009310142527,41.26083909665754,14.076603642522198,-2.214284023796561
