,Az,Ae,Kz,Ke,Cz,Ca,Ck,Ce,BAz,BAe,BKz,BKe,BΦZ,BΦE,Gz,Ge,∂Az/∂t (finite diff.),∂Ae/∂t (finite diff.),∂Kz/∂t (finite diff.),∂Ke/∂t (finite diff.),RGz,RKz,RGe,RKe
intensification,342456.1596245467,90639.24305681504,2340091.2587672356,194633.24407060895,2.115412255752709,-0.08101377803330803,-3.153244667717386,-0.6157192597235138,-6.939654553134617,0.06107639273433487,-23.161206607194217,-10.350054720191038,72.84343724446298,83.0892210953819,0.552122874385453,-2.1310691337695054,-2.377422890314181,-0.39613528715285456,6.255216119409062,-1.0284981672420717,6.596630140539837,30.454255138567955,-0.9919171615773951,6.784031144955091
decay,314989.60094618716,64498.50450688782,2412864.4327757903,185552.34454150865,-0.3404994318371049,-0.15038970179426786,-2.6592823830765133,0.8895701882114925,-0.7189383152396289,0.8025840315113949,-11.795147959347796,-3.9910387901086155,83.3161230546356,174.47121097209987,-0.7957858412911575,0.3777885712561426,1.1593135447855674,-0.1538751943772547,2.553238650798612,0.37825187882295835,1.3873627263938233,17.348168425060024,0.08350066411711067,0.820438097643568
