,Az,Ae,Kz,Ke,Cz,Ca,Ck,Ce,BAz,BAe,BKz,BKe,BΦZ,BΦE,Gz,Ge,∂Az/∂t (finite diff.),∂Ae/∂t (finite diff.),∂Kz/∂t (finite diff.),∂Ke/∂t (finite diff.),RGz,RKz,RGe,RKe
incipient,822520.4943010492,86911.69449279916,2312855.189404319,161016.38573774326,-5.027888788824272,0.2755684299036298,-0.9395097713098922,2.813345844434335,1.9087013290372126,-0.05205664276804128,23.147130516501377,0.7410428428070546,-30.161708860654162,-27.034967728438637,-2.6169067720307533,1.8145004942469676,0.341093426093327,-0.9708460518517195,-7.976080711928386,-1.0418570840201562,-6.319928261864529,-25.1558126682956,1.618988005447027,-5.535755542571437
intensification,549010.403043055,113660.2923586709,2668751.86074461,399244.02521612943,-9.873585592960456,0.35899261710650954,5.767735107270889,3.6807429043183952,-4.729184438368817,3.1729066241090704,6.218289190527516,9.259376387761357,-33.3617248524577,-5.364320041205142,-3.0195279551832312,1.4778085076415044,-1.993680160043915,0.726042003098074,8.043672525568045,4.282575213774811,-6.779088697529042,5.931233820730098,0.8748856662008888,-2.8898089710340535
mature,400158.13478167466,176986.74677593788,3712456.417233988,1219670.4904307874,-13.700723160041939,1.837640169715448,19.492524579750526,14.1683521617431,-5.927662754161493,4.145244571424963,-26.282793680210915,28.97862859055637,11.64790216313476,26.592929691064853,-0.6666594729905312,5.226065947250354,-0.2944865931836681,-1.4963619825643437,0.770106966236332,1.6151082606081133,-6.229906829348668,21.261099226738654,6.689105438038343,-22.039347911940826
decay,471358.412993777,78724.19440726934,4377213.903685901,515454.1533417847,-11.378891565318831,0.2986991085761395,11.002212097758747,2.3807727518860613,-7.677693223058947,1.823612121009685,-3.4657464317241695,2.991293285224814,44.65840060497909,-4.328676184884802,-1.0197134341065017,0.7927353059710222,1.4967512372987064,-0.35096650232884924,7.337226448816294,-6.176120835157409,-1.9057479963850388,11.179652348100547,-0.09250498002861282,-0.5459747745095367
