,Az,Ae,Kz,Ke,Cz,Ca,Ck,Ce,BAz,BAe,BKz,BKe,BΦZ,BΦE,Gz,Ge,∂Az/∂t (finite diff.),∂Ae/∂t (finite diff.),∂Kz/∂t (finite diff.),∂Ke/∂t (finite diff.),RGz,RKz,RGe,RKe
incipient,1270263.2743973797,120041.08724678036,5293314.942679884,189567.49248743383,5.26775211460529,0.004580364587917357,-0.43686227768705693,1.5074159494897756,1.3520603125033492,7.106906761416463,-73.55594710003032,-0.3046155801859579,136.83094232846057,136.1768399479751,0.5145663543789645,-1.2956331203514844,3.928413808555851,1.6727959668717176,-0.22599495374001521,0.06699302622825476,7.84868597524571,68.49906230937209,-3.931275209642887,-1.5726696207626198
intensification,1373185.3330281721,186007.83555046498,5482360.765021358,285604.60592537536,-5.3473017996713255,1.297174779616252,-7.068770004868334,7.078433052028228,-2.3067110849346415,5.857051741283714,-16.535459231968854,-1.4339214743875865,152.01250242806503,22.62946129068515,-4.471271552455123,0.4575869839065441,-1.2955196929317545,-0.12376360034217641,4.949723595758939,1.0599967288306726,-3.0389356280521858,33.90125463226745,-0.19955706921391309,-11.653284853678304
mature,1093461.2869839964,127553.32573938847,5681632.654499379,298032.6766629222,-8.026640915187217,0.8188780740599172,-13.899271346605099,4.770955308040293,-8.767662540274946,-1.589978725461106,12.30830328779726,-2.3089992593381217,89.68167925985982,-104.22091048728656,-3.5906863608404636,0.3083302192519573,-5.036457855390733,-1.882701566035088,1.8145026243507385,-1.307650523653016,-3.4765581562430867,11.432111598345793,3.6593543934063937,-17.668877918960288
decay,973810.3717072773,60258.69911268324,5907568.507846978,192487.6901135664,-3.838033077404597,1.0228207053687832,-7.850812163952427,1.4870530361900003,-11.044706147337218,-2.5112984158513907,-24.628354878200735,0.023478948476974376,16.159807263897246,-124.7241937570655,-1.0800853412103453,-0.010832449942037387,-3.5534349108067893,-0.3332416695659246,-4.471780639177176,-1.4387457676503863,4.676058864494613,31.845419480380592,2.6422890771066836,-10.80008991626979
