,Az,Ae,Kz,Ke,Cz,Ca,Ck,Ce,BAz,BAe,BKz,BKe,BΦZ,BΦE,Gz,Ge,∂Az/∂t (finite diff.),∂Ae/∂t (finite diff.),∂Kz/∂t (finite diff.),∂Ke/∂t (finite diff.),RGz,RKz,RGe,RKe
intensification,175400.28163621612,77280.1183371765,1273652.1531271012,234459.74620220507,3.149008067020183,0.9926987855391841,2.2727417224122415,4.655756457097783,3.40165397395254,0.15110576226226377,-22.797060534867104,2.038129743946358,53.69459347092475,36.26844448448154,2.5508353182142933,2.508145193607178,0.03166972003553336,0.494215585520907,3.4646822483467297,1.670557235740276,0.7717225986423598,20.839992993781404,4.006167494817242,-2.750587242891624
decay,283988.88423179433,111331.22250089215,2011804.0012768586,321595.12773925264,4.78903109078538,1.3756719068628669,0.3192615114428989,7.021699425379087,5.377918992141793,-0.27559390253297406,-37.920887675122344,4.254953930082015,74.24384114459768,33.281093417945556,4.235571537624455,4.917308599077873,4.762781572336332,0.8468097233413463,33.287763514136095,1.951234317070746,5.549565577842785,66.10035858703016,6.76843114439054,-9.006157526947458
