,Az,Ae,Kz,Ke,Cz,Ca,Ck,Ce,BAz,BAe,BKz,BKe,BΦZ,BΦE,Gz,Ge,∂Az/∂t (finite diff.),∂Ae/∂t (finite diff.),∂Kz/∂t (finite diff.),∂Ke/∂t (finite diff.),RGz,RKz,RGe,RKe
incipient,983488.6449455873,112490.57777544425,2744466.2858668035,171696.85725056953,3.3374277087169624,0.06290557208211905,-1.7881781301736597,1.5635181833954273,6.427870095784466,-2.4220866230151508,4.311708069622478,-3.1819834824980333,-114.41627631721929,-126.2551509749106,-3.466433271116073,-1.9223478777938063,-3.0742281328061356,-1.1616841261376702,0.9104533748214643,1.7672247444575446,-6.101764947791521,-4.9505042733443165,2.7610151081907888,1.5975119133864915
intensification,1037736.1402113226,141536.01279064277,3016540.1556318593,420305.0767560401,1.0286317940105467,1.2442241330777777,-7.389203929542271,1.0456997563560788,9.325033463417169,-1.1772601924611101,-7.904613060042894,5.301696868935007,-13.605593978769473,-47.81459015096629,-2.737822920192723,0.18423364446998935,-0.22767596253895056,0.9418239427907454,5.393723146075286,1.8652800880331712,-7.279853498867794,19.6589083416499,1.9205597585301573,-11.871320466800185
mature,823378.5852517728,351764.46507998125,4673451.100913887,633188.5181970674,-5.47567439103627,5.4074975310537186,-19.518030467990716,13.074476838971231,8.531468760675441,-0.7640666933809274,7.3668908611770885,-0.4496714650059307,400.625781445316,308.0581307971377,-2.9904513078196926,6.450003573444979,-2.842145304491155,-0.9344295959072737,4.055092127222936,-3.330315849529355,-11.44179092514915,21.68190612507283,7.4966164053911655,-35.47315169148537
decay,374834.4990959013,220191.15879188446,3124663.344436064,465129.8643540439,-0.10587141936729039,2.5247087015667797,-20.27517462649823,3.8902769697571586,0.18634487696779747,-6.269763469780248,-24.398421235608954,-14.783039598283358,243.55624246309733,219.13391982073676,0.6440154621558233,0.7390180616421009,-4.041719794224579,-1.3987034175335555,-18.057255519444542,-0.017525174358651485,-1.8092273889928876,26.72221176202993,6.236628320437074,-9.399937172330686
