,Az,Ae,Kz,Ke,Cz,Ca,Ck,Ce,BAz,BAe,BKz,BKe,BΦZ,BΦE,Gz,Ge,∂Az/∂t (finite diff.),∂Ae/∂t (finite diff.),∂Kz/∂t (finite diff.),∂Ke/∂t (finite diff.),RGz,RKz,RGe,RKe
intensification,1048213.2843931355,280348.4200657123,7575405.709956825,473078.8753438273,9.740875924060695,3.2964999228137626,2.8749144508501776,16.552449916864244,22.95802452646462,0.34509815277959777,-1.9424188969773712,-0.26614437924228834,333.20687578087393,298.18867278367014,8.443998657683029,9.985227160235324,-1.2759454131493173,1.9100960033098322,2.1860484509687756,1.3439834775134871,-11.196594092739485,-8.487323026964729,14.820947844580713,-12.067407609258291
decay,942190.0639701871,383336.73851200135,8489009.359522272,505471.40381626773,14.956187151122759,2.422038997430121,7.493648404553069,17.467365853910398,27.932082947720517,3.7588276463328816,-114.9762795558798,5.358894293883994,629.9150675150465,489.6776926255176,3.722843318389381,8.745473961029841,-3.515610643265979,-2.835018679995575,40.04083749341049,-2.330642613951715,-14.069467442433616,132.56728149361444,8.45148053015182,-17.663254357193033
