,Az,Ae,Kz,Ke,Cz,Ca,Ck,Ce,BAz,BAe,BKz,BKe,BΦZ,BΦE,Gz,Ge,∂Az/∂t (finite diff.),∂Ae/∂t (finite diff.),∂Kz/∂t (finite diff.),∂Ke/∂t (finite diff.),RGz,RKz,RGe,RKe
decay,245237.8913068478,136258.5947520533,2271773.461935116,349089.58613218035,1.9118689891647422,-0.15708997870596378,0.07611228412036913,0.7520633644876248,1.1337282139702671,2.1270526917965045,-2.7690573919924524,-0.7187389829654935,59.13044886052115,76.40080273417989,-0.2631202289659819,-1.6203532313907274,-1.4922530150141302,0.6071139212929663,-7.472900585196697,0.7464311202514805,-0.8712022185256192,-6.691824466489354,-0.6107854273099498,0.7892190228497182
intensification,293742.9133168839,326190.65241393825,2632272.5501323403,664144.7528927256,-2.5076062433774657,0.7260343557699388,-12.632315988726566,1.8413624541995959,3.3441477569675047,2.7980632232390006,7.82301740868453,-8.974707988408698,96.81354445521637,94.8898720216328,-3.104187406324644,-1.9698348763413909,0.1768883467519823,-0.011774306935504223,1.3768717940068749,3.604686219884345,-4.94883129782305,8.693776617426382,-1.6945094317448466,-1.8942842346331223
mature,281967.5042891704,149556.88190801657,2736995.892722789,788325.9394664173,-4.65467342048766,1.0532564374688833,-13.219406850388733,5.0884472540272085,1.5071789946241083,-0.6315367733975851,-22.535510300112534,7.166235009572058,104.54672985197638,91.82700918246616,-3.7110297008026087,2.1075495452604374,-0.290831043994431,-1.0605969037306502,8.821911243560685,-4.562310165542877,-5.399427021637317,49.23150181454961,3.60613068622526,-30.036399279530883
decay 2,179563.08302192125,138458.88799955114,2826759.8447057954,409227.59797395044,-1.3703006964135267,-0.4541082763489374,4.189675740705672,-2.135897182426776,-0.9607066452360634,0.36701462060119705,26.869156537037576,9.69232784483291,44.38951759791554,85.26544290434236,-0.7994747221054898,-0.6130597652525122,-0.4811962964070797,0.1353014904743136,2.948798034125199,-2.170366654828988,-1.3448986239334801,-26.739733547204523,-1.9135020362047215,-5.537121576529449
