,Az,Ae,Kz,Ke,Cz,Ca,Ck,Ce,BAz,BAe,BKz,BKe,BΦZ,BΦE,Gz,Ge,∂Az/∂t (finite diff.),∂Ae/∂t (finite diff.),∂Kz/∂t (finite diff.),∂Ke/∂t (finite diff.),RGz,RKz,RGe,RKe
incipient,672379.4581085932,397789.9462471928,6113470.45710166,270536.6487137352,-17.35851213392963,3.6518104203329114,-7.211267112800528,5.811717752097813,-7.449297504297116,-5.367871769768085,-20.9052239926242,0.8695664068757178,435.49002306522345,364.77368235042127,-3.822918488903612,-11.481621581491735,-1.204957462943297,-3.4711020285936605,18.68383028880986,1.792708031965977,-7.462361672242901,64.15883352816422,4.056677072939327,-12.099843239808084
intensification,642816.1552923062,292771.15234738105,5681455.614642984,367931.2226674246,-4.995570204488485,2.5596224653376827,-13.89434251408883,5.620132478924023,5.309335554589691,-7.738332047905109,-4.861816362995498,-3.6276783975395817,339.78286944888714,230.49353603002282,-1.3603906887436,1.2651406763326478,-1.6330153123689375,-2.7210404307717813,-26.666984912022325,3.966727668409179,-9.378298606109428,-2.915255830449513,8.077801630719671,-11.920068927064094
mature,528150.9831149722,222902.8707295138,4511074.077967983,519359.7249084277,-6.047573011204914,1.5457325722945328,-6.40990179473593,5.964847164856248,2.7234596722752755,-2.5423872346256897,-6.54329045734908,-8.496864121349233,205.00578442803777,114.15626388066546,-1.518321912303847,0.726689583591752,-5.203060065734209,-0.9969700630164717,-16.130419262575238,1.4653459138401672,-12.428360176919869,2.8703460007146893,5.964531764170934,-2.4125389244027784
decay,365504.75206705247,137316.80118599287,4383402.108935821,357310.13561386353,-10.687947027442373,0.08681689725645635,9.91130991653632,3.2286688710442086,-11.092973720717392,0.8321328765482071,12.619024595983152,1.1945570733654882,122.46711438646372,122.77663235136876,0.618729529362693,1.5077879085171162,-1.3757520548338054,-1.1456584851804332,0.20397458557454348,-3.203523697243935,-0.8839084643023286,-11.638412899502557,1.1640606120591122,2.2845602748826894
