,Az,Ae,Kz,Ke,Cz,Ca,Ck,Ce,BAz,BAe,BKz,BKe,BΦZ,BΦE,Gz,Ge,∂Az/∂t (finite diff.),∂Ae/∂t (finite diff.),∂Kz/∂t (finite diff.),∂Ke/∂t (finite diff.),RGz,RKz,RGe,RKe
incipient,789907.9187681443,171034.8940158768,2589226.4587237723,165977.02124671664,0.006733758842556077,0.49367091781428335,-0.8368289244646,3.7252174762544126,-8.102752061719782,6.484547087778947,31.42226799896977,0.40312869178794686,30.80472747814378,8.424085161702886,1.2014822890745391,-1.3800896376894272,-4.6936855186715745,1.9675139288340902,-18.64647228147282,-0.172932081795912,3.9094712197050456,-49.23864511482054,-1.2854866005047278,-5.1381071743028714
intensification,406206.49764368485,230544.6883368316,1965823.5389347163,273606.0380130076,3.8494700500778936,1.1458918127998725,-4.645532481387336,5.578905285675437,-2.2500861125928524,0.8411999804539639,4.352378289623096,-1.4534698305040912,65.44948831047739,47.240867654476425,1.096966853077765,4.074832242689101,-5.254102505411754,1.0740075582526325,-5.3359848923719015,4.655379383519021,1.991345470058864,-8.892300750685552,4.665821050674233,-4.115588553039662
mature,248106.7213734989,220731.79082809933,1657751.805402659,696071.4241484079,0.24363390968911355,1.5281977950829397,-4.766012984948937,6.756641643383709,3.7275990854093717,-4.033256936796935,-8.107210455325403,2.4616762802045127,68.3420374454994,56.59538759017315,-0.5805761734735534,1.1425696096197382,-1.7444444997406248,-3.159130959608936,-3.916266466268304,7.180831031119612,-3.700211880377943,8.71332306431692,6.102569825488769,-6.803499877417547
decay,354696.8585370132,144845.4103322294,2666492.1751153604,354532.708493731,-4.276910998151512,0.539164186866129,-1.4489158910007316,3.3664822124719733,11.532505712931616,-0.08690678093222393,-0.2897766619654371,1.4319855273946633,149.01535415868855,100.1616823450438,-3.29029974645912,1.1813342545495853,1.8980224079854342,-0.4275240105208571,18.422122398164404,-3.6422333705918906,-13.372230116231565,24.437725949282086,2.4867007960172116,-9.889617001459259
