,Az,Ae,Kz,Ke,Cz,Ca,Ck,Ce,BAz,BAe,BKz,BKe,BΦZ,BΦE,Gz,Ge,∂Az/∂t (finite diff.),∂Ae/∂t (finite diff.),∂Kz/∂t (finite diff.),∂Ke/∂t (finite diff.),RGz,RKz,RGe,RKe
incipient,343633.4517573415,63631.059445045306,1315713.925925743,136558.14043700602,3.4180315261985488,-0.08198650876412356,-0.17167024944790235,1.1233016678778176,-0.1785508628425876,0.8341182643214855,2.0704155301406857,-0.6911150034696716,6.875927093396477,19.815808489427603,0.6372687998799169,-0.90481936967465,-6.202457927422985,-0.7135143716852455,-5.9325995648991805,-0.9008289729149166,-2.6878620471459724,-11.249376371790513,-0.3423444593647899,-1.504685886770965
decay,187701.20157473342,71850.70621035756,1211579.4343143106,110307.64006692157,1.968261161881512,-0.047665317713934854,-0.22131306235584117,-1.3134661164450832,-0.26566036258642894,0.012965137821168756,7.341084205927527,1.1800739821037385,-24.958945245417162,17.85268990627951,0.29553308325042427,-0.5725513516437026,-2.579963902637389,0.39227059526047275,1.6541402545462507,0.8244756187024365,-0.3937076958833835,-7.433892050906948,-0.8864953412918443,0.7365546906879398
intensification,154501.09924996708,95206.59162330403,1613625.320083156,229394.12392405065,-2.3565115973947353,0.049102155963459,1.4491269352045149,0.2445726720437315,-1.0805934808957516,3.17701177232465,31.24412575382001,5.960991858858747,-25.58253528604567,103.84970592934576,-0.5423429171424529,1.906941730830328,1.187079941355135,2.125117230291774,27.03741399370599,4.973641564385976,-0.039736019180389826,-3.2993270979238005,-0.8564240259526037,0.2172039686880125
