,Az,Ae,Kz,Ke,Cz,Ca,Ck,Ce,BAz,BAe,BKz,BKe,BΦZ,BΦE,Gz,Ge,∂Az/∂t (finite diff.),∂Ae/∂t (finite diff.),∂Kz/∂t (finite diff.),∂Ke/∂t (finite diff.),RGz,RKz,RGe,RKe
incipient,1270257.1226927403,233778.59717670307,4262589.156082562,313387.10506978136,8.436446850616692,1.6181885305997632,-5.384831942647353,9.28583735168087,1.720072264394151,10.452525254745373,-38.976696173519834,-10.687621343809427,179.16723574420496,70.11883822510269,2.179048628355082,0.5554386308524928,-3.1857059053948578,-0.747583491792381,8.708242471708454,-0.7180433978674122,5.148857211427445,44.633323737258955,-3.532459925456647,-4.70109134838621
intensification,1142459.192418618,278851.646131027,4812052.99351311,407765.21447340224,6.523812279397062,2.026049121417906,-5.374836518929385,12.221589545580471,-1.5696307334655994,6.720285314383545,-34.3321081424353,-11.3888809043205,239.54713173337132,167.58503708050984,4.842007167495767,7.090408377427468,-2.570490846500204,-0.09440100807001015,8.905581453474463,2.5964970136097034,7.549001287780365,42.088713835442086,3.3808541017090095,-3.6110481465796505
mature,957262.4869987376,218553.6000975106,5099312.631743271,469304.51844551344,7.1416546741188895,3.0990594937425975,-15.52047612292729,14.657288226254735,4.789435912082283,2.439790342745359,-13.856255626297092,-10.297303647215282,292.3017478324018,209.2467085938223,2.6793995900354126,6.810089337603738,-4.415790186027122,-2.6172876359313753,9.656403550201428,-5.050195836094519,1.035488069752081,31.89148062530692,6.501150753835404,-24.930656538061264
decay,807849.2162300616,117787.05061527538,5422411.896383608,264043.2775101306,0.9901025961196382,1.1669781183643604,-9.710906412530713,5.593491047046745,5.987578398215283,1.7065866703351955,5.357122483732545,-1.994052126212217,249.42417694635623,169.1173323934218,-0.34018824638380707,2.0734531027926195,-1.9193633309747662,-1.928092521979602,6.9315271396878995,-3.427918288899975,-5.74986101470605,10.29520847236643,0.7918337363675862,-16.738263622265215
