,Az,Ae,Kz,Ke,Cz,Ca,Ck,Ce,BAz,BAe,BKz,BKe,BΦZ,BΦE,Gz,Ge,∂Az/∂t (finite diff.),∂Ae/∂t (finite diff.),∂Kz/∂t (finite diff.),∂Ke/∂t (finite diff.),RGz,RKz,RGe,RKe
incipient,1501986.7614550833,147490.3468757537,6110923.112641888,233647.63032133545,-0.8485217343272318,0.29884854609021694,3.1792332773294136,-1.7824990488703434,20.956568585641122,-5.737826237120548,-4.799666365385102,1.9327103802752537,-263.79652208897977,-290.73000104497305,-2.7326825953219727,-1.518869367344411,4.615469177726953,1.2078776657338475,20.854601367543445,-4.931445226118241,-16.890772596151187,23.323556189926364,4.864356307893836,-1.902423280193737
intensification,1125925.974452163,268698.74422628,5117307.863991105,499023.55091190746,7.914088857217397,2.204716467612573,-10.577395056012364,6.6121360832789975,14.70036518171897,6.559698991526758,20.14751745301175,3.0052743660865944,-16.348843335988985,-61.528084875163195,3.597316111815726,1.2696603698233901,-7.8973456552762835,2.344563112905818,-10.578566136695326,3.9479117168448337,-12.47890551216528,-28.06277739091212,0.19228373704548515,-16.24689378853312
mature,251098.5307979243,306694.78944723814,4049353.580317604,569280.1538590047,2.3251024615974725,1.0891425695907155,-15.603150466413949,4.842987537445279,2.738355838329863,1.2951056365228373,23.066104165791756,-4.94738948180455,383.62494019337515,318.1828833090668,0.7120262305451309,1.6658664036885569,1.7310564733642906,-7.290045105745246,-31.339202659451058,-7.32544826600779,2.4069456662226147,-41.12725882042633,-4.831305774413518,-22.824196788062466
decay,361757.13797380845,59137.37308356659,2301950.1028210525,203366.64784493533,4.419483364033817,0.1901963796802596,-7.107544355947429,0.47727757425825623,2.543882649492669,-0.8058174915014402,-11.862793862388912,-4.414752262828543,86.98524443159178,74.1012802373684,2.322540029740924,-0.17438905083940826,0.8904498912188699,-0.016461196882784055,-0.9302707890703915,-0.43857716337397085,2.9562469854402766,13.620584065232132,1.0764374891966528,-3.6086468307511153
