,Az,Ae,Kz,Ke,Cz,Ca,Ck,Ce,BAz,BAe,BKz,BKe,BΦZ,BΦE,Gz,Ge,∂Az/∂t (finite diff.),∂Ae/∂t (finite diff.),∂Kz/∂t (finite diff.),∂Ke/∂t (finite diff.),RGz,RKz,RGe,RKe
incipient,590510.6416754769,160083.07720146852,1838316.1829803688,354981.7857113944,3.786354509827603,2.45753500969829,-10.447577166050955,4.664539597425104,7.658696543104975,-5.418829188558141,-29.358703707917023,0.2975697910110656,58.73503773310176,25.363138578628096,1.0944469986032945,1.086919001792259,0.7213472177352056,-2.0062174916980857,-10.195567379788269,3.0044076180775905,-0.6934598058438763,25.82435898435211,5.619616284586869,-12.405278936409536
intensification,554677.1738592347,102058.76284999917,1718156.0661130098,345402.2167520323,-0.36027519780612666,2.0046213809849447,-9.641840813269722,4.574381991752758,6.165466206722165,-2.8908465679788926,-20.523162217782865,-3.5101623076344395,48.057538291666056,35.78591334521351,-1.393462038630253,0.861933856219497,0.034399367692220295,-0.9413899950010438,1.3641472603870988,-2.0249211218801118,-4.4867206558511254,31.889425489245813,4.5192171837456625,-12.730981619268155
mature,577606.2910121214,65286.06665327372,1913165.692841625,196057.11423479096,-2.160100050377266,0.9783318901589139,-6.165504240863835,2.90037386205984,2.0868862386353517,-0.8046272047701949,-6.388983720957084,-4.039104742116298,48.30939134168473,35.88791819552023,-2.542846259401237,0.23724353013994826,-0.7154935121476633,-0.40072057876604084,4.310037726536029,-1.5854833089613056,-3.984147911001367,19.024625738734212,2.3259485979050796,-6.612256669768682
decay,393842.8065935463,55514.81481278053,1931785.5304481592,160274.41140998242,0.598355205781196,0.3206847229062708,-2.266590822594998,1.0348560912362295,-0.9226092557255169,0.1726291438528951,-3.4491395963992946,-0.016042604937751868,63.683994961239094,73.00428193423728,-0.2566931549059063,0.017485499716020998,-2.1133586115033993,-0.015284964060395709,-1.3845574924049249,-0.4288925197897722,-0.2717094270904153,3.7328177208081716,0.5262572604166679,-3.714296828683248
