,Az,Ae,Kz,Ke,Cz,Ca,Ck,Ce,BAz,BAe,BKz,BKe,BΦZ,BΦE,Gz,Ge,∂Az/∂t (finite diff.),∂Ae/∂t (finite diff.),∂Kz/∂t (finite diff.),∂Ke/∂t (finite diff.),RGz,RKz,RGe,RKe
incipient,215049.74850890043,34538.384163250776,1502328.0570737927,107671.28422019522,2.864203140643029,0.06372992607722454,0.5078074183058255,1.3039968338962915,-0.9221756334892449,0.2923475906949106,0.5502854694033316,0.757273073952406,3.1246280925128964,3.697702555037054,3.87792173511756,0.5346516288903811,0.6125975347764968,0.11648412992341156,-1.5602639871205304,1.1599174187543568,4.462706234985995,-5.482560015472717,1.064403447047568,-0.39354507078851514
intensification,298242.2827245351,37230.7328022733,1580820.7285042384,131490.84813648317,0.12030740441003454,0.1567594758507217,-0.6674413640200567,1.8998067045750542,0.6102174905656579,-0.3365860292288087,3.8137845293524424,-0.9007972898176313,6.784345645177346,6.864619543860337,0.585713734289221,1.6993177165508697,3.4769576938589712,0.03665639393305782,5.934609992599473,0.2081159603365647,3.1438070835540692,2.6679594228570527,2.1162896518861993,-1.4583348184409153
mature,367648.3575595119,33821.16668724874,1735471.9044385643,143363.72615468904,-0.9628236210245034,0.09816894339255595,-1.2887081892058725,1.9621095389166991,0.28223133346118345,-0.3690926136984165,17.753443781781822,0.19680749310279785,28.390834233665217,24.125660766854054,1.311672700350214,1.454461863845409,1.5538679281790597,-0.2761903665065625,9.390259505381977,0.3865101177624247,0.40698191708592873,-6.1116524661694696,1.956842842715997,-3.061115103462945
decay,451861.56260297727,35550.53227635488,2275492.179039604,162348.57235947833,-3.863941384391846,0.3306107105276709,-1.7309388747477965,2.437963199387498,1.4129832304861805,-0.5316455713699284,24.853424883622694,0.3036503359836629,45.13105083441416,25.44403492683037,-0.9231859601794208,2.260137975819288,2.865747048490082,0.2259492451206576,19.562392742812605,0.3503826644127352,-2.0805668558602743,0.30384811832954917,2.864947305350413,-4.122169745706222
