,Az,Ae,Kz,Ke,Cz,Ca,Ck,Ce,BAz,BAe,BKz,BKe,BΦZ,BΦE,Gz,Ge,∂Az/∂t (finite diff.),∂Ae/∂t (finite diff.),∂Kz/∂t (finite diff.),∂Ke/∂t (finite diff.),RGz,RKz,RGe,RKe
incipient,546674.3701871365,102696.60113335142,2761469.431867689,115018.76000870384,1.7558170520629552,0.6051489103800622,1.0713858904502447,0.4368591123224351,2.0518989118571773,-0.5284360633222777,-11.023302218331189,1.9990894349447164,28.63277661289481,34.03540628285351,-0.9507799403556356,-1.117764987382566,5.889025020159762,-3.284859030945578,40.58362114885101,-0.4467448305194345,6.198092070745602,48.779720424668994,-2.924712765680928,-1.8113074873363413
intensification,730760.6244570044,187576.17199064296,3971058.842206242,340255.7053116849,1.824477225437446,1.3895755035406767,-0.41060165704887663,7.06482196288782,6.713120858346288,2.1257315986192,-12.22872663837359,1.0244994152128177,64.92333116369089,34.72016998957395,1.802053906979321,2.889464917021378,0.33260600496610954,0.8200507505949177,2.087723533822564,1.948282881623628,-3.1664621244020563,12.902574603807594,4.369565611322862,-6.551640153525889
mature,441209.70154759433,384377.83096971596,3438380.644198946,1104807.617743355,-2.6678056699132924,6.084353575945291,-2.029257609202062,19.615602183887457,12.586645350079861,-1.8696909165496283,-83.14233256638865,33.83892393127039,174.04961815110244,154.66893352561974,1.262616102592827,4.304730868192012,-6.438403285043939,-1.8479637744677013,-10.050088247245455,3.5124913165483016,-15.608500729091803,77.78930759825855,13.55297575002409,-51.9712924078116
decay,303806.2392306857,329829.68543421506,4062083.825156787,1067019.9207413213,-10.112012461093212,5.560521833022437,1.038190174941805,16.142050594302344,10.066549386910477,-2.0794274430677846,-46.193875883699945,29.222175867603834,268.4356676657258,271.0125935137711,-1.7528634662451743,3.938557729028311,-0.08232359545554635,1.4585883121762173,28.000375929239397,-3.2695891965842088,-14.700363610436801,83.26807409909075,14.11954451652391,-47.59562548354859
