,Az,Ae,Kz,Ke,Cz,Ca,Ck,Ce,BAz,BAe,BKz,BKe,BΦZ,BΦE,Gz,Ge,∂Az/∂t (finite diff.),∂Ae/∂t (finite diff.),∂Kz/∂t (finite diff.),∂Ke/∂t (finite diff.),RGz,RKz,RGe,RKe
incipient,400289.7303750206,69914.87333021246,1056574.1212788867,141158.07873747865,5.658030657246403,0.9374613114241015,-2.0681098628990493,1.786278329936562,1.9230539458077351,-1.6910132167318985,1.3990373092332578,-0.5992147720645706,1.682764985537073,-14.618684043105773,5.064230715138796,-0.42537913836493846,-3.1688879582781393,-1.7038497967627015,-0.025990328405982588,-0.12028120222158276,1.5035500645846311,-5.0149484319865945,0.8359804384816578,-3.3754546229926237
intensification,319816.61251718336,61954.042580825124,1020169.076431157,196199.09749400936,0.11445110319198795,0.7786810364258153,-3.7399041833713076,2.491695732475356,0.5425582676329623,-0.434373860238816,-3.0786871045105095,-0.07430127789919012,12.341980616414995,-5.621900022246163,-0.502104507425403,1.6006986361787623,-1.0731863607411698,0.36021388234880586,0.29409447354426393,1.3956099416900745,-0.7226124887563291,6.998234658234094,2.507602438637162,-4.7616886962574
mature,203880.74549606763,83138.50490305234,959935.8301405403,314031.7020994981,0.5369373078187287,0.7744990633769931,-7.552069529777386,2.450047547512451,1.5931038594341436,-0.5036032196521616,-8.52990738889482,-2.8286068677365632,37.72803177143978,20.4527726145563,-1.8344311366341113,1.5556833371172905,-3.3419603111659764,0.1989561749330857,-6.52236517210261,2.9203449325046336,-3.623627799404398,9.022674438750867,2.378107878720706,-4.25316527704864
decay,124587.64254565499,68189.08473397672,616213.064867944,252057.80313889883,1.0347872596387138,0.34152724787587607,-2.77561952666123,0.9801920542722902,0.5800945150131247,-0.47512890508451633,-7.64978019034813,-2.49677568245338,36.005068492217504,38.8601144446341,0.7470436815604591,0.6649483508252055,-0.21886082792605363,-0.08278023153281164,-1.379507158080256,-1.2906552929248432,0.5773591645754113,8.011105299290392,1.0310134799481188,-2.549691191404984
