,Az,Ae,Kz,Ke,Cz,Ca,Ck,Ce,BAz,BAe,BKz,BKe,BΦZ,BΦE,Gz,Ge,∂Az/∂t (finite diff.),∂Ae/∂t (finite diff.),∂Kz/∂t (finite diff.),∂Ke/∂t (finite diff.),RGz,RKz,RGe,RKe
incipient,331499.84018718376,138067.8527185888,1349743.099219081,222869.65444373366,0.37291982950849395,0.4305895966395484,-0.40653536177175625,5.968135458405403,1.4750112793588774,0.1946515458986152,-28.78464919356041,0.21106674112784063,33.52934713447407,27.56180692998791,0.35138228557120255,4.241474658102869,0.7264119085808597,0.09718622500620895,2.362210524136127,0.8443344469530859,0.054910055370024725,31.180475249959795,5.440080540873448,-5.741403114351914
intensification,679466.9121131161,225802.4211962038,2379593.9747700095,555335.4159181779,-6.576513420418911,3.646303481151185,-13.995049198711897,12.0961891982062,5.864655046586661,0.6177930807702825,-20.881683978864213,1.5677113705095453,94.46438855394449,53.7874446822399,-4.6672096446112965,5.827577670839834,0.1224462851102237,1.1325395553878228,7.814215811285227,2.2275738781186947,-8.672418700744164,49.26746240928024,8.964632191672555,-25.43137588930895
mature,331807.3172997559,385972.2383874849,5395180.270463649,1020809.3773501633,-6.96194649508997,4.227510765941615,-27.369668697986278,10.512849229060457,-0.49793711295158116,3.3588484627743633,-32.635948145631886,9.29267330050148,532.2209848870201,428.79644837131525,-1.5394309197475589,0.9950484340838323,-1.324559465231411,-2.0576560244465907,9.85245829172077,-4.732910712716334,-3.561058081428185,76.82002163042891,0.8688339758978876,-51.90810194026456
decay,198094.6248963641,60906.8180587131,1399898.9185245808,218574.14636470986,2.659601777424885,0.0927984730378124,-5.430949798608105,0.5941011452484523,1.8371093995253713,0.07471585031859383,-4.569118936443072,-1.984855494202526,83.5470163111505,61.05022675532409,-1.7220138253586061,-0.1690701896623763,-0.4169999413218738,-0.44958035099702653,-9.77312955294102,-0.3815095027584162,0.4982909096154522,-2.4326625953147287,-0.02299352910498062,-4.421704952412449
