,Az,Ae,Kz,Ke,Cz,Ca,Ck,Ce,BAz,BAe,BKz,BKe,BΦZ,BΦE,Gz,Ge,∂Az/∂t (finite diff.),∂Ae/∂t (finite diff.),∂Kz/∂t (finite diff.),∂Ke/∂t (finite diff.),RGz,RKz,RGe,RKe
intensification,275214.0066354643,61827.65917975878,1605200.9927022809,192918.9941985639,1.903877534171997,0.45177087701231233,0.03306493683419328,3.164100110353914,1.6349931136460245,0.16395275686616917,-33.91302711509985,-1.983710990465024,47.434307852684476,34.51711502022545,1.6112782589379837,1.4331024401709456,1.97222460005516,0.43282435340282843,6.843463678506564,0.5869529702606299,2.692879897593444,38.81954832260023,2.98120082987826,-0.5603712127940662
decay,324751.1397214821,50692.522518449085,2388271.9868380013,169488.5039764348,1.5662639506360072,0.27814726914533605,0.3569888669002985,2.3388933426653296,0.32852908641313633,-0.18781187831264176,-43.58292514772862,-1.1447419706699693,92.8762269432029,66.83567753891388,1.675019840570091,1.5248207725778817,0.04635492898526731,-0.41426211198888757,13.702816152618981,-1.5099112409454027,1.5622370623534738,55.3624884828113,1.8342958398437477,-2.3470737460404636
