,Az,Ae,Kz,Ke,Cz,Ca,Ck,Ce,BAz,BAe,BKz,BKe,BΦZ,BΦE,Gz,Ge,∂Az/∂t (finite diff.),∂Ae/∂t (finite diff.),∂Kz/∂t (finite diff.),∂Ke/∂t (finite diff.),RGz,RKz,RGe,RKe
incipient,530997.1090486972,47406.763474616826,2293729.0377218486,92497.18109873212,3.0876310148894324,0.0793084787289392,-1.1534470806571275,0.2786892960626424,1.814524747270876,-0.5037016300566912,-8.379844602056902,-4.022476627480432,-24.24689546178148,-57.23840341346917,-0.4462510901121098,-1.5595685164157735,-2.429212950254021,-0.4163273940145875,-9.279668294937238,-1.4949037482657164,-1.0767982039065251,-2.8340076271126406,0.2867550533758069,1.095436502494946
intensification,385488.5975803262,59981.08721246841,1817068.3479840055,211241.71062213025,3.6211237892937342,0.17874642082032915,-3.8225613094714257,0.7215433577525963,-0.4481199780044541,0.6618086105269662,-5.725685701240155,1.3733236705228316,-17.116631198668657,-63.50042387402384,-0.029393329309255103,0.2634979942458484,-1.4202708534180766,0.26572291350574806,-3.5195685364494973,2.425568524597922,2.82771933470044,2.4075546849683507,0.14671123991104906,-3.4918598131489302
mature,273466.8887320699,95376.05378194082,1669304.999039594,546484.5754362955,4.40775259368527,-0.5417890085454591,-10.799860818115055,-0.01913306007214764,-0.3883200431241274,0.6205391542074816,-4.346047435645061,1.3481055176349968,21.6289729027862,-4.353856711817801,1.738481043500502,0.7640631281821365,0.017305782249170936,-0.045956638048341325,1.450484542232255,3.66321447928808,4.271589410513109,12.188640202307099,-0.14383984378251147,-8.465618796389824
decay,294143.22295673995,70924.95592785663,1970165.168713533,619759.6374659885,3.6474551160836732,-0.07763791314782416,-10.521631556395986,0.34140115532733756,-0.23551248415199538,0.20970310173239068,-7.300048779139495,4.436034713773392,77.06762963223254,84.47774379674567,2.2111362681106277,0.9731774193245594,0.7253682036158297,-0.38882222116764664,8.93758697103099,-2.0371998051524045,4.530697890703674,23.111812190482798,-0.17948625442487556,-17.336267230649124
