,Az,Ae,Kz,Ke,Cz,Ca,Ck,Ce,BAz,BAe,BKz,BKe,BΦZ,BΦE,Gz,Ge,∂Az/∂t (finite diff.),∂Ae/∂t (finite diff.),∂Kz/∂t (finite diff.),∂Ke/∂t (finite diff.),RGz,RKz,RGe,RKe
intensification,683823.5090416569,151982.56210498494,2477820.4639406423,232865.33893610747,-0.7322253852731978,1.862260227225793,-2.946121608632863,3.962648731061689,8.961169679237717,-3.5251277473761204,7.738705530888039,3.0874444408428094,25.870155693742475,-15.510113928453594,-0.2662432899806783,1.9277175805664792,0.25841296095582916,1.5821452111401229,8.005222610054533,1.049196339407089,-7.57272187632929,3.944864073072558,7.207661462352138,-8.947018441130272
