,Az,Ae,Kz,Ke,Cz,Ca,Ck,Ce,BAz,BAe,BKz,BKe,BΦZ,BΦE,Gz,Ge,∂Az/∂t (finite diff.),∂Ae/∂t (finite diff.),∂Kz/∂t (finite diff.),∂Ke/∂t (finite diff.),RGz,RKz,RGe,RKe
incipient,456352.3408915691,112940.9948897716,1971507.6187134648,283607.9353211193,1.677159984911819,0.5033664225286617,0.2273947476860651,7.646324079223562,6.57090198214977,1.4517088206640365,-68.40817907558903,4.87452547992577,77.2032804947406,48.00979804534128,2.691367020196429,1.2361133959160098,28.4597145216987,-0.0171963825804373,45.18350552591521,5.496894404305198,24.069338946989408,111.68712986890635,5.674052453450426,-6.796560407158068
decay,776939.7900770247,133569.81233769603,2382129.348347357,350619.29233373236,15.136792653341349,2.3200017911248247,-2.0364314433561668,8.898853889926107,18.172611924559096,-0.49084033150739614,-79.54498526192606,10.290332050702126,96.37345211305269,40.11616472456558,8.979314448008537,5.256070034175013,-0.24347442251973295,0.8148320608332188,2.892725240420728,0.5261985195322832,-0.9592919026126556,69.33734929236161,7.884524491141898,-20.69941886445212
intensification,569362.774181551,238507.4996031518,2423355.502489745,495336.05263761035,-5.524418883195943,3.3846857410865954,-1.8703727922974602,17.95112875435686,19.39874772733298,-2.2329289584005565,-36.83423913566996,9.29303110660656,114.57320530594667,75.0505842179052,-5.583517438694738,13.817344838897384,-0.2981539171468063,4.536191973189094,4.84363546208734,8.937947117327678,-21.836634786589137,49.072666273250704,21.335563944859913,-20.1765855359332
