,Az,Ae,Kz,Ke,Cz,Ca,Ck,Ce,BAz,BAe,BKz,BKe,BΦZ,BΦE,Gz,Ge,∂Az/∂t (finite diff.),∂Ae/∂t (finite diff.),∂Kz/∂t (finite diff.),∂Ke/∂t (finite diff.),RGz,RKz,RGe,RKe
decay,590354.2064285525,104610.59598289829,2603886.156366652,258072.0712495615,12.683045411240979,-0.12975190858361088,0.586232226877016,5.915135910880745,-0.01489406074381927,3.7603438743901227,-26.004434939401566,-10.42429910249153,111.20724342969086,97.72849700601382,12.682358647456308,3.2671180358973926,0.29072888363410365,-1.5333227774443885,-2.4805195700609195,1.2338391446973673,12.858916447035288,10.254637731222655,0.751221167629845,6.329234563185167
intensification,612222.154185673,75046.37594843586,2560803.506573875,279551.43141458306,27.676655413725882,0.1028879709276149,-1.2785275237875293,5.47506746388033,3.0204914021757414,2.732364034462429,-38.69627845297197,-12.246720954788184,100.11638151985578,78.52555624631123,25.833809525510496,3.7696228329560895,-0.0758407707285288,0.10985126196016334,-2.456793318750106,-0.030992247244417,24.683211211749228,9.841357244283502,2.7496667204504495,5.462133719875908
decay 2,598061.5153582521,88851.96483171494,2353857.5162675236,273033.39030410425,19.48855351511784,-0.2370515920781693,-2.926049405141979,3.0757370980872305,2.3995467269726425,2.7282495588267515,-43.28066905997215,-12.493098215225727,97.36215567317966,80.36873704946568,15.787415400206134,3.281161620342374,-0.6016827318822228,0.9637936056060727,-11.651647590879945,-0.5342258544984784,16.250272464184803,15.066517359116345,1.5483327369447213,5.957085857498039
