,Az,Ae,Kz,Ke,Cz,Ca,Ck,Ce,BAz,BAe,BKz,BKe,BΦZ,BΦE,Gz,Ge,∂Az/∂t (finite diff.),∂Ae/∂t (finite diff.),∂Kz/∂t (finite diff.),∂Ke/∂t (finite diff.),RGz,RKz,RGe,RKe
incipient,526843.8817826541,159651.73069458944,2015176.4178715746,374031.7069698825,0.26366815385040937,0.9778714709474435,-4.473097670264682,7.681737268874572,6.160922450144294,0.9846246994403116,7.024097886077543,-1.9822208844521425,-12.503959895416466,-12.029961253668997,-0.1991915935569547,4.54724825625566,0.43727310070051517,0.9455659470323883,-0.5951981454575598,1.7349237393614891,-4.482109724645925,-3.4098665151208314,6.664807045519205,-8.437690315325625
intensification,462794.42010996,125951.89966146792,1694855.6817242296,440900.1266918504,4.689452465136148,1.0226928484602398,-3.2081104226379296,5.042067830917801,6.528771737177956,-1.8286465689318512,2.597013270561125,4.2280476610872855,-13.668736413687187,-14.69801111650292,1.136167146441556,3.351985694119946,-1.639589229587828,-0.3811643817633696,-5.479234392184556,1.8485864603947721,-2.4562156531693966,-9.557589705243899,5.466857169626042,-10.629639454248244
mature,246721.07204118243,134933.37242695712,1243659.6979934636,719645.4215631895,0.11311754508610317,-0.5683214324753303,6.265483831681208,-0.7968801049622035,-0.6650857407048548,0.964269807151278,9.276548417386863,11.450983840685886,-40.487398927734255,-30.055915322161614,-0.5873239769125672,0.7823732689111456,-1.7985943237648765,0.9945552054050971,1.17357940730222,2.0227271264060613,-1.5887124704492488,-14.481570386851951,-0.198273274233054,-2.365892777636413
decay,207982.0211013464,149227.2625584428,1876625.6882510995,393323.9712103287,-0.8247361206404187,-0.43380265887808417,5.614148397173664,-1.0234261574459815,0.9234769441862977,-0.039735516759521236,26.120427491582163,7.190985722141619,-35.33665634681718,-27.276811262282077,-1.1064983853047494,-0.24472742279335666,0.8453799598651343,-0.41890159525308,5.97961754919207,-2.0560636541044492,-1.3366357638396664,-24.930222218923337,-0.9687895770614567,-2.609474821626425
