,Az,Ae,Kz,Ke,Cz,Ca,Ck,Ce,BAz,BAe,BKz,BKe,BΦZ,BΦE,Gz,Ge,∂Az/∂t (finite diff.),∂Ae/∂t (finite diff.),∂Kz/∂t (finite diff.),∂Ke/∂t (finite diff.),RGz,RKz,RGe,RKe
incipient,126258.59968503308,202532.43351577557,2561103.8142398023,417600.37336072186,-0.9439105817854182,0.06399587652697707,4.268859925616885,3.341278459459934,-0.2862969434227823,6.435253464412484,21.647159475558738,-4.776807894378014,101.7890788104116,117.1232107989088,0.10500241568525202,-0.3619819537541784,0.5945312907258161,2.6574651372591735,15.7608775356872,-5.686158505807345,0.0009135288901572688,-9.211231283703007,-0.5005057442203532,0.01823085472762101
intensification,155503.18467301445,335438.6388556843,3049606.4238352254,224908.05662738375,-1.430382782572361,-0.3977185406632946,0.6691326645267497,3.535109835856831,-0.515099021497012,6.240907248778564,4.298934143011378,-2.105660869679358,176.83198149041814,174.64371487225694,0.3348005313800764,0.1530624532671487,0.4381151797530185,-1.1528242640711068,-3.7773806876159073,-1.3064522287206246,-0.874887121985625,-7.315064712581674,-3.460903136329545,-2.0667685303713483
decay,204031.33052995725,171910.01044492488,3509372.9871123107,154311.58994712273,-1.2855688227212412,-0.10211524115932753,0.6343458382012142,2.1878368188574573,1.7396103929254196,-2.4920481940997217,13.04529464977932,-0.5143790481396573,41.4924554489119,21.532195461465022,0.08347960060632417,1.3501857123341048,0.38489847624584805,-1.915502391017364,6.754778333499119,-0.9232960733765492,-2.742395980560141,-5.639293331760174,2.866497863099142,-1.9624080058931348
intensification 2,283108.39499968116,85241.54098292055,3582111.872928328,130681.2179475433,-0.4448213873377342,-0.1307965670513396,-0.024594598328225213,-0.2192804065431947,1.1812347002743186,-0.5798144826551604,24.116771691500055,1.229366281290795,-252.7893302720121,-275.7572021564237,0.09804261248586126,0.5168953930079729,0.886662983936291,0.1275379837240971,-4.617299048027276,0.8197145473372012,-0.8701896707271014,-28.26465475386137,0.6188686268874025,-0.21496592573862422
