,Az,Ae,Kz,Ke,Cz,Ca,Ck,Ce,BAz,BAe,BKz,BKe,BΦZ,BΦE,Gz,Ge,∂Az/∂t (finite diff.),∂Ae/∂t (finite diff.),∂Kz/∂t (finite diff.),∂Ke/∂t (finite diff.),RGz,RKz,RGe,RKe
incipient,773430.0657990515,102842.04902046069,2542624.03753733,199996.5568719951,-5.277075990741831,1.561450784101248,-2.337072737052619,2.584718095362048,12.608039221198673,-0.6295051870067154,-16.591603488201958,8.871366993505168,42.01660052864067,2.16717728980953,-4.499110050817607,1.3688734058814067,15.066878611765828,6.116385117505509,26.786983693350592,6.144874618926221,-1.2567858160734307,50.992735909347005,7.769157615773024,-7.648283206993612
intensification,561805.0209141705,496932.45298407273,2796604.392710059,754290.7728903339,0.961000379215638,4.353432185070992,-23.761115099888137,8.130519191819332,8.373448530702483,-0.2101924029211184,-5.240506862312413,2.314801164666979,169.35183078805073,117.9269554586608,-1.7595710703646015,3.0245698600098856,-8.204149466394236,3.9325113585384157,-9.092351260608961,16.47192504563845,-11.263165432810089,18.94827032237595,7.919790768207872,-17.734510410736
mature,201112.49208511875,417184.8943647102,1803748.5311461173,2014943.8782248702,0.48916710041101646,4.465934474297193,-87.33241949067899,6.443427329774931,8.220035397384757,-15.27833946408291,32.022384260315285,-40.528034506449245,168.67818301654108,114.06589641267124,1.3429045803719741,-0.399617791915424,-1.4122931474295217,-7.230482928387377,-10.673967603685972,12.963197290885917,-4.677226970106068,44.146900526266705,10.025349391173272,-40.28461502311874
decay,301325.6640308656,173430.73792790194,2719870.138621892,1184158.9931414684,-5.843922980288588,2.288097512690727,-38.92706077115987,3.1423546336774626,0.740694109336679,-10.681691879343058,-15.083053675622143,-27.513480487769186,215.66515825711477,199.21664123594977,-1.3577539765930398,1.4981446380479058,2.2774538775429263,-1.8310399309073087,9.223028402921406,-13.275503816254357,-2.0190656993916134,69.07706582999201,9.704909069422483,-27.8314387333225
