,Az,Ae,Kz,Ke,Cz,Ca,Ck,Ce,BAz,BAe,BKz,BKe,BΦZ,BΦE,Gz,Ge,∂Az/∂t (finite diff.),∂Ae/∂t (finite diff.),∂Kz/∂t (finite diff.),∂Ke/∂t (finite diff.),RGz,RKz,RGe,RKe
incipient,1265405.0720899333,69744.54184286378,3952286.0338577367,124448.92404736261,-1.283818458934054,-0.007763851366375953,0.15126326243382862,0.6207620208529915,5.760781845262871,-0.10289086132806895,-17.23872946027798,-4.219707283690568,22.671029934891976,-1.1567512251468148,-4.421482490087496,-1.8899301340407608,-2.5294011796437124,-0.5979462128122259,-3.6127470258299015,-1.2179765826900404,-9.581765335207013,14.758537630948304,0.13347052073521054,2.5322319425813644
intensification,990148.5733088213,52430.04756446651,3734388.257861945,132578.8302072112,5.197823761974414,0.16058009487659272,-3.0046498223256677,0.8741687910115391,14.04194663844897,-0.012976536014775327,-5.298852034658552,1.5720138869826836,-46.63154015023029,-78.47862906458167,-0.5112242625203606,0.2918278120578451,-3.711933116024058,-0.08103784454693536,-4.15182097314139,0.7973219194602557,-12.395475897622019,-1.0461428781315847,0.6455273876027862,-4.653510580859635
mature,522571.92628866446,108883.81961471941,2724824.288679666,286826.46452099655,4.851752950485953,1.3805852688901727,-4.255340266105894,3.0916358565285225,2.3138870113423824,1.531111185198429,5.02209071123678,1.3682943530852676,98.43922078282078,44.19584787320807,2.4585135422868993,0.9441634162136576,-8.731129209574082,2.878691246967408,-25.512014354816614,2.4583065353666287,-4.8126780015403385,-31.130517750433455,3.0586306494073288,-6.256963940353056
decay,72380.22802225479,108762.7784500595,870256.7430746545,286798.43415023404,0.333435942796435,0.08148640509374006,5.410717639307031,1.9169770268500423,-0.4983754586500581,0.482031369559323,2.307727702188484,6.761260726191577,0.7492025453422355,2.3477552806420667,0.19877014975584595,0.7591356181527116,-1.1449756172688152,-1.0452704590998472,-8.87946098533822,-0.9676918652605098,-0.23167781072858157,-16.931342269630168,0.3081887930971323,-4.235211978995098
