,Az,Ae,Kz,Ke,Cz,Ca,Ck,Ce,BAz,BAe,BKz,BKe,BΦZ,BΦE,Gz,Ge,∂Az/∂t (finite diff.),∂Ae/∂t (finite diff.),∂Kz/∂t (finite diff.),∂Ke/∂t (finite diff.),RGz,RKz,RGe,RKe
intensification,1029538.1867742955,266240.86569288047,3716090.8678706014,459313.203920242,4.854445943176493,1.6384690875677683,-0.7484213599101388,12.53974997794921,5.022673293109062,6.741186982514715,-26.736279756614444,-6.373440927911387,136.6105200145379,80.85786294962213,10.627205290111522,5.715147790196852,1.395770877480412,2.6983269137456776,15.237792876491813,6.04892057690531,2.866012615115608,37.8680480498399,6.858420821612403,-0.8658098330426498
decay,760959.8927785656,296348.42959250795,4174083.5957570607,801900.8314061963,0.008786917862078247,2.138052586756711,-11.87051329653461,8.685718482862091,2.0213690151487116,5.700603505926209,22.405234817235648,-2.729381365007167,159.28992283107644,-23.979105417342886,1.1780367472522908,6.277743282649033,-4.09157754365981,-0.1529717472128379,16.564728568394532,6.384580710939609,-3.9661070541897328,6.021220129831413,0.6940906429663345,-11.442269703449925
