,Az,Ae,Kz,Ke,Cz,Ca,Ck,Ce,BAz,BAe,BKz,BKe,BΦZ,BΦE,Gz,Ge,∂Az/∂t (finite diff.),∂Ae/∂t (finite diff.),∂Kz/∂t (finite diff.),∂Ke/∂t (finite diff.),RGz,RKz,RGe,RKe
intensification,900523.1275903546,325637.32110394194,5463378.151907802,379837.16319181625,-4.563359436042625,1.6786375204428658,-3.266988075959858,14.481729023465729,6.1642275698645665,9.074427976582566,-71.11434520542116,1.1809140656655475,249.70150157453364,211.2307977779257,-0.6683439893658075,10.353846152900186,2.315742371746621,2.265048743031645,38.574851898853744,2.533884979843169,-6.733207113717705,117.51954461627739,5.993712269471942,-16.395746185247962
decay,1257943.7774349828,258971.2870401015,8716375.734495753,443016.0852818376,10.218225174823804,1.6731043581523777,-4.110097989772509,10.462822242075163,26.971031867992963,4.3343059326389595,-55.462979624621816,2.0887641087227893,292.20809821527325,106.02155892350035,2.8680349125649234,4.241857818513901,5.69553723426302,-3.8621913391217495,47.005555554956075,-3.2609168016754286,-9.384165100753762,96.36040799452658,0.59322061216208,-19.922601142245895
