,Az,Ae,Kz,Ke,Cz,Ca,Ck,Ce,BAz,BAe,BKz,BKe,BΦZ,BΦE,Gz,Ge,∂Az/∂t (finite diff.),∂Ae/∂t (finite diff.),∂Kz/∂t (finite diff.),∂Ke/∂t (finite diff.),RGz,RKz,RGe,RKe
intensification,555338.3697549982,192944.81910196232,3188574.1976900348,813493.4574575762,2.116138686050019,3.1740147786039854,-23.28770641198825,12.6482588072542,15.602220036724663,-0.7157494090185265,-85.47293959421553,-3.712364870598628,148.71917609696698,115.35167799584501,-0.8578861852747275,5.177522911187788,12.748956127481495,-0.7001274806670537,29.473563700294203,-2.255249479862455,2.4368895554108385,136.11807102044796,9.489865957001687,-34.47884982850628
mature,1181804.932090041,190757.22930235093,4460633.738122746,574991.5656588922,6.202715075384518,4.401750304723447,-21.9095451817095,12.55475396110654,39.68405940733417,-4.30701892205376,-102.08775440552849,-15.19258357036656,214.30424899187645,150.89694784384713,-7.20018071200527,6.474421017797817,8.556585512004856,-0.7816960330920533,16.17304142385837,-8.261991647206422,-20.523008515221353,133.96762593571182,11.678326545344797,-27.533707219655895
decay,1276904.613401464,272494.07465378876,5743716.8846993875,367494.16613491724,8.134057666603889,4.862343872596339,-9.6721952841089,9.144630475816792,26.59128362676886,0.07723355488965668,-92.13418024555307,-8.943576994574101,242.81835967850094,166.01550450330916,-0.9643466775566271,1.4431755013211451,-0.12069068209506453,1.0639134491216833,8.947531871993142,-0.8941989702734215,-13.715572769663702,102.6198497350512,5.268966497452479,-10.767447735625014
