,Az,Ae,Kz,Ke,Cz,Ca,Ck,Ce,BAz,BAe,BKz,BKe,BΦZ,BΦE,Gz,Ge,∂Az/∂t (finite diff.),∂Ae/∂t (finite diff.),∂Kz/∂t (finite diff.),∂Ke/∂t (finite diff.),RGz,RKz,RGe,RKe
intensification,931874.4470249327,86074.91214849443,3953298.9810322854,239856.0486780535,0.8303503031254014,0.6910993131729816,-4.103611193685832,3.819914360917063,0.975368860547179,0.32815116263622296,-21.2107810511437,9.309604445551951,-57.907417938918066,-63.5301897373734,-1.6655015097423538,-0.47714861934427955,-0.23040275341927158,-0.4801310976740358,-4.047977931436937,2.732393286259835,0.3156780023319323,20.43606401026719,2.3205327874338226,-14.50073671389501
decay,1054795.7211574423,71612.02434963323,3751795.6575329457,402563.61707996245,-1.2494108424782968,0.990208189459125,-12.058710001518405,4.127106940215443,0.29483092044368026,1.8638361386490154,-19.924493465042723,-3.9575608078119537,22.261033866066906,32.84666098406645,1.6152492859001673,1.3197675031443568,4.628034025069082,0.4776351374812712,1.1544843087196826,0.8190707864561267,4.07400045160623,34.3870986177591,1.7506977495885734,-11.409185347465767
