,Az,Ae,Kz,Ke,Cz,Ca,Ck,Ce,BAz,BAe,BKz,BKe,BΦZ,BΦE,Gz,Ge,∂Az/∂t (finite diff.),∂Ae/∂t (finite diff.),∂Kz/∂t (finite diff.),∂Ke/∂t (finite diff.),RGz,RKz,RGe,RKe
incipient,963413.6683847755,167195.5607542008,4694634.270750407,545481.8960993484,9.261180132199236,3.2596646056088043,-8.205110242259986,12.043802786838034,30.8137946328832,-2.181623980072124,7.727819074834875,6.1854207731142,-123.1041714020804,-221.194437068894,-0.02890219222595869,4.517617992013981,-6.550528257492547,1.9076343211780753,-25.327922055621585,6.799666786947206,-24.8434781525677,-34.11181102039571,12.87339648247943,-19.63466701526502
intensification,469608.0557608784,484505.68928764475,5739968.713390567,966945.3789857482,-0.3656157983663764,6.347766352573426,-13.499717935194555,21.952958618420993,13.758401713360927,1.1463025925305825,-92.97870331008079,16.78957008204588,495.76613693720304,414.69628080429294,2.041629587352714,8.642140446523115,0.08723673584121178,0.5675523861511148,20.189306728044986,-0.88176040162969,-7.689014423312662,127.0333437716867,15.02644205946809,-53.12400703729111
mature,759216.0298344055,174724.26318831337,6668636.149069663,303813.5943351896,2.505331021091426,1.6512994857504821,-12.74940455691052,2.7451347329392273,-2.1159781165660276,-6.111178663128901,-58.802556237005966,-11.67121486382664,606.1000906266512,496.21170542494593,-5.438455051609853,0.6228286094179535,-1.7824522317754539,-3.4742834943859346,-22.43875938717446,-6.934200792203508,4.490156391632482,46.60787038565059,3.7307304159317116,-10.757525218226613
decay,923090.9189368216,137740.10721524447,6990408.918052172,161606.1184574084,3.2166245306877426,-0.3708866304531855,-0.2302083933223852,-1.4354711186136901,4.940939477541691,1.3171733887458292,38.58508389501854,1.6011872995760132,-332.7813108180754,-413.80682851584584,-1.6505658209634155,-0.6944035992980006,2.347465718728709,0.9425298720995456,-2.589691072828602,1.08103751670808,0.25226414142157566,-44.1611911052125,-1.4392280048067885,0.6851129424233714
