,Az,Ae,Kz,Ke,Cz,Ca,Ck,Ce,BAz,BAe,BKz,BKe,BΦZ,BΦE,Gz,Ge,∂Az/∂t (finite diff.),∂Ae/∂t (finite diff.),∂Kz/∂t (finite diff.),∂Ke/∂t (finite diff.),RGz,RKz,RGe,RKe
decay,529957.2976029197,134312.2176376151,1991084.688037603,235451.7518677037,2.024655682736078,0.5966852508900612,-5.728248807200687,0.9919224135293452,5.000717247338064,-0.7285887395966273,-19.53154097925635,-3.7555889220710563,17.580774764600356,5.976130480358394,-0.8383499276219437,0.30406467763906775,-0.498743749422478,-0.2590956363572494,-3.3200603928007224,-0.15662382809461675,-2.8781200631344026,19.915073710920236,0.8647302658786623,-3.1212061267535947
