,Az,Ae,Kz,Ke,Cz,Ca,Ck,Ce,BAz,BAe,BKz,BKe,BΦZ,BΦE,Gz,Ge,∂Az/∂t (finite diff.),∂Ae/∂t (finite diff.),∂Kz/∂t (finite diff.),∂Ke/∂t (finite diff.),RGz,RKz,RGe,RKe
incipient,257645.83442318332,198804.71418991865,655763.6672562975,155089.1767235188,2.462360353008685,0.3144865351230492,-2.7008468995711725,0.8780078702653938,4.100855500365225,0.09829681624018387,2.5313627069745386,-2.7569268911109197,-27.2551631904469,-26.609464576056336,-0.5520783987249105,2.2278897799234683,-2.4076894211892297,3.8589734409687395,-9.74491610895794,-0.7332976840154819,-3.7316980334227203,-12.03779226936999,4.3241979598709,-1.5552255627411289
intensification,188874.8618877729,378410.6189990691,505289.0576066311,181337.1895784669,2.786561391584194,0.3100822877932022,-2.062653863037599,3.37316074898107,2.2965834703726147,2.201278600998337,-3.55374271704837,0.7679401076906194,3.7214861880247527,8.518466965498288,-1.5483243048421402,0.91204688348469,-4.194924090950118,-2.177935805263211,0.6383489831446787,5.757947512045421,-3.3948638819453367,3.468184171646454,-1.3161359450736805,-0.4458072076638673
decay,159963.23398903606,162384.6364934863,735350.4483475023,248285.53939701625,0.49678990359422837,0.07914175244958015,-1.124401956093368,1.506322662928915,0.3260099354567832,0.47028417191824834,-4.503600755850345,-0.46904184940512794,0.6412011965265307,0.7160864691753996,-0.24163363295350795,-0.5980170875126589,1.1342065833497657,-4.774286243646939,7.315763097428793,-0.6264541869245688,1.3841283039367906,12.446975905778277,-3.8173895050858513,-2.788136956541724
intensification 2,807428.7865494417,83189.23727469152,2754954.4710961804,224106.3196332902,3.905481060246329,0.906141206771449,-2.608096803977779,2.0432157586307915,24.46935309479305,-0.7016340605834842,-54.58175394384552,6.955636527911534,41.47447928000083,-24.477177679029747,0.3513985478664236,1.302483720324285,11.688021801153756,0.8779523949054615,35.89833418606607,0.8654631623327982,-7.969709026621519,89.18270387364304,2.716661007348288,-10.741485928187307
