,Az,Ae,Kz,Ke,Cz,Ca,Ck,Ce,BAz,BAe,BKz,BKe,BΦZ,BΦE,Gz,Ge,∂Az/∂t (finite diff.),∂Ae/∂t (finite diff.),∂Kz/∂t (finite diff.),∂Ke/∂t (finite diff.),RGz,RKz,RGe,RKe
incipient,27820.908375132633,38151.61303635033,265450.07907591754,121299.10673268087,-0.4890262804309462,0.009923901227985674,0.2906600515658882,1.2339463389759302,-0.08029137763571642,0.11762470071738584,0.32960708509431946,0.5265141450872939,2.2303024218372745,1.4895374946375688,-0.6012628822411344,0.4476559075058383,-0.13035112384349612,-0.010109355920456836,1.9056708108733353,0.5305244294255167,-0.5291621254107403,1.7744299546440743,1.0962883811101016,-0.9392760030718192
intensification,171947.99942952223,64010.89813642987,488188.37498275464,276737.719409618,0.05297699860217008,0.6174149186423056,-2.6715480254222066,4.174608312247337,2.863176797531991,-0.308581970705767,-2.494944824471473,-0.246019731417311,1.753554387666301,-1.3930428695431145,-0.32717582214213814,2.961673161499798,1.4916294371638437,0.2967896667478752,1.7296447960244297,1.6459488535845552,-0.7011554431236721,6.84316064731594,4.162565031058674,-4.954187752667678
mature,288704.98489135277,98619.28390880003,603308.4645671258,431098.35627979366,1.5529353592911088,1.3698357281433469,-3.2470300328305775,8.611734089712959,5.759850197592514,-1.1658690570031847,-16.852162368567306,-0.7529397760271886,12.3942143734407,4.656381746502342,-0.18911768137152163,6.036504927962562,0.15237421958548517,-0.1212455626831454,0.7013445606759814,-0.12272021870057603,-2.6847048905725734,19.24760160278276,8.28652185588965,-11.228544565216925
decay,343362.69721048186,65789.52263244991,593184.2921767444,407085.993893556,1.5533003927481204,0.9875349952931178,-3.437407816509909,3.5060756733718503,7.414552084434619,-1.4316130991133338,-7.852475436271056,-2.635714876417593,0.9563015234135909,-15.148355321921253,-2.186732845684213,1.968348312749221,1.9938985663798068,-0.3535247577311189,0.8539362257279698,-0.9340292107034269,-2.879818130013575,10.590519085760814,3.596629019460948,-5.241797824167595
