,Az,Ae,Kz,Ke,Cz,Ca,Ck,Ce,BAz,BAe,BKz,BKe,BΦZ,BΦE,Gz,Ge,∂Az/∂t (finite diff.),∂Ae/∂t (finite diff.),∂Kz/∂t (finite diff.),∂Ke/∂t (finite diff.),RGz,RKz,RGe,RKe
decay,878213.053212858,190558.02539737348,2581798.600067903,754537.7718481682,1.6027912296566011,3.9790996886168783,-35.55780751369464,5.023491055499326,11.36124315761006,-7.109617922529907,-0.59635819670841,-25.331861891056498,26.412597494959904,-66.93409254678036,-2.212472242464947,-1.8326472629329096,2.500852552826896,0.7617138055145956,12.249933615269935,1.7518249992031323,-3.2784996865096865,46.801308096016385,8.91572309492695,-13.497611678934337
intensification,943930.3316810192,206089.13907345195,2693638.3661723696,831517.4986589898,0.2468399583825954,5.581937880234944,-39.03770525872044,7.9570377821597695,16.339624901926165,-7.664951365304776,-10.716965637790349,-26.69635956191481,44.92930632667006,-70.13830955789196,-0.8566324974046742,-1.3903461129110548,2.7443864030628604,0.0758201477966226,2.078137737370454,2.2875543743043845,-7.766460660245766,51.58596867549865,10.115871415026223,-18.01082910466102
decay 2,930621.0019931413,211249.96766675054,2900373.9523166665,794649.2202586675,4.009778147494342,5.380586195952337,-36.6793886219018,9.673335701845657,18.647121438375542,-7.6459114417874865,-18.725021574650984,-29.991604856391017,45.070735411587435,-63.09512456879884,-1.1528615111163298,1.6879592121823401,-1.4237042196068985,-0.631793655476815,0.7853720122889284,-2.9609828755569425,-10.68046131453576,52.18000406134737,11.306867292203984,-19.32210234291338
