,Az,Ae,Kz,Ke,Cz,Ca,Ck,Ce,BAz,BAe,BKz,BKe,BΦZ,BΦE,Gz,Ge,∂Az/∂t (finite diff.),∂Ae/∂t (finite diff.),∂Kz/∂t (finite diff.),∂Ke/∂t (finite diff.),RGz,RKz,RGe,RKe
intensification,451102.7645362903,260202.18632572188,3788473.9076973633,542420.2175506575,-0.8455267604359682,1.6851393284733203,-7.809070090539458,9.980068464506486,8.016134007715227,-5.283602731590494,23.59939686420012,-1.0056781910586492,63.73585415196476,-38.871968224155886,-0.810574379179431,6.824421953421465,0.7113305293970035,-1.9795099387486803,8.649846968611712,3.221084465124069,-6.46519091028087,-6.294953044612981,11.59902192887498,-13.562375898863225
decay,235635.53505029494,191681.99489374727,2769104.290140316,1031622.4059197078,5.434962996937136,1.298899553147251,-10.067238438885111,7.336569339029779,6.381264861064559,-5.901524683511566,-6.430148550755565,9.787613451231113,86.21560570796566,52.393521153113475,3.2809323429576316,7.017680269475185,-2.531347017748028,-0.5836892939894587,-12.421917000571892,5.476249931996271,-2.1787493287282005,-1.3594930078683523,11.355505175404636,-21.71517129714973
