,Az,Ae,Kz,Ke,Cz,Ca,Ck,Ce,BAz,BAe,BKz,BKe,BΦZ,BΦE,Gz,Ge,∂Az/∂t (finite diff.),∂Ae/∂t (finite diff.),∂Kz/∂t (finite diff.),∂Ke/∂t (finite diff.),RGz,RKz,RGe,RKe
incipient,282385.6390597251,152348.95128627995,2180922.387073954,329316.2420412018,-2.938152693624117,-0.059762995625614504,7.270130864892803,5.109432824468593,2.4179982243538785,2.2981444634231227,-10.861955034690496,5.6823141142404765,121.91796300988469,142.23472169633547,-1.2011057762310478,2.433646208717983,2.754274314043056,0.9053168108225941,3.2614934478308877,-1.0430801940347374,-2.661639599560554,9.791470311252697,3.776368167493679,-4.564696267851004
intensification,426554.8512179153,205971.64175242843,2575132.2413461134,363694.94417715335,-3.105284890802044,0.25731651018036766,5.322513728188158,8.563920186626952,3.887082470976415,3.3386278064059924,-40.54280118951679,2.973297023174258,145.7101736484085,160.31183909108918,-2.529110024505988,4.915998109633482,2.356504369333951,1.456246895866035,2.778650389981689,1.8671876158313938,-4.37854648226414,41.104222742112356,6.4242227659066256,-4.347515865781658
mature,449721.24592184817,239712.2032826445,2472786.5885418663,459803.1655183933,-7.903338719749648,1.8091380291620596,-1.6327964639854031,18.73395375700028,7.820044848796142,3.3250241421963134,-45.31397314422857,6.497740042591253,161.02055879465655,156.26285522615416,-6.1867607951476,10.092093290867133,-0.8951840601630439,-0.5843353901084427,-1.6571985670213947,1.114807371060268,-14.809429599546773,53.19290976094223,13.01545619553346,-25.749682892516663
decay,408898.12787447975,207280.97724479678,2369418.563198411,369498.4463721581,-2.0038792124197093,1.9658434743814293,1.004355058214771,10.408248741269642,10.136477742402867,1.439819619019843,-27.69814596683613,1.2775373264300858,134.12256058084503,120.79652204212087,-2.8521875013145466,4.879138242444938,-0.9891270191355488,-0.8551289822425296,-1.9980736446464609,-2.783470235095078,-11.163640499576696,26.699596476394607,6.147456665625837,-13.46490124458003
