,Az,Ae,Kz,Ke,Cz,Ca,Ck,Ce,BAz,BAe,BKz,BKe,BΦZ,BΦE,Gz,Ge,∂Az/∂t (finite diff.),∂Ae/∂t (finite diff.),∂Kz/∂t (finite diff.),∂Ke/∂t (finite diff.),RGz,RKz,RGe,RKe
intensification,99161.05273522553,187501.57750986298,2480104.19038707,259261.7549848492,0.6503955663578997,-0.18148834813871878,0.49695328871314864,2.4429682858772157,-0.1876118520968397,2.237489243374035,14.390845242613345,-2.781713484009235,127.26746365412495,135.29544505788618,0.14063809924267703,-1.3448860800031182,-1.0608990653066321,-1.2034457523404196,-16.08900891588943,-1.5039536485958722,-0.40437999499061134,-31.627203013573826,-0.8164783616985203,-0.6682551617507047
decay,52885.460069842884,93239.42480240892,1536207.2294379673,199658.41940683837,-0.24451487160779983,-0.0623794111663605,1.3064697398350065,0.523036880006051,0.8092890914638673,-0.7771818909116703,-5.6826220723005765,0.34626466795179633,73.80083067651827,87.65335593985978,0.1788527243157108,0.4465024306190322,-0.20756394089518737,-1.0637747012601455,-8.087666911331272,-1.8855448999818905,-1.323747315133215,-3.466999707257901,0.2988234808239367,-1.4483767081047314
