,Az,Ae,Kz,Ke,Cz,Ca,Ck,Ce,BAz,BAe,BKz,BKe,BΦZ,BΦE,Gz,Ge,∂Az/∂t (finite diff.),∂Ae/∂t (finite diff.),∂Kz/∂t (finite diff.),∂Ke/∂t (finite diff.),RGz,RKz,RGe,RKe
intensification,434939.7126228872,61083.457927222735,1809068.5675103387,261692.48114167489,5.807088605689753,0.5995569812716047,-5.420631692193581,3.437356138571632,3.2154297811310113,-0.9006551979192995,-21.297339547900588,-1.2892001270905447,40.115691075739086,-8.902850712672096,3.6323201634260873,2.9715663646914456,0.37828868621401174,0.03436496512056238,9.920850602863048,-0.5881846930402721,3.569504492044358,30.83173323726747,3.7728193203398894,-8.15697239671494
