,Az,Ae,Kz,Ke,Cz,Ca,Ck,Ce,BAz,BAe,BKz,BKe,BΦZ,BΦE,Gz,Ge,∂Az/∂t (finite diff.),∂Ae/∂t (finite diff.),∂Kz/∂t (finite diff.),∂Ke/∂t (finite diff.),RGz,RKz,RGe,RKe
incipient,1460299.6653315271,150897.62383679533,4398576.275083259,411814.46280296094,10.192798056377834,2.793175211576023,-22.766679866465463,1.9900282496202288,11.278547268284745,-6.281389480011729,-19.677161175099215,-19.480422242041445,-19.820614860500324,-143.1536354883809,-1.875451331778819,-0.3752085601169182,5.079087038268185,0.4834376782714192,26.18734623410625,1.053336617146918,6.786513037937299,58.4383892192931,5.961680196327356,-4.222949256897325
intensification,1280854.480766084,359241.5314170126,6975437.4332208885,528024.3808301643,-4.3194313059893,4.6234798522601235,-7.869630574881048,11.46127655438055,5.7255706462738925,2.9269906927080287,-36.32804016866209,-0.7192738792504552,304.0427156957137,188.18217138202098,-0.5246774335521214,1.2831623084478936,-3.1475388451371544,0.2676436977143376,9.24892916864087,-0.4040205016748315,-8.569060945140222,57.766031218173325,4.178449707126733,-19.01565375168597
mature,571986.2968214009,131138.85316233526,5637254.599192414,418214.78741313866,-13.247803713134614,0.73451240680535,0.2080255047028542,7.777797302512172,-18.708547875598235,3.2824804581722216,13.686169325543759,4.430257758706066,109.24086282960526,49.73420189423644,-0.49856482785302814,0.5978963640266005,-7.117503276179466,-2.074119772483704,-45.15941104004887,-0.8449055684022184,-0.9222467069104934,-45.805802157160876,1.6866846650508953,-12.844935124917601
decay,203068.7620153185,62990.33114418071,2367124.8903821544,294501.1155502627,-6.216866692307193,0.0006341218023932527,7.605078763064898,1.6187822596661,-7.093895433112647,2.894603911351776,23.76370379182667,5.813353398216186,-31.81892775117018,7.230161885926049,-0.07133334512462929,0.07534681817252603,-0.3115737590666287,-0.06537777450505942,-4.846092507240531,-1.1715470875633511,0.5660891035412177,-29.998008369824902,-1.3418335479931283,-0.998603982380739
