,Az,Ae,Kz,Ke,Cz,Ca,Ck,Ce,BAz,BAe,BKz,BKe,BΦZ,BΦE,Gz,Ge,∂Az/∂t (finite diff.),∂Ae/∂t (finite diff.),∂Kz/∂t (finite diff.),∂Ke/∂t (finite diff.),RGz,RKz,RGe,RKe
intensification,530919.9743906847,102570.12786371357,1967920.6019757923,254060.7967548462,-2.178482957021067,-0.4728518566846979,4.108354962229545,1.9948713549255501,2.7514818919262525,0.8059328558066181,0.15267883151084144,2.9944487913370983,58.93970091189717,65.42535184864715,-0.32977000907453435,0.9535795589621335,1.5706702961777705,-0.5327402474846953,6.342042120766982,-0.8277104021205043,-3.832146409454247,4.259491284047664,1.1290501083189348,-1.7086755861536083
incipient,448429.09978831024,61355.35419077578,1762869.6875906829,166404.9531605358,1.0460525245882877,-0.3631292879650143,0.9376413063023145,0.5676800510818879,5.513648453870544,0.4212915297894148,4.948099194117467,-0.9922398571762471,17.146085093474145,14.355574623260429,-1.5044654445950822,0.24949434791023828,-3.7859710589193956,-0.4786336706212781,-6.290158347153111,-2.1769325402086204,-8.616696276166666,-13.221951372161179,0.03088413863620934,-0.8147314278119469
decay,429313.84236107883,67313.28151651035,1226732.3015228892,146592.0553752568,0.7649166167449674,-0.1254131815922367,-1.7883673616492817,0.14036710554299192,2.8493825046216212,0.558987133192719,2.068715369123424,1.556272916857482,-9.062979854609958,-6.555997268453211,-0.25321244276232713,0.308018616083893,-1.3788772979260147,-0.11783775855858698,-8.558566128764745,-0.4139229846922037,-3.5887563673949057,-9.603830752983855,-0.4110446046160773,-3.898930368741959
