,Az,Ae,Kz,Ke,Cz,Ca,Ck,Ce,BAz,BAe,BKz,BKe,BΦZ,BΦE,Gz,Ge,∂Az/∂t (finite diff.),∂Ae/∂t (finite diff.),∂Kz/∂t (finite diff.),∂Ke/∂t (finite diff.),RGz,RKz,RGe,RKe
incipient,246733.39628608935,181407.83728741674,1631119.3068404465,268542.0679176201,1.0681581543462564,-1.0274559379249184,6.981008621787045,-1.5613509490425248,-3.546777451978164,6.672575103773108,4.742186394238214,10.021102833632273,-116.31451311412987,-135.81312380163777,-0.009245825249139625,-1.0467263043893709,3.7646019316618977,1.2015655103244516,12.75343731623753,-0.7614337671003536,7.3520816000614,-0.03791585413398235,-6.0049046045662635,-2.240177029903059
intensification,1306818.6025937242,179450.42385203982,3371665.712772529,289191.1522847723,0.9381216189992482,2.2840839713024135,-7.469593644260802,3.369487449361264,3.2992759581810156,1.7426855445594789,-30.955817750436495,2.552490021557771,34.32567171569823,-23.596064401830922,-1.6213083256482537,-0.45475037469345403,4.988241390536864,0.46207492092419644,9.306205879933746,1.7103724466575614,4.911171022657512,46.793495655631794,-0.19520714557643176,-11.681198668522276
mature,1088206.4515008063,322170.0537247839,4106142.784774063,555240.8951687487,-3.7230184430446793,6.6457643375230795,-15.017582670494141,16.804202982026155,6.475113341360548,2.7515893407422283,-30.53361072853131,-4.303719613573447,219.1599068716605,131.63031570484952,-2.137024071249707,6.633728326463958,-11.468422742281183,1.010884309691368,6.625789385689336,2.5558694324619484,-15.020790189163332,55.90000122775946,8.417733613452214,-24.962196606484902
decay,725675.5332805685,379444.9612560683,4575191.983238327,746366.2240548444,2.4068459280096683,4.742807470511372,-20.13695308476256,14.025471818095635,0.4788501436439962,4.945631348931736,-46.33484834605138,-0.14233252620307418,274.899264214471,100.90586052911432,4.380318127039154,7.6180659219994755,0.19024798412234198,0.559713943747446,12.855537685632745,-0.07645362884427749,6.861051238999386,76.92049318843702,4.896746942399973,-34.096546005499405
