,Az,Ae,Kz,Ke,Cz,Ca,Ck,Ce,BAz,BAe,BKz,BKe,BΦZ,BΦE,Gz,Ge,∂Az/∂t (finite diff.),∂Ae/∂t (finite diff.),∂Kz/∂t (finite diff.),∂Ke/∂t (finite diff.),RGz,RKz,RGe,RKe
incipient,656093.8253447507,392049.1756943354,2303680.6150032254,236456.80024123983,-13.267458597112427,-0.09934624790369719,0.720793609444878,2.5643181419265977,1.2284248550284889,6.091524444623417,17.41859217134988,4.205002055240621,98.93557441719025,129.82279737495634,-4.23038514121955,-4.769621294471973,6.5874937514444145,-1.1031417612889536,13.679628308674328,-0.0684974104110046,-8.007735948600196,8.807701124991999,-4.5310018160820755,-6.117023998133345
intensification,708302.2440947569,202555.46071288662,2699878.3236353025,314737.19980093505,-1.716112337520228,1.8264044145088087,-6.073700478703958,5.584556352908085,2.9165218633917034,3.61576032040295,-2.0961361470526123,-0.1505110109112416,89.52747766470999,48.42297231101639,-1.5727184769595466,0.7827041306233724,-0.6354227391989408,-0.6202554241322878,3.2424429298498407,0.654960778121695,-3.4416525256020636,13.12839189312664,-0.47786380613596097,-10.852785042579107
mature,421901.97706032527,201947.82862756232,2997673.7947950177,328327.0483064182,-3.824031203582451,2.379547611657018,-3.4298333747736427,8.482813039518723,-2.0743136855628688,1.4163013442905878,6.820896194763034,6.710525982740721,87.51124817532245,75.22826454640827,-0.9956631152305047,3.2976776915640222,-4.095781446677895,-0.7475934984475965,-6.748153479848268,-1.0069944890367688,-3.4659513530404595,-6.315185096255208,3.939370585123519,-19.630166886069855
decay,517435.65770272975,79580.26755074703,2935372.971476923,225070.0010941494,-1.6973390204261487,1.104181113922079,-2.2198212532732255,2.959943691088625,0.1858636296758285,-2.4032759295208295,-15.457929433279881,-2.1078537930842014,53.25744948994351,35.87210311786742,-1.930098596255134,1.0466695161119028,5.581013110104792,-1.4600682726924041,7.830665145218079,-2.3907616619304024,4.801991573924894,27.205754852197337,2.7989702339949716,-5.462672813208052
