,Az,Ae,Kz,Ke,Cz,Ca,Ck,Ce,BAz,BAe,BKz,BKe,BΦZ,BΦE,Gz,Ge,∂Az/∂t (finite diff.),∂Ae/∂t (finite diff.),∂Kz/∂t (finite diff.),∂Ke/∂t (finite diff.),RGz,RKz,RGe,RKe
intensification,466506.501790544,92902.64867231707,1916788.2275988706,151214.29225796787,2.852790667881322,-0.6987248428061287,-1.4979552342931117,-1.4981657213280395,-1.8201470005813336,1.004334189141246,-1.1383259357673507,2.778710247180153,-41.679992339387525,-4.801415819836709,0.8098779324372701,-1.8932766381790067,1.9700359424089187,1.0516844954540348,0.07066186543740538,2.0638136800298486,5.944248768065445,-0.14584763238345344,-0.752090572209122,-0.7146860801153764
decay,525381.7367683657,167212.9701297944,2152607.1571837026,153556.91416841367,0.31190482330694586,-0.6950647412358016,-0.8397473880150073,-0.9669447850156909,-0.3377039992083108,0.7792106784941294,9.204758242226218,2.423982244668744,-26.54032682753433,-0.5157603488841156,0.6565267764305632,1.720181286744505,0.061466185382110496,0.19790058385494066,10.587167755124648,-0.37682652085772017,0.01601026666156602,1.910252077606492,-0.853190138419078,-2.673611368525781
