,Az,Ae,Kz,Ke,Cz,Ca,Ck,Ce,BAz,BAe,BKz,BKe,BΦZ,BΦE,Gz,Ge,∂Az/∂t (finite diff.),∂Ae/∂t (finite diff.),∂Kz/∂t (finite diff.),∂Ke/∂t (finite diff.),RGz,RKz,RGe,RKe
intensification,165509.9444254616,358782.09164694,3229743.168179268,450648.19151268946,0.013369649221464164,0.12015894330028554,10.183933637499631,1.886259802644576,5.143628418636432,12.411880852814967,-34.32855068810592,25.809502257751728,193.75290251836392,299.80610942635116,-2.0131142812120566,-3.8881976190301826,-1.5791629865590582,7.58948472312275,-6.736199118839183,9.094284821530774,-6.589262812673741,17.395048282545638,-3.0562952703479276,-8.417543601365896
decay,113412.22286785937,429301.5204477346,3181629.4100821717,564907.2080062743,-1.3681594792587024,0.9552236185556939,16.67389390828908,5.629614589433762,10.500397509954976,-3.5079258096094947,-59.447590367454474,40.453836143344105,154.84832852430978,233.4974485866363,-0.7189540541003964,3.7253129001037797,-2.5071097288271558,-1.7020600833650803,2.8147032676848958,-5.170774220442905,-13.420443099485137,46.95655920610899,6.480256697122482,-34.58033104493169
