,Az,Ae,Kz,Ke,Cz,Ca,Ck,Ce,BAz,BAe,BKz,BKe,BΦZ,BΦE,Gz,Ge,∂Az/∂t (finite diff.),∂Ae/∂t (finite diff.),∂Kz/∂t (finite diff.),∂Ke/∂t (finite diff.),RGz,RKz,RGe,RKe
incipient,90837.4715687126,124416.0787519933,1085533.8990401344,108856.62192060247,1.0061748862439195,-0.10762518697480017,-0.3725013852177588,0.4968932606072058,-0.11650605021654876,0.5485868192797684,0.8364285552422781,-1.980362240419865,28.797746965629205,31.763617824608417,-0.10053214964458212,-0.5607387275356945,-0.911780445863133,-1.1345332470663723,-1.1840292019203964,-0.2765514931597239,0.10327530362253494,-2.6541312581888348,-1.078601618764135,0.8344161014351766
intensification,88595.33377016823,84219.93589061075,1227835.6511912094,119046.2998750041,-1.0473708238802892,0.052797721601269276,0.3446956629537883,-0.13541360647417192,0.004697004847470022,0.31089425154535394,6.105916948783332,1.1639751448829954,10.009510854906372,41.107994138223916,-0.0661039067014359,-0.7031509526995241,0.242972590862911,-0.2808060436024286,2.8333818796612498,0.4491067740328385,-0.7562975162635791,-2.5698599081955806,-0.7799116232232238,-0.23475910142219641
mature,88438.65388671208,72685.51364284845,1458140.695105334,169183.56967949812,-1.4542996687672063,0.16372199176872976,1.2817033971346818,1.2499490860291678,-0.627693524621939,0.4985635802745567,5.958802605370875,3.338889073907739,3.2690921312618233,39.01957505929336,0.06232916825039525,0.2876289307933541,-0.2875052743648111,0.21240335846447275,4.904999959051421,1.0935114027869735,-0.9503894267413485,-0.8812063746869305,0.8000668724503539,-2.213623360015251
decay,62267.84184133513,73281.26117684544,1709508.2672874772,223294.72165701922,0.05323553989797479,0.09403279750077961,-0.2115047154822598,0.563379156138904,0.8844684260805507,-0.5381759190753687,6.807259779874983,5.338032840438095,-36.81744310836745,-39.9127205893644,0.07417390997399596,0.28792012548762996,0.0963818992639466,-0.0488936033632573,3.075972699143002,-0.3424009388646348,-0.6408181894178495,-3.5730179051476956,0.958628674350235,-6.4553176509238925
