,Az,Ae,Kz,Ke,Cz,Ca,Ck,Ce,BAz,BAe,BKz,BKe,BΦZ,BΦE,Gz,Ge,∂Az/∂t (finite diff.),∂Ae/∂t (finite diff.),∂Kz/∂t (finite diff.),∂Ke/∂t (finite diff.),RGz,RKz,RGe,RKe
incipient,377830.9630090625,163017.72841650166,4291122.272187764,164861.88392946273,-4.470472543036595,0.44951625747807467,-1.4350505630296426,3.1501281391371463,4.53449886262304,3.1621389733376053,12.036351057095336,-2.310808506215489,295.3875112687901,285.80565273624933,-0.8890958940339749,-2.5997726694372525,2.156788146496278,-1.6355487526228536,18.154749928597585,0.38606300183056813,-6.398667001685283,12.023921977568486,-2.097075844301387,-1.8883071941207323
intensification,397707.6005217203,88187.60702469827,4817300.867412099,159622.40648338458,-5.898431964428102,0.4576541594692766,-0.17998755520561804,2.633653049345589,5.019039392591336,-2.105673645162458,28.825267467437005,-0.8121465765769021,178.16136301715122,176.51057402664784,-1.5572841665536847,0.4317865386952023,-0.1124153388069501,-1.0547900758032556,2.1204193695672116,0.5888308973847823,-10.57223253635711,-20.62642857823607,3.2268824592355148,-1.4126631305895223
mature,397880.775134157,76278.67745927407,4724764.1825891975,254117.0647297568,-2.3228097942585926,0.3817279424157985,4.822326434441721,-0.516861469772121,3.58417938438179,1.5257264302490625,52.997119105523154,6.566569045302444,-46.93994957088107,-30.251220205428154,-1.1254800512464835,-1.333287993695664,-1.1059557253218117,1.5929003136820095,-6.307134856213903,4.580701879535397,-6.631216961546396,-61.80377060192019,-0.8314155287549727,3.3533207384467936
decay,270737.4232518498,256374.57071315098,3847053.292514786,410903.1631406299,2.630129661389518,-0.9425044269356906,8.104271375358497,-3.0354630273377685,-2.1633766986208163,9.511411271787802,44.757930988948644,6.164132417860479,-155.54274344597874,-118.49048081148773,0.623986165635333,-0.05760655623526821,-2.944974032462541,4.427747747876899,-18.52614989983605,1.98427020060714,0.9060279006121029,-74.01848192553271,-7.176622124312978,6.959872185442925
