,Az,Ae,Kz,Ke,Cz,Ca,Ck,Ce,BAz,BAe,BKz,BKe,BΦZ,BΦE,Gz,Ge,∂Az/∂t (finite diff.),∂Ae/∂t (finite diff.),∂Kz/∂t (finite diff.),∂Ke/∂t (finite diff.),RGz,RKz,RGe,RKe
decay,238135.12219084435,90830.17975115897,884529.8247411015,172082.09815543686,0.13041534675072355,-0.16205751250186717,-0.6956830851033566,1.2095800704139774,-0.7300226256003509,0.5365083884594,-0.10536714001124665,0.08749936936955405,50.378726078072134,75.05588147248015,1.9921284104193744,2.493574506483753,2.153232196198409,2.073364579830975,4.53030849885977,0.07152929593182993,2.851612656047616,5.200943377223649,2.9084937742874204,-1.9212332289550582
intensification,265150.9756593197,104279.61191914139,1104625.8637958118,176075.5220755627,-0.7686068916097946,-0.3939279230434029,-0.17222523876941964,0.7128827604808343,-1.4553926536973532,1.801906073448042,0.9825548068268647,-1.0520103744464657,65.61503821643036,86.66829079633993,0.5978115420073963,0.5168236345330691,-0.6089778963440556,-0.9227934163375796,6.765420034574892,-0.3690168227724864,-0.3161200572998999,6.723697358127242,-1.6178888062613843,-0.20211444757627473
decay 2,249907.81521650913,98174.11295802152,1334680.33242074,171129.21634511207,-1.4953509054062917,-0.47777528805815983,0.45719750632922546,1.6612306745030854,-0.8313366082400621,1.5360625603507936,6.953314609554494,-0.3564935450853332,77.65104898521064,85.1090807889117,-0.4199180202426364,1.8873361215814455,0.19137065662286268,-0.03241881075459452,4.346177561406232,0.2971933494037801,-0.9504189286015271,-1.5689836490711955,0.5705245914558569,-0.5503462736847465
