,Az,Ae,Kz,Ke,Cz,Ca,Ck,Ce,BAz,BAe,BKz,BKe,BΦZ,BΦE,Gz,Ge,∂Az/∂t (finite diff.),∂Ae/∂t (finite diff.),∂Kz/∂t (finite diff.),∂Ke/∂t (finite diff.),RGz,RKz,RGe,RKe
incipient,381965.1159243926,44920.87639457245,908200.5245596,109739.63589039157,-1.1542647309671046,0.09447511900479726,0.7424187117529623,0.31043681217038394,-2.2479631818759858,0.3701127313196997,6.772694268155403,2.1891238361235907,16.108427174072318,21.58552736403393,-0.8099885979123679,-0.6595795107324648,-0.847650232589646,0.6975467967551614,6.093485370048546,0.5041755265163994,0.340523337324032,-0.2673628788927145,0.5433957586010485,-1.252966410024613
intensification,377366.913421602,61747.956955585716,1201574.8908941033,148344.34749708345,-1.002313196691153,0.33570224113982794,0.2470796296940927,2.1115666637666948,-0.04106888423267163,-0.034917750457411606,-0.6542024334053231,0.6212705695341637,34.18457031817451,18.91526094011174,0.21077944192370413,0.8145241053296155,0.5214697638705187,-0.014702563261404143,5.163434883917262,0.3578947109267613,-0.10407230744813473,6.572870884319645,1.7960796098228742,-2.1278628926800045
mature,439551.3769291457,54063.25472467867,1512597.887527112,131410.11202641626,-0.17646029838841168,0.28923790818968365,-0.06511106342228135,3.153122302581451,1.6076760650766275,-0.32252079853548027,-1.6362837952622629,-0.581704364334897,40.657393959781615,19.74201449515735,-0.29285027524503654,2.114265291552208,0.39638645906016706,-0.06355193965886217,4.342081969334829,-0.8008920302603051,-1.0985119962151888,6.219937126407785,3.1228532532683855,-3.4374210319291407
decay,507854.64325996133,49392.168826064946,2121241.9652943257,142681.0976161793,0.2697824434137063,0.23729822861684974,1.0400487527492035,1.0605562459262623,2.476395544953102,0.12543329286183072,9.775916611287085,1.9448511441403264,24.807559893164928,-8.488249438250849,0.3061584035979192,0.46729287727888946,0.8881969367203616,-0.047000019891842985,4.003914994909552,0.8699697381719346,-1.0811179362021839,-7.081832812540445,0.6508247045557389,-1.0953888991454508
