,Az,Ae,Kz,Ke,Cz,Ca,Ck,Ce,BAz,BAe,BKz,BKe,BΦZ,BΦE,Gz,Ge,∂Az/∂t (finite diff.),∂Ae/∂t (finite diff.),∂Kz/∂t (finite diff.),∂Ke/∂t (finite diff.),RGz,RKz,RGe,RKe
incipient,162634.57540079052,166571.27078325045,2751144.167849755,210779.07942474983,-2.006637880611633,-0.194482369169399,4.753905993979419,0.2674422732267953,6.847652309518972,5.797810324480612,-52.18579836098205,3.3862415648106654,229.4817068954308,302.27191763608715,-0.8934130196501981,-4.193744421059566,7.9091537861222845,3.529211859610592,5.379283176120199,-1.8203644000299477,-1.1396187731777196,54.817813423734464,-1.806673822473826,-0.7201422440879885
intensification,390666.6798389298,204412.39720933596,2123713.5041011446,578721.8360817862,1.090106985805144,1.1119881383808965,-2.0662335967530367,3.294978321933179,9.925122673090858,-0.40397864741599915,-49.65728220133889,28.54452990345004,131.9482558383883,85.52965465147395,-0.3422218509631542,-1.425481821922295,3.220465312944421,-0.6957349631631741,-18.899493253485037,10.021821990710661,-4.502562235960395,31.73391555880174,1.8912338678051082,-23.883919831425597
mature,400813.25268124044,120030.34058853159,1558854.9365936925,739945.7317024823,1.7516853792707205,0.5378725841747779,-15.386732896663128,2.099588687584307,1.7526645775765362,-1.071606001941802,8.025300011399846,-14.65424011953707,-68.01301677004885,-196.00442709482817,-1.177922646485665,1.335615373767394,-0.7834191786842064,-1.093894928446059,-0.22330867016961076,-7.34662335761153,-0.24652579281524398,5.386438835822953,1.5394271769052725,-10.178704822321896
decay,590607.3974458489,125440.45506294291,1416127.1403625575,404955.82842243556,4.980819209710178,-0.003358213072953911,-14.657389778273163,-1.1717016269349527,-0.009454931192985887,0.16869553280178876,16.780461234838626,-12.363908126958474,-42.22432816171503,-93.65183374295421,-0.9691354899433264,-0.002512764022600862,5.704829892749932,-0.17340683805795384,-2.7967958557262302,-1.2282664049683307,10.691745820580145,-9.900686522001875,-1.5104457847217416,-2.350046429348065
