,Az,Ae,Kz,Ke,Cz,Ca,Ck,Ce,BAz,BAe,BKz,BKe,BΦZ,BΦE,Gz,Ge,∂Az/∂t (finite diff.),∂Ae/∂t (finite diff.),∂Kz/∂t (finite diff.),∂Ke/∂t (finite diff.),RGz,RKz,RGe,RKe
intensification,707594.5604476455,291807.76098871796,3705779.2238343298,494476.2597634582,-11.259622083184993,3.2731281926853444,-9.78656567102166,13.804560818074119,1.671850573680904,5.157507027776219,-11.866884488542691,-0.29110638637324104,152.27740546560656,150.2968020199915,-9.248769715854584,2.5472382030789054,-6.008056933992565,-4.510145623069997,-0.005354867992105637,-1.93177598693483,-15.66640139817312,32.90771737475724,0.8637799745425594,-25.231796089657365
mature,752666.8099313248,149366.01301094485,4197201.542178122,384858.92044505547,-5.586741021826519,2.003494134422429,-17.25006687810312,8.080166296138955,10.42307968896551,0.6392257717868952,-9.486257596583343,-8.620462369131179,94.84987933206713,63.523989502554045,-8.700541998997846,2.2620885450058155,10.739572914967669,-2.9899025586335286,20.94265722738789,-2.4146055396039126,-3.2667536614019292,53.26572272390087,2.4475438312961035,-19.12437634471481
decay,1101761.3418555672,65907.95273089698,4701143.158682974,267119.9583554697,5.262501960076047,0.8693109195752888,-12.147779015585979,2.4022311599578656,18.433002363499504,-0.7866015772396852,-12.673924409495996,-9.348419196558908,15.553850899947594,-39.65356311229121,-6.4052106961876,1.368791153707345,8.471168399952298,-1.5654088607797563,11.52470598008517,-4.757195653592005,-3.830021083895871,31.083907445091096,0.7541129568425053,-9.95878663257694
