,Az,Ae,Kz,Ke,Cz,Ca,Ck,Ce,BAz,BAe,BKz,BKe,BΦZ,BΦE,Gz,Ge,∂Az/∂t (finite diff.),∂Ae/∂t (finite diff.),∂Kz/∂t (finite diff.),∂Ke/∂t (finite diff.),RGz,RKz,RGe,RKe
intensification,582986.6604772541,97118.29681414721,2460464.261979775,177113.64979345642,-2.642422861240458,0.42013919552411694,-2.6307370250589437,0.9035090327091295,-2.652758817542177,-0.5401309226691418,-23.486951181731268,-0.566211330331366,29.105433840609205,16.639109389220266,-0.9111314592197218,0.2049804181177893,6.070490090675239,0.29019825811235334,1.6672723213165481,-0.2292521289280083,6.500965242501075,30.427383389347217,1.313699017966508,-3.1972868563647157
