,Az,Ae,Kz,Ke,Cz,Ca,Ck,Ce,BAz,BAe,BKz,BKe,BΦZ,BΦE,Gz,Ge,∂Az/∂t (finite diff.),∂Ae/∂t (finite diff.),∂Kz/∂t (finite diff.),∂Ke/∂t (finite diff.),RGz,RKz,RGe,RKe
incipient,967008.851809893,98166.17012956482,3700456.1773204487,291372.2884338762,3.843264912389657,-0.4851646585607385,2.5239800635084606,0.35952343635650796,5.296308817622918,4.693455238624884,24.686443809547114,-2.6602224580592937,98.64345740266147,106.09580555476794,-0.7948701317902418,-1.8140732542189137,-6.416113728413025,-0.3058230966395573,-7.2985267038637645,2.853887405918944,-8.354322292207023,-38.352215489309,-4.154590240347194,7.678566491130191
intensification,754882.0527014958,144933.09619284456,3482842.407111421,424292.3063404124,6.626762357541803,-0.034901543089788545,2.4434286154432696,9.601970666517252,-1.3197154406914222,6.165115793081132,-13.921321067163912,-5.9933497229815345,107.18330812267837,110.056682524961,8.63035604882548,5.7068727014574865,-3.5871210385029677,1.4697302426291476,-4.074830422350727,5.108943741011656,4.324455216640469,0.7762996718281115,4.941486659155058,3.9437514129192075
mature,662875.4826231666,161935.50782774464,3381418.7051397376,661010.6341452873,0.9879437521925344,1.0079856459324859,-4.600744805751855,20.478910864080497,-0.41271080996009124,2.5549776165827502,-23.21636602534807,-4.16016347159357,107.41903709423896,84.13636872958617,4.243892525289992,12.863495868499008,-3.102680957665728,-1.6956019764190824,0.14192549839221305,3.6254782106006664,-0.6940407495806167,26.9710925772996,15.220345625146177,-17.294013987638113
decay,640720.969062544,127768.34615633581,3355490.1690672073,616883.9729370816,-3.524722252660844,-0.3093449341163624,-3.569016843876765,2.972917059083534,0.07689854208318742,-1.8013811095386705,30.275699198931868,-3.177701397276456,35.01919666042357,-0.04452164801192815,-2.9932680688531152,4.863856139075282,3.8333805209648193,0.24211924416740532,5.29961895677585,-1.9456777047438354,-0.07758520789557366,-17.882341145618412,5.325762346905972,-5.309910210427677
