,Az,Ae,Kz,Ke,Cz,Ca,Ck,Ce,BAz,BAe,BKz,BKe,BΦZ,BΦE,Gz,Ge,∂Az/∂t (finite diff.),∂Ae/∂t (finite diff.),∂Kz/∂t (finite diff.),∂Ke/∂t (finite diff.),RGz,RKz,RGe,RKe
incipient,1379915.563214883,114792.69716579767,4029608.3952312344,171940.1887274895,-2.764981377987099,1.4426515213726192,-2.7216696751058502,3.415733053433375,5.259434193016994,0.4825861861636354,-14.578029241493086,0.39778619164585943,159.37733053898896,82.67519027598304,-1.6658469390796924,1.0698602379908937,-2.543499982171024,1.0161829473325217,9.355993818882771,0.4134252429776443,-9.125264031802498,29.420674113468806,2.5066782932296423,-6.12176367720744
intensification,789376.3392028407,107965.1257159924,3192797.0913101635,199783.89166615924,-0.4844686618115035,0.6031575128182683,-2.1036363597792582,2.0440033141223135,-0.18720970777570423,-0.7516732215195301,29.704955986332692,-0.23163823544949702,115.84447860747575,31.954269928707287,1.1153421827358865,0.6221488688437258,-4.503347811630129,0.04739039932206124,-11.781292589324993,0.3862268807463847,-4.197449252847662,-38.89814355406693,2.239909422145637,-3.52977455770569
mature,94287.87122218583,57967.09905165428,1521131.2339277247,171522.92408491246,2.138829671551501,0.21444773820094484,-2.042144641465895,0.08199398005126213,2.6378905536802337,-3.0422788500983122,1.4884110835052942,-2.074220266253552,30.11312568282125,12.9044459562016,-1.2244718287876286,-0.26428942654241394,-0.3813646347706835,-1.8517624606495262,-4.7663296687748895,-1.3769485962282353,-0.665977778698472,-6.351425782365792,1.0580626312991037,-1.4268669514918408
decay,113748.06331116523,41456.713924208816,995409.4447061146,189247.17436971862,0.0838627096890694,-0.10528384348029599,0.1471185337022508,0.31751968889776455,2.171209473316186,0.8852871774223083,1.5517080098122318,0.5313154143328727,-6.357294666426167,-19.778131488177443,-0.5518503299298766,-0.12136495492004507,2.092795597559624,-0.07307553457082679,-3.5118513171083094,-0.4340516459517927,-0.0998350095477889,-5.294540570311862,-0.5355591796150743,-1.135768215480179
