,Az,Ae,Kz,Ke,Cz,Ca,Ck,Ce,BAz,BAe,BKz,BKe,BΦZ,BΦE,Gz,Ge,∂Az/∂t (finite diff.),∂Ae/∂t (finite diff.),∂Kz/∂t (finite diff.),∂Ke/∂t (finite diff.),RGz,RKz,RGe,RKe
decay,401660.94858255866,47258.252488950275,739917.0938586906,89428.71185373557,0.6891402893889199,0.03048527639381007,0.9451167039464993,0.22305677634605567,0.2721013987738163,0.6493393559011263,7.511761484821651,0.7600745060748682,-3.695318141038443,-0.5710787487759995,2.572820967282309,-0.20423223047706063,5.764560173168035,0.8094233329227137,-0.7102478918707681,-0.09041304412423479,6.212084340176948,-9.856266370027837,0.35265547697383287,-0.12842762259865956
intensification,408626.02593151655,63110.2792142953,1123896.8778568944,175461.76185904906,-2.2312742254955187,0.19803701461892292,-0.2262759879703709,2.8811186569461222,-2.498997480577712,0.29818951761740015,5.538515721185776,-0.9052931143448948,18.9573382903975,24.602768841181494,0.32842400697349305,2.3221101458355173,-0.8682353150908886,0.11810372110958568,3.926373520164958,0.8309569282914234,-0.40247504538977297,0.8454080124450706,2.5029958458193846,-1.3711446022801743
mature,313126.1479776969,71628.01354266783,1488199.7896984478,212865.65751112005,1.9561588942211834,0.09894189422129922,1.273445118620515,3.6218851809000725,-1.266128572905957,-0.27186084247016123,0.41235960096606156,-0.4314325198054962,64.47455719099935,65.63264979889833,2.9036612528196177,3.556848205995808,-0.7293538757657047,-0.15654218026442362,3.5870572879762364,-1.2488512331007742,2.591875485582735,-0.054906325831523294,3.638261948884511,-3.165858775574835
decay 2,287120.2342967135,69517.46367888447,1696055.186935485,188787.82066397378,3.7015655070752396,-0.491955406784092,0.5874141661762329,0.9441162266724671,-2.5113709344808877,1.0817832572325663,9.015033350544298,1.6238507828480877,82.14190421500571,97.75441933148143,4.172686978054861,1.973815830396235,-0.32419791861754976,0.14369488647328488,9.336184084363582,0.7915408258714763,5.396783116154485,-3.967828939432189,0.4979832626972779,-1.1890120174728456
