,Az,Ae,Kz,Ke,Cz,Ca,Ck,Ce,BAz,BAe,BKz,BKe,BΦZ,BΦE,Gz,Ge,∂Az/∂t (finite diff.),∂Ae/∂t (finite diff.),∂Kz/∂t (finite diff.),∂Ke/∂t (finite diff.),RGz,RKz,RGe,RKe
incipient,981752.2690034349,59193.6234582957,2032258.9207301065,102471.78887080078,7.024262752537864,0.09538204230227068,-1.942971387532277,0.5029153426188963,5.224695861909245,0.22743291068438437,2.8374648737758763,-2.6060904766000212,-95.77566803040064,-100.01673033115118,0.14686574313426867,-0.33819594036876743,-0.20829669990832742,0.2647536593302503,-13.990172354898819,-0.6864963988443101,1.6866522330225624,-21.908928593680283,0.44485404896249153,-0.5262926523954619
intensification,486391.55507620494,111661.7435096812,979814.9696107329,366325.63036172977,2.8723554302404453,0.16845411652547376,-9.576389606401849,-0.0503312601626638,0.03432814001829294,0.3557552067757908,-0.1539385161149897,-1.186230855043184,-23.063654566242406,-42.34644346001506,-1.286650598530124,0.05294215873403791,-5.02009438120665,-0.12863366120831152,-4.615311985365091,1.5677691869821575,-2.0136129744590243,2.242660706911303,-0.7031742446722398,-6.772058304213846
mature,177260.35475798897,59562.28213116279,757175.4788250844,380327.37445565005,1.1465114705254047,0.32116203776881475,-2.0579649350317273,1.4586562058039478,0.9232695228220003,-0.4120229323206481,-2.241325526404654,1.9591311641174343,9.577945262570882,8.485951499116426,-0.17983858736564165,1.3298875950599467,-1.3283462341381072,0.14501375655851748,-0.762163875574779,0.8862708482564865,-0.7839422486658877,2.3906151153361974,1.6945308569142987,-4.589481456696624
decay,184464.53207115293,67972.55670830215,947761.4256178573,329764.3985397737,-0.49118500430210726,0.3646999211328111,-1.5881677659550586,0.592160162437098,2.276136921925752,-0.6416690420089326,7.305444003476513,0.2560233817131096,3.3639577608435474,6.274059170213771,0.1027400672002742,0.2578127107088371,1.0425888153653993,0.1861707441189045,4.728966545722327,-1.0161026678606888,-1.360033189729649,-0.4971246874970203,1.055300027432124,-3.452453977965955
