,Az,Ae,Kz,Ke,Cz,Ca,Ck,Ce,BAz,BAe,BKz,BKe,BΦZ,BΦE,Gz,Ge,∂Az/∂t (finite diff.),∂Ae/∂t (finite diff.),∂Kz/∂t (finite diff.),∂Ke/∂t (finite diff.),RGz,RKz,RGe,RKe
incipient,821553.2097678591,144847.4720404416,2009131.52394385,174912.74678133102,-7.3824183256289615,0.6447859289174839,-2.6148402438298284,0.9586418852470867,8.617769029665054,4.149535433116639,-1.961283831263974,-0.20436220724174978,38.61733576359443,94.43487408692583,-3.283652134434322,-2.471766288239889,17.90389862199255,-1.787682867929643,24.830597839597626,0.09327632285278935,2.5484971956160187,36.789140240320386,-5.6233623447166785,-3.2758435989823753
intensification,675608.0508964563,290813.32847508404,2661761.178238296,341562.59709051973,-2.5604712879181624,2.156145355708777,-3.710830750711431,8.696993092474823,3.03917197203031,6.7068987686828105,-8.878007577536742,1.7674744319523918,154.2409386785973,174.96651385062754,-0.8993567199002311,3.3994603561224044,-6.856451722703754,1.1266245382145526,0.8871275519307928,2.1828823076761275,-10.29994962694345,16.036437168097123,0.9605735062977888,-11.992415967462518
mature,196441.0986265653,164738.13574981998,1857624.1714789432,411055.50548815174,1.6113352562470964,0.6679347860103518,-11.653955701268423,3.76972856318074,3.0457273482380804,-2.63434146628886,5.793244479872394,-6.11238075046488,150.9712426246453,127.54949712953801,0.17815328220574483,0.7808752666447234,-1.0577914778114668,-4.527674899360323,-23.006240124180053,-1.0323128855292623,-1.8242487837920986,-18.75686415903112,1.208460344098925,-10.343616399513545
decay,152153.67136488415,55628.24549834525,1234292.9920074139,315624.5328013365,-0.4222779327169475,0.013750968510671242,-2.842782711371009,0.23905630597468747,0.45913441978293545,0.28664596371514084,5.840471562239935,-5.468754157960107,-16.806798655989784,-28.91313172374829,-0.3069649621605023,-0.039920395954113765,0.34688920270314183,-0.3426870095973828,2.852130830775691,-1.7910257269345269,-0.5207721812860697,0.2767199126237134,-0.40402763584850726,0.5958894136798831
