,Az,Ae,Kz,Ke,Cz,Ca,Ck,Ce,BAz,BAe,BKz,BKe,BΦZ,BΦE,Gz,Ge,∂Az/∂t (finite diff.),∂Ae/∂t (finite diff.),∂Kz/∂t (finite diff.),∂Ke/∂t (finite diff.),RGz,RKz,RGe,RKe
intensification,906400.1327707063,192818.40860476115,3611043.082627387,736850.4911600217,4.856344889640215,2.4757223131334976,-9.650034696466346,7.92796088484727,1.6536339159162599,-1.2482936851777924,-0.9451563545072044,14.52552879019206,-18.554239975336543,-138.45802715459075,-1.032416353053579,0.7179599526147917,-8.476761776965196,1.056999154581912,-17.722654497428312,1.6424896906753643,-2.798328490107744,-11.983808336094977,7.757531411473477,-30.461034680830316
mature,206953.92816143515,267970.1770809465,2439070.8674891377,753671.7089110144,-1.6095362832647122,1.7489807098402952,7.823942576944476,13.782628749874972,3.021144542483332,1.4114338350154076,-22.70673102280917,17.857654175848037,133.3609253701222,123.91916968379702,0.07663121569677338,7.359699049879577,-3.782690767620019,0.7428826230034794,-16.845086876307175,-2.2537425991109665,-6.664390883527768,-0.3527621471777754,11.365096828022748,-26.0700829478895
decay,112359.76620098762,237124.17807079,1815631.9846985764,454823.7036527701,0.1856366005477821,0.19017433424501698,9.662577650761666,6.194837001378851,1.055351843592318,3.103100322545709,-27.00271165039367,6.277885805783543,101.48355847117952,130.00791420392255,0.48018055960540096,2.4868846905082203,-0.4424200065586554,-0.29396575875644715,-6.044603548745047,-4.655634222964315,-1.1219609153581744,11.109893850339176,2.6075965858316787,-7.465779379365047
residual,249637.65878171124,146072.03665556537,1120754.904896844,348094.1082227493,1.1953327627839125,0.1969954024746044,-0.8792125140989204,1.3637499085352451,2.312461881704902,0.5711607050360968,-1.6823698300988823,-0.25149889943837445,-18.494542961307122,-31.521008160235063,0.03251849813538038,-0.7447655712410302,-0.019960232111089618,-0.5318505894312843,1.8469200576054816,1.4547565948772507,-0.9400939485574746,3.2131696390193722,0.06374321159325957,-0.5367069283185405
