,Az,Ae,Kz,Ke,Cz,Ca,Ck,Ce,BAz,BAe,BKz,BKe,BΦZ,BΦE,Gz,Ge,∂Az/∂t (finite diff.),∂Ae/∂t (finite diff.),∂Kz/∂t (finite diff.),∂Ke/∂t (finite diff.),RGz,RKz,RGe,RKe
incipient,407289.3684142632,132035.75421126242,1273010.125311427,331130.802180609,1.5327663894338195,-1.6985331847617593,1.039618672023294,-1.5549847826872476,4.74953598069523,6.069218209332037,2.4881855495453573,4.966090103199052,-81.21134827704365,-60.749088502578445,-1.9826666730934759,-0.58703433907034,1.649269041102183,2.2801303356803286,14.297770512378614,4.950420853892913,-3.266033734920986,9.23719990137614,-3.6455394715771967,2.5789342054044027
intensification,1015870.0803153694,407434.3530029525,4189875.2467660657,547524.992439557,-8.022910727199962,3.0074253045578723,-7.581403940254294,9.700094516652442,16.312089764398014,12.660474590287222,-2.470576931187483,1.8465177676466238,142.34869939657275,132.26373762203164,-5.0165223011348745,0.45403422969767593,-1.5315743253233955,2.941863968525714,21.7354735931834,3.0444531501712944,-22.859149512363505,39.81036519182514,-3.0259414096669386,-16.083563074382063
mature,352703.68631732126,310205.1879107468,4769739.470686173,873243.137909016,7.432469505488883,0.12290977777222364,-25.035044723174842,5.64963589691539,3.741969882110903,-1.0662426566348686,14.737930121219602,-8.052825339710061,334.66920708146387,240.58437660526482,1.6956857086915185,1.7583980474976888,0.42850166198900513,-9.054577907113382,-24.7593129526785,-6.138359531894118,4.241911063139209,-21.89466785621214,-2.4616091313353468,-28.770214812274283
decay,443915.0158764906,60254.831409176404,2803666.477205606,256860.1499459819,3.169746398889525,0.22619367982104543,-5.817284276180121,0.7866655090425817,5.030875802159221,0.4316101348218298,-4.176807790842734,0.8121730361022951,89.01864155619224,52.91249966716559,-4.468819775606652,-0.521382070176713,3.1454646051233777,0.19473479297969637,-5.861837525039493,-1.2398721062443183,1.5105288816747264,0.96250814309384,0.3235964873794029,-8.655994927569317
