,Az,Ae,Kz,Ke,Cz,Ca,Ck,Ce,BAz,BAe,BKz,BKe,BΦZ,BΦE,Gz,Ge,∂Az/∂t (finite diff.),∂Ae/∂t (finite diff.),∂Kz/∂t (finite diff.),∂Ke/∂t (finite diff.),RGz,RKz,RGe,RKe
intensification,644023.173953336,178091.18365959948,2647285.0704413382,302852.1759238124,-7.089427946285646,1.9250117013197188,-4.40424786551178,10.326157978221275,6.531962658844189,1.3745789246395885,-30.972020533529424,1.0948922525393707,123.56645460977258,136.05334061376652,-4.408278963824795,4.1389894908476315,-2.051244520961985,1.518364761574861,8.963002062553358,6.128200456279274,-13.747623424772101,51.428698407880205,8.544932113836829,-9.697097639993153
decay,892610.6325903572,196441.5994996052,3482762.5925751114,377407.1993208377,4.308733730191433,3.1339793731424774,-5.066647883533499,11.18144692146082,22.92028463386158,-2.8372674487689453,-30.46392186212632,-2.152069073177069,129.35194551449828,101.77948936246996,-4.000355757037782,4.600783481631856,4.363745858097276,-0.8617738721286646,6.169855491838324,-1.1993925009950004,-11.113825672430394,37.39169150730671,10.022961124958625,-15.295418232812251
