,Az,Ae,Kz,Ke,Cz,Ca,Ck,Ce,BAz,BAe,BKz,BKe,BΦZ,BΦE,Gz,Ge,∂Az/∂t (finite diff.),∂Ae/∂t (finite diff.),∂Kz/∂t (finite diff.),∂Ke/∂t (finite diff.),RGz,RKz,RGe,RKe
incipient,166147.04962388502,101629.24579022278,1362970.032111168,245644.72259373125,2.0619251691722167,0.03129692284351275,-3.1116003648297332,2.1654173462332267,2.4493560881715415,-0.5558231182239242,27.840366429120806,-1.2749282531694524,5.177892061924926,-10.22981845974105,0.33366634664080963,1.305566405784587,-1.7798242226967529,-0.4345504152284293,-2.655531447343609,2.7010891313967833,-2.135958218852565,-29.446222680806898,2.2553931263852087,-1.3010003264967243
intensification,158365.85222343815,92508.06187149994,1484774.4519268044,338397.20920551,5.336762395460172,-0.23908467806006747,-2.3658133067576332,-1.4017848252761387,2.299762740812531,-1.3729244002095462,3.833905469553986,-0.5582857840788381,-8.585770693995476,-28.507263226403488,3.077962897476806,0.4348638751552135,-0.08485416654862084,0.029145564124251074,0.8358612065932037,-0.09187212183999524,2.7130608100389546,-5.968993351663323,0.23936981711772579,-0.49761481924265205
mature,117736.48019303485,93668.71853718164,1398888.7170820402,239413.08406899215,4.096946459023457,-0.0698799783380141,-0.8559660291226241,0.0027216412771997323,2.0048820324531773,-0.6239852901373616,6.471682805502283,-3.7050453498107085,-64.21552076641386,-61.04970401636759,1.8987336935594001,0.9235651449164852,-0.7789613455247679,-0.3579078937114525,-2.7151255546986337,-0.8375938455006676,1.2432231027074985,-12.42778879010175,0.33867901604112294,2.008763833910217
decay,127673.33047638614,85198.57127112537,1572987.2213856508,227519.62590786975,4.179852378194207,0.15033690473227873,-1.7334382018698433,1.772667641556269,2.507326549055806,-0.9191511368786882,0.45572072124548213,-1.195982379570362,-14.763827243565718,-22.31182305831835,3.056545545239337,2.672457558869367,0.494475799004952,-0.1919956058148759,6.600206654090113,0.5474053011891886,2.317338532875631,3.6980717565202674,2.349486267887803,-1.762718162666562
