,Az,Ae,Kz,Ke,Cz,Ca,Ck,Ce,BAz,BAe,BKz,BKe,BΦZ,BΦE,Gz,Ge,∂Az/∂t (finite diff.),∂Ae/∂t (finite diff.),∂Kz/∂t (finite diff.),∂Ke/∂t (finite diff.),RGz,RKz,RGe,RKe
incipient,663220.8751950535,543404.6931773614,5733758.157035745,365427.8524530993,-5.933754955919288,1.8167275149140327,-2.4466344990875326,29.49789902514423,-20.154331426469763,31.31512959610775,-62.619758900620575,1.283184678931185,579.5166940889324,646.7116678181227,-0.542668047839342,-8.312076623670587,-11.768988218384417,-1.5776656605988844,20.49957452637911,4.622912196177484,4.268315767080095,91.49972288200652,-5.211623746476437,-28.604806006985463
intensification,429449.8069710702,435851.72581532155,5778481.9470344735,484149.6568812239,-14.115198973424372,2.6012633008252783,-5.574373697149405,6.948571332798367,-11.324844396331754,1.8907553470734133,-25.816618178657507,1.0399618941860347,523.6480142918293,570.4621030737029,-2.540019219220419,1.1061922374591833,-4.015958935701792,-4.052843293066027,-2.423039507247547,-0.009345773411528905,-4.205050211969135,43.08315134198374,-1.5962906081663535,-13.572252697545332
mature,334505.3913073126,221050.6460938084,5572261.357225625,334171.5045792478,-7.28600055324565,1.0751886125616532,-0.34260468504593217,4.259808054409438,-6.145959396844036,-3.8067165742467237,0.9113824642153361,5.094537934313983,335.28398088870654,329.38560355381037,-0.0596020620110995,-0.029369759651592275,-0.2015549178135674,-4.495589649294114,-12.996632155016542,-4.859417212607207,-0.2664074616535274,-6.279409380940297,2.495746366800394,-14.55636788637656
decay,355571.4808506677,83668.6047216861,5516144.056495673,199930.87100055936,-11.04735184400836,-0.035488011894280184,5.252494860847748,1.6276062417796195,-9.585174384193087,-0.03263607845081619,24.347653683529835,0.8100311236339823,-238.4789618183483,-268.77028545896525,-0.2216330885686384,0.506594700432963,0.4812120939370387,-0.4612221328207084,0.1408954087113148,-0.467976962760164,-1.0164533777725127,-18.41190129165791,1.2345081993040081,2.3468805326739828
