,Az,Ae,Kz,Ke,Cz,Ca,Ck,Ce,BAz,BAe,BKz,BKe,BΦZ,BΦE,Gz,Ge,∂Az/∂t (finite diff.),∂Ae/∂t (finite diff.),∂Kz/∂t (finite diff.),∂Ke/∂t (finite diff.),RGz,RKz,RGe,RKe
intensification,799781.0159518335,155937.0940452843,2355860.656239634,293476.24530790193,7.07742936768702,-0.3013790636339415,2.790315458470109,4.142876413522959,4.4794219888325575,3.8069936755577323,1.6092569605144926,-2.021885763870107,8.682479979825995,-31.931987094368075,4.007982018283544,2.2754106066072435,1.519201807007254,-2.551191355410399,1.6273988359927039,-0.18673938143061508,3.8158301222277755,-9.849602950678923,-1.9139295538112306,0.48258542738664245
decay,815781.1076320544,56896.945517707856,2367638.5410361206,211870.98035242688,13.894127056349843,0.01260484573089222,-0.17876517426079006,0.6089712808255595,7.008335871082217,0.843002895713084,-20.838294156559044,-1.5153300851316185,-30.573599651806465,-60.41683495963093,7.087426098081429,0.30919515053540664,-2.6188577021296235,0.43846918400774487,-12.106028176261427,-1.0645740741199283,4.279538328868894,-4.983095901791433,0.19183272338932822,-0.33698044407465916
