,Az,Ae,Kz,Ke,Cz,Ca,Ck,Ce,BAz,BAe,BKz,BKe,BΦZ,BΦE,Gz,Ge,∂Az/∂t (finite diff.),∂Ae/∂t (finite diff.),∂Kz/∂t (finite diff.),∂Ke/∂t (finite diff.),RGz,RKz,RGe,RKe
incipient,271462.0583706263,31695.42632653959,885557.2482894136,86958.02073847195,2.599727018637352,0.110099652478941,-0.1320467328356929,0.2583470481438241,5.596309651406722,-0.0983166059172304,-4.784683862039278,-0.7086917530132656,-26.30626143276641,-28.42804821160431,0.1175206503549827,-0.2830484346969538,-0.957901595620238,1.0294286168934528,-14.77560598656519,-0.5865067326816266,-3.8443845759106674,-12.45860241032757,1.2759926184755663,-0.2682087606478779
decay,151843.78930365993,35871.13852582938,605360.2811809825,71755.58140078592,2.172651792360804,0.1357577215674804,0.3559239166954027,0.48174381777259245,2.5807007972117093,-0.1777367548737708,-1.1864736255513388,-0.4985949439419465,-8.921514307418068,-10.96558921518789,-0.06074160087524243,0.29932253153649024,-2.4975121216218006,-0.039283248120058956,-3.877265306740841,-0.04018294386490122,-2.769803404905225,-5.2193673902457105,0.484439602958824,0.33259209899985565
intensification,143886.97638545363,38120.13522949273,608553.4365699509,85802.92991825717,2.488823507606424,0.2225844885558069,-0.2132897193589719,-0.3505798480359358,2.7576784750879804,-0.2586648610775692,0.3085171918407026,0.1663186674327941,-20.42174334219021,-22.097241616466015,-0.3149110014959562,-0.3691402642377808,2.576907697652163,0.7445708496620486,0.2714768664584456,0.92406991225548,2.530637218726413,-2.3125741136297084,0.430071374147875,0.8950413734996496
decay 2,229477.73453599456,77324.47942660886,501425.8287709718,113284.39247121157,2.736676097761977,0.5249749693265404,-0.5270808354866784,0.6279247288595022,2.7479041850508406,-0.38689506389285744,-0.06869301839300698,1.4503946418742906,-19.707807731954468,-18.34450166494029,1.1820491991688218,1.3475899756620064,-0.07141538018654026,0.7121247750658103,-4.861663094587124,0.5808173844818674,0.44233150185113645,-7.002565338469416,1.2019695984916297,-2.024582821738604
