,Az,Ae,Kz,Ke,Cz,Ca,Ck,Ce,BAz,BAe,BKz,BKe,BΦZ,BΦE,Gz,Ge,∂Az/∂t (finite diff.),∂Ae/∂t (finite diff.),∂Kz/∂t (finite diff.),∂Ke/∂t (finite diff.),RGz,RKz,RGe,RKe
intensification,632082.5697642978,52687.623622834704,2673834.9317619833,143637.62512848285,3.983568006542326,0.28274897189199494,-1.1218896058159389,1.290575843181867,4.056597198556676,0.2785405353317266,-14.349554338408508,1.9710605746618663,68.02780978844059,32.03788655349595,2.357382143269681,0.5798924755791214,0.7278564479565983,0.1800857021379664,1.8386795192572856,0.6787391176514093,0.9375762278342429,13.326555456939406,0.9093720380961116,-3.704786906008263
