,Az,Ae,Kz,Ke,Cz,Ca,Ck,Ce,BAz,BAe,BKz,BKe,BΦZ,BΦE,Gz,Ge,∂Az/∂t (finite diff.),∂Ae/∂t (finite diff.),∂Kz/∂t (finite diff.),∂Ke/∂t (finite diff.),RGz,RKz,RGe,RKe
incipient,805511.8639333057,197420.91950472427,3926859.6958106468,239934.59667608363,2.2583002948540742,0.3237642240267203,2.6118006309198805,7.166684990177352,6.415628652593167,3.343961454140572,-32.170596698126,4.173009884959228,188.59860823035467,174.19778044228985,-4.265685740836281,3.803401031063271,-1.9151631352269383,-0.43475422047440115,20.27646621239267,3.152786021321532,-5.748727268939311,47.57696198474471,3.064205091535659,-5.575108222895168
intensification,771105.5267504585,220746.34638654903,3816315.619650047,337902.58461829595,-6.9891204819210735,0.5548617105625308,1.426699031613507,9.738317721465231,-1.6971006363379153,5.047775771580141,-1.893821368355448,3.5726584993962023,117.35354454827393,109.0607962061488,-2.083233459201475,5.360639181562619,0.01810940430084869,-0.11827642689638691,0.7962505322570745,1.5322384323179377,-4.719048730719779,8.252493350920087,4.017403812426171,-10.352038756929987
mature,758936.9176414469,132911.45439822043,3558507.0092122876,650014.9738133824,-1.9756732799223018,2.044973298614809,2.925464348819722,8.342840272185844,1.5724406622017344,-2.8043138295339034,35.219114995271305,15.00912152909324,-115.1595241266649,-91.36269958700571,-0.11035992322231476,4.754292600871334,0.0390588584693102,-0.4854828836700966,-18.176325273905082,0.9137801494095953,-1.464081785039917,-54.345231338073795,8.616697919434843,-19.51271730304977
decay,268451.1789527224,225044.7219277876,2620873.0012850934,1022754.0268502273,-0.11486099973779015,1.9877809843838716,14.86274365202659,5.828856055678744,3.642094129855057,-0.7609217378049932,-9.008910025341963,22.535185526317775,79.24635735397058,112.18749665638164,0.829112318964046,1.468497235940399,-2.669378665788341,0.41487478346429574,5.231641531254206,-2.027584833270172,-4.438552810997318,-0.507331095692634,5.016871592564161,-15.528882763240095
