,Az,Ae,Kz,Ke,Cz,Ca,Ck,Ce,BAz,BAe,BKz,BKe,BΦZ,BΦE,Gz,Ge,∂Az/∂t (finite diff.),∂Ae/∂t (finite diff.),∂Kz/∂t (finite diff.),∂Ke/∂t (finite diff.),RGz,RKz,RGe,RKe
incipient,515311.6186943467,152537.12710663845,3578016.6330157993,262782.19631616224,-1.5649914791794945,0.030247035353723008,3.0428845486782086,3.472528306100559,7.915873591109451,5.860851025467545,83.85592502259117,1.534726430344384,117.37941950647998,102.48614928440958,-0.8056348375447827,0.03694377069619836,-2.3823917380141166,-0.3248547639725342,-11.707730834897509,-0.32631981706857854,-11.833009772949339,-97.0415489269874,-2.743424518693243,-2.2906900048353114
intensification,192719.3934874805,87823.69069920297,1187261.226258094,288138.29112298466,0.7966490150955498,0.7323647226552233,-7.635144530930045,0.3873819707135599,2.657992572870445,-2.0490093734370927,1.742131943134985,-5.521170916090643,15.62281154489114,-13.362412187964923,0.12000197870941844,-0.41947302226696687,0.5680479894331811,-0.31539201229787694,4.2444548144228245,0.5545719615742333,-0.5609308456864912,9.340818387122338,1.388634609197552,-1.9467836239787302
mature,542801.4505513739,85434.05156066248,3497392.271222964,377553.1180056292,1.2429094812833437,2.2753973869139705,-12.850420556198268,3.0074356732192444,1.1081801004763865,-5.41607474794238,-24.850327311985822,-3.6090110096602452,60.026007122415955,-21.500910629527898,0.9695664495325003,0.8666144745495897,2.4372207472016383,1.5162414125273196,6.46781881551173,2.086682793771654,4.847347514922565,42.925657202412474,7.664354446774973,-10.162162425985613
decay,243356.1267974488,106222.19304173524,1623407.7511347863,236986.16346782842,-0.4093805987552946,1.611505935422663,-6.9217229212589775,2.177220990824079,3.596769765663794,-4.76502668794882,-6.033355833834213,-2.1871784228568556,133.35711896492003,116.21127806314281,0.04044193121599439,0.9446156014316057,-0.10296461320134201,-0.6258891748001115,-8.147258041118162,-1.4489699472737865,-2.4976090421977686,5.217201312730325,4.704852568550123,-8.360735436499988
