,Az,Ae,Kz,Ke,Cz,Ca,Ck,Ce,BAz,BAe,BKz,BKe,BΦZ,BΦE,Gz,Ge,∂Az/∂t (finite diff.),∂Ae/∂t (finite diff.),∂Kz/∂t (finite diff.),∂Ke/∂t (finite diff.),RGz,RKz,RGe,RKe
incipient,590013.3604203765,415930.2307537001,1751650.6114779024,198603.70232259194,-10.400129958088153,-1.022529851284677,-0.2596611476341944,3.172041871667903,0.6228813767622305,5.7559612797892,7.549775664940573,-2.521250054483179,83.14468137946373,96.68324648955225,-5.485513676538261,-0.6655889977578058,4.2267879024216795,-2.7518952709067066,-3.9289683527258705,-0.8869211135701424,-7.81875328371338,-0.8189529119440978,-4.313284827743327,-1.7973740783890608
intensification,492993.2145529947,222324.4384708246,1634512.4720088877,253873.4321813546,-5.115649093594371,0.8435322589532915,-3.479222395350626,6.197146666092826,0.2670807748696427,3.008273521231316,0.7612825694912776,-3.2226528583249068,59.45329223908557,57.73669283497012,-3.744814824417503,2.638028861890173,-1.5909088336588895,-2.2098056290819454,4.576405929270933,2.6430961133441504,-6.130106443169611,12.40999484872465,0.13553525682627374,-3.810620089774395
mature,537234.5200705716,184410.60460018017,2086018.3301039354,440677.2989932401,-3.379621036607401,2.215074305284165,-13.183091265369029,10.657520459460878,5.594715116197388,1.5732420506105615,-14.331661927668929,-8.37362313519739,44.24999849696617,-3.587492476471616,-1.1419440339945095,6.906455304824355,4.759546140592429,0.35882884229460943,12.842514082381907,4.3044135984626255,-1.9997157069281943,43.73688831202726,7.228032945860759,-11.162574991169889
decay,775003.9560106616,172505.14962339046,2689275.1583728697,517039.0976452469,3.1217160831054285,3.0097128048583515,-17.015900114379168,7.053770388712453,22.201883002386865,-3.1606753840757404,-19.468287777524978,-14.21962907071961,-1.7480394397650414,-101.50450624410092,0.2022809080832177,2.698485328752788,7.493355211967282,-0.7772283509740724,13.983005762081893,0.7343298805051175,-8.577098902455798,47.34547757088061,6.427504616955773,-9.115711551866895
