,Az,Ae,Kz,Ke,Cz,Ca,Ck,Ce,BAz,BAe,BKz,BKe,BΦZ,BΦE,Gz,Ge,∂Az/∂t (finite diff.),∂Ae/∂t (finite diff.),∂Kz/∂t (finite diff.),∂Ke/∂t (finite diff.),RGz,RKz,RGe,RKe
decay,536763.6876935523,81647.44781293327,1508628.1739793993,193205.4842049355,1.9101232447216594,0.27680345540842394,-1.8441268726643214,1.495042164278736,0.9595684100286491,0.36862952631571366,-10.654972542771722,-1.5727492863390191,2.4109710435488956,-20.626424501463916,-0.1679280564229485,0.6280541515577543,-0.24605494325863977,-0.18648366084554216,-1.1141420467951826,-0.24853988790981635,0.9813033468427936,9.474834123919202,0.6631255217090554,-2.0149596385138557
