,Az,Ae,Kz,Ke,Cz,Ca,Ck,Ce,BAz,BAe,BKz,BKe,BΦZ,BΦE,Gz,Ge,∂Az/∂t (finite diff.),∂Ae/∂t (finite diff.),∂Kz/∂t (finite diff.),∂Ke/∂t (finite diff.),RGz,RKz,RGe,RKe
decay,482922.5821127886,86110.6578724865,1234451.4716743038,156160.0312940276,4.729809224975925,0.1018197509832329,-1.5832089178569293,-0.5773879983639794,2.553931206273894,-0.12062778849533387,21.78149356440409,-3.264472571685817,-75.67792835439244,-76.18451032872981,-0.6965434046150024,-0.5913837124135236,-1.1001765997537964,0.20194354184883717,1.4250870939685012,-0.9410427878171165,1.1775211699314694,-23.503006777554596,-0.3566364190030414,1.3176088643757506
