,Az,Ae,Kz,Ke,Cz,Ca,Ck,Ce,BAz,BAe,BKz,BKe,BΦZ,BΦE,Gz,Ge,∂Az/∂t (finite diff.),∂Ae/∂t (finite diff.),∂Kz/∂t (finite diff.),∂Ke/∂t (finite diff.),RGz,RKz,RGe,RKe
incipient,733526.2625835529,167726.2015515539,2622282.9917480643,216430.92344130485,0.45489314618733756,0.3053159698866479,-0.093480599391391,3.8225739475740026,-2.9180136830864853,8.873607230247762,-28.582607624527583,-1.596194035420909,138.99887873117598,155.6916844130139,-0.3176630537068673,-0.3430980599778969,-2.03930763341764,2.8092190759395423,1.7515183846950388,2.161716943372241,1.6389151657428305,29.972713462426675,-2.5471301766208643,-0.15814356817224362
intensification,512607.0764068728,109109.43429801501,2232133.7601104984,277669.98436782986,1.8843700784745576,0.761081615544384,-4.237041126997964,3.4195265455637256,0.5810445881386068,-0.8228812150608564,-12.12205364122837,-1.2657370031924222,102.95765112815131,36.90399322266062,1.1562575849328225,1.3627979293928185,-1.3811542606088312,-0.434540148967746,-4.354723947415918,0.22402405621119084,0.6832528452715038,10.120000742335856,3.0467859961124506,-6.166806613158073
mature,224505.0542110328,31562.627069169142,1079007.8719836662,336562.9033063123,0.5946862789518755,0.009244007503086675,1.498286463891271,0.6633309970478266,1.1532520333776244,0.37270780182766083,11.319317664562256,2.0622196964483694,-17.2449093153543,-52.90612046747564,1.5825210712131668,0.2817787269960193,2.8213061381599416,-0.323369480390928,5.956363830612408,-0.3934881054111388,2.2719843912372797,-7.455926576792994,-0.04199029267384885,-1.620752335016064
decay,166277.7706347211,162197.98328767825,1277926.4623083877,962131.7561012323,-0.5785913748933058,-0.3141174296267642,-18.85055043470873,-0.6911183183737782,-1.7603182312868466,2.6562689621869877,15.780749261550977,-16.344420099683255,19.293719612546166,-9.02458349384106,0.6968191531941731,-0.09576159817459838,0.8366832976342765,0.5514647396689035,3.2636027433995163,5.029962773923246,1.7042927244010535,6.911995291450574,-2.4818051112650985,3.214950757271552
