,Az,Ae,Kz,Ke,Cz,Ca,Ck,Ce,BAz,BAe,BKz,BKe,BΦZ,BΦE,Gz,Ge,∂Az/∂t (finite diff.),∂Ae/∂t (finite diff.),∂Kz/∂t (finite diff.),∂Ke/∂t (finite diff.),RGz,RKz,RGe,RKe
incipient,613543.4314159848,211532.0756467737,2733466.8411157094,343156.869108473,2.376627119004588,1.866148442420883,-3.5582985278060577,4.938305710459978,10.072548000480534,4.761285261451912,-31.758673537863917,26.447974413485525,98.70748292533877,26.94711584799548,-3.475852199327628,-4.63875686650498,-7.850598557653346,2.1371101214285457,-4.38208661078765,13.653989020512157,-13.68037099670841,28.558258335877735,0.44798212801572923,-21.290589631239406
intensification,389198.3740611894,210552.28558382418,1806444.7733949467,888201.1090461615,2.655406463586451,1.4063899434062515,-14.510275726616655,4.811271007429938,2.062790270136194,0.09110431321093937,-12.092678789598693,5.14688151903801,-0.11227594669070284,-53.7087515093048,0.3028673822676181,1.7521101939980612,-1.4693292413154826,-0.5421337923971592,-7.064066239346693,-0.13530437977114296,0.5296768955410263,16.883481813282202,2.771642958415587,-24.603732632855746
mature,219407.89829407923,108419.43430276586,1233781.0846079045,575794.914080735,-1.4805916925973726,0.7941625303422141,-3.2315501794383383,2.2267206987317048,0.6753148219515772,-1.6813290973993817,-3.696760306812292,1.2590241568372578,36.80288399189835,23.220320652289676,-0.5922631251540939,0.647381760566207,-0.37236506068222525,-0.9676040442022473,-4.182989730791697,0.0884052783081602,-1.7341090448889604,4.225912448056306,2.1462832215866245,-6.628889756699141
decay,387719.7461325328,69745.13493844647,1439801.772824555,318114.7047881191,2.94681943724751,0.5140794863291288,-2.7629810937002506,-0.132501802980977,4.715759203304905,-1.4520092904570443,4.253456131290174,1.2597280985902148,10.578306002086277,-11.893274026092444,1.8218800817578606,0.42266796402055495,0.8375504077421735,0.1040133227003374,4.653944240216726,-1.010501224338603,-0.4173098719860939,0.2166497653792932,0.9094413238472769,-4.900708613648092
