,Az,Ae,Kz,Ke,Cz,Ca,Ck,Ce,BAz,BAe,BKz,BKe,BΦZ,BΦE,Gz,Ge,∂Az/∂t (finite diff.),∂Ae/∂t (finite diff.),∂Kz/∂t (finite diff.),∂Ke/∂t (finite diff.),RGz,RKz,RGe,RKe
incipient,676187.4797131768,267173.68084384955,2841531.3023300855,444166.4240819792,-1.4701983041613302,3.531012390355147,1.8950836466280068,11.772235831072553,25.097969867253852,-3.8249425371385524,6.713871186020171,4.086179498468193,53.55548550542473,18.333909665865974,-5.572022110024905,-1.1815802925893921,-6.397858065306352,-4.639560580558901,-27.09615454074723,-3.069977626015394,-29.435013846366388,-34.23491106923407,7.426605397297058,-17.033309308928132
intensification,474058.57706929103,153272.7556373693,1587129.1735020147,410201.060075728,-0.5596333830713566,1.8430705470949067,-2.298336605851936,7.758534155481263,11.806388583263736,-2.689394248206274,2.9010716328674877,1.4671747710547034,0.7163823996667702,-3.0966951554577093,-2.0495656947561307,3.3428384509741638,-1.077249337634698,-1.002470301460708,-9.81989150471145,-0.9098478764879127,-11.600200756874887,-9.862993148655645,7.602387555131923,-12.433893408875816
mature,402426.92074304743,67518.62885556578,1072529.8991730253,298247.9968429042,2.6604711605662916,0.7424320639087351,-2.0693149617458073,2.9396054569989736,6.875942432282063,-2.899687890593519,4.247409440939374,2.03118240212668,-15.277296897990615,-6.35421898298872,0.19068554207594557,1.9051200672784985,-0.9610378206426784,-0.7807111027296729,-2.231540499025676,0.03772529567832043,-4.434077028449714,-7.070106138785536,4.316150180954084,-7.002377525193141
decay,427891.2841751906,55213.47711304215,1124778.8038666423,314516.51379734377,3.3213428953109143,0.2786160314275974,-0.2084248488151935,1.3137508847616075,4.652258618253739,-1.1593489107369837,13.255495054741528,2.405910194946459,-14.051962910260118,-6.125113040564098,0.6265796091331878,1.1620819796225823,0.10203575094023243,-0.10839804202266079,2.097732769128641,-0.19750048322816535,-0.9502639405749939,-14.27068033210861,2.086085722048333,-4.125586411751425
