,Az,Ae,Kz,Ke,Cz,Ca,Ck,Ce,BAz,BAe,BKz,BKe,BΦZ,BΦE,Gz,Ge,∂Az/∂t (finite diff.),∂Ae/∂t (finite diff.),∂Kz/∂t (finite diff.),∂Ke/∂t (finite diff.),RGz,RKz,RGe,RKe
incipient,236355.9998996742,131726.32753495345,1011338.6064227152,103369.46005603223,0.4383653774700238,-0.09008840265361061,-0.1447854810749513,0.6657110871913798,-1.1480295862351542,1.6212936595207512,-8.402803902735021,-0.12912358721826114,23.732137086011733,34.73568393370325,-0.6618827053633568,-2.082215471576991,-3.3998348089776975,-3.4364073987060064,5.3376552290400765,0.4806685173116647,-1.9035282479261302,13.446879235380024,-4.301901568381767,-0.2007044637364052
intensification,288082.3949298076,112572.50248763556,1417444.0689395384,166248.38613242985,-0.5913499215808886,0.13454338121802473,-1.0947261329253246,2.1577213904429664,2.5308704948320595,2.4034230025605674,3.4003372567392542,-1.2174662400144571,6.046479331178272,-16.78831228538009,0.1490938247526212,-0.27590899479100245,1.5308405556670392,-0.3579724933256523,4.220862803791956,1.751291367484909,-1.456836479527884,2.5066016015589154,-0.7382174866612786,-0.2836899158689245
mature,301950.38269994635,64376.47593836867,1452679.2438472572,252380.21775841343,1.0165749609795711,0.2040174747834563,-3.6881473284055795,1.3541040293651936,5.005503939465125,-1.0365711319527544,10.959312884393137,-7.961460268335547,-66.81070278617734,-127.29347238219584,-1.081293701062214,1.0123218801152367,-0.8325925900202389,-0.23728869629926638,-3.3602921390769764,-0.5452971464398089,-4.617504093722338,-11.648032656044103,1.9493689902352251,2.3739117641249647
decay,211947.53601428185,80335.66557178539,963684.9214633696,205052.70073940727,3.468987002849767,0.05513081777937217,-6.042363639170611,-1.256449691238408,2.3137323638412752,-0.702205773732744,3.0433562313467757,-3.484127828618253,-41.25866200826137,-56.9384665664808,0.0001772958675080518,-0.01663251047316613,-0.8961215248949004,0.4616808102160553,-6.092266688405686,-0.8044188806837894,0.31426393189296387,-6.562246283431616,-0.14769392506898082,-2.10620499999774
