,Az,Ae,Kz,Ke,Cz,Ca,Ck,Ce,BAz,BAe,BKz,BKe,BΦZ,BΦE,Gz,Ge,∂Az/∂t (finite diff.),∂Ae/∂t (finite diff.),∂Kz/∂t (finite diff.),∂Ke/∂t (finite diff.),RGz,RKz,RGe,RKe
incipient,1129020.919579707,62999.665158211246,7804102.926745422,192441.9148773394,6.577779138859422,-0.2389489684781312,1.7216452113999403,2.358495692487112,8.015738196734704,3.268190857217803,-69.95159428586936,-6.884767903948784,210.03174293869765,193.72833069156303,1.8216450845018488,-3.1402703094765347,2.6172407017175443,-0.3770266676007129,29.6370708832544,-0.9996490769488016,0.9403326753641306,91.2892408188644,-1.0477728638532726,5.248268345912812
intensification,1072137.973545802,69873.23996291302,7797569.921249566,203468.59181321473,1.1828883094471054,0.13427082551219457,0.16516562867449333,1.9258899120684412,6.512773987615492,-1.055705228575896,-3.4019822675892235,-5.870142052118042,26.121090041393103,-15.734052876860561,2.0557096845178653,1.517715374055463,-2.3638898928837793,0.4777881133858098,-14.531080993748626,0.5479106866924636,-7.5595047455399715,-12.477152664281002,3.3251124285179525,4.657328455416558
mature,947123.9273237435,102969.29962225028,6575056.398143966,201494.76410267028,2.9367099501709646,0.030198730763349155,-2.591949222088081,-0.6539411817413404,8.305443850415017,-1.723927421247745,44.67940576644587,-3.5957033708830473,-173.39257699271374,-225.64508285710878,0.3635413576563128,0.3522801077869297,-4.08768280519209,1.4242640683224543,-38.55019073600922,-2.135883127371088,-9.426217974672792,-83.57435723053797,2.464051577065509,-0.4781877968347821
decay,820790.5554494315,204627.59796289544,4615613.855206228,253837.60699071002,1.859680141555578,-0.46426767549003256,-4.8180844344328175,-2.4439851552368976,-0.6895963197001431,-1.3656177791187234,58.91585871801328,0.2466326576846921,-233.8114442845187,-271.26320558471866,-0.3680299802165408,-0.18886611925500957,-3.4811825433313492,-0.02647704720959829,-25.019120673355395,-0.11254449827186619,-1.39617375756566,-80.97657509849144,-0.64057674783774,-2.7332764351524785
