,Az,Ae,Kz,Ke,Cz,Ca,Ck,Ce,BAz,BAe,BKz,BKe,BΦZ,BΦE,Gz,Ge,∂Az/∂t (finite diff.),∂Ae/∂t (finite diff.),∂Kz/∂t (finite diff.),∂Ke/∂t (finite diff.),RGz,RKz,RGe,RKe
incipient,1605105.451223668,129309.13948347086,3717587.947283854,242322.3925211332,-2.129718595790595,1.47656570474773,-6.47725877079627,6.42327618487306,12.365437934355686,-1.755538100390206,-23.937571186783615,0.1507677100988216,8.491465550029329,-26.510233155085796,-4.138076567041941,-1.9990966542387376,-3.082354085108597,1.7123941307727215,4.710723964254182,-0.1418705286703927,-16.10094491050715,37.25527251762466,8.414642711288257,-13.193173194438543
intensification,1389162.0696327991,243679.39548679432,4538779.391300977,283257.7268778333,-3.6915534154239924,3.128996288275101,-7.1321055152871145,10.05691663906499,22.214544183641348,-2.7526004633278034,-46.862345785490426,-1.844151288618096,113.4960714966566,68.96642011057496,-4.8000722802987505,4.726573663018262,-6.753642658396745,2.3464563571393757,28.465415879943464,1.977301353233435,-29.530743969186986,86.15142059614499,12.026977171257068,-13.367569512500573
mature,1071741.7741868473,253471.8074093666,5913101.936110789,381766.80329866684,1.4166031162636457,2.4111389995575925,-10.534050903842124,11.861263689095974,27.98245364916739,3.0633971748087694,-78.3811612366948,-7.536203501118274,141.37565202450998,37.111720708765596,-4.838695430795401,4.68679891037462,-4.896765024446203,-3.467057853497418,32.20231448033971,-0.436078438186433,-29.051476557792355,119.70092350461297,2.919669661232194,-15.295189530006255
decay,988076.6077822959,157878.74017696307,6692894.78994542,274168.2625967821,5.553605255070959,0.938778234588826,-3.1521705397115083,5.61149949771624,16.506869972284715,3.8724220490247316,-65.69412203032888,-6.15909928026701,135.25302041407284,-19.36824070060122,-0.7760963466896468,2.5849414705791025,-3.249566872544231,-1.509193268843307,11.220440157421724,-3.2308768609730802,-13.26405335516916,74.51312747239115,-0.7088940547406233,-5.835447618133819
