,Az,Ae,Kz,Ke,Cz,Ca,Ck,Ce,BAz,BAe,BKz,BKe,BΦZ,BΦE,Gz,Ge,∂Az/∂t (finite diff.),∂Ae/∂t (finite diff.),∂Kz/∂t (finite diff.),∂Ke/∂t (finite diff.),RGz,RKz,RGe,RKe
incipient,973517.6632411722,341749.40112355386,3698787.151040123,260271.22051055433,3.173756159059516,0.2189244122850384,5.347247833388385,0.6581748466910717,15.263150380629185,6.361076608335297,-54.507272067758294,2.058929431733889,195.6362355751332,204.96411721802025,-1.305730333887434,-4.53448434730381,-1.6580935516452289,4.81749872146326,-20.575004924577684,2.796998901113494,-13.52856336092986,25.41126315073271,-1.1043274524660043,5.427142456076918
intensification,383701.36638163717,341172.41510092316,1741178.7992552556,560440.9319660582,-2.551327331127383,2.046491851840757,3.1440727689922596,9.972008566044229,3.8963037238159295,2.6757860211965467,-31.28884691566635,6.4466073373251875,45.53325537662797,-12.25895204747133,-1.0006832017883334,1.1915664012966167,-4.462581148162757,-1.5713642217865484,-11.687048820528517,0.5649627697177386,-8.863720351265314,19.009052657272953,3.678366471220374,-12.709580364659418
mature,337502.3258770139,86806.73567709365,1975079.083176108,329171.43580494565,0.17962866736645774,0.26072191430122715,-3.4842327578366574,0.5007568493738985,-1.3502528988707814,0.8374425589264378,-8.758490229724034,0.12071621114008896,-9.178230489210499,-46.58993411197403,-0.1554074502518101,-0.7332216077561917,5.451669618859603,-0.1869257540414575,13.025971797757666,-0.21575723136615638,7.242273099398069,25.089066117951898,-0.7843333778952242,-4.321463049716801
decay,800026.7273501836,79235.64999330245,2320409.513450476,270900.190931811,1.3192098391450078,0.5207749252065026,-5.34508411130894,1.0007103427680735,1.4529593740342774,0.6492399388600149,-15.026112697504674,-2.9769164750628616,80.9902117739309,45.86462326130204,-1.040819498901564,-0.11191262846918641,0.8335050502187759,-0.14958195532636046,0.8283541347122857,-0.5958675981473657,1.220530440536008,19.880341104380896,-0.31888647662480496,-3.964745577161514
