,Az,Ae,Kz,Ke,Cz,Ca,Ck,Ce,BAz,BAe,BKz,BKe,BΦZ,BΦE,Gz,Ge,∂Az/∂t (finite diff.),∂Ae/∂t (finite diff.),∂Kz/∂t (finite diff.),∂Ke/∂t (finite diff.),RGz,RKz,RGe,RKe
incipient,994774.0889843837,263552.79663402354,3820305.4201523135,178642.55229632265,-2.9419986461451844,1.1217396291359445,0.5552295302943338,5.458841043261046,4.857216307567126,-0.4044868424090997,27.480253979991804,0.5316107972499152,181.77221717350358,86.8039353293149,-3.5105422260809025,-0.9894670644192859,-9.718563631833286,-1.0037679902623053,-20.71274491728085,0.5192634359664327,-16.39603895640965,-45.806229781421806,3.737820266271895,-4.915958874250194
intensification,602010.4638347619,254828.96377808176,3161101.9135746807,221786.57891851437,-2.6175399947774975,0.8613965649621167,0.7211434149174877,4.564754700172024,-4.992569537627193,4.855575972378,35.08287663667521,3.2585210913995066,139.5300327371708,46.22884475700897,-2.000322825354451,-0.5318207239587505,-11.049057697217666,0.08355893145140256,-19.64012236516429,3.421922810581589,-7.812631589405854,-52.82660242197949,-1.06865890571669,-3.6802095660724548
decay,327654.0973207988,246380.63736232996,2432963.731185791,381536.8140543607,0.5287040084148015,0.9057065241124572,-0.7155173975561734,3.9789538787582996,-2.420298397132985,2.8980059932604387,8.449032122740423,12.77119106065412,153.22066052006363,97.06550660501966,-0.7387208796035525,-0.11181768077961235,-8.996036006428872,-1.2008241518771614,-33.02884982261156,5.015090017910185,-5.141327076768628,-41.291068556210604,-1.0255827904917574,-12.45057231905841
intensification 2,91576.0647318419,166172.33725036395,1197659.575561675,543230.7554756844,0.6345210070566416,0.6377719246839814,3.105941597568229,4.37810080489019,4.047371923758586,-3.062977286507108,-20.966055941948436,21.21319777031119,56.446327610259864,96.9483777992038,0.47548756457271185,3.9997677985159648,0.24813290293089058,-1.5089209355698334,-11.403310731831848,2.457040692487573,-2.526946089087073,5.8222826054917185,5.294385231143482,-20.028316285145575
