,Az,Ae,Kz,Ke,Cz,Ca,Ck,Ce,BAz,BAe,BKz,BKe,BΦZ,BΦE,Gz,Ge,∂Az/∂t (finite diff.),∂Ae/∂t (finite diff.),∂Kz/∂t (finite diff.),∂Ke/∂t (finite diff.),RGz,RKz,RGe,RKe
intensification,810342.4781578733,97035.00153898331,4575183.539545602,143820.63845231192,-2.386077306786615,0.21949433904863988,2.544236531923652,2.0639386933520085,-1.4884588585683745,3.6134056149119336,-7.2894647614473,2.2795608809538206,34.85244617438014,-54.72935363400372,-1.4501003621861586,-0.02664763259846088,-3.4153158591949087,-1.0116009753639703,2.0577434910891506,-0.824416670221337,-4.0934399683645095,9.189049027399413,-2.780562235972535,-2.6236797126035145
