,Az,Ae,Kz,Ke,Cz,Ca,Ck,Ce,BAz,BAe,BKz,BKe,BΦZ,BΦE,Gz,Ge,∂Az/∂t (finite diff.),∂Ae/∂t (finite diff.),∂Kz/∂t (finite diff.),∂Ke/∂t (finite diff.),RGz,RKz,RGe,RKe
incipient,545069.4836921982,240774.08949550198,3101996.3997533205,270977.5850449789,-3.837579058648564,-0.8723187247505458,0.5838470753522488,2.9717120487715167,-7.113106467993055,12.97646547795172,49.923895952347664,-7.275618640060972,187.26487481221957,137.14427803876958,-1.1155121389272686,-4.8014368742990285,-11.147496602712456,4.313346232130429,-42.34426365870213,-5.738560683023538,-8.74428791811851,-89.01442762775349,-4.81908847229923,-0.8508070163818323
intensification,246436.453470307,184918.88383846858,1720455.8743800684,199283.12239025775,-1.341809749057996,0.5552621138871495,-1.787170619065932,2.374403624629709,-2.4410377522267073,0.38491215055535694,4.509911827933203,-0.454937644717637,137.6038484874338,137.82726414875665,-0.23990206394853353,0.5725491597785077,-3.4894359649234596,-1.8081554064969327,-17.29814406246549,-0.3426680988574464,-1.8349458478675982,-18.67907552227477,-0.3739260463097304,-4.049304697835451
mature,100184.38620334165,79229.08122603428,898213.0437455488,199457.9627886389,0.2599593745615149,0.41101715034516867,-0.8444165048877609,0.9226628319550123,1.3234128787905837,-1.9645165120404862,0.9460013737411028,0.7073553657092854,36.38797184131463,44.36771288722742,0.10331006347826299,0.12940833366948795,-0.0030289475054808327,-0.964422381012889,-5.7596204215116975,0.37597789562166856,-0.6554653013893811,-6.121164664926554,1.511739812637441,-2.09845680693039
decay,89688.76929899446,34605.22471022708,676849.7279400664,92671.23727197564,0.6871482138389501,0.006064932942897092,0.4743320199662083,0.11758791445238619,0.8799414080171121,-0.7003433417009791,1.5690428172194624,-2.2659156998832826,-11.758013521566092,-12.54212376350034,-0.23911687475761373,0.12131383300962825,-0.28132677625341707,-0.4303582262495709,-1.0540569818105503,-1.375261762898324,-0.46805503748868205,-3.784580032835171,0.3815080969608973,1.2473980424987805
