,Az,Ae,Kz,Ke,Cz,Ca,Ck,Ce,BAz,BAe,BKz,BKe,BΦZ,BΦE,Gz,Ge,∂Az/∂t (finite diff.),∂Ae/∂t (finite diff.),∂Kz/∂t (finite diff.),∂Ke/∂t (finite diff.),RGz,RKz,RGe,RKe
incipient,1018213.6784279284,215883.25516285552,4015565.419611237,447838.6674956164,4.193165288125909,3.973606069471257,-1.903616428512436,7.327213662183818,31.53893312763747,-4.6732813662663055,-30.9742141340696,-2.5064742228583405,70.80796802865093,-23.0779660177772,-7.584707970067555,-1.3257575239842043,0.2078891669912048,-0.3694762939578235,-9.031771458168514,-4.506399218867833,-23.1642726030491,19.652893816287616,7.657412665021044,-11.230755086705749
intensification,957001.7510292685,237517.60294497563,4408331.389048722,338487.5658690368,1.1038284397262295,2.4787799663353787,2.01569283369479,5.482629274243726,18.586741828798388,-1.0327511692192737,-33.14485663268387,0.6123697276463733,151.9430991508271,107.90598726542353,-1.3779826291214297,1.914232596725735,0.8059602300672287,0.34105448014723827,14.411185753474541,-0.9104559505352883,-14.198173192669554,44.436521112737395,4.377654957274858,-4.989762118730598
mature,1148854.9530978787,244564.53897212946,5642993.04990535,330841.6204377683,5.803971659872834,1.714293970544897,1.7577822483685903,5.176279025735175,16.303581061116155,0.5351660692059999,-41.568719649014064,0.02883107255244645,218.95060570143033,138.9276068562968,1.457259909224683,2.3049166032091337,4.2623992208119414,-0.6154499657308385,15.29844508289601,0.45409712929897605,-4.522916209886484,49.30541082366865,2.3113690202534394,-2.9932307206200552
decay,1300986.7645315516,203358.56112915327,6243132.933298573,309548.8529890886,4.9851415529758105,1.53783608575191,1.7916113490816794,5.801854532568831,21.690674123637276,-0.6578594821405813,-28.30176263919435,1.1283213028312973,195.59578044945496,91.65628857014622,0.8741385178568418,3.577071181791337,6.378988619674516,-2.2556323285661404,21.2627031293137,-1.9885898484367122,-8.788707865235041,42.78771286645056,2.666245600391362,-7.127154334755161
