,Az,Ae,Kz,Ke,Cz,Ca,Ck,Ce,BAz,BAe,BKz,BKe,BΦZ,BΦE,Gz,Ge,∂Az/∂t (finite diff.),∂Ae/∂t (finite diff.),∂Kz/∂t (finite diff.),∂Ke/∂t (finite diff.),RGz,RKz,RGe,RKe
intensification,690343.3579537157,131283.0073529931,1826086.6190475523,276937.91564077657,5.6728205480795495,0.6146011566455533,-3.259143156032946,5.712747139211241,2.235029726417675,2.271268514255524,-27.08271339773131,-2.2929475401929778,20.40592124317891,28.626734299468122,6.945098274495013,4.356602054448572,2.1332354862112903,-0.20585983611936978,0.7129628427885275,2.82813726999246,6.185627464518718,25.38199884847323,2.6210176321907945,-3.85080548505875
