,Az,Ae,Kz,Ke,Cz,Ca,Ck,Ce,BAz,BAe,BKz,BKe,BΦZ,BΦE,Gz,Ge,∂Az/∂t (finite diff.),∂Ae/∂t (finite diff.),∂Kz/∂t (finite diff.),∂Ke/∂t (finite diff.),RGz,RKz,RGe,RKe
incipient,153280.5807729999,157707.14201721008,1997875.453474814,309413.0231247722,1.3779729554930886,-0.01398537877930305,3.106253133987911,6.7289176127971615,4.080838068933376,5.890493636520182,28.50941241239221,-3.3736863181958547,54.22841936363464,96.13750891329093,-0.02965206347878696,1.767615419842561,-1.3741300378847123,-0.4699758783901236,-14.50827183229843,-2.980666725582823,-4.090980530104303,-47.50191033417164,0.3824334766661588,-3.2296448861962186
intensification,137584.67641826722,173914.7243926351,1409936.0555288757,281794.9540001218,-0.2308785448296774,-0.09047012302143131,1.8225172134820946,2.816376017709791,1.2123931953336275,2.59132482649547,18.559602597679245,-1.4108196872467773,49.93626790226918,94.54924738143994,0.1889326029631038,1.470225745481241,0.6958311226948124,-0.847653724359969,-4.21901229553042,-0.12407848127009694,-0.8379107404899241,-24.37025356186209,-0.532132410124217,0.29288240174898417
mature,194570.8025873906,49647.65174746506,1387038.2584219621,155767.77773370765,-1.244425490700903,-0.06773442793442827,2.7197314133627293,0.4102984692756809,-1.7860284502802508,0.2980469803318325,1.39687196396345,-0.6590540374292921,-11.543128610870443,16.692104040004992,-0.2900561156541909,0.2966418917668372,-0.2573750769267823,-0.42772935660031963,6.460439365259859,-2.4354067321227513,0.21649345471813713,3.588261478634583,-0.24774343972204296,0.533080249393589
decay,356262.2844611774,55880.076805610144,1767076.1948190813,176066.139279296,0.7222055992347752,0.49568130483182465,-3.092116807346838,0.5470964799701041,1.5632380442292533,-0.3592211194615664,-18.930132767973728,-2.2748527793023414,38.1173355988534,44.44023939803323,-0.2986373082870773,0.01666398793219886,1.2610042534109918,0.2779345077871518,0.13676240413998447,0.5375623352062163,0.9156531132483391,21.43680638022577,0.6885708023869975,-0.8267981728083841
