,Az,Ae,Kz,Ke,Cz,Ca,Ck,Ce,BAz,BAe,BKz,BKe,BΦZ,BΦE,Gz,Ge,∂Az/∂t (finite diff.),∂Ae/∂t (finite diff.),∂Kz/∂t (finite diff.),∂Ke/∂t (finite diff.),RGz,RKz,RGe,RKe
incipient,1164360.0019971558,200254.71075076214,2992349.647691223,382929.2731418738,-2.857738625710823,2.0623744749731814,0.43490803087351604,-1.4455121148471322,19.839412065982238,-3.3810259674215066,23.328650891911973,27.030262644289426,12.748605530934505,-2.6562863145723945,-2.541166991810236,-6.905088048881149,-3.442996045273884,2.1023314973479628,-17.591608947466497,-1.3294946406190946,-24.077772261993765,-38.497429244541166,1.9754708749491556,-26.479337139187876
intensification,453454.91340789734,221885.14340001103,2066431.937068347,446215.9125693751,-0.25348532899577475,1.286278719993527,10.003567643310948,6.509544071097808,7.984355622534397,-1.2082937013814523,15.956832277594629,14.240294598470994,-0.9613752940146686,15.977621477911235,-1.5181811802547458,2.164449357062536,-6.786499095285897,-1.3968033812604044,-9.653455510855249,0.8600355496915324,-13.738061326822548,-35.360370102765046,5.03475567122533,-9.886235476566325
mature,233575.24499588655,121139.0201744816,2089178.286289554,555997.7961331222,0.9016786779871311,-1.4923124690991894,8.739336447490691,0.14852045339883596,-4.9675994969011885,7.258007012968081,-7.767741471707697,5.0321212878204795,-95.83179519305408,-111.09077819978197,-0.2144732960242241,-0.24854007139735143,0.5238500807534384,1.683785996285868,18.424688572551197,1.442097885827677,4.900815786542569,16.551414918781074,-3.933388094184187,5.000792592099055
decay,605488.5942353851,216188.38995645897,3507151.760778104,551051.409975974,-3.1109736667379284,3.121828412449069,-8.030817532073236,4.030705600356428,1.9578203872063171,-8.911797481755308,-17.58016244118437,-7.420021831333071,110.63786159764355,67.07328986293527,-0.5908312471827775,0.2638209077695569,-0.8567157063978121,0.585985101909982,2.941351326875419,-0.604457875309455,-2.803681347892989,31.663304966870953,10.406659771572647,-5.24595917640605
