,Az,Ae,Kz,Ke,Cz,Ca,Ck,Ce,BAz,BAe,BKz,BKe,BΦZ,BΦE,Gz,Ge,∂Az/∂t (finite diff.),∂Ae/∂t (finite diff.),∂Kz/∂t (finite diff.),∂Ke/∂t (finite diff.),RGz,RKz,RGe,RKe
incipient,580384.6166379873,204825.19408925544,2779908.7375391666,221012.41804533516,-9.638358836827928,0.9954588230493373,-3.8356849271062927,5.076319534665147,-10.387754807310152,5.070697531833174,24.95736021263422,-2.332234591139915,234.09430603598042,179.31983583240321,-4.543519171715726,-1.5841745419992908,1.5547782817461984,-2.8330356863119825,-1.6946789078209743,-0.8637750349308347,3.2996330752777583,-13.177995356520974,-3.8228725065293476,-7.4435449055623595
decay,549265.6403565182,231666.02694151356,2373978.607768015,262288.55148856156,-2.1678552477964654,0.37920275103603335,-3.691413954086815,1.7766617651966878,-5.584114555706389,6.041872988234103,-2.62821747988567,-5.68312401429525,219.4913837771435,175.98808322050755,-2.777120786607288,0.32725019270919303,-2.954980680324798,2.4611459774657125,-20.656031273023675,1.8870474291841515,0.8404813786211575,-12.168544591254728,-2.1832679966077353,2.1020957241958977
intensification,350264.09118563565,309961.605897304,1180436.4862730016,323368.6768167991,-1.238759156822704,0.2015692903939545,-4.724222018835679,8.832815651866136,6.465421262489313,-5.783683891486775,1.7753910934956352,-9.164889552960403,65.02627495046202,79.32720338365908,-5.299272588316537,12.632685048418177,-8.418830761124415,-5.278330510430355,-43.39524028738085,-1.8178292601207415,-15.921441890042477,-39.20765020521811,9.136599742528604,-6.209977377862154
