,Az,Ae,Kz,Ke,Cz,Ca,Ck,Ce,BAz,BAe,BKz,BKe,BΦZ,BΦE,Gz,Ge,∂Az/∂t (finite diff.),∂Ae/∂t (finite diff.),∂Kz/∂t (finite diff.),∂Ke/∂t (finite diff.),RGz,RKz,RGe,RKe
incipient,1513062.842644668,86744.7965023913,4408693.842188596,194136.36718087317,5.144081898999511,0.8572352721135909,-3.1982951530097714,2.8478422845200235,17.022574171441423,3.54333119823772,-69.70577726928929,-0.007790074498188471,-55.613668049642136,-125.67172398290352,-6.893853123472803,-2.1226781441792797,0.9902120852139085,-0.6645134471032211,5.6412282258818465,0.4255825223756157,-10.031044915114412,73.4012187491814,-2.2172376329345087,-5.612764840655991
decay,1511146.950759532,111475.01100536894,4781376.499868177,232983.75915894005,4.448112283428118,2.1835602947702903,-8.951106674056513,6.811996877828499,26.50697265894838,3.0275333140213005,-84.6358593409872,-0.9593462204045744,64.03229753807278,-38.15049021162726,-10.034509160272483,1.2098059888927786,5.149049163912773,1.6123501917876784,27.560248763413853,2.6810554172354095,-14.726250916837198,116.69910249502945,3.213253460824587,-12.12270191424503
intensification,1621049.7955296848,149798.23083917057,5333090.528917887,287980.6028581794,5.942734973823665,2.94846669393212,-12.950124537968158,7.131508094701847,26.875109055309885,1.0519944644321608,-82.43773141867044,-6.237024046708051,117.95719034301024,-42.00052808379935,-8.094054288942553,0.3538708359612829,0.9932593865661248,3.2479244401923912,45.15710170843634,2.032375010615855,-16.990648000987974,134.60222269125128,6.378971376529958,-11.8122335753461
decay 2,1443390.3410854926,185052.21338469698,6314420.963954921,247519.19343905215,-0.06331313427762218,2.6696448076009163,-6.566827741088109,7.0007012458391955,14.264390942951799,5.3576308012280895,-28.625778928852107,-0.5007195326805467,201.81432761793363,30.88861336367499,-5.906525459795465,1.5285218514919725,-9.687713514496476,0.1127482858165775,23.42718184334222,-2.8165097008543287,-21.34577278412498,58.68310164756005,-0.913826077173234,-15.883319155101084
