,Az,Ae,Kz,Ke,Cz,Ca,Ck,Ce,BAz,BAe,BKz,BKe,BΦZ,BΦE,Gz,Ge,∂Az/∂t (finite diff.),∂Ae/∂t (finite diff.),∂Kz/∂t (finite diff.),∂Ke/∂t (finite diff.),RGz,RKz,RGe,RKe
incipient,300685.8878018175,41233.06180745312,1607082.2911193152,169822.43438180164,-1.648106786207998,0.431306340889599,-1.407441050644793,2.0879712385254408,2.416901353820789,0.0391773557319142,-8.68968224949262,-2.1572742550491317,-16.8024220725125,-15.413112076385907,-1.1252722483900586,0.5104568661565406,4.942818759076909,1.072239551099233,-2.8112622652989727,-0.8025905154632508,1.3091169599377213,8.933967821046437,2.6897270930031607,-2.1407285495843533
intensification,476045.7517519623,61825.11253144484,1561867.0040724964,193894.3279259111,2.57374225029705,0.48414722711259905,-4.1164330574654855,2.9009813956940596,3.0053888151527888,-0.670165099795772,-2.608524316068316,-2.0707703817027614,-12.701178813970246,-18.327617948323798,0.7956364869789199,2.5949033569822118,0.7025726335206163,0.07050401287101614,-0.49777772770622697,0.677519211816555,0.7550732957774765,3.6534373955305237,3.157503281248249,-4.269124859640228
mature,435088.865681622,64655.05595105361,1239883.3823089898,317991.38762752723,2.8664219540784344,0.4889193843195341,-6.835585854090581,3.3448719985925783,1.1139581684703206,-0.20383134080096518,-13.642580724815037,-2.200014953819482,14.855723903544298,-3.03799578855253,1.1523504003565472,1.7640309134230712,-2.4973665286689983,-0.05191916974798436,-8.194890375734563,-0.10455522540552246,-0.2559833587413504,9.41685424909262,3.007864785326025,-8.084998124269202
decay,181729.85859520617,77117.03070103994,1046503.9214086406,403433.6663303788,0.29437172549222573,-0.10416689945495745,-2.6233119353243564,-1.8030019735776572,-1.8152756083567876,-0.09625521612799519,7.212182239971857,3.580795793436759,18.93386095208353,33.37498612837299,-0.4492805301751665,-0.785606809545644,-1.3699402587031846,0.26573845361494397,11.859022403797725,-0.19642299757288503,0.6355401756908706,6.975780373658002,-1.3368414043797603,-4.597528752756344
