,Az,Ae,Kz,Ke,Cz,Ca,Ck,Ce,BAz,BAe,BKz,BKe,BΦZ,BΦE,Gz,Ge,∂Az/∂t (finite diff.),∂Ae/∂t (finite diff.),∂Kz/∂t (finite diff.),∂Ke/∂t (finite diff.),RGz,RKz,RGe,RKe
incipient,975872.6231266168,116736.52720383277,3586616.9823674574,202877.47475900102,-1.927717212460366,0.23112386896343362,-1.7825972897913622,1.2691607956309068,-1.9715432796934422,1.7766049337776222,-21.273790173530514,3.3251687504286385,57.917504150795956,46.414857213239806,0.17750720497245376,-2.9545076024671406,11.86838824067848,-3.081932294909367,21.871258431498234,0.2553774042354668,12.143338176874991,46.855363107280475,-3.8205003020195165,-6.121549431615441
intensification,914585.9355915322,138556.95803274668,4290867.601705391,361473.1734669795,-8.558458667544352,3.0566630575845157,-4.209738998766078,9.111475484213111,-5.607520345556826,-0.25344926310137916,-14.31961708140897,4.395164755268932,145.31219598552272,153.00637242368327,-1.6436711473157453,2.258600923898493,-3.423404333138497,0.5754611129182624,1.9282957918897976,3.6259521891662527,-3.317679597541507,29.016110539609194,6.883722802648236,-14.090427049081867
mature,776522.0642648572,133702.82295184323,4161499.8060352555,565552.6154141767,-7.8911547527322154,2.2478087321885054,0.8958269499209891,8.580054077958213,-1.3012621702912817,0.42237463375865353,16.23445667793803,5.994431079326933,68.35593107621655,69.78831243814449,0.3847205541102197,2.562947494198755,1.5079486824070243,-0.330689561408555,-0.003152800975029605,-0.9592127860123808,-2.8341351678454036,-9.242281676101834,5.579181150602499,-14.63787099337654
decay,593431.4935764899,182502.99573134465,3643050.822284024,591174.298301886,-5.613047585218433,-1.2779335021478857,6.111333943105617,-2.5881000179667106,-5.961473106094555,7.031344333727415,61.95020645598892,3.361091102339028,-124.5514648310868,-106.88791552173029,0.11687755399056013,-0.2243277416692025,-3.9389600890347083,2.7171063109222637,-7.376004698650119,1.9258839164561405,-4.868468070306471,-69.82449751252622,-5.624404538623976,7.26422677518944
