,Az,Ae,Kz,Ke,Cz,Ca,Ck,Ce,BAz,BAe,BKz,BKe,BΦZ,BΦE,Gz,Ge,∂Az/∂t (finite diff.),∂Ae/∂t (finite diff.),∂Kz/∂t (finite diff.),∂Ke/∂t (finite diff.),RGz,RKz,RGe,RKe
incipient,326571.0216235616,396155.3698596582,2739057.7332981615,302895.5550424094,-4.090433747858929,1.7710072130630417,-1.335394910809377,5.4229133668885,-0.11724862317936074,1.1478705719846305,2.944967332721653,14.889129540877486,220.81342282986472,259.7439544684236,0.6909609096850902,-3.272102959808026,1.3414396307370677,-0.2978985922247443,13.79124547746036,4.463568978424663,-0.860738280879459,16.272106803407013,2.2061369896160836,-17.1838688401507
intensification,188356.66939633858,292824.3589722767,2111473.819105604,279999.34573009075,-3.414855096598476,1.4971131367221933,-0.9668710645124617,6.660608290795464,1.8836338036334177,-5.222563791040258,6.937536596128879,5.535779039229888,137.3478965705305,146.25664181946317,-0.9228043169239791,2.841664662594343,-1.856150588726361,-3.7284291225612614,-22.314489500770673,-1.2182516341096015,-5.6575263522360615,-24.870299935788612,6.657629822552269,-14.381510028647414
mature,197819.94191546174,73292.06147053008,921107.754087358,270448.5859409738,0.1162300830863692,-0.10728737238868061,0.41443597512109875,0.5931064512489282,0.5180353925501259,-1.0786821122251653,6.334055008118336,2.1202784361083786,31.32579465839941,23.060464342329414,-0.8483011927231856,0.6432562618256297,1.2037984335638032,-2.5318863500115274,-21.217430266919322,1.7468866231367826,0.694705751711366,-28.08215133324513,-0.7528104141487529,-0.5520622890994253
decay,180060.37094169433,58474.27828808507,526793.4732142036,359950.02520839294,-0.7328427045335689,0.24382055284704038,2.8567895794386384,0.10547901860079384,-1.58910708361739,0.9638153889306874,2.3790114835427656,5.026633902006945,5.775433480825335,-0.9382593489011732,-0.4552239364213162,0.2720346050435322,-1.558099623261902,0.9257016503465024,-1.0936067948895933,3.570301453755754,-0.4580146913310405,-5.596565153337429,-0.1764552728304315,1.2949781125866526
