,Az,Ae,Kz,Ke,Cz,Ca,Ck,Ce,BAz,BAe,BKz,BKe,BΦZ,BΦE,Gz,Ge,∂Az/∂t (finite diff.),∂Ae/∂t (finite diff.),∂Kz/∂t (finite diff.),∂Ke/∂t (finite diff.),RGz,RKz,RGe,RKe
intensification,222985.07173175382,159205.8756866344,1455849.8757769498,287392.39712910645,3.5352863584968963,0.3086858705516792,-6.326110346330621,-0.8313051280586702,1.9008957105077926,1.4268227700309224,-2.551221449923739,-5.1667247689611004,72.06450691980584,29.744991934385936,0.6029516807402807,-2.709920878354425,1.6909272826661277,-1.0149376025471193,7.384431097555012,1.5994520897372717,3.6340038012069105,12.726476535312477,-3.5817513711883913,1.2713716404264217
decay,250428.09996629768,142900.85024186329,1590973.7223137356,522271.2657654671,2.744922506893086,0.44137462900182334,-14.851795751351991,0.8144637899101537,2.74713372001918,-0.3991360023288065,-16.657655418784557,-1.751338584262859,108.33586071820005,92.10149094543857,0.5859109375367483,1.2505559601797493,2.850627926506357,-0.09647594690314602,9.261467291369998,5.946504332070471,3.289791342382087,38.025995954613464,0.6757492163339907,-7.968416624928814
