,Az,Ae,Kz,Ke,Cz,Ca,Ck,Ce,BAz,BAe,BKz,BKe,BΦZ,BΦE,Gz,Ge,∂Az/∂t (finite diff.),∂Ae/∂t (finite diff.),∂Kz/∂t (finite diff.),∂Ke/∂t (finite diff.),RGz,RKz,RGe,RKe
incipient,1099502.608553475,167886.6082655066,4972059.934472678,303013.3556015428,-9.328023849560925,0.8865135841066862,0.7343047153297265,-2.050277235189499,26.478988809566427,-3.2299039343625244,84.85399967900241,6.021894547986859,-224.72963313238265,-287.05404733976616,-2.2828845538269347,-10.779142337543483,-9.693161540677613,2.115348555620633,-33.78990512149451,1.2359858233139784,-44.61366061569828,-110.05018566626572,2.4084616706869726,-2.0013267741536547
intensification,734546.7029816976,245973.27143041824,4155059.2110461732,351876.74043537566,1.139939172418816,1.7571351343106594,-1.9268819447526155,10.072486270521317,24.730589665474113,4.458625778993648,38.65723758374853,6.851675513163995,-24.058231286184032,-22.636050216113073,-0.0013831999855690293,1.1592040187708699,-6.565052945278148,0.18680037489631035,-8.473592752361576,0.03944197261984808,-28.39856830402279,-46.34388756377629,4.043525732113319,-18.811601755818078
mature,400589.7805684664,198601.64875902998,3840480.0825346624,307218.6292831812,-2.5745684558134023,0.2586817257825086,7.168603378244649,8.057058039423382,-3.5189763504913607,9.98761272806265,35.775275803139365,4.277567143303129,137.14258986887347,172.79166818457912,-0.3199661115149412,0.5646403956751129,-1.18060690519406,-0.46201137467263104,-15.529909257201437,-0.9528941421005543,0.02248271526640666,-55.89921998277205,-2.651247789094407,-6.118915946582417
decay,390937.6502542023,133320.51815513332,3286825.705590094,226132.62365942495,0.6456852183819471,0.23402521412693056,7.276699602630219,4.213778025726634,2.2141678447526947,0.7557100391004564,16.907512857042132,1.42032042189308,111.97679229520897,143.40706160016148,-0.3917293515318981,2.6129267606481545,0.6153422454329623,-3.2164829125796293,-25.867724970036193,-4.13265601226531,-0.719115166810855,-50.697622648090494,0.007559859919617089,-2.490054857254806
