,Az,Ae,Kz,Ke,Cz,Ca,Ck,Ce,BAz,BAe,BKz,BKe,BΦZ,BΦE,Gz,Ge,∂Az/∂t (finite diff.),∂Ae/∂t (finite diff.),∂Kz/∂t (finite diff.),∂Ke/∂t (finite diff.),RGz,RKz,RGe,RKe
intensification,410404.3915548528,53592.662453033416,2048027.748210254,141783.321008056,1.5674224848883123,0.029880429441901234,-0.9522885997893772,-0.5469954266084645,-3.9337849171290586,-0.438670963926022,4.314450433502565,0.1676117703167825,-14.629517002953094,-15.677461352784931,1.2178468949022234,-0.22421072559543842,2.33313241515162,0.1543727998026152,14.237642238443591,-0.04610227426556076,7.864220246610894,9.308057919842087,0.016167907678271514,-0.6190072177632561
mature,601669.0474854275,72053.65232246486,3314441.7233714187,124391.51515725256,2.943304184883605,0.2045930060493461,-0.9033652727842048,-0.9636202711723088,-6.687577038437157,-1.8776911432349892,41.85341965503969,2.390579202449448,-61.3246600214803,-54.17456841392719,2.17729019770376,-0.7952440630089322,0.2629773989555704,0.04113740372279065,19.88150053331319,-0.0015701150284500032,10.09845162832568,-24.011858033825895,0.7506152697361247,-2.3318943190897947
decay,616502.8392064482,65244.89655926778,4150800.403099144,151518.88064477782,-3.822068910776849,0.27086186859423994,0.2801767047300835,-0.18251611006810445,-7.697952094577137,-2.2722410743183117,31.771768586226855,3.714945824759812,-15.56490596057201,32.597604426357016,-0.5976581072977708,0.08557478227906608,2.345299028269389,-0.21505054758506917,21.362859886042532,0.32776796254147217,6.492044080663916,-6.867016494137554,1.6038125480708976,-2.9244850474201516
