,Az,Ae,Kz,Ke,Cz,Ca,Ck,Ce,BAz,BAe,BKz,BKe,BΦZ,BΦE,Gz,Ge,∂Az/∂t (finite diff.),∂Ae/∂t (finite diff.),∂Kz/∂t (finite diff.),∂Ke/∂t (finite diff.),RGz,RKz,RGe,RKe
intensification,1044115.0753686401,215012.1247821499,3866717.479614962,250539.3768225254,10.839405445094291,1.5481393229911735,-2.15893071030545,2.1408946350419362,12.084262573832609,4.357878997176059,-11.962925323562088,8.774718874265792,48.08825627899128,16.047212800452566,-3.587580290865429,-2.0672381056524514,-12.229928060971217,4.740786292664099,-17.0878792764979,5.072929200744364,-11.926645866718365,-13.805428687724655,0.9756626075388019,-8.001615018868813
decay,603916.2167242403,302668.842503902,3504718.701915491,474149.4922055717,5.6417814383785645,2.992569425265978,-9.259906761043672,7.734040983251211,13.506583407577166,-0.5564333540561337,-64.81245742504794,4.940783680102319,307.12243264058026,228.81259780554865,1.239068125442066,3.523158922997343,-3.5509984172608835,0.022560155186794068,15.070689777409692,1.604060166955665,-8.423230961193509,83.50127252512273,5.3204650672281595,-20.330671257441537
