,Az,Ae,Kz,Ke,Cz,Ca,Ck,Ce,BAz,BAe,BKz,BKe,BΦZ,BΦE,Gz,Ge,∂Az/∂t (finite diff.),∂Ae/∂t (finite diff.),∂Kz/∂t (finite diff.),∂Ke/∂t (finite diff.),RGz,RKz,RGe,RKe
incipient,285929.6287849926,103207.17040249908,1128074.8768167899,109446.36366519732,9.05554265292947,0.2625109210646293,-0.041775305404012274,1.646114372304729,1.9225754209333827,-0.08060480315172366,-4.7920629290685675,-3.0550894515793807,-17.830365542978665,-18.214244118618204,6.694047629946188,0.32794087802482097,-1.770709284144387,-0.8614307601330289,-3.689300846754746,-1.5775287842597596,5.6247688689163295,-7.911005265211635,0.6027774942587943,-0.2103290103891204
intensification,158736.49561785936,231872.50178287426,1480522.7276456158,629165.7389769027,0.8917562677316752,0.6455229748148733,3.88953839431671,5.708731805271782,3.1610353994054208,1.3581614317412145,-27.550815843136473,16.355883532460993,76.15271852389832,91.51480253631388,0.8346693657229707,2.5705545449986165,-0.4506990267774923,0.442512217252589,2.351000600814795,1.0591428368671445,-2.074455183636364,25.120521781902887,4.147559615968283,-17.115934106548924
mature,124104.01761578456,112355.4237796164,1060237.055832017,558608.2976119986,2.1417807378765987,-0.2252703977017767,5.004727866829838,0.017410096321986097,0.7632410041571147,-2.5018703476373365,-1.198097545057875,3.5388377652977305,17.210182728902716,-2.6402105919312056,0.6616880865255798,0.8069383691725805,0.5519018947825578,-3.138329404659744,-13.89415753598169,-0.017346737049792615,1.705171230800265,-19.84256859563025,-0.3937785629986457,1.4311332681603288
decay,89271.96580695242,53019.687033041744,1416911.7479234436,374591.26770522806,0.034333822739764354,-0.1161646353178444,16.444252149670564,0.9190173000551886,-1.8566380275014698,1.8766796051278647,17.53427434204861,2.2391183191104203,-115.08536103535604,-148.91529787603764,0.7639546927895629,0.6519671407110386,-0.5892399514059792,-0.022240596659058885,10.224655753339917,-6.536317698595324,1.1855672635174106,-23.788204561119024,-0.8637382664138906,6.749798831909629
