,Az,Ae,Kz,Ke,Cz,Ca,Ck,Ce,BAz,BAe,BKz,BKe,BΦZ,BΦE,Gz,Ge,∂Az/∂t (finite diff.),∂Ae/∂t (finite diff.),∂Kz/∂t (finite diff.),∂Ke/∂t (finite diff.),RGz,RKz,RGe,RKe
incipient,233578.68437988567,151069.34447479196,1093247.7096378529,237428.25302044905,0.8658630783408168,0.25410032371327057,0.45034545930506387,4.818439571354613,-0.7428503345892158,3.058498307262581,17.099159320159785,-1.4325736656280825,25.110422964852,32.20164162237486,0.5677296218240505,2.7074408419664073,-2.9502437341125405,0.9124169516291691,0.09116065188811198,3.223376339903271,-1.0874299974692372,-18.324207205917556,2.4182578920079307,0.28785589348180396
intensification,103224.47803091074,181520.6282633842,974579.9046609205,424864.0289924552,-0.4236591749936119,0.4260555507098389,-3.5873180013383084,6.8875875545192855,0.925972280336486,1.0919951771386442,2.331367573489703,-2.8513334151703713,62.94502987600664,57.56084410166251,-0.08715700684634313,5.404425940412744,-0.8313605887667621,-0.3114130768914476,-0.6005285919936587,2.9970055357459113,-1.7549364933870213,1.0790810108485585,5.058123749779355,-4.62656660494131
mature,146614.14223740617,106908.51392905177,1118559.3795622718,535368.9415547628,2.3943147244029923,0.8653955139322965,-19.753603552187766,4.222581359666003,7.027999444301946,-1.93823924857383,3.8801070363041545,-15.086596771503546,64.52085454885892,13.676549434610042,-0.3367695621435468,1.85510443090985,1.2026185170666375,-0.7564199423882503,3.247408247089312,-3.0691127185026703,-2.5656706889000196,16.726590038569928,4.5390051519192856,-11.95870085885289
decay,615688.04416877,79566.9423912171,1913127.9659664184,187436.7432260677,2.6399599079118614,0.4287371563165624,-5.684836273895309,1.7805954744904815,0.3918050474921143,-0.13716947546479483,-18.431176825768823,-3.5462998968245345,56.85671451579591,16.7182724551941,1.6210680040410161,0.4907533231657886,2.676560906134352,-0.03974233982721288,2.825272474525125,-1.2203142991067712,5.353452922870661,24.301325666277396,1.4492854538115012,-5.139446150668026
