,Az,Ae,Kz,Ke,Cz,Ca,Ck,Ce,BAz,BAe,BKz,BKe,BΦZ,BΦE,Gz,Ge,∂Az/∂t (finite diff.),∂Ae/∂t (finite diff.),∂Kz/∂t (finite diff.),∂Ke/∂t (finite diff.),RGz,RKz,RGe,RKe
intensification,1301949.0906445335,87357.4290833668,3259135.963334512,152044.6040698783,-0.06933247401893212,0.712327288864536,-3.8524560038366302,0.4003396148478944,6.51455906197605,-0.7118107922242372,16.165574719974472,-7.445085795330955,-29.897562609300376,-55.99887866607122,-0.7275852195013144,-2.0194744466180485,10.282821084902052,-0.18742258888097243,16.317389869360493,-0.9427745199870924,4.411256837771606,4.073603627241582,0.2124005293266232,2.2495156566593377
mature,1476546.665471692,93826.68391308907,3737996.5119154914,152160.58000252792,1.251745009948116,0.8350193795969802,-4.633085915802815,0.24019114916372455,3.131321710937871,-0.11083774476482605,13.728537100719272,-5.800097692078553,-22.640835189014595,-69.60176290578752,-7.085492796254001,-0.7710539328462191,2.9288913210237952,-0.207736705738576,18.112117045303535,0.7750491799669497,1.8843339996310207,7.76492085043896,-0.6917271914070056,1.7018698070789626
decay,1423450.7216329435,85737.20082371953,4712396.799798707,234584.52145061258,2.565029043776892,1.227418980524782,-9.032809760161138,0.9359989411422793,5.624852683295227,-1.0126639360357745,-7.3831377516698655,-7.079124966047886,-11.026006166637904,-92.62021731467036,-4.610569452296391,-1.0672243572278945,-4.4697883587504545,0.28364077278369,16.314873213270687,1.8933613317070352,-6.302193017744008,30.1657916813248,1.0048846694369622,-0.9963224035484958
residual,1087825.5252379556,123421.869901533,5449372.519644873,340741.18437697034,-2.0974946542953714,2.1699201622687467,-11.591136981152554,3.13723423441925,7.592764250439828,-2.8528454242274046,-7.1442045864241255,-2.909587739334571,26.708144069686984,-77.9345218949727,-1.4699863886868507,4.102892612455448,-4.869312829038719,2.0530597273982334,18.70815154644566,3.086699115040079,-12.389651571505173,39.540987768317706,5.873219223776141,-8.732084361197154
