,Az,Ae,Kz,Ke,Cz,Ca,Ck,Ce,BAz,BAe,BKz,BKe,BΦZ,BΦE,Gz,Ge,∂Az/∂t (finite diff.),∂Ae/∂t (finite diff.),∂Kz/∂t (finite diff.),∂Ke/∂t (finite diff.),RGz,RKz,RGe,RKe
intensification,1147006.8391802465,67536.70375655874,5332001.296458629,267134.5246994623,2.1696618192303854,0.3176035933574051,6.561009471230089,2.5891450968177985,5.445544950765845,0.5506079757598245,82.26258382337026,-3.630385771857045,-71.7073029449856,-130.08283923821037,-2.7189531459377148,-0.1310636626004303,-4.960968836217776,-1.2710390264525733,-23.021199018214002,-2.303959364389769,-7.91924837439583,-114.01445413204473,0.4498945012479961,5.298290781879566
decay,818132.5474564956,49954.740234019264,4038061.1569990288,205453.4905279344,5.080445846266763,-0.1140951575760925,1.8371502284335175,-0.7025903997986641,7.097556501829307,-0.9057225388298492,72.08717967437626,-2.136733464511182,-214.38953085194998,-217.64112204841445,-0.3140528318356351,0.5683503040750056,-5.8697846016786634,0.20737930363885795,-18.939905684026446,-0.574820946603372,-8.0009904148173,-97.94468143310299,0.5246066002461357,4.101653146139992
