,Az,Ae,Kz,Ke,Cz,Ca,Ck,Ce,BAz,BAe,BKz,BKe,BΦZ,BΦE,Gz,Ge,∂Az/∂t (finite diff.),∂Ae/∂t (finite diff.),∂Kz/∂t (finite diff.),∂Ke/∂t (finite diff.),RGz,RKz,RGe,RKe
incipient,446410.2189210509,73330.37901684256,3481414.204057717,252793.91367630087,-0.893532790894942,-0.4586804322009604,6.663227775086021,0.907660582473725,-6.407089504942637,3.5650845127568025,29.983603154353688,4.275224599338923,-130.32669877931673,-115.99209260132996,0.3412587119489799,-0.6447216389164981,6.495323756264697,0.8589762611754637,5.529807894614962,0.05586746381445018,11.550200038111432,-30.223490243929806,-1.3397672369066527,1.5362100570878237
intensification,579521.9558886692,332586.97199561633,3196329.1067116945,543212.8481555332,3.979366871227504,2.7018984166897417,-4.710774503286467,6.396487267987308,3.6888702691519555,-5.325162620477706,9.735710321138342,-2.3200291976878447,54.18770567544227,66.40574641069841,1.7037330451416313,4.804657241714892,-3.0688612966224116,1.0402976245639055,-11.154771050193997,2.1534867364326833,-0.07646627785712068,-20.159073739273374,10.060049096339174,-6.6337458371532465
mature,273011.1065486752,129585.43433149767,1608306.9901821497,531977.8681437148,-0.014732965905542883,0.5843842755782163,-16.113704987303002,1.9455975777176922,2.3977614239240213,-2.974320133361511,-7.225141962182251,-11.65820377076576,96.4907741761186,78.54473468401682,-2.0383983123399014,0.0939616751689798,-1.0120818845824178,-3.241652637640589,-12.982205411291147,-0.2851591064305147,-2.8401919988337654,10.371374504099652,1.0938807978603975,-6.68625790068545
decay,500030.2293273288,186651.52210083583,3930521.7343893093,437886.4800996266,-2.731733235423446,1.578913592187086,-13.24518997172166,3.880448332015148,-0.24893759628035295,-3.4515842167927944,-27.01616474933731,-11.631975359242897,262.1997842777636,204.53778432270917,-0.5781821915430309,1.5151758460147167,4.223091865574967,-0.33090687060183577,22.935987037816997,-2.666404379268746,3.31920981861896,65.92907499429943,5.42221208601902,-8.160067323762659
