,Az,Ae,Kz,Ke,Cz,Ca,Ck,Ce,BAz,BAe,BKz,BKe,BΦZ,BΦE,Gz,Ge,∂Az/∂t (finite diff.),∂Ae/∂t (finite diff.),∂Kz/∂t (finite diff.),∂Ke/∂t (finite diff.),RGz,RKz,RGe,RKe
intensification,430338.2791245903,282090.98974049225,2185478.4915018366,779845.32460511,-7.883950230495036,2.6523777557595216,-1.922801254839321,14.061613592882969,-0.16969411092917305,3.358473219129424,-18.572154050714246,4.44430772646087,106.66459252041503,81.620359283766,-1.9408548933454144,4.902130091360616,-1.1010714939954729,-0.14690701290629282,3.1993225589239556,2.3358119162068216,-6.162949857801814,31.578228094972562,7.903855605087729,-18.092910657976336
mature,379463.51718140644,146898.2667258909,3032766.0317337885,551123.7433257033,-5.143859019076328,1.8734295576555104,-10.852303985160699,5.304887377796611,-1.4979076526918478,0.9838265040536236,-46.23874129633894,-6.521766768232099,254.98724580690413,235.3645300307693,-2.1186993949266233,0.26942446060841924,2.7125056326093,-1.1241765219384043,11.739726332076518,-8.575758025653773,0.9399838238803311,73.97463063265248,1.323454794149073,-18.211182620378985
decay,608275.1315419977,58173.973864973486,3851295.838865804,155090.70624274857,0.18875460286788986,0.21238488450245194,-0.9929334637084982,0.6837482294609855,-2.1904863337065823,1.2053691639235788,8.723819012576314,2.1307568155738363,0.532356422141565,-38.83510399222163,0.13071062150520865,0.19672724338216133,-0.18310966207037738,-0.07900395892872018,-2.0437056891331604,0.12025446267726653,2.408516159006546,-9.963345840868865,-0.8130097778937658,-3.6871840460660543
residual,167499.91335167896,124536.7409379753,1172899.3882967967,464978.64754828764,2.085811936897848,0.5050429308701536,-5.426619266514203,2.3060510959878795,0.6947448793152029,-2.4454179537878584,3.731791254262649,0.037895288785852084,11.34303888391807,5.735654355696121,1.3384128244602171,1.577164327442289,-0.821257139851371,0.013069783274597974,-3.2518092255582527,-0.338258934687961,1.074852848601427,-3.6427931502045467,4.259495902180182,-8.108824585975897
