,Az,Ae,Kz,Ke,Cz,Ca,Ck,Ce,BAz,BAe,BKz,BKe,BΦZ,BΦE,Gz,Ge,∂Az/∂t (finite diff.),∂Ae/∂t (finite diff.),∂Kz/∂t (finite diff.),∂Ke/∂t (finite diff.),RGz,RKz,RGe,RKe
incipient,151054.61600158556,114345.896219393,803078.9327318291,630057.325237734,-1.2882403024898184,0.754856942476936,8.310164515992902,2.342381036686964,-2.0723878307901513,0.01981707608745625,-2.0280311596752134,0.17073449424085957,1.126765513123661,-7.653602305044773,-0.3930594293302281,-0.8455574278632132,-2.2256956384530997,0.27359573382749897,1.336061050664058,-2.6357729740463105,-0.6866911676758306,-3.6578320031638127,1.8413027519500706,3.161276011018768
decay,128591.92148877782,98946.99296496638,877694.1126775157,499543.4749467592,-0.11740029328375053,0.07754981023903731,8.181174363440729,2.482355146299922,-2.06734785756441,0.5522027802431345,-0.9060724377071129,-3.8035760033339785,3.9610842357543268,9.114556950794464,0.6860472122683202,0.9845396046645476,0.20720858464223907,-0.7078040947460138,2.463283463174043,-4.449195832541692,2.2347059591619356,-4.6944181692758225,1.1447984610717359,5.053199387933094
intensification,148714.05456006515,60596.78785149459,1039360.827460926,298488.6566678359,0.8526021773020144,-0.2482653722430992,4.006518916778115,1.0384129352065241,-1.6038917118152463,0.2195435365842639,1.5314050816151745,-5.678518100750203,18.23621832666522,8.309436414790007,0.9534402353062873,0.4336184001275811,1.0298236412784152,-1.3342301154021634,4.9862097755191055,-6.408772593798544,3.238052158152577,-1.4043164001761985,-0.26709534453680395,2.2378514885232508
decay 2,186734.41857026672,41463.98029017001,1072087.2787534427,154906.39189872312,1.2172875207660792,0.027837626397393272,-0.14439791426373458,0.12450772981489645,-0.8337669852207572,0.6065807284597183,10.728242774333628,-0.8459282075500715,17.22349945742256,0.651312744906257,1.247209669172676,0.6012082496223702,1.194267349982961,0.04727820781755491,-1.2065845993569948,-3.5018043668472303,3.27315948236719,-13.007716980192967,-0.46263241722466025,-2.924781803375789
