,Az,Ae,Kz,Ke,Cz,Ca,Ck,Ce,BAz,BAe,BKz,BKe,BΦZ,BΦE,Gz,Ge,∂Az/∂t (finite diff.),∂Ae/∂t (finite diff.),∂Kz/∂t (finite diff.),∂Ke/∂t (finite diff.),RGz,RKz,RGe,RKe
incipient,1127408.887396127,66350.6735435952,3706232.0971570443,113375.39992508048,-0.2298215336761074,0.5781697793889403,-1.1959880972042967,1.7242183983923447,8.449357677472802,2.8955821643964383,26.5288296467277,0.8388856516896087,124.27169797677345,146.87501039798653,-2.535622958205239,-0.12990630236207068,-5.751135365409617,1.0821896708024707,16.407816024480354,0.0994357637739804,-13.852144797169588,-8.695203991366943,-0.667343874590563,-3.6596563835122695
intensification,432012.38351542695,184425.43875333204,2971184.6297639115,193110.58383538152,0.719815382325894,0.2938216888205823,-2.1891543449054063,2.5807410357525646,3.658837702538355,2.818818220789453,51.20730854571507,-2.1179744972981287,202.49527841365628,176.23971534014387,0.03299502489902802,1.5858373604341987,-4.830746731996303,-0.31584839889738103,-20.711668165067834,-0.155105582570792,-7.475947363388181,-70.44963774820341,-0.8477472727548521,-2.8070264659306337
mature,358721.9074730766,39901.046476693045,1579561.5795440904,85119.57270825352,1.2339920260380544,-0.12013230066449541,-0.6177713290052842,-0.1857816359845649,-0.1737105586134561,-0.22380120124788958,1.9065034906890084,1.3125287044371867,56.986418396515404,17.415390585508117,1.744538937173307,-0.0513124190726173,1.3645729747004287,-0.831738999727821,-0.3225433013169743,-0.4703525911908277,2.6521432586874445,-2.8452674890387524,-0.6735871338000008,-2.214870988648734
decay,309449.8622850801,35137.83636829582,1165879.165636629,132380.90004252325,1.7249156788253204,0.17346059031125696,-4.424506005376056,-0.01408358321549849,-0.501147496325275,-0.45492989717001414,-1.7346757784064923,-1.1274047292799505,38.88678692469822,14.90250897658938,-0.36200150021737904,0.07080388457987777,-2.8041652854614925,0.14498528463638372,-13.108898539913932,2.136401766099937,-0.40464151999964004,-8.674632434956708,0.41237100827964235,-1.1466159267806697
