,Az,Ae,Kz,Ke,Cz,Ca,Ck,Ce,BAz,BAe,BKz,BKe,BΦZ,BΦE,Gz,Ge,∂Az/∂t (finite diff.),∂Ae/∂t (finite diff.),∂Kz/∂t (finite diff.),∂Ke/∂t (finite diff.),RGz,RKz,RGe,RKe
incipient,590486.029116601,158544.32374697275,2345741.886895667,160487.57001287868,-0.24368108877653305,0.4576390423692919,0.8484190412840119,1.674985094784061,-0.695674970732238,0.9025480962356168,9.468902850180555,4.133880192958407,39.21899442312018,49.103235121774084,1.229077035110714,0.33431503834725657,0.06989119213789599,-0.04949658972043802,1.5177913999427528,0.20527152329608217,0.9795241164628931,-8.555849402745283,0.26530136645871405,-4.755174723162374
intensification,510698.39676231233,143822.4968062245,2165357.916298961,201756.09338758935,-1.4612085434294115,0.5321058244222591,-1.4998904280617484,6.027584710109591,-2.2338516529096752,2.4395522972385786,-6.570382145968227,-0.5143883322735389,65.4939541949826,73.70699462954474,-0.1310851762911898,3.097347849254702,-0.5100854127679063,-0.3139851607813022,-4.069785357958267,0.6525675915530134,0.794663521134617,5.461695759501121,2.741941427667449,-6.3605192143447855
mature,480328.73728847783,64603.57063154396,2076977.100838034,292423.3510684801,4.904786399087334,0.28175836597039644,-7.201032519276337,0.433557620654599,3.0443614720165124,-0.5639090903138484,-32.86962742003141,-5.0142714760977825,8.826100113888533,-1.0492289136365116,0.0574729716982762,-0.17592886573221012,0.35168880310636913,-0.4506473604713786,8.75625965339944,0.06630908242092626,2.493872096147587,43.92213319361985,0.26506098452667254,-2.5540095814122274
decay,998718.0116003647,105772.15676879432,3625860.2593696,275790.721970085,0.5778852694452469,1.542521262383565,-4.579663693637787,1.5546573778845578,21.602741697959395,-2.40565686184682,-3.062398823403876,1.6363297036632438,-28.247171168906622,-81.82309290111955,-2.6055578237716635,0.04258819334578767,9.51982815831306,3.0036589011756516,24.54007354326427,2.1802993753849678,-9.962507007817525,31.60425079086069,5.421451878523465,-5.590351399800621
residual,1592336.0849459136,485948.329944462,5243055.278637282,585284.5365790722,-11.386473917989983,9.85946858538072,-8.43182674499055,21.9787058815833,50.27721779857334,-11.397304608620516,6.618915991982853,22.375376186748348,149.0966793692972,99.81064893770002,-6.879242563448269,25.07458313815798,-7.641713003897932,13.307577718690531,13.113331413478246,9.87285292699294,-59.44593613508054,26.31271608447593,36.82411962351362,-42.91305588632926
