,Az,Ae,Kz,Ke,Cz,Ca,Ck,Ce,BAz,BAe,BKz,BKe,BΦZ,BΦE,Gz,Ge,∂Az/∂t (finite diff.),∂Ae/∂t (finite diff.),∂Kz/∂t (finite diff.),∂Ke/∂t (finite diff.),RGz,RKz,RGe,RKe
decay,922076.7818414626,101124.59945314827,3337437.1747943405,345964.12024787033,9.819052365467217,-0.41469448694925015,-6.655563424257924,3.39911817314404,9.300661969281864,2.9418531762437565,-60.874194492698464,-3.0459172681519124,41.445300201318545,27.004614377034887,1.5425956250339439,0.9639181917954711,2.8120424265837305,-0.7373147642833987,13.31020368480733,-1.7177613056673566,2.915738335819833,71.02090923629649,0.13464471956613494,-8.726525634917408
intensification,973609.2015346268,89939.17429747304,3652801.989018712,305559.4158079736,2.675302045420859,0.0896615499157963,-9.157169622445,2.48463515808028,5.355021420339994,2.54522575797018,-49.52432808266877,-1.609160021398979,79.04867307784305,55.17096584113196,-2.4039915031221497,1.0756474328503518,3.78900430663858,0.1399002570223011,21.520206569724703,0.2099820502385221,1.198946481635241,77.52640222941761,-0.0103518927833952,-9.822662708887778
decay 2,1066111.256367621,86651.08310843671,4268286.284295916,328977.1702524033,5.294919268698206,0.2177243623251284,-7.213549458086104,3.5410989359247957,3.5277291993061826,2.958161176496473,-60.25710239499085,-1.7169387997555,112.91707705266299,74.43148850228387,3.1083044346788498,2.164803049714814,4.1344001927031035,-0.3432188699496534,23.857272597632942,0.9742945968450236,6.119314624420254,86.0330051820117,0.02199452715354111,-8.063414997410376
