,Az,Ae,Kz,Ke,Cz,Ca,Ck,Ce,BAz,BAe,BKz,BKe,BΦZ,BΦE,Gz,Ge,∂Az/∂t (finite diff.),∂Ae/∂t (finite diff.),∂Kz/∂t (finite diff.),∂Ke/∂t (finite diff.),RGz,RKz,RGe,RKe
incipient,252138.07008265195,185450.16125207907,1944716.50593195,278193.5428430416,-0.9537132860817014,-0.7027738968498118,-0.49495098210725214,2.4603617856672044,-4.401655897766465,8.162846753356792,24.66363217746609,-6.251760178527026,123.76699013644745,132.18939339326,-0.17449525996974433,-0.05291275377739505,-0.5492607703054776,2.756701368088706,13.434056471929322,-1.4074872267126624,2.195907944529474,-9.780911437347816,-2.2430097027510714,1.888960184039906
intensification,529158.8003822532,104159.34449591367,2847380.606574897,173031.23823776096,0.7726910623589451,0.3486763286841458,-2.926403377861358,1.167980631927697,3.034245467315458,0.9173913500721713,-12.580679651064736,-0.6620412696484379,100.86250316377705,45.831464506357456,-1.4768366658803107,0.06398119295372436,1.4000772751063577,-0.5026506774079909,3.1939724186184937,-0.10106625177027444,-0.5128008011660097,17.92836438518564,-0.6007377242366111,-3.5334089919108904
mature,476976.17267284275,195844.42840488025,3611016.1569714593,258611.13927139938,-2.4943267738667325,1.0185730710053138,-7.3739089785362975,3.1160771918987065,-3.9671986158698354,4.748094697866473,16.15378347425747,4.062775908852037,186.22156510150504,66.49069778910355,-2.1210243389086814,-1.0609166777899346,-4.310125892378491,0.03791183664077418,6.052928345782994,1.8297728431467808,-1.8186809793700758,-0.23261937607144542,-2.6126787403323086,-12.722989236140261
decay,227886.1697268497,107959.41725630526,3601406.1016715593,450846.3283032314,0.9180700890722887,0.7431869175660295,-10.072958341464878,2.643151210320892,-0.9619522409662065,-2.207852626080823,-10.564069923240222,-8.809624334921157,16.37277612146026,-52.22962694563578,0.4630121755889657,1.8595772745098835,-1.8918723163263778,0.1510687629974776,-13.088997956656737,3.4315320909747684,0.7313369312781469,6.629960218976079,4.258885681833162,-0.47495312588984395
