,Az,Ae,Kz,Ke,Cz,Ca,Ck,Ce,BAz,BAe,BKz,BKe,BΦZ,BΦE,Gz,Ge,∂Az/∂t (finite diff.),∂Ae/∂t (finite diff.),∂Kz/∂t (finite diff.),∂Ke/∂t (finite diff.),RGz,RKz,RGe,RKe
intensification,499809.91646815196,120696.73660342328,1757558.9705571607,245961.94453715204,1.3606281415908916,0.23629741849314717,-2.4652718372445626,2.9971931504086378,-0.15865562622775545,2.6198101226394277,-1.6444988479441245,-1.0646992452220798,62.544709431271755,70.75913645629002,0.9006296981270532,1.0047994494130843,-1.9925868039119186,-0.16935748177934679,-12.972843376744567,1.0633353634281502,-0.23700561760012429,-10.223700833146772,-0.028271872503283335,-3.3344303790029715
