,Az,Ae,Kz,Ke,Cz,Ca,Ck,Ce,BAz,BAe,BKz,BKe,BΦZ,BΦE,Gz,Ge,∂Az/∂t (finite diff.),∂Ae/∂t (finite diff.),∂Kz/∂t (finite diff.),∂Ke/∂t (finite diff.),RGz,RKz,RGe,RKe
incipient,736839.4905634758,127259.0638849339,2165086.0567586864,308129.71770629985,3.2256198809707484,1.5741238574142598,-4.775315230931485,8.233056867061487,1.6318656600920347,2.762924206613064,-21.213959657289525,9.982762101982768,4.23209649640844,-25.48946891833695,0.2414471144051197,-1.2755757678792938,-6.512520437248739,2.614263274780936,-1.746723751502275,4.431635681125648,-3.344642358955765,21.016931255747984,6.510272077815099,-18.55949851885009
intensification,471645.4262263622,191701.7799259577,2429697.1302230717,424329.98187937186,-1.4113139438212572,1.4551657619471792,-7.348600095890747,8.481172344741248,-1.0439335472784674,2.1501893666814893,-26.17833482004251,-0.11513599203595544,143.837134737658,121.36488655604327,-0.9593058648022903,5.437221436638483,-3.5691069499671233,0.2653180355756958,4.036006994730429,1.1395434643671198,-2.4813215845627337,38.974255854484944,5.141135251688276,-14.575092984228924
mature,287413.9820576154,168937.12682035405,1874736.7221816932,512429.33977607713,3.8445332116604805,1.5000692107136095,-16.75983372052952,6.9416964840382125,4.0696645215516245,-2.769073114136338,-26.275946531340743,-5.214781246395434,146.79474560201533,151.1188242719849,1.7842212760570597,4.080809375638154,-2.770177272293455,-1.0294642672498948,-20.39713228511372,0.06913298155534342,-1.4952393714709895,18.794114755096064,7.181236120211047,-18.417615976616954
decay,550569.7309962946,76009.9966061813,2690584.00039979,138470.01607560783,0.03856673445577433,-0.1778341341169103,1.411686443101708,0.0427888360435231,1.7863700313126514,0.4013651060847057,0.05792306309102315,-0.9785157611686895,-107.6698614487309,-106.27348412639388,0.2153153799560922,0.3176704403889572,2.113236631140247,-0.07387891755220265,3.0776749025478476,-1.3750752636245331,0.18759920016645942,1.5694986618993436,-0.25462105347647485,0.9723381046023407
