,Az,Ae,Kz,Ke,Cz,Ca,Ck,Ce,BAz,BAe,BKz,BKe,BΦZ,BΦE,Gz,Ge,∂Az/∂t (finite diff.),∂Ae/∂t (finite diff.),∂Kz/∂t (finite diff.),∂Ke/∂t (finite diff.),RGz,RKz,RGe,RKe
incipient,685885.4883884595,75163.25874772885,2059728.415415585,130635.23156876078,1.1689955019275078,0.5316970225232177,-0.5682393095031363,0.9309009749867748,2.2553783931110445,0.402495715153569,-13.466497136338328,0.2233023299241287,10.518626303253685,-2.87200123341651,-0.3998025170396215,-0.2783445902666755,-1.7566054349326492,0.5440252107057514,-8.360737583067186,0.09557544514346239,-2.311291303592969,4.505003360846771,0.5407334480157392,-1.6268671692705776
intensification,472805.5355938379,91905.81692957213,1497459.3405816373,289617.88052767614,4.893386685180861,-0.167350259743149,-5.918190701920527,-0.5728670642453326,-0.39949637770328456,-0.1812824022441783,-10.42278323629553,0.47243334782412433,-7.536262262423191,-25.109407516409057,1.2448141478528951,0.376905378004192,-1.3947438013028342,0.012965713212763746,-3.1645525870434965,1.8084782253854697,3.730789001838162,8.283034665991702,-0.21126868904524168,-4.009278760113848
mature,400528.4978485469,79875.84994506786,1190681.424523381,411369.1512178825,6.859334614275504,-0.09371165319169461,-10.205406195375405,-0.22607565225864173,2.3289426177381096,0.46449415877975053,-6.866715700718684,-4.870672469777359,-6.4093652438016075,-25.93540923198005,-0.27625257540216125,-0.44894381261203015,0.5415166609984433,-0.3823367462391008,-3.815514930726189,-0.6608675775357464,4.9781970043441435,6.397272351092395,-0.9791949040857985,-5.76952565087515
decay,217276.38512673357,72902.79480686878,892443.5928999736,276308.8607937443,1.9955315041992463,0.06508848284392071,-2.4266338712996864,-0.1354433475869904,0.18392405033971737,0.8047997306947695,-1.2741578724780787,-2.3401887216265824,17.514380075511088,29.029318523734783,-0.3739521254688221,-0.9368099879523997,-2.3385851306551415,-0.07070502974296297,3.745446646326838,-1.78447999878944,-0.4618891939516911,5.450706885905357,-1.0760365908686438,-1.7354818008755546
