,Az,Ae,Kz,Ke,Cz,Ca,Ck,Ce,BAz,BAe,BKz,BKe,BΦZ,BΦE,Gz,Ge,∂Az/∂t (finite diff.),∂Ae/∂t (finite diff.),∂Kz/∂t (finite diff.),∂Ke/∂t (finite diff.),RGz,RKz,RGe,RKe
intensification,425505.8790374684,67927.68458099324,2171656.0922561395,223468.9810529042,5.486535559138315,0.3056152874571181,-1.384037697531076,3.3266718650854727,8.877205715938471,0.44177128300470175,-16.207920637978173,-3.0846275680538415,21.442417995857667,-2.6610747648157793,1.1110221483609786,1.610959572442943,4.286633069073133,-0.2448088438326371,11.731889009561897,0.45377738259735684,1.2015781997300945,23.837311785932837,2.334476450791016,-1.1723046119653506
mature,517262.12196277035,47836.219437193344,2021428.8236035695,186841.57432558527,9.514567552695546,0.29903741475168943,-1.3421325904116137,1.2763419980214463,8.77077187430073,-0.27043165328508467,-9.349185750487674,-3.200923782854402,-4.145418767093359,-28.002692787156057,0.45158451336008054,0.7148361359943189,-3.9644922001306298,-0.2868071049113794,-29.145877141501114,-2.4071385830656054,-2.9216591069841247,-27.96912635329737,0.9609291316434623,-1.8246893886442634
decay,398181.58040331077,43209.40760285892,1605514.2246186382,149981.21250989733,5.78605120788139,0.06576929717740929,-0.7568241395063564,1.2384347680833439,2.5290089897521253,0.3757068314283302,-8.013473816962465,-1.907107334825082,27.218736354996615,25.550044427912816,1.287290835152424,0.738251177994827,-2.1923462777212572,0.1973616669591971,-1.6255039162290417,-0.4923190902995223,1.1304652375854174,1.3587428323583894,0.9943203064368014,-0.5804706630641405
residual,200109.60060178753,87493.64664310026,1913449.2611250202,191957.08132770038,1.371648455815183,-0.17076413665665618,0.92971998132751,1.379481243035968,-2.0087140507823364,1.427259107153415,-14.85599524467442,2.4777801550401475,109.96542740327644,126.57536401047739,0.5234386523311966,1.0459859974282273,-2.044961379893166,0.26476474869092065,19.59109697753005,3.265373785266113,1.1646369900476967,32.145723785061776,0.3877510212301295,0.33783236851750714
