,Az,Ae,Kz,Ke,Cz,Ca,Ck,Ce,BAz,BAe,BKz,BKe,BΦZ,BΦE,Gz,Ge,∂Az/∂t (finite diff.),∂Ae/∂t (finite diff.),∂Kz/∂t (finite diff.),∂Ke/∂t (finite diff.),RGz,RKz,RGe,RKe
intensification,250123.54540848796,135439.3416879705,3088029.8592037736,299559.07018787856,-1.492701805229675,0.1269190181928166,1.4010646281456451,2.16796902102417,-1.2395985202578017,0.01834747822959215,43.333370805543865,2.4726963310153183,40.96488836694223,45.27060457942732,-0.06802030428516646,-1.5789385794227249,1.0209894181553545,-2.9991781132044997,-35.53682962199766,1.285720320416004,0.8948051513762978,-78.7785632504575,-0.9764755886027384,-1.9538804034778392
mature,276026.4518156777,71262.84319667579,2221586.217468551,317643.9859567415,-1.5285895606461408,-0.026258286820551546,2.6478072125190235,1.0685030452789785,-1.8182740587124524,-1.2613251742575264,9.200615449655814,1.0279205781067895,38.97999030089184,32.69896679265146,0.5794735388229795,0.10814579702457346,1.0295954365690543,-1.5694416628780201,-25.077392008823907,-0.07156877186386229,1.2930216478148142,-35.3972251103526,0.7866448434790363,0.47981481726939323
decay,234776.846915588,63320.25807214917,1678647.160505518,331171.76586911303,-1.9897223808289561,0.24530214730422448,2.594389035101897,1.2425853490387897,-1.0759759898288264,0.32126303318216215,-7.197054994528928,1.2222047765548785,57.01035209416306,54.85905636415761,-0.9423727004076417,0.13134064105166002,-1.014223781561494,0.36368628701602124,-6.575714925131179,0.3010877955161309,-1.6826680252573991,0.016673415124808244,1.0397064555684243,0.4306867050243595
residual,273665.3110932139,144193.42036419097,1499441.9538332056,344826.42028334754,-2.0879428738907664,0.5110009384595152,2.0887820525008203,2.7395899723266264,3.322626234955608,2.868203123895274,-12.870925412744034,3.534975084864193,59.643083386768886,84.24603161725459,-2.4032786309843694,-1.2087822926008456,0.6682485986438893,2.3059605349112746,2.81533870159627,0.04258077632063275,-4.231319571742969,15.685424935730248,1.6663464448831127,-4.143202228369367
