,Az,Ae,Kz,Ke,Cz,Ca,Ck,Ce,BAz,BAe,BKz,BKe,BΦZ,BΦE,Gz,Ge,∂Az/∂t (finite diff.),∂Ae/∂t (finite diff.),∂Kz/∂t (finite diff.),∂Ke/∂t (finite diff.),RGz,RKz,RGe,RKe
decay,449166.3202269344,93551.36880122776,1006057.6882921875,358982.60156837496,-1.8690117945898144,-0.07592164298450899,4.699693945524226,0.804464207464815,2.792999510399167,2.1796993487872847,-2.6932600172585297,-0.49386237727487325,-27.620082582568216,-52.43791605913973,-0.2120943998703981,-0.0053595365052201025,2.5672782832340393,-0.28174025838375266,-0.6281611698628311,-2.259452492220239,-2.1706546647394505,-0.7655833035387143,-1.5810537567217124,2.1296396231140453
