,Az,Ae,Kz,Ke,Cz,Ca,Ck,Ce,BAz,BAe,BKz,BKe,BΦZ,BΦE,Gz,Ge,∂Az/∂t (finite diff.),∂Ae/∂t (finite diff.),∂Kz/∂t (finite diff.),∂Ke/∂t (finite diff.),RGz,RKz,RGe,RKe
intensification,660942.8814532526,195771.68591208724,2414773.6846367107,351663.32127887284,-2.05181815547571,3.3279771964656337,-2.8998990909629723,11.383947486766731,11.30556375833501,-0.7292590658960708,2.581871145300793,-1.7779731093159876,28.720877705404824,-2.999899427092684,-0.7014732569104862,6.62644152463692,-1.0364042904137092,2.140616637783808,4.43557122911872,2.120562414317035,-11.065809007758794,6.805417330256606,10.925845993980978,-10.38531105409668
