,Az,Ae,Kz,Ke,Cz,Ca,Ck,Ce,BAz,BAe,BKz,BKe,BΦZ,BΦE,Gz,Ge,∂Az/∂t (finite diff.),∂Ae/∂t (finite diff.),∂Kz/∂t (finite diff.),∂Ke/∂t (finite diff.),RGz,RKz,RGe,RKe
intensification,602379.2407100026,59452.543612042005,2862581.7649053875,162979.99245736093,-0.25612769847990563,-0.014388516727824784,1.7883493817130112,0.5016594240650669,3.419667276198276,-0.5415201569669934,-2.6797100621702983,2.7877248264068917,-43.512745967351066,-68.88625790964615,-1.2965933058996455,-0.3681916536280344,3.560446015377173,-0.14865220741592672,14.810473599198072,-0.4611030691238334,-0.1297374760288334,15.957961978135263,0.9089158903439584,-1.9621379378827808
decay,778223.6074977533,52296.25343870871,3441255.075313187,147970.21929585742,2.2267572299473506,-0.10360293970530647,-0.08680902712750296,0.07726015628104002,4.072929380326783,-0.19351287020193492,-22.05339423479206,-1.0875774266845895,-14.043659879334806,-44.62910976984304,-1.3484906513980754,0.42741817891829054,2.5557046821703056,-0.13054889067483313,11.406538461196755,-0.05499694786234879,0.6059295920855668,31.319984493168967,0.24382707551344832,0.8685112954136975
