,Az,Ae,Kz,Ke,Cz,Ca,Ck,Ce,BAz,BAe,BKz,BKe,BΦZ,BΦE,Gz,Ge,∂Az/∂t (finite diff.),∂Ae/∂t (finite diff.),∂Kz/∂t (finite diff.),∂Ke/∂t (finite diff.),RGz,RKz,RGe,RKe
decay,268905.3348516255,62201.95941940641,1159107.5006223498,328540.1797198949,1.9995022489302157,0.21491096905930293,0.5233170909232917,2.8051670624265803,3.4370525565737484,-0.48167439741812806,-0.02005701845089014,-5.191846438287277,2.597961984150882,-11.804055221560056,0.07027645352540307,0.7475812246830102,-1.0275814671859742,-1.1794422317064575,1.6418830984781596,-5.284654849634005,-2.250220805770204,-0.8608792229244568,1.8924882590789478,-2.3746583828500167
intensification,253672.49476612575,51523.758848794154,1409974.9700556546,240754.04974316753,-1.1674496283096192,0.25548107579736257,0.544059284137452,0.7800119025212287,3.061925112502424,0.12193078862086325,5.613753946636805,1.023289145265075,8.592003596399655,8.629576838659869,-0.9543844926931555,0.4412649967822192,0.28216425036973236,1.1394464454147246,17.29877055198814,0.39543063656247357,-3.6917294146449477,12.308406949523505,1.5420464835177277,-0.863811127086378
decay 2,290616.2314850576,103174.5145219726,1965890.5527944267,306131.67994988756,-3.0115578328040584,1.4457676353687223,0.0364778417671449,3.9540424842705324,6.990816946155784,-0.14645210153379296,-41.748146755562175,15.326075323493441,88.46475019433129,81.2310856553018,-2.3875390806784793,3.5394707249873862,5.238045269398515,3.126821258859023,37.428104348626704,6.244838530000844,-3.318561874192605,82.1513310952258,5.781548209294626,-12.998801435995983
