,Az,Ae,Kz,Ke,Cz,Ca,Ck,Ce,BAz,BAe,BKz,BKe,BΦZ,BΦE,Gz,Ge,∂Az/∂t (finite diff.),∂Ae/∂t (finite diff.),∂Kz/∂t (finite diff.),∂Ke/∂t (finite diff.),RGz,RKz,RGe,RKe
intensification,446545.61821365904,112371.30459154645,2284743.457659268,197088.05117688677,-2.277074636938968,0.5111914136442312,-4.143553597798416,0.9234339011671475,-5.208376056584396,-0.018792927477298788,-24.808780074280214,-2.9204758502364805,90.37905774636992,86.77776451219322,-0.6583814340696229,-0.20238084299791606,-3.1537754558257958,0.07229769372771852,-12.76356902115462,0.9991893353152327,0.2887173774638628,18.46583928786298,0.5033331087279337,-1.1473223134138502
decay,849431.8854386011,95711.11262254021,2257660.4891902898,257100.5629864782,2.5811016789444117,0.8407013933596174,-8.372763120061515,1.9336164424433868,10.126211884299144,-1.8070168806686426,-29.997792919655335,-12.917594107140268,2.2763284660130148,0.6423486716370318,-2.687307762584149,0.09315669747198718,19.31266229227216,0.5102651873373183,19.833138307945713,1.5637373346896586,12.608253480277043,55.62259266871816,3.4101971170897305,4.174951879325021
residual,1804168.031637991,141290.6453018241,3530440.4431425384,353711.60620009503,13.442483315373709,3.554306635081682,-11.809450221390057,6.328935495263436,22.641323530280623,-4.29666345047598,-103.00352353590571,-8.279221702466458,113.02756984700147,57.08777428008263,3.5443038957908284,7.328670945149694,21.645670096213323,3.062170924732176,58.234283138314666,2.150866839382388,16.001136516388083,159.60477358023672,10.13346323538991,-7.708297174804647
