,Az,Ae,Kz,Ke,Cz,Ca,Ck,Ce,BAz,BAe,BKz,BKe,BΦZ,BΦE,Gz,Ge,∂Az/∂t (finite diff.),∂Ae/∂t (finite diff.),∂Kz/∂t (finite diff.),∂Ke/∂t (finite diff.),RGz,RKz,RGe,RKe
intensification,837656.7814504089,203728.25788975696,4787202.023009471,284932.60963038646,1.1306587065386513,3.097872269328875,-3.0043135140382993,7.630806343081577,17.179024981167682,-0.8883543244639837,-40.51492728788721,-1.0488778670577075,202.5767015366906,170.66157530999027,-1.3137040052007396,3.6155458728341294,-3.6118824176458193,3.5177145819885474,23.200293156076754,2.426481401258457,-16.562376422945977,65.58887525146362,8.939002980205233,-7.15976058880371
decay,633758.0478605061,419669.17501239385,6269164.943370747,437410.2007197469,-3.43677820921902,1.6142287244298181,8.241674742928668,15.279866442565748,8.196850960290694,8.081255194383337,-24.79214351395138,4.818045525184878,397.0124943513557,358.2507842089768,0.23637972605891183,10.351191132505217,-1.6490772021705602,2.416160107920159,21.648810589258396,2.5669490262329644,-11.668477647250455,41.636057569500124,8.000542631672753,-9.289288198588995
