,Az,Ae,Kz,Ke,Cz,Ca,Ck,Ce,BAz,BAe,BKz,BKe,BΦZ,BΦE,Gz,Ge,∂Az/∂t (finite diff.),∂Ae/∂t (finite diff.),∂Kz/∂t (finite diff.),∂Ke/∂t (finite diff.),RGz,RKz,RGe,RKe
incipient,399656.658310949,327579.62083962763,3960113.5693465928,403455.87899643055,4.143200647278819,0.006347498671814805,9.730762092797463,3.258161230215041,13.55440821012391,8.39251151334197,44.00718993605332,5.239465050604874,154.12428483391108,157.4006440818005,0.5007578430199106,-2.7284721738220146,8.949026656928986,4.180110460210259,8.048336594247095,-2.5091875867573767,-0.45583340724429,-49.83281608188251,-0.9605873215884841,-1.2760517747798295
intensification,413417.0043475287,286371.3374232157,3666437.7271452365,240564.454354821,-0.2312418405093029,1.2363054926217312,-2.3986691960656565,4.367689591584247,9.841617102235471,-6.350904312076347,17.871740090186016,-0.9558909315201118,177.20099745708447,136.83907300494133,-0.30195493502343596,1.568177199122265,-1.9758600310811063,-1.959713785716073,-8.397635538815061,-1.4630767694282898,-10.812413481204144,-23.63946459242612,7.52257462532279,-7.27354462555808
mature,225043.98342899347,53395.746590610535,2802297.892240364,161958.58223779008,-0.7416742714348517,-0.016616827672966142,1.9562914317763833,0.3845652324885366,-0.8408798406757785,-0.9349921157667609,8.095463325292204,-3.318783277033573,-147.80327851987946,-144.79823183462275,-0.4531250584471149,1.1721594598760252,0.18028062912467818,-0.18405532645547457,-2.2365492471525203,1.056446228906997,0.2628693706926388,-11.546629732786258,1.1521188494727892,5.946955705228417
decay,164760.75922163855,72537.84712740735,2159590.1200248715,317711.6385394521,-0.36902061512877876,-0.3419382100222368,11.721960575907612,-0.14522500772274705,-1.9696587585592158,2.6149879528045283,15.401874914267765,1.3780178953519484,-234.56862065008613,-189.0051544791932,-0.24526406295380282,0.6262347351797846,-1.428291975326729,0.18628981288720126,-14.7333175843323,2.573499659870002,-0.16959204191852859,-41.4881324593789,-2.231984937617837,13.062667348148413
