,Az,Ae,Kz,Ke,Cz,Ca,Ck,Ce,BAz,BAe,BKz,BKe,BΦZ,BΦE,Gz,Ge,∂Az/∂t (finite diff.),∂Ae/∂t (finite diff.),∂Kz/∂t (finite diff.),∂Ke/∂t (finite diff.),RGz,RKz,RGe,RKe
incipient,418749.9224666631,524233.0796562293,3650190.3677570415,212035.85750178416,-5.789898022127936,-1.1604814172440978,1.8689961816445624,-0.7696029922517675,-5.398577516679071,22.1251812726309,92.47160699420952,1.1792729322875912,302.3724914191521,263.8483534352486,0.3843275173977559,-13.648331106385676,-2.329545091146456,-10.451689691801011,-38.05290739854298,0.2349194171786803,-3.8813470138394175,-126.60361255226913,-32.18599253943958,1.6942456587874193
intensification,319822.3784874471,302630.203251344,2352318.2191943233,277555.1802701677,2.135038131852628,-0.2684260233965312,-2.584654575949491,3.945077303769874,4.140527716049756,6.0092000837796995,40.62504021281365,-1.097765344604847,178.37614023471198,158.74614734435832,0.23784579863038166,1.566280804198574,0.8859861661795057,-3.226932718533451,-15.787653377831255,0.38742375461627426,-1.3879294414141536,-55.963077146548045,-5.022629475146745,-5.044542780498245
mature,323713.50631133566,47271.31305967967,1477903.5133770166,205366.31747756782,1.6272420796815368,0.442404889854959,-1.2320615712660856,0.6430945314449006,-2.3904111510915445,-1.1883868879538442,-6.357396158517343,0.5915484520813269,54.91945822811237,-9.71629973922314,0.5868051636060668,-0.20820980562482883,-4.983540822828155,-0.4534795373854328,3.0764257117212725,-2.981134328488834,-0.5234827022001151,9.038641361823165,0.9355969921583528,-5.447838883281147
decay,197575.35994278977,39865.124927001845,1847285.07442105,148803.0015776151,0.8034608126845528,-0.15661126170581974,1.9692685604342672,0.06290181526813521,2.362040569108778,0.9936070356303666,21.148129186541734,-2.244724437910095,-95.5942487232116,-93.02581817977811,0.24304000057135003,0.15845886603899756,0.30256808320399153,0.0005339540114439466,-1.9829122929844707,0.12284870053600037,-1.4126229349260537,-25.903770852645025,-0.7735600046449679,4.273939883612227
