,Az,Ae,Kz,Ke,Cz,Ca,Ck,Ce,BAz,BAe,BKz,BKe,BΦZ,BΦE,Gz,Ge,∂Az/∂t (finite diff.),∂Ae/∂t (finite diff.),∂Kz/∂t (finite diff.),∂Ke/∂t (finite diff.),RGz,RKz,RGe,RKe
intensification,556055.8432476333,107970.69606857486,2377112.25768786,150710.20840481378,-0.0480352841624209,0.22725010335939463,-1.1510887449545144,-1.6533316189873808,-1.892261113653724,-0.8417473543612619,0.22756071224856392,2.547129880771051,-45.34936790592648,-88.6169545479064,-1.944069505843732,-1.0294607627115335,-2.8113177636386033,2.4764392867460017,8.624151046330708,1.9070849151649838,-0.7398418307879058,9.59571436319908,1.4376049187604885,-0.13780209157320097
decay,337717.0995353883,212104.73396522534,2409840.651547502,199408.74086372388,2.3770827221365347,-0.4005931658503258,0.2336306132283801,-2.323121175448857,0.8821273992833077,-2.0545016084516905,5.414405321521934,3.4544084140223816,-104.24092827410284,-88.13197116998676,0.45320248656140316,-0.1525629588165288,0.41361979971842494,-1.2506851420254617,1.0545626372500958,-0.40013476027824,1.507981956721326,-6.970556019636753,-1.1187115431723025,-1.2977913856233851
