,Az,Ae,Kz,Ke,Cz,Ca,Ck,Ce,BAz,BAe,BKz,BKe,BΦZ,BΦE,Gz,Ge,∂Az/∂t (finite diff.),∂Ae/∂t (finite diff.),∂Kz/∂t (finite diff.),∂Ke/∂t (finite diff.),RGz,RKz,RGe,RKe
incipient,217828.13651648688,246598.36441757425,1792472.107102857,598166.6350359458,3.0753717310943958,0.13177465175643457,0.20634506907771058,12.118315015079444,0.010521111923930127,6.606190564256068,-22.763303841772228,-9.953660992964773,87.21812165254941,116.02743771968791,4.449609394933083,3.7287363373555906,2.3617760251555904,-7.283207422923177,-8.752204054451338,-4.00780845395276,5.558401296082491,10.729382987148787,-1.9028576238562385,-5.966117406989721
intensification,148344.42385806143,236240.819628227,2491381.7125434387,527310.0849648946,0.42469241387956164,0.41644008134102334,-3.1544442051565045,6.354487719961462,-0.23490910893314676,4.531776757491802,-4.346014833606042,-3.059291341558717,169.1612242372416,178.02212728662542,0.5633117113798954,2.7170333248717693,-0.6664683839637165,-0.8862310970095258,6.691363940201744,-1.2264378702777274,0.40957322019001463,13.767130565084729,0.5200397841191096,-7.676078453836976
mature,154637.31214576264,56478.05834706904,2289719.164646317,254429.50497416334,1.4534753068680741,0.09629547465794047,-9.21680041455894,0.2235569189234968,1.4970112871065402,-0.019167152210424216,-0.4973422877077205,-2.7757474969394953,113.58573916031808,79.5508474460446,-0.2748500488104951,-0.03299199979596749,0.039347877126623375,-0.7423357012300699,-4.480331131120411,-1.776720626913236,0.09210737154609779,3.780336264278174,-0.5959071047540897,-8.441330463456175
decay,165013.03895447214,69078.87333797719,2472454.7003136757,309490.36686553573,1.1001026134389138,-0.22609277849867368,2.802964528660887,-0.38681504333944844,4.420075330118214,0.7471940529804019,4.539950378920543,0.01889720599322464,-54.70754042760011,-37.74577088371411,-0.3893863804571348,0.02431388883900927,0.294529130177539,0.34069345349826263,4.097988544910953,0.016655926500210697,-3.251536365000435,-4.34502897610939,-0.5672228643229139,3.1875382925073215
