,Az,Ae,Kz,Ke,Cz,Ca,Ck,Ce,BAz,BAe,BKz,BKe,BΦZ,BΦE,Gz,Ge,∂Az/∂t (finite diff.),∂Ae/∂t (finite diff.),∂Kz/∂t (finite diff.),∂Ke/∂t (finite diff.),RGz,RKz,RGe,RKe
incipient,1373967.6690632065,191432.74372363783,3317773.641327323,297795.03454200295,9.407952322730786,0.806887225501945,-7.553631394818818,4.059863051331362,8.485175600206613,4.36863059872074,18.599204994959603,-11.21364418245781,39.29511677776939,-14.677667236224782,3.0221249818810842,-0.8121894124523414,0.2942184765708816,-0.825264657480832,5.25615362402641,1.2457196708281189,2.023882424596999,-15.197372298845158,-1.9409194303721549,0.8458694071357489
intensification,1501706.5427378346,112066.467957279,5577858.99882099,248122.08555105183,3.2477028430269,1.4481586990629922,-3.022004747110499,4.49102100149083,12.064272923469158,0.08853166111519903,21.845617374760803,-1.2929764595123376,35.719220233429425,-64.40281790192446,-0.9853167189813485,2.5025897029133146,-1.1873205198092052,-0.694327702445974,14.654116515254723,-0.36082088290870307,-8.555731901188468,-7.4171989554224735,2.2600029388666645,-6.580870171997693
mature,1020676.1693462961,71335.22479385087,5236686.661329265,226328.32680722896,2.859427230244416,0.623771497327091,-3.997607651043465,3.412323845518605,-8.465603126598596,-0.6921774475501432,18.872511000503692,-1.1034550713758238,90.46153048523252,7.264411284497844,2.9425463224343944,2.197543534117703,-6.00004156027542,-0.3902945978819628,-19.73597929948767,-1.5560210781718578,5.9487602938946855,-37.47030987919232,3.0904351978596956,-7.862497503358106
decay,657790.48929827,130392.83858875188,3758906.680966207,196361.13165352706,-2.8101959574095368,1.7167918520024497,-5.983524773408086,2.7151698395139454,-4.643417755156172,-1.6844278722675314,-34.37989496633663,-1.3360257803682212,303.5005762032891,283.52508636547907,-0.39720171311489055,0.09882120109711232,-1.1949743816995027,0.1783176085022584,-3.8306376497102748,-0.3162557396040696,2.35503926804958,39.34297804744398,2.8611234682812867,-7.678924572157879
