,Az,Ae,Kz,Ke,Cz,Ca,Ck,Ce,BAz,BAe,BKz,BKe,BΦZ,BΦE,Gz,Ge,∂Az/∂t (finite diff.),∂Ae/∂t (finite diff.),∂Kz/∂t (finite diff.),∂Ke/∂t (finite diff.),RGz,RKz,RGe,RKe
incipient,755306.4350725044,210546.22264512684,3434424.9695123695,406683.2071307735,-10.579978462545158,1.3759611648987597,-3.4439866443722393,13.627433959539013,5.755836042366012,-1.8715857761056174,-74.44081425328551,9.765521681160608,162.24174849201367,110.47624495988289,-6.513610366726994,6.322495166309333,6.237712805675451,1.2295629757443656,23.41494212271661,-0.46841963412780724,-8.722140534336958,111.87972148291952,15.352621546490239,-27.30536191919967
intensification,705033.1588910469,219492.60203566006,4496367.494551107,405028.9439249491,-11.741253948109472,1.3306106336516266,1.109377117716189,10.310486865769589,-6.822195187146327,5.960507757097517,0.5469658164229564,0.11118061157944086,142.1796516950952,111.6945883507721,-3.14586378254899,5.470283161370898,-4.430958066885115,-0.4822212378169152,-1.6454573979560523,1.0864307461995113,-8.019406194196634,8.439453616014271,2.537147237203531,-8.225859613433329
mature,200542.18456890766,77896.73633267755,3004671.7441895297,429228.90079137625,-0.10347930354729437,0.4509832852865697,4.309505000773883,1.4695116317229797,-0.12806157813579935,-0.9887330855683303,14.279737522497385,1.0799506984790015,-1.8547440253400143,-14.753947497977151,0.1828103097580683,-0.25865239041719695,-1.2496655064713253,-1.287570288956724,-13.110218189922495,-0.5468564267949008,-0.7740999465962506,-31.59598140964647,0.719691143048016,1.2131862437770011
decay,212471.1912513236,87960.86055587717,2079043.294037253,580212.6948740855,-1.4111530706763422,0.38175127013034194,0.9230959866264207,0.6834401797184858,0.8757119829979962,-0.7600660903369956,4.402142181061134,-8.34778267919968,-33.33741133743982,-12.238293112806174,0.31086143134036537,-0.13498437123592763,0.6223729788181749,0.428700770720859,1.8469891227445363,0.29994248145516,-1.282740804725822,-2.0670959742666777,1.490455770645998,8.887380967562777
