,Az,Ae,Kz,Ke,Cz,Ca,Ck,Ce,BAz,BAe,BKz,BKe,BΦZ,BΦE,Gz,Ge,∂Az/∂t (finite diff.),∂Ae/∂t (finite diff.),∂Kz/∂t (finite diff.),∂Ke/∂t (finite diff.),RGz,RKz,RGe,RKe
incipient,447354.42648368044,99240.14849279688,1625102.7992252957,164359.62127481043,-0.6706174405730324,-0.2854380965050654,1.7236882760073895,0.4884261914376853,1.4195103893272527,0.1301869786718261,12.720876274115318,5.525375308400039,-156.6804166763765,-161.81019942721846,1.3304171758953989,-0.6541867802917487,6.412302095246182,-0.620828440880805,8.916022360919493,0.011907408633603511,4.036736168840831,-4.857924748630179,0.022848868390119636,-4.278205815196732
intensification,748028.0626995921,75181.9994403579,2022682.6113741098,306964.46812019,0.752432487027536,-0.4215292861460385,-2.2683213078177684,0.1908549597614301,1.5176320467706355,2.8134719588965527,10.778510880523655,4.939983842858143,-128.57128131452262,-157.99400189655316,0.9016755350295029,-0.017468847035705337,5.171175201556298,-0.10360968297180213,4.9447954743929765,4.189198775739442,3.98444635566716,-4.317826585340448,-2.304697395960886,-3.2099613346979
mature,886458.4488921376,92432.4554506134,2404118.7991442345,474575.72528688016,1.3653442020026083,1.8998371291491223,-8.723255267280553,2.116216242633227,5.56800504995611,-0.43560450972146275,-30.920204947131552,-2.4172299853624097,35.75054252696694,-15.019747860928344,0.056314050357067394,-0.6317964298042871,-2.2678002013424647,1.1345538463087288,20.97661472070537,2.058094114972427,-4.570623920146845,59.254730733114876,1.7865374695142966,-6.364147409578942
decay,692553.0141751268,162571.20882469436,2871467.6635790113,518685.5564771034,0.2875143386853362,3.4447809979480595,-13.379113463412535,3.9843680491072004,9.030870898226523,-3.629764221186458,-50.163139059202976,-3.3904005716424335,183.9378751438689,100.71699653217368,-0.5999976147334486,1.698883419215173,-8.364759797721154,2.709285028367316,13.483581481925999,1.2288874908426086,-13.663335359314281,76.73831966585617,6.878636300712914,-12.744193450034691
