,Az,Ae,Kz,Ke,Cz,Ca,Ck,Ce,BAz,BAe,BKz,BKe,BΦZ,BΦE,Gz,Ge,∂Az/∂t (finite diff.),∂Ae/∂t (finite diff.),∂Kz/∂t (finite diff.),∂Ke/∂t (finite diff.),RGz,RKz,RGe,RKe
incipient,469878.8190548423,185309.76569018315,1557486.6233645026,177009.99099620475,2.1916866383055225,0.6096663148350654,-3.0886504613557215,-0.10875348874004305,-1.0800250986640225,0.08068989448680937,3.8563864677082145,-1.761308296659345,111.10830373258125,89.01445550984029,-2.516493947900988,-2.6971835676065736,5.313853035275691,-2.2813839535582203,16.624569455711292,-0.35084619579754844,9.195231087080302,13.665146811053276,-3.080493651620138,-1.569434871753882
intensification,502494.3715673806,146915.7181081123,1838952.9170216776,200771.17464499746,1.8224400419098694,1.5299725196489071,-4.445857392744902,5.9038229061023655,-1.4496022800007187,-2.531595351690046,1.935941309321958,-3.433743571123171,102.75292720020707,87.27449618507158,-0.016098083115343814,2.4351909133300236,0.9353203359118096,-0.35519889958351236,9.556717410263666,0.31321759931632137,5.737335177471304,10.24419345177674,6.55024683855999,-6.602719128407772
mature,580356.3344191944,91692.00420323102,2831988.741698234,154637.37278797902,2.991131937056206,0.5785806014879866,-1.1358860414312233,3.929689608506864,3.354494952318745,-3.5352376977490163,19.965848043582465,-5.989734618920034,51.41422097456292,25.648968514369933,0.148983119821747,3.1290603145605784,0.2675194530754824,-2.5144225754960163,7.61298293968799,-2.4799180038063433,0.48273703930093026,-14.208110999519459,4.371924129271877,-1.5557590348243973
decay,509364.09353378427,114757.14743746191,3310732.9725677287,143655.74484133662,1.2294306240233444,-1.155707203248833,0.09319161866178516,-2.0732051706141528,5.5144073549910235,6.749559423461071,23.333587236642778,-0.22806097373535206,-122.4232553853964,-94.105571380386,-0.3791795880429532,-0.47545547745889866,0.18684292443897643,0.9700501847726016,5.563805210025391,-0.006683384029509616,-5.253841009777536,-19.092404269302516,-6.69700720605379,2.3877743789817805
