,Az,Ae,Kz,Ke,Cz,Ca,Ck,Ce,BAz,BAe,BKz,BKe,BΦZ,BΦE,Gz,Ge,∂Az/∂t (finite diff.),∂Ae/∂t (finite diff.),∂Kz/∂t (finite diff.),∂Ke/∂t (finite diff.),RGz,RKz,RGe,RKe
incipient,53236.46459045722,45687.60397223213,406552.3669171134,141644.09478548402,0.1102592954830179,-0.1373536819860154,1.3548800019021108,0.33273320023790587,0.00796017872775585,-0.14567502191563764,-1.3364139557597554,1.6856767766461824,-1.234213154494844,1.04356367154635,-0.5227273087541311,-0.1364062092729308,-1.561740763457026,-0.29925396846827607,-9.146961111291791,-1.0332857194916722,-1.5967953286877794,-9.275686452917165,0.3165079356712829,-1.6968156944736494
intensification,43096.08504017149,42161.99485805163,197614.71013020075,141518.19915626783,0.05593089496908199,-0.11099865465229496,0.5213971711167408,0.6151202760137313,-0.12304934490667771,0.11247600715923266,-0.5039162208754587,1.3327626821820175,-0.8809377594264046,0.7457311653765398,0.15867937916113786,0.6753912719673486,0.060236208510835706,0.007488171858955394,-1.3762164873514178,0.7968178642189898,0.1282177937343004,-1.4496283325617816,0.6211310953657491,-0.6296679228600184
mature,57645.2059247069,61597.98786732422,298436.66541608784,382854.52666604077,0.24026050409276478,-0.5511634096551679,-4.693087687315092,-2.1191279249675796,-0.7737888817331802,-0.041540300610916285,10.35518941078734,-4.080289776786376,-13.14502948955072,-12.444197286276019,0.1287250517330877,-0.22932202698712242,0.4246206413783147,0.6714672291983509,2.7096916605057584,2.3572628394945516,0.8875066175490915,-3.1926705670592526,-0.8549569855031448,3.8635928539334143
decay,67915.0880952535,53919.752466731334,333327.7089249525,179738.65918050072,0.9315566733457743,-0.1901865102399155,-2.761064766235612,-0.6628521557081208,0.38953060874025036,-0.12089779668427975,2.969406391236982,-2.4668755039653956,-5.836473335225172,-5.899662614859348,0.0943688569915537,-0.0547394148763949,0.12261669397675207,-0.06050481872558081,0.512563850057733,-0.5505645931639853,0.4744562483423605,-0.6273344482894108,-0.4122726675095062,-0.18190169972608194
