,Az,Ae,Kz,Ke,Cz,Ca,Ck,Ce,BAz,BAe,BKz,BKe,BΦZ,BΦE,Gz,Ge,∂Az/∂t (finite diff.),∂Ae/∂t (finite diff.),∂Kz/∂t (finite diff.),∂Ke/∂t (finite diff.),RGz,RKz,RGe,RKe
incipient,550286.0750949053,273598.1234459236,1784819.8329474328,507562.65710824507,-1.8163302580279768,2.508429586223824,-4.30058168300485,5.803137863291767,6.391420148193324,-0.4820882695348934,4.920924656982182,1.4291288621369216,59.28812487795516,35.91964403673627,-0.2553122166216915,-3.0181089493927344,-0.0829483937472809,-3.770003395199878,2.5816691291750247,-1.9859280000969526,-5.782269213744759,3.7776564132256687,0.006793151402958346,-13.51877640853049
intensification,743086.7063896351,155429.49569432111,2616544.6820502207,389764.8514233972,-1.825154485205838,2.1698165178483446,-8.49328912444263,5.767904587194641,10.980839555031732,-0.5256708579612901,-13.710667698844984,1.1560821821092868,88.81464381600458,61.966838133367325,-2.779479668194804,2.0890969900797995,0.8836636797059233,1.0129169001751943,4.022286457097322,0.8244391997462532,-9.752513842683305,28.05139776559077,5.136675827482781,-14.592836694000304
mature,514125.8933131124,555078.2751467531,2878805.394877571,965710.9714781013,3.8048221242348754,7.378089946938076,-40.314658846784475,11.285006099749499,20.1402231806696,-9.707605868581004,2.8485830957436593,-15.413179152891685,186.40953355133053,138.06014589516266,-1.0375693525303562,2.2461404200456316,-4.005568198048056,-1.2408949760922563,-12.285812383293278,6.993346006676662,-12.96287930754471,21.375441243512668,12.37362704530017,-29.19313978696563
decay,731680.2944299828,386887.1300389822,3325353.4942037403,1195990.8317684599,4.870394657465685,7.697668827742255,-50.19607831940121,9.174963894722689,21.511900647543357,-14.505897476312386,-46.90330585656283,-50.889869019666776,219.88333280950314,123.58440166144483,0.9083094334993731,-1.4720050583020179,3.2047542814301067,-0.7436624398042464,18.406571836628817,-3.3672228113333422,-5.739082880905314,110.63556135512718,15.23953010348857,-11.848396005790457
