,Az,Ae,Kz,Ke,Cz,Ca,Ck,Ce,BAz,BAe,BKz,BKe,BΦZ,BΦE,Gz,Ge,∂Az/∂t (finite diff.),∂Ae/∂t (finite diff.),∂Kz/∂t (finite diff.),∂Ke/∂t (finite diff.),RGz,RKz,RGe,RKe
incipient,291243.4836782506,253641.46278133392,2357879.617092607,326000.70954598114,-3.2402507201573973,0.7473984084900285,4.901014915972667,7.80497230341268,8.162686616430605,2.2431044995622837,60.34174201677267,-2.2611047015455554,63.47060467191618,107.82376734633687,-1.2577101938982178,-2.770700123454304,0.4945013257439286,-5.978542765958704,-4.218194002862211,-3.1538916751300246,-10.161037602354048,-66.22070021545017,-1.1640733705983353,-3.7967443610244827
intensification,312369.5487828575,105047.14016648298,2208507.2530810344,203065.78411330283,-0.2461630312590634,-0.200245510935533,3.839826664202673,4.993616917551448,4.802242809842232,-2.6670782309502084,39.57779068436967,-6.250459496023837,86.05773314010617,90.42709464754412,0.2731140573711965,1.918108793608552,1.659169848136177,-4.249416091925545,-0.4315782871738688,-5.521467372571991,-3.589481503900652,-43.60303260448715,3.611524567511644,-0.4247981298969288
decay,356366.91884587996,49108.50890172733,2225080.355200548,102962.818774969,1.36492031235059,0.2159389369090511,-1.3389724210352554,0.7002946576674927,3.1262423062929994,-3.9418723395025865,3.3687514657942317,-3.414778496999749,96.8984936949271,70.00793315112644,-0.014894222260056943,0.9671113048116048,2.8208865952565865,-0.46984659493027736,7.39307021143212,-1.3007301060426388,1.2755035382232278,3.9983708543225527,3.9563814653307503,0.07478131225436258
intensification 2,584116.5204450357,46766.7936015705,2885395.776353122,88963.67491575975,0.28763863564000197,0.08567232412333146,-1.6232104094650406,1.4107725708341519,-1.841942881478629,-1.7951516806935477,-6.911815290409599,-4.708368566511706,-1.8515109143496187,-66.55826761572932,1.0465885333194314,2.1081449707254962,6.297074808794925,-0.76259342837713,16.716730637651356,-1.2099136551581904,8.512328650036887,24.964117701885993,2.357658499027238,0.4644719310543235
