,Az,Ae,Kz,Ke,Cz,Ca,Ck,Ce,BAz,BAe,BKz,BKe,BΦZ,BΦE,Gz,Ge,∂Az/∂t (finite diff.),∂Ae/∂t (finite diff.),∂Kz/∂t (finite diff.),∂Ke/∂t (finite diff.),RGz,RKz,RGe,RKe
intensification,292734.47015478095,396828.005480915,2718165.3560484936,380249.9989104323,-2.8489301035777554,1.4176155306237648,-0.556032136698867,15.122437808070604,0.3055162627262818,8.764110856596375,-46.512899552816435,1.5328281751642134,191.63638544474122,199.49305851520464,-1.166732492981063,7.669273300072138,-2.06107250197923,-1.446174734540714,22.711547708370325,1.6886014532527764,-3.7979033376595033,72.62940950146339,3.49453668630975,-15.52269666668091
mature,485285.77040409425,312320.28708792996,5141977.694493914,387875.81049490895,0.2314835371519349,1.7851536520331723,-2.9516609349357195,11.331069482579002,10.464631372437376,7.141815240943407,-109.28136550844677,-1.0048827046033089,292.8465685601381,299.4891893831145,-0.4672874016116058,2.9646749473881777,7.532139717216066,-1.7612867011348114,35.317766400829285,-1.0179225146445539,-0.9158544660362017,147.31930930705983,0.6428138884676106,-14.295770227555966
decay,1343642.5514639695,160533.15964834768,6185821.803861277,310103.09764836746,4.689871686954066,2.1283419315302288,-5.914090570494426,5.626587210490518,20.85209943558714,0.2365800869071879,-76.05344879724406,2.9140124820332476,80.11884229559314,-33.59634143882705,-2.953668689078884,-1.3537611038473378,2.239789097606413,-0.5551433672019328,-4.400779889525711,0.4128221083010322,-11.794096719496432,72.87688779125871,2.706521824851169,-14.041868154717159
