,Az,Ae,Kz,Ke,Cz,Ca,Ck,Ce,BAz,BAe,BKz,BKe,BΦZ,BΦE,Gz,Ge,∂Az/∂t (finite diff.),∂Ae/∂t (finite diff.),∂Kz/∂t (finite diff.),∂Ke/∂t (finite diff.),RGz,RKz,RGe,RKe
intensification,1497356.6991618224,73912.69071860678,5137732.3346472215,242456.76142895664,8.351761579910935,-0.1872445269107208,-6.828562728032261,-0.33173894148578154,6.613950263055418,1.7658392488241907,-31.618380575970342,-3.4911433660903195,-163.41415209103212,-247.50488062352514,-5.44771645767693,-1.6700736959785283,-10.089383183945566,0.16618312858173945,0.1083181711396477,1.4997222814353774,-8.538816394000772,30.203499895231317,-1.7441505348175121,-1.505958139020782
decay,1222750.2950950484,80549.54053027976,5212416.842703757,263043.5665494497,5.456438913625611,0.5537678497297351,-6.523259083022898,0.5249869501934812,5.078125767053038,0.3234417425974373,-17.710244347552262,-2.9177808287817224,-68.25279170777912,-139.5345671067875,-1.8836673357335663,1.2397564264441059,-3.9770205027742787,-0.7891867666307608,-3.7494132461685137,0.14604752124482828,-3.0449395064719686,15.027651270781035,-1.1414094087644524,-3.984417683189829
