,Az,Ae,Kz,Ke,Cz,Ca,Ck,Ce,BAz,BAe,BKz,BKe,BΦZ,BΦE,Gz,Ge,∂Az/∂t (finite diff.),∂Ae/∂t (finite diff.),∂Kz/∂t (finite diff.),∂Ke/∂t (finite diff.),RGz,RKz,RGe,RKe
intensification,506851.43849677907,86068.26722914423,3338992.349964096,121458.06922629997,0.204791291041601,0.1629093918103734,-1.996318758550017,1.7190003189487082,1.457708968844821,-1.4475045976082468,-16.627490842310426,-2.242639739816318,83.29672236744118,65.73567089463519,1.845773436640148,0.39816977428267236,3.8508062315192193,-1.7298120842913567,6.997445074203354,-0.48975443503311145,2.760797945526373,25.416463384022194,1.2737834404552246,-1.9624337727155188
decay,900892.9607556444,62467.14886039966,3568636.1424659756,102702.29683811548,-2.105600420027457,0.252750408881103,-2.53006744453343,0.13996542321091215,-4.42212807397169,-0.3449986598335576,-33.31394646084704,-0.25228049274007514,66.9059329501212,51.45882934101806,2.0417709447879315,0.2255360018865527,5.35087460177147,-0.2097641030477479,-2.4583229597630347,0.05416176684636863,7.920152664596806,35.491291365644905,0.022449571115618707,-2.363590608157899
