,Az,Ae,Kz,Ke,Cz,Ca,Ck,Ce,BAz,BAe,BKz,BKe,BΦZ,BΦE,Gz,Ge,∂Az/∂t (finite diff.),∂Ae/∂t (finite diff.),∂Kz/∂t (finite diff.),∂Ke/∂t (finite diff.),RGz,RKz,RGe,RKe
intensification,520816.6062997775,187178.52407965946,1539941.727949891,398115.3664393228,-2.235843146216378,3.4580573014851828,-9.185995498408015,2.352040814434439,-2.023966931345671,-8.389883942434853,-3.842055270325865,-5.17557706667746,13.752186950080759,-27.852800277565596,-0.5361424934275612,-1.1036872447192325,1.2447781329058383,3.4752260848000285,10.816306812000516,3.2764850932571727,4.490959219520314,26.080200726950775,10.759093540184137,-3.085974152907824
decay,443430.0498697078,345162.3246938121,2129916.086011719,709380.4098537432,-1.7890799318219237,5.015646105119207,-11.309905474564033,5.500679203741541,3.6966654507853987,-17.51564369829016,-14.587750937235404,-9.920465243606646,98.34711383078798,70.0819852670761,0.6492972698955891,-0.5518681548382264,4.473604790544859,-2.395253649571327,17.066862341040796,2.371057795163327,4.0035055130567425,44.753598684662165,15.605423147341165,-4.519061639535602
