,Az,Ae,Kz,Ke,Cz,Ca,Ck,Ce,BAz,BAe,BKz,BKe,BΦZ,BΦE,Gz,Ge,∂Az/∂t (finite diff.),∂Ae/∂t (finite diff.),∂Kz/∂t (finite diff.),∂Ke/∂t (finite diff.),RGz,RKz,RGe,RKe
intensification,281894.0168080311,431449.1897713334,3701514.84289699,505656.10987504927,-0.8898596136225253,0.4842850329625157,1.3102726300695744,15.486723249371629,3.839491202585741,6.200738282701965,-13.25192574142127,4.152132869925718,161.24523127554428,124.74599242702834,-1.082672446578857,12.329016703324191,0.5172393029765999,1.2174118911923395,11.640491575242487,4.754685825665053,-3.727826480269149,24.47200430021671,10.01911182489949,-13.573897663562724
decay,313965.58244631597,341056.62700074585,3989130.610153221,826376.2666177786,-0.5601725154148256,2.6068347581889526,1.609412967567529,22.39435911153261,10.61225608066722,-5.7810523205101765,-50.341773156419436,12.167231375637101,175.47675039923,139.8309541438474,-1.0278161379796025,18.680751335856087,-1.895707200746252,-5.030121112987391,6.2404545884146385,3.0939413036672128,-10.461301038639347,55.532987292681376,20.53845556086644,-29.85823621593497
