,Az,Ae,Kz,Ke,Cz,Ca,Ck,Ce,BAz,BAe,BKz,BKe,BΦZ,BΦE,Gz,Ge,∂Az/∂t (finite diff.),∂Ae/∂t (finite diff.),∂Kz/∂t (finite diff.),∂Ke/∂t (finite diff.),RGz,RKz,RGe,RKe
intensification,207708.9308967893,161044.83706771617,2398051.5749082183,306682.88844174135,-3.4123938183450266,0.16950928197791615,5.6303612712926085,4.089516905999825,-1.7345537654310443,-2.9310423309631695,19.578061224003083,7.647789709119403,-25.245704722275484,-13.337787258081903,-0.6659655959314477,-0.5001716205498069,1.4172010569441011,-1.7570165992832767,3.864851703746923,0.6001010410210572,-0.0911297139919651,-17.93117697320374,5.094033355701802,-5.506844302805563
decay,349138.6182727413,134159.02051765434,2647686.129074071,247641.87636666643,-2.657800144462592,-0.45857193097003807,4.686093840258862,0.5025534038316886,-0.014334536883300743,1.0919255215019883,4.82668117646414,4.122258409183683,3.009216500627946,25.564995590247488,-1.3157615666015967,1.5035777842534803,3.647467608398998,0.1837992844450779,5.169667675163848,-1.726691059302204,0.5454300698496686,-1.68530719709656,0.052999097744816294,-1.665409032058714
