,Az,Ae,Kz,Ke,Cz,Ca,Ck,Ce,BAz,BAe,BKz,BKe,BΦZ,BΦE,Gz,Ge,∂Az/∂t (finite diff.),∂Ae/∂t (finite diff.),∂Kz/∂t (finite diff.),∂Ke/∂t (finite diff.),RGz,RKz,RGe,RKe
intensification,205851.36024282905,114425.70162088946,1043690.0469145505,325209.48240314226,0.2007788038577117,-1.0450913558895332,10.315876760081125,0.6910962015624892,-3.06326089596863,3.36750574514823,-2.5025375911161922,8.453664509094207,-41.179672157317725,-12.747373550561946,0.9110808657852623,0.31097936000223375,2.024703705584256,0.1465530230068306,0.9933650856023369,1.9465347366360042,4.243652049521064,-7.020752887220308,-1.4847651646893771,3.1176507860604334
decay,240567.193401286,121784.60532389367,1181444.388245873,429243.5222048983,-1.4662981780549078,-1.2204947514220208,13.542909968316351,0.3070585109479493,-4.007848481207768,4.889040592637273,3.8083727655167796,10.343809028500607,-69.34208568320611,-47.64439613180721,0.16808018600882546,-0.048101134762876675,2.2176223776852577,0.8618886556580861,6.213326906697042,1.017613398071288,3.5386779294160973,-9.671657649081183,-2.4995986746092176,3.9096558269390838
residual,398852.7135073149,170140.4572715926,1561676.9378270474,424410.5737226205,-4.26188313160878,-1.041360561173191,9.012396391870253,2.2106624946800983,-4.47307160751651,3.2747483255103784,-2.418743939362841,5.0894159996900274,-39.14734818243772,-32.532283776911086,1.9961256532486624,4.715313774347661,6.06741003800148,1.029464402022387,17.82762532338651,-1.7319185565834427,5.237237952736018,15.495856002487878,1.0067391323652988,-0.0196006590833164
