,Az,Ae,Kz,Ke,Cz,Ca,Ck,Ce,BAz,BAe,BKz,BKe,BΦZ,BΦE,Gz,Ge,∂Az/∂t (finite diff.),∂Ae/∂t (finite diff.),∂Kz/∂t (finite diff.),∂Ke/∂t (finite diff.),RGz,RKz,RGe,RKe
decay,688776.7797511008,70151.01330156473,2759961.3764256225,100041.21437446575,4.1166048519215,0.12984495259487966,-0.5353802737759753,-0.5353115958928787,2.2468668592069774,1.024654388684108,12.203979200459319,3.141902507497912,-142.05206229183923,-213.71096937415012,-0.9802352539178729,-1.723134238186371,0.13360103042386634,2.8254403208027252,-11.891626498332954,3.7833962000411496,2.133183975733269,-27.6768302769378,1.1356293836308584,0.6414250146601412
intensification,540437.3173541749,141859.46717488804,2349077.772278229,164562.8974851904,8.813359336181255,0.022123395730723503,-2.051514803503565,-2.4700313709271966,2.3502284480782776,-0.003242162863994332,10.670567485065115,-1.7662684641878847,-134.59361218740415,-215.74205507267166,0.6768860198683763,-0.38371836627394745,-8.863351466812068,1.8698452573451432,-18.648835455003823,0.742536037156941,-2.3780971829783666,-36.08124747274663,-0.6190673464487827,2.927321068768457
decay 2,390544.7428543102,183672.99898748586,2087135.997685206,174782.8535436457,6.70216287574194,-0.387748982213598,-2.311504114081393,-2.466978030796654,1.5572976502465636,-1.8791190029005131,14.2963386778096,-4.003072941729537,-142.1101566380222,-203.6207691847604,0.44130539331780727,0.06169257934776635,0.593767822498633,0.7988872250479971,0.5128632230001191,0.4041592110411741,5.35088406578041,-18.174134216470026,0.5987771793654545,4.562706069485972
intensification 2,426889.5983967575,186332.49109939957,1987940.029780618,176854.52538053785,1.8835753568927207,-0.5836494527242216,-2.456428696884403,-1.9798703272692717,-1.2954767698863434,-0.7926823827500478,16.042490766786297,-6.779620550678761,-129.00247972456543,-194.52627791727295,-0.0015556402054688,4.175212853283253,2.715240434157248,-0.4585408200582929,-11.1266803655967,-0.4120484560324419,5.310643108212091,-26.596317792391314,-1.0620793118532947,5.891013725031187
