,Az,Ae,Kz,Ke,Cz,Ca,Ck,Ce,BAz,BAe,BKz,BKe,BΦZ,BΦE,Gz,Ge,∂Az/∂t (finite diff.),∂Ae/∂t (finite diff.),∂Kz/∂t (finite diff.),∂Ke/∂t (finite diff.),RGz,RKz,RGe,RKe
intensification,1010995.8654199163,483649.2966335771,6307843.902812417,386879.47479181294,-3.174322665010347,1.2361017469496192,3.1584061069934637,12.624911411852388,13.921896930994365,24.558984956252868,-59.48467311575786,0.688111784728572,395.62954178076086,308.438081788648,-4.306233513717674,-7.488122502941991,-5.1144774303846,-4.282796068501764,-9.917735935598945,-2.4471514569953197,-20.97459527943969,49.5828537381758,-17.452971359851862,-12.601768546582814
decay,895635.2546333517,270820.4905200313,6121513.3393920595,324604.58017314924,-2.986410714595559,0.6656758575037779,4.7650554878266265,6.114854637958272,5.646312993968975,15.93517693897082,-0.5656007990891503,-3.043294369270398,398.55995369761075,284.8571816758209,-4.069052548709501,0.3406174771382662,-1.3440735348405104,-3.9780898242852674,-11.657427141964263,-1.9077389585824305,-9.311121385901266,-12.870471116106179,-14.464087982801592,-0.21424373944367814
