,Az,Ae,Kz,Ke,Cz,Ca,Ck,Ce,BAz,BAe,BKz,BKe,BΦZ,BΦE,Gz,Ge,∂Az/∂t (finite diff.),∂Ae/∂t (finite diff.),∂Kz/∂t (finite diff.),∂Ke/∂t (finite diff.),RGz,RKz,RGe,RKe
incipient,902074.7112578755,168420.63561375532,4084819.728292358,208576.9153356432,-0.13015169065240084,0.04513734760667415,4.087029441307083,1.822640966221097,8.848600157566523,7.160312017768537,71.47350662840958,2.5845460382389494,93.04477183022617,106.83543262057002,-1.1425695838891732,-2.5562238533433805,4.764500651416389,3.772286842585226,14.002450345695177,-0.46786384734351116,-4.16911384919586,-61.42793403336909,-1.6105215565688882,-0.7880214104964753
intensification,721752.7278778057,167776.16475993194,3629289.94350954,169108.64235147947,1.613466117809462,0.4663296637942761,1.2213994806121964,5.420029773557525,4.393180211843853,3.874119625210773,38.75240464465078,-0.4393051130566478,125.3284559970572,111.36533594953309,0.6774688272492589,1.848250863534949,-8.380382588025167,-1.8344092140578965,-22.020363285462487,-0.95811301299643,-10.69376701826528,-63.60763352853494,-0.7548287295054206,-4.71743819288511
mature,440328.8520734224,86875.2072794472,2889576.928589666,147103.59040768907,3.8516852498839738,-0.0453159357528357,0.8828852772698204,4.591938615077265,-3.746324592902085,2.913839554544525,16.607236366681896,-2.987722819418452,108.86400564522182,95.19360180598704,2.7577460301154857,3.6665267843868663,-3.2744706267945607,-1.24673454269486,-9.735703590355136,-0.16533587724613658,4.278223280238663,-31.077510484190828,0.47668045359071676,-0.8866663956351302
decay,400115.4324618329,47929.40779867119,3130350.2613150547,129993.90523906825,3.132940556403223,0.0015334118227240008,-0.29577976537072814,1.8233333464833075,-0.5537215698497261,1.2450262466212851,0.39612686826645227,-3.281787035687565,60.585966886504316,44.13363514060919,1.9268390027533204,1.2012094766477748,0.191672565847416,-0.8521199798449244,14.495231771222285,-0.9436051423897499,3.8798681039230893,11.261944111923336,-0.27534629180562603,0.21906878144377917
