,Az,Ae,Kz,Ke,Cz,Ca,Ck,Ce,BAz,BAe,BKz,BKe,BΦZ,BΦE,Gz,Ge,∂Az/∂t (finite diff.),∂Ae/∂t (finite diff.),∂Kz/∂t (finite diff.),∂Ke/∂t (finite diff.),RGz,RKz,RGe,RKe
incipient,509182.1839817362,69992.50845951708,1799015.9234004163,103900.28909766462,-6.591176604623211,-0.11010879818172505,0.39875144420651387,0.004655159997991931,0.38736016054605443,0.6501084732216861,7.230283643894641,0.933169202810198,54.2916201765714,80.64679820771933,-2.887790225379751,-0.8625787384660546,11.362687642684104,1.2005458429027214,35.41215076296027,0.8503251896777837,4.274042079333114,34.37429227948233,0.6652013278607525,0.31125227107610776
intensification,1085611.7428169195,116157.87793458567,4215860.564370764,222496.47666814981,-4.82187805508786,0.6917683061327218,0.594613094500446,5.121196542562087,-1.8909319607734143,4.43552574590987,12.005481615356114,3.4705587041238615,127.34415584811872,92.06802234872849,1.0045745117276321,2.397927870456626,2.9193872758502994,0.36853890294410635,14.80506605535967,1.2299862281809653,0.6802094876685739,7.026849400590966,0.36244139346360305,-6.767155924004539
mature,1162671.660358479,151328.2306685965,5321820.152155788,382785.82316451025,-14.714826336189116,0.6699836308073696,-0.2350329462927147,8.71814433553379,-21.021023684841637,7.794041409637816,15.713420457146634,2.0531806380970905,229.4966736966468,103.3690129859013,-3.928228410646798,1.403286174191386,-4.599013373070633,-1.2633577039082597,-8.293636196638932,-1.6945729916076508,2.3771676063892526,-9.05719737130373,-1.0092384088196567,-12.700930911531248
decay,907410.5704608842,75388.27518898078,3869310.781535538,215766.67618096442,2.628702201629812,-0.00474337975373698,-2.7911211656183395,0.7345576726797755,-9.631017340717332,0.8439686764319302,-54.99477541760435,0.572534702197858,69.27915090886512,7.690133580211947,2.0743757684074833,0.3770781881635326,1.6470659035788353,-0.41926864131403047,-10.935862234458678,-2.4204794555211877,13.90204206617224,44.22133214713421,-0.5239362653124483,-6.518692996017161
