,Az,Ae,Kz,Ke,Cz,Ca,Ck,Ce,BAz,BAe,BKz,BKe,BΦZ,BΦE,Gz,Ge,∂Az/∂t (finite diff.),∂Ae/∂t (finite diff.),∂Kz/∂t (finite diff.),∂Ke/∂t (finite diff.),RGz,RKz,RGe,RKe
incipient,696896.8507147365,87847.63181682919,2629644.231090944,102632.628895832,3.924258754550502,-0.3413234811291587,0.26356471086882555,-0.3144195189935129,1.699256961798711,0.43703596588832955,-25.362590893119265,-0.5622060790047086,80.70650901535988,79.87745308090481,1.7888427003573817,0.20858577838370443,5.261616233441917,0.486653286915125,7.234892391551441,0.6284282090681151,7.145294545064549,28.409659819251377,0.07652128316244129,1.7686185179351621
intensification,632095.0914642054,69453.79962076954,2365218.3832410527,221728.36520016077,4.974209324496764,0.4565389835178989,-5.262447607688522,2.4071026682529855,2.517623406516558,-0.21849059561981912,-18.23971897113314,-3.78323989591209,13.535723761212587,-14.542608183987412,2.101221498993228,1.7271357138714634,-1.760839290226195,-0.3992658826094111,-2.335776077097088,0.3487133049841999,1.1522856112719095,16.19218117722781,1.7697883977454951,-3.537597075045217
mature,407372.5784276101,42184.64499714356,2184131.017789307,252206.01828726588,2.884484029838059,0.1997555092688424,-6.239345755832802,-0.9992645737431545,2.8279073197330926,-1.0315453325171686,-7.412590073014498,-0.18530499374217604,10.422703790564006,-13.213981233351186,-1.257141042573536,-0.10259200949278936,-1.7392682695100181,0.2045275061850551,-1.3291581784746909,1.023716920992868,-1.482936050136209,9.43829362053455,0.03705275569022667,-4.031059267354603
decay,235714.68543139633,81184.6824634582,2147305.725335133,222349.73602238722,1.8891377100247746,-0.2132930736047905,-0.8889779119848198,-1.8791119458585168,0.9342634167000909,-0.7339908960142769,14.97909920180938,2.451116856468255,12.35017716364053,20.139473335595817,0.25035285337799956,-0.8549686485488858,-0.6650470700340181,0.30724363752446016,6.508745345804867,-0.5564388221330275,0.07653414968587506,-9.470513654044467,-0.6245843387149899,-2.0174216447275852
