,Az,Ae,Kz,Ke,Cz,Ca,Ck,Ce,BAz,BAe,BKz,BKe,BΦZ,BΦE,Gz,Ge,∂Az/∂t (finite diff.),∂Ae/∂t (finite diff.),∂Kz/∂t (finite diff.),∂Ke/∂t (finite diff.),RGz,RKz,RGe,RKe
incipient,1012659.3686181254,149657.16228650336,2689483.0845188643,95239.75034073931,1.5564942359155651,0.14669731999008065,-1.2118838770008615,0.5341709642156621,8.890448666876726,-2.9056773193324155,-16.492448034593977,0.1276344585531989,-138.1422364371509,-162.67462370364404,-0.020003452649500247,-1.0821967721506238,5.2611595900023245,-1.4491437252909771,3.7529763116967865,-1.4191350593291254,-1.9260975209687554,19.90081398737606,1.8440072382670198,-3.292824359098848
intensification,1031976.0999692131,105781.0968166676,3450516.0904452335,129730.7212955056,1.2753693365643008,0.5140445123901651,-1.050696514597748,3.1740975430713783,5.607431520302483,2.741403110306723,5.445435204513259,-1.015333567097668,100.71347210421766,72.23826343982736,0.8319732539608242,0.8780583698667715,-2.504187642908604,-0.23816745146726462,-2.9427070651921055,0.3630884176939113,-6.322205314256618,-8.612815091671916,-0.3195175310927741,-2.8463720728775477
mature,360967.96414059674,75467.670668295,1477579.1094596372,144912.40127189734,0.8559951646653883,0.3348060549507693,0.045355044736370406,3.0160255868416868,-2.540263990808048,3.2357718559255346,18.129376887255972,-3.0026230024110783,42.503743319192964,24.961257541922443,2.590323413726507,0.4906511991115335,-3.4788691701386525,-0.053343174502470204,-15.431811858856543,-0.5943153902313034,0.25219604028555265,-34.46253895551427,-0.6078954985370875,-0.5623629299255416
decay,132815.48058927842,72212.31322300792,705505.2276922677,127414.56367006115,-1.143853050991822,0.17155137058492936,2.4977759965102075,1.6473533464564831,-2.2041799647307836,0.2732015599986756,8.073407296207847,2.420150339054919,-35.97287894046201,-17.72480662322068,-0.14257963701185733,0.6348737324691243,-2.1047286901926454,-0.22296732156856916,-6.16964247240424,0.06790750317555945,-0.8728504058687541,-15.59697271413047,0.979633094304309,-1.5018201858256348
