,Az,Ae,Kz,Ke,Cz,Ca,Ck,Ce,BAz,BAe,BKz,BKe,BΦZ,BΦE,Gz,Ge,∂Az/∂t (finite diff.),∂Ae/∂t (finite diff.),∂Kz/∂t (finite diff.),∂Ke/∂t (finite diff.),RGz,RKz,RGe,RKe
intensification,866648.4245126111,298815.68571254576,3919076.888054351,288267.6915766281,-5.092604866902531,1.822635501890763,1.7314184286499597,9.51027022182062,2.074367521687979,4.3991273101904484,14.624495413091278,-3.3222166861598557,226.18913894322048,200.1755166091627,-0.10868948825510226,4.664998933543189,-3.6236212705921775,2.730395127403855,2.1439922024757125,-1.201368517024916,-8.967958157291923,-9.119316772362996,6.0189025371432665,-5.6580036240357225
mature,584542.2504804775,369621.2336638422,3704550.6289390717,261714.27413253006,-3.168670115322435,1.3682170369155875,0.6271959653348297,6.729861917830695,-4.684238903882413,6.255726021496546,24.5130663836959,-2.5242763209600962,312.40273335414906,276.9220570757748,0.3450599156611885,2.909475998192409,-7.1860135116586825,-0.6726872003649085,-4.331670298672818,-0.030886564076687047,-4.302227686183116,-26.303262532381112,-1.566768340946347,-3.6092761956124555
decay,431338.5124015649,296847.77529883385,3611550.681002586,236103.70532438002,-3.540897772258184,0.14822568430828348,-0.8907397160601872,4.749125819101958,-10.408274008040431,7.7696850974160006,35.07261824881526,-3.1601616894364244,335.29484170688465,293.6123317588318,-1.1047367931199055,2.4661343445935664,-1.49173854175501,-1.1675315764924257,-6.195206569424384,-0.5936893177753356,5.52386337833552,-36.836187329921266,-4.336316539114751,-3.073393163501058
residual,197102.5411055132,179903.4353004579,1586856.6352842667,243055.9594138404,0.6743822672399854,-0.0671981137062529,-0.0706184832989127,0.9656224979613746,-0.8699521031316534,1.3691659808422563,13.81816965131634,0.9188019003822373,61.26678593347146,51.13481596917265,0.4105281400094158,0.3706482185962076,-0.6193309481058586,-1.645659404713677,-16.248724622972922,-1.0619546122547023,0.8578053085595267,-30.670658058230345,-1.9820047738883053,-3.016997493897227
