,Az,Ae,Kz,Ke,Cz,Ca,Ck,Ce,BAz,BAe,BKz,BKe,BΦZ,BΦE,Gz,Ge,∂Az/∂t (finite diff.),∂Ae/∂t (finite diff.),∂Kz/∂t (finite diff.),∂Ke/∂t (finite diff.),RGz,RKz,RGe,RKe
incipient,368531.5769227999,79330.20312094493,1328666.104484527,135209.763316842,-4.038189879623417,0.030269180803141185,-0.4348331615267255,1.2874564720387156,0.3815100136685216,0.6306423115468439,7.861613624958184,0.6898571389856067,11.995312838162786,24.162549885357496,-2.9652813001941305,0.02547720161995449,4.898379298416496,-0.25244440894602743,20.586277316785996,0.8913617393287767,0.508948585927698,17.197686732977957,0.3741005707427032,-1.520785033222271
intensification,589041.500286261,235476.21733819778,2393439.126252915,365240.8015159957,1.203715443351252,2.636246479439403,-3.99866020351059,9.146719177587604,10.49380641593824,-1.787352296311238,-31.971366421446685,3.155575669533741,117.08429111016794,87.3108688020377,0.3667733513606757,4.700712153679302,0.35912426740692,0.8260372247122221,4.089411760937856,1.4007916898058537,-6.2947202257406625,38.85572294254388,9.123862219171661,-14.900163360826081
mature,382248.11233082286,310674.1327476299,3398132.734668944,782059.2246036156,-3.227796042533764,2.597032229330304,-22.240125268530733,9.890201230806394,-0.05358498003865218,-0.1713560549290762,-27.912865538920112,-9.626367922653563,201.66701707375535,77.41499119251904,-0.6294827880286228,1.4673029673215372,-2.957351875573659,-1.7855520488536132,2.740843741761374,0.8701856232692458,-3.534530708738467,56.12163059174598,5.678973007551555,-21.63377295341432
decay,542899.0286341032,195591.32514882015,4718056.055477746,337150.21777010773,0.9276377863999388,0.17141064560634106,-5.594777037626131,0.08815818584168522,-0.6205745673657938,-2.3421331735342705,-33.92427754463097,3.2598403596398127,-97.79635297223761,-99.3184564549049,-0.4558225711715481,0.29899710267142365,2.0357633724194595,0.374386624674872,5.5413032865448555,-2.6144798946925505,3.755386371791534,44.132720082401995,2.6332673384444867,-11.557255477800178
