,Az,Ae,Kz,Ke,Cz,Ca,Ck,Ce,BAz,BAe,BKz,BKe,BΦZ,BΦE,Gz,Ge,∂Az/∂t (finite diff.),∂Ae/∂t (finite diff.),∂Kz/∂t (finite diff.),∂Ke/∂t (finite diff.),RGz,RKz,RGe,RKe
incipient,918528.1257568573,193806.78817382976,2622817.071521523,330060.44473530713,-9.49393643376043,1.8760977971932544,-3.3409532091655905,14.152234112761294,1.371620530670919,3.0389277626830413,-14.615051923574534,-4.394638843031994,81.85577862154297,78.67638607576083,-2.0353816743834643,6.592541163543157,5.290969139270885,-2.2540945547638884,5.515871699585563,-1.3703587087641267,-3.698490027967208,32.965813266086116,6.98311399812111,-14.468907187659015
intensification,989886.1993424317,125091.87458705022,3525987.8832077854,446059.1950320193,-4.2816270065942295,1.9507363535506763,-9.497935776848902,8.657990190304783,2.5667925947162287,0.7349888937823911,15.08796226228462,1.5059565199472935,19.524511019426917,-9.622016889585458,-2.034462896569754,4.669963474785573,-1.329948336845948,0.4277849404361862,1.0621320204600646,2.406992303942846,-6.227631584605729,-0.24626745838142056,6.4000498834079025,-17.254890183158132
mature,455882.2874138713,292364.1323888853,3125975.7574574724,864062.434268972,-3.469664520493753,3.7603470767280585,-8.339114156410302,14.465232868699461,-7.204213121199802,4.76923355902799,-53.79928625369393,8.849170341246626,195.22527206836276,197.1760848835905,2.0425593243368687,7.801326504013866,-3.8877009513114813,1.2209658331938675,2.5292640190979,-0.06952449514872372,3.6071947261226263,68.13732894969588,7.15661806613728,-31.723041861505113
decay,500830.0852539268,168925.248041947,3489271.6089742277,436338.8266868473,3.2158523002575428,1.3118084754282489,-18.607486627486793,2.0155321365545458,5.833332879612825,-0.11712908807329436,-30.583545420119396,-15.483299933643904,303.65730324539106,247.08697175413994,0.3222875729430688,0.0008287631883608027,2.673306362899661,-0.9861044025804243,5.611324838279797,-3.050909838596929,1.367634258972627,51.58650458562843,-0.1652516533808329,-8.19062866899437
