,Az,Ae,Kz,Ke,Cz,Ca,Ck,Ce,BAz,BAe,BKz,BKe,BΦZ,BΦE,Gz,Ge,∂Az/∂t (finite diff.),∂Ae/∂t (finite diff.),∂Kz/∂t (finite diff.),∂Ke/∂t (finite diff.),RGz,RKz,RGe,RKe
incipient,868272.2833369703,87695.43436558874,4390472.324090468,218157.02185384012,13.058425115214948,-1.072150474841953,4.635602224259294,1.534627615555087,2.3327694011432003,2.2442417004153965,4.220637825964198,-3.9803188659658675,68.30353938744457,66.32618094533231,9.872675170307662,1.606144794796436,-4.128400652218199,-0.9836626001185274,-16.098897654816163,-0.45222745393618863,5.525104587011597,-38.0135628202546,-0.6211262101368844,6.629066020733885
intensification,611761.1155217006,88281.6691295507,2890605.579516139,261125.30794731286,0.9957985158157403,-0.24253310785746554,0.18505006470186675,4.906587025086735,-4.280495575287767,3.403484939157339,11.013800158874977,0.20638975417414507,19.40091640849106,54.05801976886309,2.612915842128238,3.347279874166939,-3.5372970183882697,0.9061276323760507,-14.939204748673838,2.8086742888964675,1.4964639648577729,-27.133853488066425,2.6517628261629125,-2.1192524256625465
mature,287779.356185265,243238.36871051823,2316008.8967844956,568264.1727910137,-3.897492860671524,-1.1196271097234138,0.227027452538015,15.181696465126029,-0.6167156794953821,15.26773314125082,32.724847316956115,1.3036342491243769,46.371998836468364,105.75719613868469,-3.2620872588796352,8.50996767924588,-4.989797452907587,1.6079753580742415,6.004409081701105,0.8857265134506729,-9.390201743807143,-23.0499728271215,2.641565791672863,-15.372576748261718
decay,111535.77929185746,153730.27947087973,2474039.9130972223,442031.34583760006,0.25093704622813595,0.09457684115038595,-4.119956229587388,4.598294159066256,2.9828823457808893,5.345436578331002,42.814831972218066,0.5616178679982358,29.782607339460927,31.990285239518126,-0.6691608556409113,1.656081218324287,-0.6614591612125384,-1.7361465865334276,5.9589769544107245,-2.226318501514423,-3.2988276196149053,-32.98683583444809,-2.577865846948559,-11.506186758166304
