,Az,Ae,Kz,Ke,Cz,Ca,Ck,Ce,BAz,BAe,BKz,BKe,BΦZ,BΦE,Gz,Ge,∂Az/∂t (finite diff.),∂Ae/∂t (finite diff.),∂Kz/∂t (finite diff.),∂Ke/∂t (finite diff.),RGz,RKz,RGe,RKe
intensification,311087.83056122856,230117.21401934235,1117749.627358018,568758.0039174556,2.4191374805460955,0.5432045230118344,2.816864387497321,4.245245680933587,1.8809134845728008,-0.46070046698542827,-2.8766795506611005,10.117773923452676,-17.50418509718389,1.5135766097054917,-0.18763605200821046,3.254269015537668,-0.746558369997575,0.04127153710666325,-0.04457398802531449,3.704165581521377,0.3348701489875541,-2.4038963054076303,4.204013162013845,-7.841989635367562
