,Az,Ae,Kz,Ke,Cz,Ca,Ck,Ce,BAz,BAe,BKz,BKe,BΦZ,BΦE,Gz,Ge,∂Az/∂t (finite diff.),∂Ae/∂t (finite diff.),∂Kz/∂t (finite diff.),∂Ke/∂t (finite diff.),RGz,RKz,RGe,RKe
incipient,1122822.9307760897,42527.03375944231,2738924.8341523805,149948.54946272887,0.9501543308758311,0.8988433945910688,-4.218983244495311,2.1517279067366175,6.377449520257291,-1.0060627738493262,-24.503113492359823,-0.2806178283591452,11.38690696165916,-28.969049727471173,-1.3082131618948882,-0.12869186227595433,8.256094111597548,-0.4899020417326648,20.972173270218413,0.07463647792492578,3.727642316807157,48.74411567619772,1.7690452442622095,-6.015456844947857
intensification,1140557.119324369,186102.79717193064,4141703.8824320543,270217.8070512898,6.814876388943344,2.831471632399535,-5.598537696527878,8.135228499693183,8.881652688300795,3.479831270670513,-27.273481312156402,-1.369477400559557,121.26550138124823,66.71276087684099,1.5353241428707192,3.7678773221917417,-1.256580217819732,1.344844089130394,20.664645330156254,1.6821804356854806,-0.49188488477764836,46.72178794989719,3.1687696857535266,-10.682108359976024
mature,1130248.4171095756,192592.75221056875,7224299.501609469,392622.91530451924,-3.0103279969884413,2.8671750175479227,-12.185635942347442,11.423660047214378,3.8167203411165715,4.065053573070441,26.90966911779767,-7.324398097382405,294.5514688259339,169.96285757089973,-2.517810381212329,5.87856675107637,-1.9237139600552702,-2.12494610786437,18.092875586506896,-0.9178743749479871,-5.883587280612361,6.37917040804511,2.3664853487316444,-17.202772267127404
decay,820661.830003477,78048.17750041871,6223614.826920881,173563.2638474895,-3.0110954387877977,0.10928665706933799,-2.5983844018228903,2.3903194409336845,-6.187002018657574,4.002928701389665,23.7799836844273,4.115846513105082,163.37517083932136,111.46181432909819,-0.079102024629911,0.39692001067143656,-4.3543769201067795,-0.7389257239466169,-21.910373330633963,-2.0251491127849586,-1.0691836831676664,-40.08087717445057,-2.4608216414719353,-11.129699468646617
