,Az,Ae,Kz,Ke,Cz,Ca,Ck,Ce,BAz,BAe,BKz,BKe,BΦZ,BΦE,Gz,Ge,∂Az/∂t (finite diff.),∂Ae/∂t (finite diff.),∂Kz/∂t (finite diff.),∂Ke/∂t (finite diff.),RGz,RKz,RGe,RKe
incipient,1367236.6032259162,108989.09507051049,3740379.0603467086,139294.2014262541,0.8524966679185972,0.19176695373679584,-0.7186156401876254,0.18794842807516632,18.120413589227184,-0.9172495742660078,59.88937578705274,1.0356072395241058,-45.96947520076238,-47.775074521308575,0.02505864539303529,-1.9762201061142128,19.10625496081603,0.0635407651251632,29.51547543189301,2.136460332664736,2.0301049932442385,-30.507781382890702,0.9769718137295414,0.1942890248778381
intensification,918409.6712474053,328124.0163962092,3580199.394257628,518224.5800843238,-0.034830524885347054,2.6809080863775017,-3.9658199967139938,10.766870690363412,10.532464232945967,4.898045924690793,31.37030233685306,2.6373014937383887,83.9043466370901,48.954482513039565,1.4395428967042465,4.020735055207245,-10.432458568950583,2.183731156029549,-10.604257364468499,5.63884946861789,-18.318845240404396,-37.97390917972223,5.3716478353246675,-11.731142712197908
mature,205751.7590041827,199744.65129833636,1871397.838229476,700112.4320242606,7.70314620506596,-0.9642053715905711,5.1335072544122955,-1.7600456769535349,4.2480100245207755,-4.241022774767235,-5.186007840245475,0.1908904464528279,63.04674778425592,18.217182402953732,2.777683381256794,0.5568435354543186,1.2633211976610468,-4.860479145284802,-18.0933206468547,-5.519937631927576,3.7542520066156597,-25.74396626608748,-1.4152966758805317,1.182724852985427
decay,93289.33304758872,41688.30457169102,747925.8365645083,229500.196407724,-0.30746780241055177,-0.023445685869821608,5.185316824730906,0.28149910881740176,-0.5866303344207028,0.33242125971303754,3.840244941427712,3.3981275686224968,-33.362221474594435,-62.10383720769746,0.08614785956652549,0.016600215190541005,-0.41206116863168063,-0.028440166668679916,-2.0052904217985734,-0.7120644793325583,-0.15634432249135127,-10.723384385546638,-0.0559166316944941,0.7936256679584471
