,Az,Ae,Kz,Ke,Cz,Ca,Ck,Ce,BAz,BAe,BKz,BKe,BΦZ,BΦE,Gz,Ge,∂Az/∂t (finite diff.),∂Ae/∂t (finite diff.),∂Kz/∂t (finite diff.),∂Ke/∂t (finite diff.),RGz,RKz,RGe,RKe
incipient,906142.9934367478,183960.53184254866,2538214.5384731595,295291.26194823335,5.17408614904197,0.3486306536204856,-4.665784059987567,2.474197092991425,4.577505672844743,-0.3443949173531352,-18.09182973372047,-7.255161315562086,71.9518875011954,25.62327972322164,1.6277398263418648,1.0703135310428684,-2.1060370153684085,-2.6731001450578984,-7.293769556063852,-1.1995235643534503,-1.1608258855506968,10.289758088602216,-0.20313878833382368,-1.0843434017703557
intensification,481304.40972776944,55459.16383340138,1654534.8516056335,271876.67627182126,2.6597426093299474,0.32049210702245046,-4.6086055427107455,1.407042027958467,0.4065366881793734,-0.003863612126370686,-10.458644767672483,0.0044588805348617176,17.573546058925075,-2.3905858192888,-0.7088582125159036,0.4127524333106278,-3.4625446880485145,-0.33927871990755504,-6.599224123494885,0.6767646222045971,-0.88884665987549,5.8082835775584,0.7511348131548321,-5.343341828999478
mature,203201.25421809804,47571.67065507412,923382.1362501694,327968.5295038266,0.7954604286801051,-0.4148707703142657,-0.8870392449987063,-1.7675174709062735,1.0889312548299943,0.3787398915586242,0.7977973432582335,-0.7216727738832837,-32.47815742933342,-24.74218815187238,-0.022550944711795824,-0.9228178979647718,0.3668639948205969,0.2472987761598834,-0.33738900111024867,-1.5064888260234832,-0.3414776016435577,-1.0436075280498813,-1.4840878159907487,0.09566217376736785
decay,328962.85352376616,49613.22668139059,1034147.9599017205,197533.86791043507,4.454029545119181,-0.027557104246871626,-1.9738100256524764,0.1337551659457313,3.4764518445408163,0.028511952280060898,-0.007350971519035057,-1.141269870959451,7.667439307418311,-3.2866642384388216,2.0634593786688864,0.3917571934109458,0.16646845465238996,0.2599284216332907,-0.45404567123403045,0.15150826833825726,1.1164890509838832,-2.9269142191817004,0.3927287395458327,-0.8147870523004999
