,Az,Ae,Kz,Ke,Cz,Ca,Ck,Ce,BAz,BAe,BKz,BKe,BΦZ,BΦE,Gz,Ge,∂Az/∂t (finite diff.),∂Ae/∂t (finite diff.),∂Kz/∂t (finite diff.),∂Ke/∂t (finite diff.),RGz,RKz,RGe,RKe
incipient,525869.0063095106,245582.57183519137,1096930.4592530848,735224.5181272734,1.8730275066054614,1.390338169855789,-35.62935630539388,-2.3907169500591063,3.765696009794126,-2.9640678227321207,-4.111573499127747,-19.469556981070752,56.43815585282514,33.38636081960943,0.055612497037408226,-1.6576193564285742,-1.7135818963012142,1.2589498798702856,-3.585443001211676,-0.8367242516947814,-2.2159122296340885,34.28245929670448,0.44196258268751104,-14.605806625958792
intensification,470101.43771449936,204328.89429655502,871853.4243480862,615529.3906372738,1.6027576044345193,-1.0148379348764076,-11.5579952566801,-2.8211830289304474,-3.114164048840279,1.8361759289379342,-1.0521843801868676,-11.686062954619171,23.67275449207703,11.19215483112512,-1.3699067036757637,-1.4984962865531062,-0.9215617016292247,-0.9445480105292889,0.7450488303138321,-1.952824310233989,2.7805220167691664,11.752470862746282,-4.587069033521263,0.9964264166355253
mature,333563.9855841461,81171.51088818202,1270950.784508976,315758.7775271185,-0.44345672294412003,-0.7243073552993525,-0.8733548176822304,0.8809113055326326,-8.254070615389567,1.085536190522303,-9.769709147500222,1.0030057672255268,46.18603508249257,53.321744438891734,-1.6096775635727179,1.1385654294114753,-3.124850192252502,-1.1054435291268454,7.774525714315527,-4.013701621097225,3.9614563448935933,18.8610464024421,-0.5857610588171636,-6.7709735115376155
decay,230179.06017795517,70698.31811280474,1805988.8836702832,253793.48722682707,1.287888001960179,-0.2057134744945869,-0.7290350150788062,-1.3124160310677446,-6.522197145918159,0.48129112436697186,14.675629096984082,1.30601345271549,94.8167168994574,90.19938734951532,1.3881823897584769,-0.20461587245566934,-1.4341056852876612,0.45813633610433996,11.003288527021914,1.6396380948310003,6.170265988096091,-4.231193556843541,-1.1298573448357898,0.917005658104449
