,Az,Ae,Kz,Ke,Cz,Ca,Ck,Ce,BAz,BAe,BKz,BKe,BΦZ,BΦE,Gz,Ge,∂Az/∂t (finite diff.),∂Ae/∂t (finite diff.),∂Kz/∂t (finite diff.),∂Ke/∂t (finite diff.),RGz,RKz,RGe,RKe
intensification,562138.3432370772,256217.20192048294,2475848.982037244,417364.2762872063,5.523366578604097,0.7474563172079981,-10.083898365301744,5.467605436751861,8.414027197900575,1.0049644578597348,0.6126698451230871,-17.641607574252095,91.60470402301867,41.376858111175004,-0.3593835033169344,1.6649921528713214,0.12636015867760347,-2.00050402512884,-13.569631417779988,0.27379667546190584,-2.016844143410878,-9.62176947620543,1.7146806365552891,2.363900447660395
mature,566596.9428007131,187946.86860597387,2109256.77400642,376321.31866093166,3.8638732721921443,0.781205145880643,-11.46602482951323,4.323652638265367,6.683335233850611,-1.2074219613913728,13.011937395635798,-22.954252694189236,82.9922124350444,18.20784250431713,-1.2882428117025841,1.6380711209352006,-0.9936596547598984,-3.317553625923183,-6.532153620720211,-4.422860614491033,-3.0319164705377233,-11.941939459034923,1.4323158278529136,2.741714611919603
decay,534741.6416448483,55004.859973790335,2507659.95290214,123214.60957848768,1.4374251380865108,0.24398609084785752,-2.534713299755573,0.9700143743933531,1.0363777406558867,-0.13903737242300912,-8.58609316957601,-4.0170357665654315,-12.54003962995855,-63.51389597364335,-0.8650693223269151,0.3530338999537982,0.345590912328722,-0.8771508703565736,7.325477404680172,-2.341375543757452,0.990624400607204,17.008858735925244,-0.01208521438806871,-1.8290674513409457
