,Az,Ae,Kz,Ke,Cz,Ca,Ck,Ce,BAz,BAe,BKz,BKe,BΦZ,BΦE,Gz,Ge,∂Az/∂t (finite diff.),∂Ae/∂t (finite diff.),∂Kz/∂t (finite diff.),∂Ke/∂t (finite diff.),RGz,RKz,RGe,RKe
intensification,411598.89595284365,338282.24592700455,2067098.562073889,399249.2345677119,-0.16873951925895223,1.1842904063276818,0.7018102242953903,7.993981566438187,2.2461335875706863,2.6642441821261427,-42.498755670223545,20.564455822373038,142.75726518481446,112.43963645142043,-0.11185168635915532,-3.538443715750926,-5.821417511088485,-9.976956411238024,-12.885162839339644,1.3676372164179538,-7.0520002115904425,29.080522125847466,-5.83150943325366,-26.488989948097885
mature,240189.80869855944,138826.17117861574,1491191.4764863853,446306.5331543316,-0.5480433778091949,0.731230144004805,0.850763634919642,5.3940641704444054,0.1154561751545862,-0.8875540613764641,-19.520782920240386,4.153829268726121,70.84389526863629,66.68078636713093,-0.17829499916556754,2.0139244788691313,-3.294984701363248,-2.3906312511204466,-6.235590302295513,-2.3125865420101386,-3.227254110322224,12.982472360834425,3.159756836695619,-11.009716346261023
decay,106415.31472608297,52819.6354983751,1433339.4579908436,247707.0689081966,-0.9472069242528323,0.1497250199607845,2.1529826522862896,1.153178640522224,0.09908619471478797,-0.38425591547778903,-8.035248276611158,-0.5521901694462846,60.96636158639783,72.6399010012188,-0.2902894345746562,0.4819549430992565,-0.5377671311670332,-0.5037314255370312,1.6773145824894127,-2.1593072492182412,-1.4343352301738685,8.506787131067112,0.8839781105021973,-0.6073130680078912
