,Az,Ae,Kz,Ke,Cz,Ca,Ck,Ce,BAz,BAe,BKz,BKe,BΦZ,BΦE,Gz,Ge,∂Az/∂t (finite diff.),∂Ae/∂t (finite diff.),∂Kz/∂t (finite diff.),∂Ke/∂t (finite diff.),RGz,RKz,RGe,RKe
incipient,881072.7600720699,113285.41073119554,3698932.961931899,236706.0771478131,4.415166154521881,-1.1196215514858707,1.7370162169026568,-0.2088222363632064,9.041378735545509,-0.7751625015591406,31.64908427410027,6.991622339582092,-199.6936179821933,-195.7132294558111,0.6842533202094994,-0.2595558521030167,8.345198410566564,-0.8984091836460821,1.2053972677727058,0.7621073295170013,2.5993642780570667,-36.5958693777521,0.7875526330357225,-4.283676556799229
intensification,633406.6395037137,183748.566696215,3198029.5304730395,564638.0718250826,1.411352911259797,2.8922893666813003,-9.120054612637917,10.15005729327915,10.001944211683988,-1.6527373965527137,12.814243168610446,4.476028921957929,-1.8452089923465564,-7.385105794957366,0.41870533561743983,7.263354451257643,-6.458641089838454,2.287284062692704,-6.011578832560426,4.620141508342713,-12.156943023581343,-11.117120299792754,11.197789385843269,-19.125999319532283
mature,505654.04451931914,319552.3295132815,3168271.1812173035,849673.8751707855,1.989194891118675,5.403623187310415,-36.77218971588007,16.07721025357013,17.446772136015873,-8.709819141284056,-1.4721313103343867,-16.422724614313417,213.052105392394,181.12465602471593,-3.8161960049938584,10.945594795497568,4.868808985978138,-1.3515328066653765,4.887629058725865,2.4305158220026164,-5.185145071608646,41.14275519382164,18.031873400878396,-33.99615953313416
decay,780305.906676261,345168.27882449067,4063743.969696679,699271.8211444833,-0.3063871745912741,7.380796733077042,-28.32673479542766,9.225562698752494,24.791424377404265,-7.668226097172157,-39.045091023454056,-18.546285447066435,300.7291354682444,246.97423396574783,-5.8444562236140944,-0.516836816202777,2.7535970548753275,1.4260694446092403,20.347867440735985,-2.624855625242456,-14.963417764043172,88.02608043420898,10.939061507456847,-21.630867672356178
