,Az,Ae,Kz,Ke,Cz,Ca,Ck,Ce,BAz,BAe,BKz,BKe,BΦZ,BΦE,Gz,Ge,∂Az/∂t (finite diff.),∂Ae/∂t (finite diff.),∂Kz/∂t (finite diff.),∂Ke/∂t (finite diff.),RGz,RKz,RGe,RKe
intensification,483384.7557068502,164936.29873688257,2567829.3088667016,376754.18455919356,-0.44627566969472854,2.5489928067609435,-13.939396616681504,1.7419873276838223,1.4363199531153934,-2.8300766359890774,-22.54060333998931,-7.718176587083285,76.20725684034883,3.52863015673582,-4.009360214582127,-2.7338751505209706,3.873915348541834,1.3727630934615953,18.2902036747653,2.784720843427173,4.540312532492656,55.216479301130846,3.3958342503735515,-5.178486513854869
mature,479262.2138521791,215783.48174954182,3176693.3566358825,467866.1531177034,1.2975891769599914,2.886826365850564,-19.868131013312315,1.4970514021198862,-2.3758687455003633,-4.790637719917177,-25.14625974970096,-10.451358505371601,149.391932933471,56.691680763790416,-2.950242776454912,-1.4430171379513315,0.054007979553544305,1.3823440134358902,21.927910704642642,1.7872745679451085,6.614292267864463,65.64471229069592,4.783206769622389,-9.126549342115496
decay,813010.5550680906,219187.62903992386,4506899.524947569,444638.6038212982,7.1861157187712665,2.344349937378784,-18.05200138226404,4.2776116976413885,0.7226586376927547,-3.2537028481484986,-55.283913265797665,-5.887424902588032,286.8771915923018,161.92503025073214,2.653351995904305,0.042255826639569234,8.931572355210534,-0.7300784329796727,26.681083774267144,-1.9366601533085317,17.739379373667827,92.83088270355756,4.456886175431431,-18.37884833062593
residual,1274579.7079095098,124055.98667240208,5916499.836277478,282803.7685273285,14.357767278166618,0.7459049023030232,-3.5216794440578236,5.752056640100631,6.406987385778758,1.8676548818623167,-46.93071569180072,-4.690921672594963,253.1350722519263,110.90387505249988,7.341742355836146,2.638897291156772,2.148560871106826,-1.5951631671506636,10.189134519896951,-1.9123676215890892,10.845245665797707,46.283762377588886,1.5433336887846274,-6.495182033152581
