,Az,Ae,Kz,Ke,Cz,Ca,Ck,Ce,BAz,BAe,BKz,BKe,BΦZ,BΦE,Gz,Ge,∂Az/∂t (finite diff.),∂Ae/∂t (finite diff.),∂Kz/∂t (finite diff.),∂Ke/∂t (finite diff.),RGz,RKz,RGe,RKe
decay,228583.71286530574,49588.29144082767,1427087.2821659949,166012.40710953771,0.9651537101094867,-0.12134776603558706,0.46508324910771154,0.5383046776917133,2.4515300256291157,-0.07696629304504088,21.859505570213294,1.6249861991385337,-24.30227089276396,-24.750048107764346,0.9207100829353612,0.17511689523823432,-1.0626126181057762,-0.08084381635351846,-4.417501624662182,-1.5744969028284415,-2.670336699660992,-27.707244154092677,0.6557749204188228,-3.272704530550977
intensification,147167.7046758285,40577.700918748604,1344351.3482376467,140887.6863248758,2.1490962917566727,0.0794584259728779,-0.5543561623381096,0.5617871809116237,1.65688193821601,-0.2249771792981057,21.967255624922167,0.20071079718029006,-30.8460683040325,-34.347656822309574,0.5513125515768216,0.23074174527142163,-2.8444558876658914,-0.4294847200501285,-2.6616930170593287,-0.4337120904573388,-2.27278310815235,-26.223688771400056,0.277821214186723,-1.7505662308873624
mature,130464.52938978255,34079.62205619157,1537781.6872982013,139006.22469983576,1.2499107422120663,0.1495832184508503,-0.7942307516041927,0.17878718816430672,1.1590244567735128,-0.23971714204853733,30.699448449034296,-0.41231317544653034,-34.88999699242498,-40.468744334784624,0.7768149257122244,-0.19939462972618582,1.8760659768983285,-0.004659020428808898,15.191216830168248,0.1182350340158532,2.1165354807877317,-15.963911609473922,0.26426209133318485,-0.4424697303061158
decay 2,168303.85808091768,39917.05748482258,2062701.2792956166,119338.38187045764,-0.05314575304743204,0.2245434714642418,-0.8152116415200308,0.520723835910966,0.06872519422790554,-0.07866149378493646,36.491552243823136,-0.9317505769092091,-22.508765060526283,-33.799064926929915,1.011808725748606,0.397217489787998,0.8705258317623367,0.055969147647845115,10.858483893576334,-0.5099939468198877,0.973198355951241,-24.76471095567934,0.43081100587950577,-0.9141788473416754
