,Az,Ae,Kz,Ke,Cz,Ca,Ck,Ce,BAz,BAe,BKz,BKe,BΦZ,BΦE,Gz,Ge,∂Az/∂t (finite diff.),∂Ae/∂t (finite diff.),∂Kz/∂t (finite diff.),∂Ke/∂t (finite diff.),RGz,RKz,RGe,RKe
incipient,464764.3452436386,131130.10280367985,3447076.8236158136,245491.9465733472,1.9703749739769512,0.45199656935444943,-1.8924896806964824,2.955404447794914,1.6934675294795138,-1.243131858225772,69.94849914496761,3.880696367809504,-50.548855779059316,-8.97019213076856,-2.4617392364064883,0.007338363576435913,2.694359447621231,-1.125775701940473,4.01880904451576,1.8491656277136215,3.4232634614731183,-66.00757539373232,2.6207640347257644,-6.879424868587279
intensification,432579.7969540849,203838.9966011198,2785248.043647026,556089.0293738286,6.928619509281072,1.4763689506493145,4.883975544988902,6.732603288318253,1.672707613618487,-6.519460417077252,15.84365878125059,14.793634421167292,-62.3831504094564,-29.576599594695267,3.127962102610015,6.9747499903927,-1.460800584180938,1.4213602052912688,-13.165790955638347,5.183015417121156,5.271480262130962,-40.8220447911589,13.19705496003746,-11.459246747375486
mature,345300.46602336474,127339.67362275573,1927814.011077026,797611.6338000122,-2.8278735267460324,0.010572867267176466,18.069934999232327,1.9092948355157788,-5.998594676164956,-4.045101439792149,2.201661638968644,18.232411761177154,-37.0522302075327,-17.12835852517042,0.3737024906560608,2.6766260764514067,0.19390224010897833,-4.187019420708319,-2.49056415655689,-2.017352848613417,3.3751962567950775,-19.93428726801183,1.756803987332432,-4.089124446074026
decay,352653.57067954645,86242.4206942273,1975432.4370670607,419555.2105899161,-2.2862265584605144,0.45604463906925374,4.061912787263171,1.917074169808405,-1.4989655958521348,0.8240243985105605,1.714165888798411,3.3991885900444045,11.944940483416454,18.091535039784716,-0.9666629563843391,0.4963579423398733,0.09379328205651191,0.3545950743393101,-0.5974976222971994,-2.4591296275369503,-0.23742304148261362,-4.087349739898262,0.9916002065679006,-3.7134796001265897
