,Az,Ae,Kz,Ke,Cz,Ca,Ck,Ce,BAz,BAe,BKz,BKe,BΦZ,BΦE,Gz,Ge,∂Az/∂t (finite diff.),∂Ae/∂t (finite diff.),∂Kz/∂t (finite diff.),∂Ke/∂t (finite diff.),RGz,RKz,RGe,RKe
incipient,515941.1966650443,240847.55760614364,1824261.454943942,189589.38555885147,-3.615397845594887,0.5775179589192816,1.9811988367751945,7.592139166847225,6.120522636399307,2.5658844222563215,14.280112654524546,-3.250678124562918,98.8550456229901,83.31387160591893,-0.9284779609037033,1.9278569110294999,-2.845323686340408,1.2390048364322017,2.3968713774127863,-1.1268981744139612,-12.003726209415321,-10.249042268292067,5.6877416221038235,-3.4871603799230733
intensification,241332.48443117115,280605.33222556073,1682153.6959848737,230977.4456045106,-3.0740826787658464,0.2766949917411713,3.053691970288231,6.860474265943422,2.617909778872698,1.7193138583124479,2.8580205446039284,3.2310379362731254,69.32306637083668,80.51090984239774,-1.0031043244415314,2.4561456378164905,-4.167853975681333,-0.06656523490021524,-4.395275829943581,1.9343921218266602,-9.583151441578707,-7.232905666069894,4.797900180989588,-5.103428110101656
mature,115776.66483660178,241523.9843512876,1529728.8352934916,348828.6015021398,-3.875058198013324,0.2579579293690329,11.206149011651169,7.132311712684827,0.8638949378620095,1.7862338850790433,-9.676084442961008,5.817576235277296,21.099407927373296,36.5524982438611,-0.7101533091997277,2.119681777672188,-1.3280791833981935,-0.5745001723166974,-2.1651225929585878,1.1115330437375286,-5.809074389904494,0.17987103636457688,4.513619725920052,-0.6322058925734266
decay,48160.590789031055,170695.697288177,1218805.3928649202,326884.30742308707,-1.164953166296001,0.00906640613619432,14.259711216498555,4.82422183543567,-0.11525650973718157,1.2928842278264896,-13.888774172112168,8.485752074478043,-24.917769279339527,-6.997592461839684,-0.16208021187899593,1.2213917174865316,-0.21207454522264801,-1.0804153564393555,-2.583733900061781,-1.3080877441210408,-1.252704795645273,-1.7897177781521685,2.4418558450336305,-0.3583504375362006
