,Az,Ae,Kz,Ke,Cz,Ca,Ck,Ce,BAz,BAe,BKz,BKe,BΦZ,BΦE,Gz,Ge,∂Az/∂t (finite diff.),∂Ae/∂t (finite diff.),∂Kz/∂t (finite diff.),∂Ke/∂t (finite diff.),RGz,RKz,RGe,RKe
decay,248723.94698042868,37445.499204983986,1553579.004090725,232653.85287318798,1.2233518103676013,0.2823196307604898,0.6302631010905189,2.4883320651124983,1.658635837411759,0.0021730612790041987,-31.473837592198986,8.590833136471163,77.96341939295799,64.91001746896626,0.9395156386965076,0.9964538868068723,3.1103064803974574,0.6669321692762674,45.90223815271443,-2.4565752161249854,2.95734208411379,75.5224608334553,2.8707715423492717,-12.905477316618128
intensification,684141.0632121012,261294.8177444733,4895596.34596508,310978.00215346506,-0.9187223084497242,1.819005719554823,-1.7029055412776963,7.330118702367281,16.54653060041583,7.00422886527223,-49.982644523964936,2.373366052288278,312.21975820298604,267.68784735802177,0.43841529346049135,4.689502443241905,2.3451836609317898,2.809361429250058,40.19045281489425,1.7675311804530405,-13.301063528378943,92.79472518858661,1.3162455467902852,-9.638859115480216
