,Az,Ae,Kz,Ke,Cz,Ca,Ck,Ce,BAz,BAe,BKz,BKe,BΦZ,BΦE,Gz,Ge,∂Az/∂t (finite diff.),∂Ae/∂t (finite diff.),∂Kz/∂t (finite diff.),∂Ke/∂t (finite diff.),RGz,RKz,RGe,RKe
incipient,179558.4144668563,150573.08428813636,1081256.542036697,704999.9309647864,2.791954517351968,1.2387067596893493,-2.3509886277326015,3.7069813927988764,1.612001361820484,-0.03778369831683335,-6.39630569391966,25.76575842528089,23.547762814871486,2.9917175704163177,-0.3599683303105681,-0.5248803525541242,0.30497989900836164,0.5106349838020977,-0.1191858435466071,4.880810573839878,2.723639814229195,5.836153960753687,3.016693315228458,-26.942917871972487
intensification,194050.71562464457,167340.71994418013,1013140.3230382948,844303.1769392007,1.6012463033486437,0.9088307866978437,-2.3631598105867293,5.680971703366958,0.37912519032841,0.29919348473499235,-5.783018950429284,14.301338324377584,1.7957554722595142,-31.81067779280838,1.4221455243769545,3.632641295495052,-0.1459893026576379,0.04788958436332321,-2.0813522523765116,1.2872469252047953,1.9849625970604394,4.4635802052908575,4.520837016297445,-21.05822291312648
mature,118192.51484037278,164768.81540454025,854752.5069293237,960620.0093814372,1.2218412062033177,0.9813763187200589,-19.09808675662134,1.488022352058233,2.1953153734841213,-1.5208981380955444,9.913407308866768,-3.3021416758423476,20.65456956770795,-16.890504328136643,0.16863831774784652,1.469975589567727,-2.353460597376815,1.1080648855499098,-6.424913484786747,6.991893579612548,-2.34555844593756,1.5379247567645014,3.1356090569836277,-10.29207385322467
decay,76480.0242147584,280083.2204695118,526211.2551188642,1567529.507657831,-0.18357847774747207,1.7704771149564174,-37.38784346430089,3.940885996478936,4.264228540209398,-1.6720485016855566,23.404932987007886,-25.74350109005803,21.57195160066844,6.149262919615792,0.3854106150826328,2.9621955594007208,0.28301385668322293,1.2727098742847973,-1.4607585290873795,11.062391194810788,-2.3943160463172295,12.705730425953092,5.115167257492873,-4.522837175911009
