,Az,Ae,Kz,Ke,Cz,Ca,Ck,Ce,BAz,BAe,BKz,BKe,BΦZ,BΦE,Gz,Ge,∂Az/∂t (finite diff.),∂Ae/∂t (finite diff.),∂Kz/∂t (finite diff.),∂Ke/∂t (finite diff.),RGz,RKz,RGe,RKe
decay,545400.5061075874,103740.7346691631,2992468.6880371785,183962.11668597438,0.18345814030401425,0.42424455692796903,0.38565331546143955,3.002881771889334,5.020197152622454,2.9589566671975507,5.301133508299596,-1.104722973289675,89.85285543055753,71.44187328155834,-1.9421560605224182,-0.8427401036723356,1.6370368206226815,0.021707328088695507,2.1036686170276218,-0.8065674872691179,-2.775457634767789,-3.7665763470374287,-0.35861212414749,-2.3190729704073374
intensification,552250.971877638,112044.10513565174,3007339.0633999384,211444.17004919483,-0.3499674306762467,1.3608736694978472,-0.9488807534892576,4.2599106177143256,6.414789600450794,0.5115709402408434,-3.697444432581052,4.71709798395928,91.136023265901,64.68509383930612,-2.5673721844758672,1.2511448835311811,0.39064221957591216,-0.22756293760650098,-6.830341796533601,3.0231083541907813,-5.013241142053282,-1.834049179787046,2.159903070369134,-6.902781000972082
decay 2,564424.2285553995,67131.39880456757,2553930.9653446777,240821.3508680008,2.4939471272225044,1.1425342683445103,-3.5633444921699984,3.2856292532661233,6.181773438807567,-1.065473623675792,6.420945288109086,-0.13947146086045673,14.645639632887667,-4.115024630886941,-2.2609790826118106,1.7592431122788377,-0.09977190183520708,-0.8341200089410404,-10.195503367004322,-1.7933124436870411,-2.6450639450757594,-15.547051290165916,2.374448599656365,-8.502814728262708
