,Az,Ae,Kz,Ke,Cz,Ca,Ck,Ce,BAz,BAe,BKz,BKe,BΦZ,BΦE,Gz,Ge,∂Az/∂t (finite diff.),∂Ae/∂t (finite diff.),∂Kz/∂t (finite diff.),∂Ke/∂t (finite diff.),RGz,RKz,RGe,RKe
incipient,479082.6160681447,57679.744618652665,1530316.2003160578,289730.7700315548,11.206592993012261,0.34374997700245574,-4.275305991678273,1.9219448003953472,4.054797172681468,1.43335040439904,-16.435271005182802,7.091210729329527,-50.11939891467151,-93.28405881172347,6.090494507267346,-0.9626350609101094,-3.4926791968950424,0.5977208478885564,-11.663173239946756,10.653471892806857,4.002866600438206,-2.1591892360979443,0.7425652668824078,-2.6349896285962884
intensification,426888.4746835173,79372.50983313228,1278473.040602382,585425.4579979009,4.3273286538966245,-0.1701982938459893,-10.619646180700567,0.7940486592469889,0.8822016745296354,2.13391168846571,-5.278579419606088,-5.529536757258825,-62.232036130219214,-102.82220871856853,0.3931294548821015,0.8047730360467117,-1.0190571636618497,0.125248671174565,-5.160622655606206,2.1223208677819203,2.2558715218591505,6.410274290803825,-1.0444160641981666,-3.7618372149068113
mature,297106.9714567309,71169.03369329848,792981.5991268012,619365.2336209575,2.84753950391585,-0.22706956379378998,-11.934833307409386,-0.7576800165749775,0.19340017036407567,1.2123692236578072,11.316998807935798,-9.73508444907691,-33.87358103588088,-62.06089987591965,-1.9901006542348856,-0.8827849199414333,-3.7752362468522183,-0.48867466381815944,-3.530391958425492,-0.2816382422465557,-1.348166477094234,-5.760096962867753,-2.2316543402571543,-1.7237070840040556
decay,178690.3099679613,82449.28462267986,930739.5968993185,616620.0268484233,-0.29919874664828183,0.15253394223270725,-12.05328208957079,-0.6552517139309174,-0.2893546881183685,0.9103307516001862,28.806604724108105,-5.030409051144188,-15.936618954909466,-33.79744521742825,-0.8134957979908418,-0.7642235952827856,-0.5196721787119709,0.21847616045029097,8.72411885997644,1.455950227039354,-0.3769822950091768,-7.7300050279125925,-1.49964024731352,-4.911671097456328
