,Az,Ae,Kz,Ke,Cz,Ca,Ck,Ce,BAz,BAe,BKz,BKe,BΦZ,BΦE,Gz,Ge,∂Az/∂t (finite diff.),∂Ae/∂t (finite diff.),∂Kz/∂t (finite diff.),∂Ke/∂t (finite diff.),RGz,RKz,RGe,RKe
decay,346078.1501294731,59908.40337282213,1223572.0703802933,153136.84610364478,0.5983195296519576,0.10698013986249819,-0.6147902553633887,0.8267775826869924,1.8433820590417487,0.4232720097916869,-11.230929751326297,1.1148071014612833,58.93987366984353,81.62867813499922,0.37761552417197,-0.44698311581994565,1.7864501068410945,-1.2395732405490476,6.732521069292078,-1.519910495485981,0.6483677173138014,17.979921546329802,-0.9430478075162403,-4.076285434997645
intensification,484082.078048735,48476.67928494231,1763477.7568951545,84466.35750083237,-0.29459601031345173,0.13948021351072706,-0.22651420878897924,0.667041415869919,0.2944671403155474,0.033223384237286914,-0.9132315007612718,0.4322975130766811,57.127417441953696,75.86724441161323,0.24454895144668345,0.5001267395854936,-0.27941352728533336,-0.17372328486817867,9.176432395249892,-0.37069821107092077,-0.7289964644036054,10.610774115113594,0.32061453325372624,-1.6965513488065003
mature,393370.5027750457,36768.39495393469,2027904.6553193459,87864.49633165268,2.6035864845818555,0.23244215719472056,0.28092049067432945,0.35287252570892524,2.8657192111690177,-0.0599652829321596,-4.909930186588069,-0.551717887377069,26.703941368471703,29.073299420212585,0.6286343437168922,0.022329812475965355,-1.0180589702021958,0.08859818493481442,0.9972455028445768,-0.08176214804099999,-1.0477495395946377,3.0226687141764605,0.2689938363811786,0.3980037043014732
decay 2,327853.93164083903,58755.71112440458,2179088.3421164276,78918.42955147658,5.073858196916524,0.25156866843567816,-0.3857776734631494,-0.8936853617840441,2.5256865033659444,0.5032646849362619,-3.1935949984183205,-0.029996391640941943,-62.120741856083484,-69.47637332243912,1.5459963508398111,-0.3243459948752481,-2.8217144731109327,1.0112205522224906,4.2507998497215365,0.08323458713685468,-0.02197411112467451,2.756314324686482,-0.6372981629334935,0.6211386670986913
