,Az,Ae,Kz,Ke,Cz,Ca,Ck,Ce,BAz,BAe,BKz,BKe,BΦZ,BΦE,Gz,Ge,∂Az/∂t (finite diff.),∂Ae/∂t (finite diff.),∂Kz/∂t (finite diff.),∂Ke/∂t (finite diff.),RGz,RKz,RGe,RKe
decay,407986.1758805629,68189.24373528629,1604433.8262336135,169456.17177728462,1.7481573004615123,-0.43827791008552347,-0.8975621137945693,-0.4618362202474521,1.7423702755370771,1.0959632646397937,1.6656374522181001,-2.04106097034288,-83.52715831676419,-127.31446378335173,-1.4747271858636812,-0.14641953825299495,3.50534149453717,-0.3349670778653325,3.770024732721,-0.40575638616854787,3.072850609376082,1.2537920938359568,-1.4544886526670546,1.1995786906272143
intensification,560232.2224519859,46311.13147512675,1748440.7209571693,186084.8884841004,-1.432526959965501,0.5319681572351452,-3.0731710780972255,0.2680514980470352,-1.196180659205612,-1.1014189326929367,-10.762474843824535,-2.4330113609025057,-18.96384575791422,-71.28515534922947,-1.5250884091662853,0.5870628609848116,-0.005375420380630658,0.0683316297630069,3.3069587496489166,0.24031855917136416,0.2902464360946255,18.57513163153618,0.9058339032678338,-0.6678926560703908
