,Az,Ae,Kz,Ke,Cz,Ca,Ck,Ce,BAz,BAe,BKz,BKe,BΦZ,BΦE,Gz,Ge,∂Az/∂t (finite diff.),∂Ae/∂t (finite diff.),∂Kz/∂t (finite diff.),∂Ke/∂t (finite diff.),RGz,RKz,RGe,RKe
incipient,2068431.5395885797,126426.37625827831,3867266.5227162302,208495.6681153852,5.29582246206153,-1.0361011150384103,-2.210957268410262,0.7404387925140147,-2.7917255324837793,2.419538742388417,27.60593039245485,10.089169944716993,-248.58895004464605,-337.70801602226777,-11.472204942393837,-4.199640520647795,7.372057523257691,-2.9600843585153207,-4.106412125446619,5.109663623046432,14.423504402764591,-34.797207711552744,-3.603083193351313,-7.930902382594838
intensification,1017066.8627914584,424648.45741143374,3095439.0779749495,616226.2173314424,0.21023037446627046,4.936313481531616,-6.759879185070772,10.421302340027143,8.051238262567844,-1.8599749217818058,-15.189963783076537,13.128375756698057,57.89437888067244,10.917862694450756,-2.656756024779731,1.8405528352058984,-12.533371299476027,2.5779901644043903,-10.350840114477343,2.2521528880017443,-15.438065706045986,11.388772479203691,9.922953944681726,-28.05740439379423
mature,265888.19664366025,191124.4041999214,1402036.3705919834,430647.5101428865,6.833893380831697,-1.5293325830623423,10.227337969056322,2.5610058702335943,5.660764140765363,2.4608886450800482,10.371676022311304,6.422241761154304,-44.19069593248631,-101.57566550665292,3.9349173896942937,1.4093998858439454,4.127248726940213,-7.0352289447547305,-17.57114456277061,-4.430083099153209,3.7710453839442053,-45.00405193496994,-5.405779136538842,-3.185992761484787
decay,244676.81287372942,41948.69762906494,1359272.3708118729,192119.70509422055,1.9176364265290702,-0.06758537342920914,5.528082663332081,-0.2681692472434061,0.9037382723667904,0.3412736829470239,7.356836758877366,3.4118006607464184,-33.31512270711928,-73.13640039127327,1.0503458137414965,-0.1797782841443889,-0.8576901884929801,-0.13305718261890587,3.0945031092015864,-0.9465937774724984,0.08862259224009121,-11.708052739536926,-0.6749147393801267,1.4378574723565696
