,Az,Ae,Kz,Ke,Cz,Ca,Ck,Ce,BAz,BAe,BKz,BKe,BΦZ,BΦE,Gz,Ge,∂Az/∂t (finite diff.),∂Ae/∂t (finite diff.),∂Kz/∂t (finite diff.),∂Ke/∂t (finite diff.),RGz,RKz,RGe,RKe
intensification,266351.4272113581,207359.1380322611,1392439.6790516376,661779.8366133663,-3.297929254020932,0.6914739526269715,4.286211627483016,4.941657484901394,-2.890065387179239,1.3401794891639918,-19.404318212218577,17.781984193621792,60.94792767221074,111.95927528357056,-0.39355122289342526,0.5257892726010351,-1.1511183621706578,-1.1792775515131213,-1.2834751977774215,1.6738924298345719,-0.8675082763853792,17.13256064097907,1.7307264915973097,-16.7635376212056
incipient,231561.58340231786,89714.60698598583,1300998.965477135,468784.3049362213,-1.1962815427034406,0.03703405008651386,15.383159591737723,2.971139302862353,-3.0310248764705796,0.2682570928841135,-4.768759160471215,4.571007995217161,-3.7730716098442723,10.503755863269047,-1.1650283531863712,1.3100876622797972,0.9276871183177112,-1.2780460786297552,0.7022598721640185,-9.083280051417,2.799464502171364,-8.71585901639905,1.3878020812619714,-1.242267757758794
decay,403524.90791468107,94807.5043158231,1830178.7803623448,271819.1188003736,-2.184032777820753,0.3809414597289189,1.8958987244148198,0.8969562378160537,5.404025164547678,0.3423602087528117,20.95174076139255,6.076095098526181,-0.5505687166128743,-37.94782312502139,-2.272789366088959,-0.8238568642846685,4.376067918476442,0.3940554622419513,8.881152302407928,0.8307663157704221,-2.8310485641630696,-11.782454405578685,0.5677100315762745,-4.2463862961569925
