,Az,Ae,Kz,Ke,Cz,Ca,Ck,Ce,BAz,BAe,BKz,BKe,BΦZ,BΦE,Gz,Ge,∂Az/∂t (finite diff.),∂Ae/∂t (finite diff.),∂Kz/∂t (finite diff.),∂Ke/∂t (finite diff.),RGz,RKz,RGe,RKe
incipient,157921.22726596487,262435.29689386376,1803523.0888484474,222613.3931980765,-0.8340716022863933,-0.1672443850491713,-2.0596841287654564,2.436019375044111,-2.02611538309746,8.039651667289766,-2.7804679216011636,-5.171928219566111,127.20238693009044,145.16895002703083,-1.1597426771384025,-3.322029236566685,-0.7715085389687676,-2.7782911287258507,17.104389731881614,-0.806980821390983,0.25329085679312774,22.778613384534623,-8.214679035922336,-0.13075610563443937
intensification,282825.9453975774,116791.76542565382,2169023.3089895607,193447.0804828286,-1.763167656782533,0.36183663937240335,-1.3631705054452061,2.5563739528174487,-1.573520500165605,1.8451426271328535,-2.531624202821603,-0.5400167376372726,155.7590748890047,135.06484855722186,-0.7198674920318654,0.4682657822591338,0.08425934729762298,-0.596816771699837,-3.209106959560507,-0.40324845138031834,0.2564488300530981,2.448855405488838,-0.24742208538764437,-3.7827761720057005
mature,223247.03761790704,31176.885793363206,917488.877181399,131542.73688457982,0.6583020230926262,0.06305557740852195,0.8123397181082537,0.158708202074532,0.5629716395509364,0.18868247607377198,13.009737692280247,0.9583540876964226,1.1126058076422352,-54.79197291387657,-0.522279825068065,-0.3818818982919561,-0.6559172772666536,-0.03879769435743953,-2.3778809852061973,0.5089873618058828,-0.49753131631644165,-16.858260418687323,-0.1318275457652015,0.2042647901431815
decay,121767.57272047822,24012.767735008045,990535.8069761804,116841.2487352048,0.5323999365809979,0.02885160894668528,0.8401191348666701,0.07268873264284917,0.929670447911888,-0.01846645496035246,0.6270941602031279,1.2504953637303213,-8.192489593333194,-46.04241018257108,-0.15721206785917938,0.05428139490224832,-0.009641814215317707,0.04607053374197915,-0.9228973848190233,0.3409430901581582,-0.37806071659952245,-2.9225106164698196,0.1083741123984955,-0.14212187134834192
