,Az,Ae,Kz,Ke,Cz,Ca,Ck,Ce,BAz,BAe,BKz,BKe,BΦZ,BΦE,Gz,Ge,∂Az/∂t (finite diff.),∂Ae/∂t (finite diff.),∂Kz/∂t (finite diff.),∂Ke/∂t (finite diff.),RGz,RKz,RGe,RKe
incipient,200364.35228900745,39343.358172791675,503609.66550746094,147934.4426013532,1.1113997300815708,-0.025948896025968116,-1.3533664642431515,-0.23844585702062487,1.2593163609177376,-0.5416671147923144,-3.0144409758351265,0.423275809210093,-12.065047513699309,-20.454294991531132,-0.11474301677686316,0.2762305405811471,0.050251394266347484,-0.07963846062231503,1.4739795054201543,-0.8824127549178463,-0.12361413259578749,4.730387215416862,0.2495316931753427,-2.420609171350466
intensification,461606.2778096575,232769.82660858356,2711401.65640875,310632.0833162801,0.2975895523003346,2.073023089380529,-2.8095859861255703,6.259693686456349,8.58274715027431,2.507164433158326,-29.35480706119185,5.687539960783837,136.49635611524945,92.61416827274559,0.31757693175870805,0.46030665918546576,0.20646677931046264,2.2326001491233014,14.360994370443152,1.7348438195608409,-6.005667729282981,46.22779786546023,3.9121063130407956,-13.021975813804914
mature,428749.8021761024,296388.52784981567,4726116.119312236,535046.6647016595,6.344104500876045,1.8385762305847189,-0.7839617762170145,5.903327599098222,8.761922020724773,-13.347378426077986,30.703946292919003,2.3725520294123155,212.5723447155735,172.34876852170535,1.532345613369095,6.0715797428564855,0.7894576966299941,-9.908657160856823,-23.926779550392947,-5.10479413569667,0.2102164073659844,-60.19086856797098,7.503472633734668,-14.164635540424223
decay,495986.4184832386,87595.48786839111,3226410.789272662,231855.9327783455,5.493016342835344,-0.07592031680917942,4.799352279518245,0.6558545240706923,7.247533535421783,0.7095183055812202,23.462108272000687,0.9696962057880221,-130.34750627406643,-180.01919978652174,-1.8075582895389135,-1.1145624480782121,0.5089730855035199,-0.017089675409534925,-17.25036666103389,-1.2918909427677487,-1.3214644238920974,-51.00484355538817,0.005166859889116742,1.8819106068917812
