,Az,Ae,Kz,Ke,Cz,Ca,Ck,Ce,BAz,BAe,BKz,BKe,BΦZ,BΦE,Gz,Ge,∂Az/∂t (finite diff.),∂Ae/∂t (finite diff.),∂Kz/∂t (finite diff.),∂Ke/∂t (finite diff.),RGz,RKz,RGe,RKe
incipient,159712.27717563938,83362.54248675304,1260640.7329350847,401755.6057606581,3.3344930309243064,0.5197614279696547,-0.1128537105632707,3.978309714369885,1.500293180133654,0.830697269191445,-5.549764893235642,1.3001368305326897,60.339541099630885,57.52423439624544,1.7737432729189329,-2.4443369569601585,0.0696802850234181,0.1320857170471761,-4.505239598380458,-2.215922943508356,2.4236415637837254,-2.177114025505852,2.759936734255961,-7.607223198974202
decay,158829.1253793406,99285.4779962751,1221000.0371565633,330357.17470941675,0.012935558329773333,0.09984613941201803,0.12271490546451114,1.2465582283218786,-0.07851747271857287,1.0557529457401058,1.5808150316591414,0.7847324959433293,38.110380223797215,40.91629490937407,0.39795657177557775,1.096145250988989,-0.154574768819144,0.7105611238381109,-1.059525401340881,-2.2522000419167347,0.03672440164122015,-2.775990896794307,0.8015202670078657,-4.160775860717431
intensification,151988.08470281668,119504.1278231572,1247377.2980417996,272961.43498866376,-0.8894519394284137,-0.3637818228470059,0.934216351162368,0.6327358820962671,-0.4929476223828345,1.3412628232599972,5.0747105861690045,1.2753429261462563,39.263878351245836,48.99094675018944,-0.7098763201333336,0.321395694896248,-0.3778371896005403,-0.1735283891948203,6.3035627044773666,-1.2314831454365494,-1.1381233294931254,1.1840877065744086,-0.5182735075115446,-2.2053456025167053
decay 2,156162.4771709064,109553.32804983044,1259602.0340165216,247710.062708402,0.2554130410123964,-0.5036650949721292,2.303776656137719,0.2087469117402892,0.41093095563277104,0.9676260359067224,5.96488630391522,4.560388112241103,42.25839586806226,55.20204220209153,-0.012805684324325873,1.120414256048771,0.30682585477969126,0.199296588356354,-0.018616176241209016,-0.7231225424604688,-0.3523571548128125,-8.542692177306545,-0.05591744083794992,-3.1884809103041416
