,Az,Ae,Kz,Ke,Cz,Ca,Ck,Ce,BAz,BAe,BKz,BKe,BΦZ,BΦE,Gz,Ge,∂Az/∂t (finite diff.),∂Ae/∂t (finite diff.),∂Kz/∂t (finite diff.),∂Ke/∂t (finite diff.),RGz,RKz,RGe,RKe
incipient,1614321.281832231,204892.16364256272,3838921.181233567,246670.8598014224,-3.11810762678355,0.4638861854504075,-0.9247722328114863,5.107809799220504,8.300032446501131,5.070940219108398,-25.04104222255239,3.624408775939919,112.73804828698786,109.34260450781682,0.4515454258541335,2.2349866044684568,7.951274206197071,0.9747862179067847,9.373441200853126,1.000028709057641,-3.002979681637203,38.457363283000554,0.5477696125684823,-8.656962098914267
intensification,866723.3597855242,556883.2692032183,4012534.883144723,678061.956705315,-1.9837988149622163,4.341250308315282,-15.1408103620459,15.519878078526082,-0.02498099780593847,1.4267414985776432,-34.689230605723985,0.6379996907238468,221.52019497187317,202.59029111096314,3.3686183566188004,8.231296546084936,-11.004134764078332,1.6044987991697932,-4.74805740538122,7.235841710194413,-8.621702272919329,47.06578237735088,11.35638507080295,-24.062846421101415
mature,305277.3543579624,301190.06870603806,3213065.9406932853,1008617.9308119077,-3.0429348655180033,3.546444393604748,-38.793928270691026,4.61626293448439,1.70972653821944,-7.004675113539307,-11.741693005045965,-35.35423190799297,200.97185692781142,187.19726120452097,0.3218582834778272,-1.8244157325512256,-0.0005858689951975027,-4.937987349188509,-3.0242929323928265,-10.36606533729,-1.206802879127893,50.55426320886217,3.13650630523044,-18.42202463447245
decay,1485987.1371940114,150470.14353176852,7117035.832617359,349490.95935270825,2.3943485173174803,0.3612279204233605,-12.388385562357085,-3.164504103423031,4.451684400479917,-1.795465961086005,-0.0680241759779335,1.321317038565726,-100.34906033504244,-203.5822625547322,-4.423691513944495,-0.5365221762647996,12.44706707437522,1.0082511168228436,21.70844870570722,-0.6916509430450644,10.750959111636144,31.77050992672475,-0.7220149459375422,-11.236849440544843
