,Az,Ae,Kz,Ke,Cz,Ca,Ck,Ce,BAz,BAe,BKz,BKe,BΦZ,BΦE,Gz,Ge,∂Az/∂t (finite diff.),∂Ae/∂t (finite diff.),∂Kz/∂t (finite diff.),∂Ke/∂t (finite diff.),RGz,RKz,RGe,RKe
intensification,514761.0262915552,298544.2902933312,1564838.6839411648,1396484.5522501708,0.7185843515630744,0.7072823484827101,-59.88887194790408,-2.1795605360091423,-6.077229546361423,3.3916369997181413,98.92367557953804,-47.84540512609548,-44.0723384970182,-141.3511288030418,1.0172151992388303,-1.8149153430055314,5.475923254931337,3.6376384819798577,-1.0608335033707308,6.543206512883375,12.979019501338543,-40.81422148656777,-2.640841402230136,-3.3206997729160768
decay,443481.8366645725,440868.58813256474,1644156.6648449316,1411157.028591434,5.62044625664773,1.8503304840471428,-62.66718190209023,0.9333824152039908,2.124787051674806,-4.770277819669377,43.088446102599804,-54.5754879735386,30.778423401797433,-41.79300503639206,-1.0166920176356178,1.9758089938796393,-3.4674234907179775,0.4968817835344514,18.912820269610524,-2.6282033141193173,1.8785661983020885,32.87110981245321,4.3502115343606755,-11.653279657874927
