,Az,Ae,Kz,Ke,Cz,Ca,Ck,Ce,BAz,BAe,BKz,BKe,BΦZ,BΦE,Gz,Ge,∂Az/∂t (finite diff.),∂Ae/∂t (finite diff.),∂Kz/∂t (finite diff.),∂Ke/∂t (finite diff.),RGz,RKz,RGe,RKe
incipient,1662417.8956178904,138888.90568825157,6157071.8918064125,182340.47878623236,-1.2790370512818223,1.3971246850194077,-4.487664453762728,2.1975749164998737,8.359096420161858,1.987379481370489,-46.061394008968264,6.6328411877975295,230.24071414512696,106.67438840208877,-6.33855118954037,-0.9701723955751685,-7.99674291183016,3.045112607855099,-5.06054415593799,3.16330880134498,-16.237751698254435,46.76755135807482,1.8581833579650766,-10.154771756715151
intensification,1193150.0416902737,287564.03490261256,5521227.374920492,273830.746911237,2.296789187212454,3.176513378856182,-7.040120327198636,5.504507699078385,8.103975033206353,0.6997934148334057,-47.4828908714255,6.007956684080867,345.3201797040747,217.119418282536,-1.5824350594822736,0.807758201878875,-12.653091905709314,4.634937373629636,-12.174275409793912,0.9276383575484146,-15.283764372847033,40.051946601617765,6.263138279018433,-17.624946352809474
decay,1088495.5885380555,330621.9259309647,6238950.119584796,254719.30419977164,7.155428659384011,2.04320991753696,-6.163289808489242,6.467745543409354,11.122946967920042,4.358872030200118,-15.903727319147867,-1.9263319283856901,434.0261736636771,319.0344064884635,3.941619837145936,2.548270050560132,-1.1653018114069134,-0.023499910488787024,27.632208786814413,0.9818879904217973,-3.089610202405982,42.5437972550675,0.04216368518348864,-9.722815433091107
intensification 2,1049021.1027395388,308230.89245943923,6363568.956143158,313836.6766548207,6.391499153937377,1.0387640530447986,-2.91745759990726,11.392844279023924,4.252845665010182,10.496590142351945,27.11783998396359,-10.97485116554164,423.5082211450233,290.47742075083227,8.807132944140523,6.8613564821497395,-1.260128920355762,-0.7755411851831626,-13.920515744474619,-0.7197364722592007,1.9172886216162315,-44.51239728246832,-0.9180511015559818,-4.055187185648744
