,Az,Ae,Kz,Ke,Cz,Ca,Ck,Ce,BAz,BAe,BKz,BKe,BΦZ,BΦE,Gz,Ge,∂Az/∂t (finite diff.),∂Ae/∂t (finite diff.),∂Kz/∂t (finite diff.),∂Ke/∂t (finite diff.),RGz,RKz,RGe,RKe
intensification,556300.8791980135,608812.0113156497,5333366.567960785,975315.008474499,8.071290305486315,4.628166122881675,-4.277439127998119,33.897454751621595,13.193869649582899,5.236577215854898,-69.89586584702619,36.40566194576858,210.54308109412054,147.63238476033922,6.5830230115300825,20.645463726758067,-14.701553592818309,1.4084021189040143,-54.143860125196014,15.357695789655732,-15.195966814033216,11.958154544341973,25.441113531789036,-59.22286003573256
decay,135468.40131519028,366443.0311953587,3378693.3401678763,1254682.5228054798,-1.3378587285409587,1.1270043134642214,12.929047338627049,19.11592743366338,-0.5394982148767443,2.9980297390980946,-85.15673683278953,50.28464366974899,207.95312795803207,259.02210889163564,1.1576749571123301,14.560715055958942,-0.8790577438090915,-5.9646167262167245,-1.3460253942875056,-14.14266383541142,-0.5504139440090847,72.21952282841595,9.026276654884338,-70.61418760019674
