,Az,Ae,Kz,Ke,Cz,Ca,Ck,Ce,BAz,BAe,BKz,BKe,BΦZ,BΦE,Gz,Ge,∂Az/∂t (finite diff.),∂Ae/∂t (finite diff.),∂Kz/∂t (finite diff.),∂Ke/∂t (finite diff.),RGz,RKz,RGe,RKe
incipient,856910.0920564469,133702.5334935289,3603745.0161222275,289935.10393038247,9.473437773834611,2.369642121926362,-3.3558467633700753,7.190649763219785,21.335558196966318,-1.6783617076087087,-54.76631299766427,-0.3153196691642437,72.05815429899982,18.967236049483027,2.813897750636995,1.1957916863434361,-0.7666510794397376,0.39154734189826434,10.488005264374207,-0.09999390676126224,-10.259129380645081,59.136727251573944,6.890916690800395,-10.331170764186876
intensification,857650.1305556836,142473.46637418703,3545172.465135682,321651.3531926282,7.113977124072581,1.7468586687487875,1.1560895490736909,8.008227817195587,15.109781419798951,-1.6202409481971298,-15.597032193065152,-2.244788649912053,43.63285504546243,-21.356598704467995,3.556526480693966,3.829748072195405,-0.8654825111224556,-0.03945414013739157,-7.076722263770026,0.07362161234345639,-7.114428138100038,0.2502432561488579,7.842155956506538,-4.533728005866387
mature,764169.8276837515,109164.08058922381,3032214.5585093396,262970.7690789166,1.5363820363596257,1.0053220435922277,3.4940021046552094,4.243964810315605,7.299308304603947,-1.1487729596294618,13.641160697726475,0.2545727059894637,42.619569474266626,-19.297419309241672,-0.39612498815850805,1.6828208092839052,-0.3032100802897051,-0.9304764922044191,-6.504165133696456,-1.824938558355464,-5.0608143049417995,-25.175709972437765,3.456939234148421,-2.8294739700053237
decay,726290.7406183913,49237.68276596944,2974178.1131979553,149987.41540505903,4.63879225535876,-0.07594779697164782,1.5500951039459456,0.4920979376356899,2.941792962226495,0.30062046145032045,4.916513974782395,1.8912719634482162,-4.234826126789906,-34.00327501955596,1.0539870782606475,0.3251627676700715,-1.1061740892095748,-0.31041463204353714,-0.8350497446571313,-0.824445835445028,0.5148774069510428,-11.940451078744234,-0.04298935888652003,-1.6577206325829894
