,Az,Ae,Kz,Ke,Cz,Ca,Ck,Ce,BAz,BAe,BKz,BKe,BΦZ,BΦE,Gz,Ge,∂Az/∂t (finite diff.),∂Ae/∂t (finite diff.),∂Kz/∂t (finite diff.),∂Ke/∂t (finite diff.),RGz,RKz,RGe,RKe
incipient,688433.1227130239,63374.147368931524,2675172.284509199,98905.80504748294,0.8495498409419628,0.5357249580212845,-1.7998382750448052,0.8159855766467853,3.911045705505039,-0.15225797553014342,-26.5218936862283,-0.44870183281442283,-64.0025851334194,-129.98940528732598,1.1644456814545399,-0.39841963950206,8.179201118156302,0.30914282974609086,16.751854213626988,0.9496091461368165,5.653430211614509,44.22403633395813,0.7416614239017352,-1.2175128727403512
intensification,880124.5861358732,56344.15243188944,3075661.6613753103,141007.47939611392,1.8474433530413723,0.8133069329822291,-3.5379058043585294,1.4843602291480056,5.407522296181395,-0.47224187396455886,-49.19641670617561,0.6040309291215491,2.6824701068460293,-85.4629139993846,-0.5871491603505234,0.2198631141427712,5.517512592576119,0.11740073402057512,8.614130838846718,0.8134333143656127,2.7707405824183255,59.501009996339484,1.2606959041509103,-4.812863648262472
mature,1174388.5922334045,65696.05490604273,3450766.3691486274,160841.04857067665,5.550988864799337,1.2721732505149426,-4.896839392445846,0.7995306423548048,17.247971550127946,-0.6317269285919267,-53.258803724175756,-0.4398371520202668,22.485359936375588,-74.91957791120574,0.6921009452877833,-0.7564848318220871,1.1395259974940561,-0.28903546538344793,12.016000157118693,0.4389606691517225,-9.285283437319611,64.62065440894095,-0.129951144951659,-4.817572213628662
decay,917540.4934375584,74233.76165550492,4184649.5260162493,160602.20593926162,8.363456342775423,1.0933414538247344,-4.411076289391083,0.24228313465568627,21.62208628207305,-3.3032548320473536,-49.17365941838135,1.5611667409587278,-28.953460357161056,-119.34302522879045,0.3033792633390473,1.0678996245108332,-4.29844624318709,0.8736128394758765,27.329844055253396,0.6943683981665542,-16.463734728659976,72.5511234202504,3.325809352354182,-5.520157766838943
