,Az,Ae,Kz,Ke,Cz,Ca,Ck,Ce,BAz,BAe,BKz,BKe,BΦZ,BΦE,Gz,Ge,∂Az/∂t (finite diff.),∂Ae/∂t (finite diff.),∂Kz/∂t (finite diff.),∂Ke/∂t (finite diff.),RGz,RKz,RGe,RKe
intensification,192729.60136754563,125521.2167556908,1346570.3239922684,496636.41844174895,-0.7163664706690823,0.3390172551527993,0.25085247601407773,2.625445479806491,2.533186678397547,0.346683294547878,8.856839914357707,7.4196704486073655,-16.919091393714538,-44.33821663232552,-1.2118369035382,0.3227912482291523,1.0837781715897126,0.1887713909346829,1.7344074768141786,-1.05093905267893,-1.8267577223241176,-6.656918442888522,2.1285163210404967,-10.845202505078708
decay,177707.79607669634,113188.03747454539,1470808.7946261663,559673.0587522361,0.4636321909830162,1.4451127984223828,-7.628826356733856,3.974322850229883,3.0677156197286473,-0.0818864362654977,-21.52825094134485,5.597150279826045,147.64014336182177,110.4552122812388,0.5861762191230387,1.2024942990445657,0.2098863932691293,-0.20967599662985253,3.7826048090442943,-0.35004075532895657,-0.9490842370541189,32.476049916139985,2.401420491443145,-17.55034024211874
