,Az,Ae,Kz,Ke,Cz,Ca,Ck,Ce,BAz,BAe,BKz,BKe,BΦZ,BΦE,Gz,Ge,∂Az/∂t (finite diff.),∂Ae/∂t (finite diff.),∂Kz/∂t (finite diff.),∂Ke/∂t (finite diff.),RGz,RKz,RGe,RKe
decay,1212569.9102202756,81861.78228970213,3540720.9089302644,121399.76288716015,-2.887332231420986,-0.11085071165798376,-1.5667486693681978,-2.218678532826481,4.964159889573875,0.5196571081420412,7.238567416311412,-1.9867525473578966,-60.91953688200407,-47.942838599445125,4.785403328403027,-2.4653364451835618,18.923233439828252,0.5852725027743917,13.892869165338732,-0.7918017795377976,10.960890607175406,11.108382649816505,-2.0422124265361465,1.846880631278382
intensification,1568367.4832286388,66499.58108408973,3795446.703847816,103717.11018743934,1.1415947889476772,-0.0928945751385663,-0.9818621411264195,-0.3606129690952345,13.972815270586185,0.229700603661835,-4.116882156024372,-2.7235096233825082,-98.62028039662366,-95.39957308981482,-2.9304087700010024,-0.3100431569944591,9.168089137544158,-0.786893802116049,8.177413438480194,-0.5357209689141106,-3.7560259192329166,12.134562946683307,-1.284312799734552,1.566539482437213
decay 2,1716479.2071645458,59067.26436844561,4486369.892827438,95748.78880295597,9.61583717990428,0.20065857601886034,-1.194035316202681,-0.5063317375214081,14.721150535802611,0.3929032444498584,-15.113978761270431,-0.6036426503465661,-174.8007976132695,-215.71868825479413,-0.6940234132958827,0.23912123797243506,2.579686131026275,-0.33790213384497847,19.33103463540784,0.25119840831198204,-2.3249686488531944,26.023211532976667,-1.4377956918351056,0.16713747997727543
