,Az,Ae,Kz,Ke,Cz,Ca,Ck,Ce,BAz,BAe,BKz,BKe,BΦZ,BΦE,Gz,Ge,∂Az/∂t (finite diff.),∂Ae/∂t (finite diff.),∂Kz/∂t (finite diff.),∂Ke/∂t (finite diff.),RGz,RKz,RGe,RKe
incipient,1269508.1458065957,168936.24993343576,2291176.133901883,313786.38056144316,1.7944122875982635,2.6863492817560743,-7.5402757648512955,3.2629618292968674,20.29145613895742,-1.2970977703341764,-5.6275839765600395,-0.13483003459016668,-31.25890552892899,-100.97677974500442,-5.6352686050366385,-5.382921450498832,-11.092084380923879,-0.18881737137606724,28.33970472814419,3.37625220408986,-26.902778950526958,39.71315218195727,1.6848929464989022,-7.292155355468137
intensification,594207.8729164018,246333.28716694133,2665364.0299030636,524637.2100231237,-1.6853742577688449,3.1676137939946383,-7.015034283022569,8.401254643441252,8.271615239248037,-1.075679640706805,-10.478686575596198,0.7996172478706981,115.72486629796171,37.79608900420823,-0.8215620810717368,1.2615811434256665,-8.115860807808463,0.3767421494318757,-2.0281891406571706,1.8306039608399451,-14.905236510830711,17.150905975730442,6.686062639585296,-14.385302213494576
mature,180198.7157772383,170999.89863664104,2303866.271860627,502411.4586407399,0.20921935913790007,1.368978799281496,-4.634060589562052,6.307701080349066,4.236900339555153,-4.657820716973805,-36.31878873392274,9.808741229622168,179.4106042771141,152.71984805405322,0.055745260695067286,3.1320752505637315,-0.4986523211653947,-1.6105970474439169,-1.6071838462916765,-2.107449761084818,-3.157354502301152,39.13644611805521,7.985945950597457,-22.857952660618103
decay,195467.57746313192,73114.91121790832,2618732.901097143,208690.41531431166,1.1748851919657453,-0.059863951607346075,-2.031746977556814,0.07637482541531278,0.33558847986520174,-0.44771321479287834,-11.846314679911993,2.049545432199194,-37.24198943346316,-66.78557714031429,0.2043448707463307,0.39848176308032485,0.33439747539948333,-0.23284099559206523,-0.3640968636072826,-0.04388552356898484,1.1138302358926813,12.339079601895769,0.3511109962234717,-4.201552758740305
