,Az,Ae,Kz,Ke,Cz,Ca,Ck,Ce,BAz,BAe,BKz,BKe,BΦZ,BΦE,Gz,Ge,∂Az/∂t (finite diff.),∂Ae/∂t (finite diff.),∂Kz/∂t (finite diff.),∂Ke/∂t (finite diff.),RGz,RKz,RGe,RKe
decay,438276.9642524291,80425.6092511707,1825614.319339341,233231.83382603427,8.524978518279534,-0.319383499187688,-4.375583471883656,0.16251264284575992,2.516543302688326,1.7319975859103116,-9.140890513824987,-4.14876093868498,59.51160994377231,-7.718969110314214,0.4043455353579038,-0.3417061821062335,-2.1994799927841324,-0.5988734891377302,1.2196024141176214,-0.14779925865186566,3.4895717236193873,6.211097881546731,-1.8489749330145941,-0.5371344346963023
intensification,381956.8353384239,89460.81392325935,1873667.1676081817,258555.93798324454,11.165635666887962,-0.1788959670566787,-5.55953496303218,0.46112739482792364,3.568800075627448,2.770844822410455,-19.85786721903362,-5.469894851996484,105.62148973154609,47.99397573448984,1.3828788948442752,0.4605308994118952,-2.313529982779545,1.6322944795769734,-1.4230225405374197,3.003511266517565,5.104409641424293,12.828743974640416,-0.4985269809488796,2.4527437606539437
decay 2,169008.15416150386,139184.31876091656,1494150.37526025,461949.76032782195,4.468118849963441,0.3716211317886739,-10.94114744777209,2.4791429425922837,1.3557365074433958,2.5093016466255005,-10.122289338732994,-4.196419263657667,125.89582736674288,130.39453372612772,0.38811427485179306,0.9347887848743758,-4.032465434466462,0.34342514378824507,-6.699605759489545,6.060889864313279,-0.5484619601577425,9.895712177052097,-0.05835469203364492,-3.162981262393428
