,Az,Ae,Kz,Ke,Cz,Ca,Ck,Ce,BAz,BAe,BKz,BKe,BΦZ,BΦE,Gz,Ge,∂Az/∂t (finite diff.),∂Ae/∂t (finite diff.),∂Kz/∂t (finite diff.),∂Ke/∂t (finite diff.),RGz,RKz,RGe,RKe
incipient,200394.50176778532,141171.06176941897,1580607.3382902767,169367.57938911917,-0.8080138503091798,0.2947271778664552,-0.2934885491087344,1.473671962429418,-2.7820509814342853,2.1375831129803697,11.576845367295576,4.04706250697307,-53.41910247929008,-53.45156352901521,-0.3638420651795724,-5.263483260438344,-1.5068763079432688,0.4418265630419611,-6.440304037421269,3.4700762430012837,0.761888001048292,-16.91564700529893,-0.5168117653754456,-2.344146775509939
intensification,186295.6359292316,121742.91392919882,1617672.1321016897,312431.40617400967,-1.5527310168943846,-0.3760615985928616,4.948247062746666,0.13826055564089065,-1.6393478994879713,0.05309044678276046,14.155857225311266,7.98959813882707,-75.93982229657145,-59.873977717386495,-0.4244444315846008,0.3832372882674285,0.39884222011452813,-0.6538303362918605,4.839170070540794,1.389714582210973,0.10939750411525304,-12.712203200622755,-0.19259862884086892,-1.7898970495103212
mature,350549.1652471602,84322.00497209265,2128970.205479236,240905.39593443178,-1.4823572534220937,-1.0945481916082034,6.435887191487542,-0.26671488341527466,2.968654300166108,3.3638172668897224,9.973749070321004,1.4454771815503638,-74.02778493574483,-67.72444521093912,-0.07416009550295205,0.17282963092537906,9.187893667283722,-0.35602184075792304,15.2401169367062,-3.2117702718149927,3.6423339220873188,0.31283792831974405,-2.892005799454717,2.045354621537461
decay,1180839.4004347413,63404.05240727496,3625518.09614947,148563.91702597265,0.07057470524006762,0.7347802403640459,-2.3561717749112856,0.6006666535069659,8.335712478657863,-0.7344815528635323,-30.152274802530314,-0.9426574003702305,9.072621844163503,-51.167582719865486,-3.019166679200383,-0.46966309228449493,7.084522563509146,-0.2741866677944467,24.040318755892677,-0.39323414787624694,-0.4458349695446037,56.478190628094204,0.32618129821200537,-2.4074151759242683
