,Az,Ae,Kz,Ke,Cz,Ca,Ck,Ce,BAz,BAe,BKz,BKe,BΦZ,BΦE,Gz,Ge,∂Az/∂t (finite diff.),∂Ae/∂t (finite diff.),∂Kz/∂t (finite diff.),∂Ke/∂t (finite diff.),RGz,RKz,RGe,RKe
incipient,669743.7281149337,74771.49216358378,2060017.5004438355,339715.39013310394,1.040177062908476,0.9657924865285744,-1.8235145464796223,0.9446093645787071,3.58931338951449,1.1339707024141328,1.0033963720491772,9.72622722456291,-35.76488363403274,-126.59308433534429,-7.638204555390081,-4.057418742170619,-1.5186556151521249,2.379627883953311,6.981861950455565,4.58311576763785,-3.101999455229565,6.761803061977533,1.224474059589311,-7.911235367983389
intensification,426768.62220822944,214501.8583375817,2406609.225536796,518462.45364140486,1.469310284388122,2.6919188927898525,-7.641831306089035,3.36598528115273,3.435727312618429,-2.4403359508027154,-9.422271848378351,16.292025304611908,70.32708428426342,-5.994572242881792,-0.6946914613187488,-0.42459177238231116,-7.542761461318275,3.2807512785878763,4.738135650761038,3.532195941830412,-6.817259596758729,20.3329285208403,6.395153617753468,-23.76764595002326
mature,100459.30543108501,260312.2487518067,1992945.1887895984,569456.99345804,1.183897365811273,1.0725796482884433,2.439924014991992,5.177356855947874,0.30050557172576164,-2.8703575339277188,-10.314553562817498,18.536289352860432,112.72842828720326,123.69415855080167,2.087911399745154,2.2557023666656533,-3.422194861063728,-2.5222114999661662,-19.74358241108276,-3.1509288628878878,-1.4662234186897736,-13.05285022906853,4.452923241620983,-24.424651056704203
decay,159754.3567227577,101296.18578421447,1244976.2966813813,305956.8801832906,0.23528891088347648,0.0825589019780058,-0.5085341736654293,1.3620756403278764,1.3844624957042473,-0.030624868020608664,1.2181829907407535,-0.5242092079209025,31.16656555215105,19.839973894194753,0.14157693650693204,0.6467559248205755,1.0582378668122825,-0.8188385555796089,-0.186636412907371,-1.297421986517311,-0.008376816030482266,-1.131574140866173,0.4913030507908696,-2.6438225925897134
