,Az,Ae,Kz,Ke,Cz,Ca,Ck,Ce,BAz,BAe,BKz,BKe,BΦZ,BΦE,Gz,Ge,∂Az/∂t (finite diff.),∂Ae/∂t (finite diff.),∂Kz/∂t (finite diff.),∂Ke/∂t (finite diff.),RGz,RKz,RGe,RKe
incipient,1741807.9245105737,52633.34934470465,4330967.98568269,101561.3396783386,3.8225423796955273,0.5403918864390347,-1.5212830550167542,1.1388053563461134,19.115684110403702,0.3385529834273758,-20.017945550307708,2.20782527493322,-99.13555717155934,-161.85927973317237,-2.538116243680514,-1.2838309090185125,-20.76682504482886,-0.0523689974958064,-14.64826671890338,0.8654530093823313,-35.519574889098,3.068419506725556,0.20749148898389655,-4.002460676913756
intensification,1495669.516046346,121455.54660373816,4196045.606129381,199396.7560627003,3.8406935296538194,2.477168058983804,-4.827989035326419,2.7449093752665163,24.607665029070414,-3.0097290976686537,-28.42867262681446,-0.05270321571628752,-30.42557095782851,-119.19373884000699,-1.9941654506285016,-0.44932413228001494,-4.281813179770588,2.34938028021446,3.6856617329120964,3.105368651876065,-22.571616620203372,33.10162986539916,5.626850694165825,-4.414826543000583
mature,1155454.7674231995,237287.82852943547,4395665.429108932,333749.7184982352,5.529518002760963,3.715204053679736,-7.381295312337289,5.763761924165621,27.950783517279614,-7.285857909809174,-46.74333053231294,-6.234136992778659,56.91086111217246,-54.394479324674,1.5013801120965293,3.141306622043708,-1.3194376206112794,1.0273457548436349,6.127018603133081,0.8744696649316244,-20.025499081450192,54.72212644502235,10.361761535138692,-6.0364505787926275
decay,1118864.0433650701,259511.8874934927,4583153.232572654,360472.60419012845,13.458956065233718,3.7861954845356616,-6.887322692353901,6.182249765375181,29.31823006342951,-7.522786047955609,-68.49964671784888,-9.278247039307395,132.3437584266029,-23.711017611946723,7.53746845649693,2.1696612852527224,-2.5898540721092314,0.2795400492128633,4.262253207379847,0.3838450242611735,-14.662932585769365,66.1902665523489,10.19838037800799,-3.4074803941605105
