,Az,Ae,Kz,Ke,Cz,Ca,Ck,Ce,BAz,BAe,BKz,BKe,BΦZ,BΦE,Gz,Ge,∂Az/∂t (finite diff.),∂Ae/∂t (finite diff.),∂Kz/∂t (finite diff.),∂Ke/∂t (finite diff.),RGz,RKz,RGe,RKe
incipient,192159.50920784488,152216.76227432815,1253927.4022389231,227097.78057893936,2.838515890894946,0.39213094549208183,-6.4665316178233745,-1.4740351751023588,4.688205416764472,-2.634616294991574,3.042874798468613,-1.5674021881319076,-38.698985200516404,-56.96335528890652,-0.5330759310085046,-0.4433331643630192,-0.6100317208170437,0.7417794872891502,-4.424407841038863,0.5344168463681132,-2.0675903011944876,-3.839266912579047,1.5102296616862836,-2.8906774082209954
decay,191651.78586379308,238129.33645049002,1123100.611340743,247478.7339795227,2.950795464339184,-0.5269835621797895,-5.47054114479202,-4.218451592360138,1.961368086168752,-2.992911504299957,-0.47185313806519114,-1.3994278876249604,-21.579340653658427,-35.18111764692386,0.3313684361904058,-0.027202473387540713,1.4400031350874252,3.6674458201080453,-2.45439140567964,0.8589375110915173,1.9024469510780675,0.5372074128383877,2.9688892942276532,1.0062758462845949
intensification,359853.55367665755,388614.98596317257,1071048.7407393304,261488.05486916628,7.428205772439134,-1.514213181185374,-1.1058862719274227,-6.271290513739537,3.3604896054739264,0.17979787722013107,1.552088187851934,-3.9548446665957906,-34.150208874682036,-37.95079912037991,0.29452550182661913,0.009400443175673373,5.103756674359827,1.5623634680435088,-0.6117050262748537,-0.3469360800613645,7.657259660139662,-8.486112714638498,-3.3745117417307857,8.77331282834654
