,Az,Ae,Kz,Ke,Cz,Ca,Ck,Ce,BAz,BAe,BKz,BKe,BΦZ,BΦE,Gz,Ge,∂Az/∂t (finite diff.),∂Ae/∂t (finite diff.),∂Kz/∂t (finite diff.),∂Ke/∂t (finite diff.),RGz,RKz,RGe,RKe
incipient,245148.22717536538,334173.84917309356,2028213.3545980847,245182.77961008134,-4.880540258290904,0.38288372264555504,2.046129818781191,3.5524755828738686,-1.8553685766176269,11.102386333095572,-42.216789065717805,4.886321595107017,144.68592975051644,176.83446573097615,-2.4983166430725996,-2.490329173155976,1.3447273480580115,-1.2794694037826122,7.977865755571446,0.9734919936123205,-1.2975606109697102,53.02906526079897,-9.212263876649871,-5.419175365587374
intensification,289411.05058511894,345541.2252471351,2075946.1660347371,407103.1097009418,-7.195224256856464,0.44943812894673607,4.075861005676341,4.778085102459629,-9.59834662826377,11.814127859847986,-20.231718369484316,12.40080451934264,137.76959790801124,149.43069403331225,-3.0083974770141135,0.20236961629121142,-0.18899766896036896,-1.2390787450658147,-2.299372126616242,3.456848085659309,2.66356283139367,21.051709494048204,-8.724559631400908,-9.646180530466623
mature,236523.19025228763,98834.43951833675,2448938.20021255,462235.97925446247,-0.9733411787407183,-0.2630631114888545,8.408692549138134,0.9240969100993272,-4.283826862320169,3.557307397547996,-17.830051999302764,-3.3519691632456166,-22.662833760778486,-80.20664479692542,-0.07527801133135956,1.1339227253167896,0.1662060816008014,-0.902374545192998,15.241733016663119,-7.401355394966064,3.2136286536913983,25.636433645568463,-3.2725219211528125,3.435209407318359
decay,408387.52500358695,65375.30535972331,2169407.3131516394,256032.6908642249,1.8229676939772228,0.2155088606008473,-7.636921988209296,-0.10810532027041654,-0.9555293066257077,0.09427758187732213,-30.529423456329727,-5.220494271217427,160.89015830987896,78.12081892643234,-0.048660900914184686,-0.02196938497048642,1.284545015221576,0.04999143617376291,-3.2849769887729257,-0.6929172945200672,4.278550876425355,33.05840076178886,-0.36790032657482313,-3.0012396912415222
