,Az,Ae,Kz,Ke,Cz,Ca,Ck,Ce,BAz,BAe,BKz,BKe,BΦZ,BΦE,Gz,Ge,∂Az/∂t (finite diff.),∂Ae/∂t (finite diff.),∂Kz/∂t (finite diff.),∂Ke/∂t (finite diff.),RGz,RKz,RGe,RKe
incipient,210771.28997848558,55988.615482593894,863487.3609260172,129085.78701187413,3.5814391877349707,-0.3561261230465918,-0.64096019447146,0.22777027846913606,0.4616768976908263,0.8114618570448272,6.01008560721742,-2.61229173129116,-30.480713458239908,-36.68525977893071,3.2828428228037594,-0.09423740469520303,0.9447091465602034,-0.0641237029296985,-0.6769073790351863,-0.5584757912843109,3.7083453135577558,-9.627471979516116,-0.29168915845879767,1.185085467066253
intensification,269409.61025720637,90989.90117679075,653049.7022909698,253877.20551433048,3.5194704584539447,0.7629640879451836,-3.0988463515071425,4.302812859855045,3.1974728833305597,-0.26615327958251256,-6.240945661710423,-0.7586021080073468,-0.5717049801357611,-2.47905193280939,1.1240810209038334,3.2990646232321783,-0.31456844198900646,0.4571275649030571,-0.3628752410915063,1.2375148241520113,0.7703932210795619,5.457446313672117,4.263129616395431,-5.405542279202831
mature,117005.39612146877,161308.55321966842,585496.2777579841,706171.4117922465,0.21829653858440023,0.9634157348742051,-3.482427291670376,5.425286901197498,2.004821647415741,-0.5885755355558492,-8.087778671377798,2.1300008888987314,20.50516465034339,20.236827141573904,-0.3539027743238781,2.8196817552587987,-0.4634011765946259,-0.8945695917461115,-1.6999795493065897,2.2984418174292327,-1.2865105505517613,9.651929875157185,4.15587711013303,-8.73927326433737
decay,299572.1214328963,56745.85903879453,782314.9321633838,299089.9345511433,3.392016403623008,0.05031533109552591,-0.8749208748447701,0.5980101924727356,2.7981708705503143,0.029010916586875303,-3.5510995880233414,-1.456399640699112,-7.888333441970877,-19.953242340537138,1.391816735293338,0.5325358387412162,0.6581990573235231,-0.09503490922358403,1.1293475168373956,-1.7792296911700256,1.3023599214917418,2.1633515760824995,0.4236490355667504,-1.795761117788419
