,Az,Ae,Kz,Ke,Cz,Ca,Ck,Ce,BAz,BAe,BKz,BKe,BΦZ,BΦE,Gz,Ge,∂Az/∂t (finite diff.),∂Ae/∂t (finite diff.),∂Kz/∂t (finite diff.),∂Ke/∂t (finite diff.),RGz,RKz,RGe,RKe
intensification,952104.9136624554,72155.12788971119,3625110.7119105286,166250.52874577674,6.273942138997972,0.3039414218884964,-1.2950492119285244,2.270269251927278,8.309789603163901,0.4308770046766058,16.584938847134207,1.3872357470867152,-78.45781625245328,-60.348486010200865,-1.8116340926038474,0.2608719396764745,2.420146572407499,-0.2064394919446703,-1.7380331564401068,0.46754975860556885,0.6882405301300656,-23.301864930643767,1.329011333417505,-4.485004452336948
mature,1181607.2896675754,58718.83289090009,3762281.8168184017,234723.60555780318,9.400562127071586,0.0923989186095386,-7.749929589492805,-0.5713021142094242,18.34240251543874,-0.983997218355105,-4.166945522205737,1.3584950206295554,-40.39753054087476,-61.62271738215737,-3.5277678521408835,-0.5476615806270468,4.2540506165283505,-0.16095489161885024,0.812358485407643,0.84985018434277,-4.595390853229264,3.3286714700345996,0.15934129391729177,-7.687272311570165
decay,1330093.4011428049,74439.29789768724,5063796.601682044,232388.0049527294,8.267323197643881,1.067680169565336,-5.85322652504135,1.2155904475154367,16.792450676991272,-0.9472821732606168,-100.98127463291812,-2.2359308701561775,90.75526323963382,30.251067082781205,-2.052881539253405,-0.15709550108968592,1.045027702117611,0.5665035000013572,17.27145376157253,1.141746907783453,-6.412419607664437,115.8386317218881,1.6616959512120746,-3.6911391946171572
residual,1263408.4724602397,193555.6645405713,6267377.434408254,618823.8262008801,3.8851460086250555,3.529989484022721,-16.129247600304108,7.88963711321151,-0.16608984871567098,0.9704663906922671,-119.04491464272847,28.19345052382729,228.10363721194614,154.28175766290695,-1.1014611715254807,0.17074957480908637,-3.987004502572644,0.2489334083846525,-14.587755376491476,5.056218843750548,3.594220838790803,116.70126085791604,3.6381146468811747,-47.15611639359236
