,Az,Ae,Kz,Ke,Cz,Ca,Ck,Ce,BAz,BAe,BKz,BKe,BΦZ,BΦE,Gz,Ge,∂Az/∂t (finite diff.),∂Ae/∂t (finite diff.),∂Kz/∂t (finite diff.),∂Ke/∂t (finite diff.),RGz,RKz,RGe,RKe
incipient,686837.3121229669,46418.773249181904,2933639.399509973,126506.09345237298,0.16582800826832184,0.3093219473884127,-2.3986412163279454,0.3946095800577286,0.5137386088756855,0.0694995403015317,-5.285369819450089,-2.035327133898421,-31.776748618910233,-42.73476679406281,-2.8166644906219145,-1.1710649186343602,-1.9418141025045985,-0.45519251929771476,9.636957782619735,-0.5863022333405717,-1.9804027557235493,17.15514081012945,-0.43940442692993065,-1.3442258958278246
intensification,638139.168594724,42969.831526553826,2796144.4441919774,132358.888261021,1.3395978615769517,0.184060876458343,-1.9883780206634354,0.27617824708364946,-1.716584782220843,-0.0800395883059752,9.704074051764463,-2.540506524363394,-37.03669978475639,-45.124514232358806,1.394188580021173,0.3592559195556955,-1.1717628411219696,0.20243297642092567,-8.666635620666963,0.41353186667416897,2.068480679134168,-17.721929513344943,0.3745899353522073,0.6894821232904782
mature,560406.6107672683,48461.687392083695,2461439.831327748,138574.36324892286,3.147561727928754,-0.21439532370668274,-1.4452034440273986,-0.33194814780449144,-2.570301117953347,-0.9238963277207433,12.949620564726844,-1.8071077328844098,-21.485663693257205,-26.65250563616052,0.8518382887274994,0.35622019156399204,-4.346279768049478,-0.257086185157607,-11.2887990675002,-0.41122998199683425,1.1571877541259403,-25.940777916128397,0.5492573184653275,0.2826224546646687
decay,402944.1977260104,52509.59180329503,2161918.1205727346,164500.52520080088,2.8400594298863617,-0.11978431564165755,-1.0219075220553886,0.18629514626744972,-2.617083372844147,0.015536943769106137,28.570349957629585,0.7846378594169678,-15.26559529702452,-3.540808754586294,2.6933195499487645,0.9701162970787812,-2.0247262253897844,0.324705984750646,-2.0141196744697867,0.44850053786188726,3.312632261699067,-32.402621539930344,0.6152485028906473,-1.544339989877919
