,Az,Ae,Kz,Ke,Cz,Ca,Ck,Ce,BAz,BAe,BKz,BKe,BΦZ,BΦE,Gz,Ge,∂Az/∂t (finite diff.),∂Ae/∂t (finite diff.),∂Kz/∂t (finite diff.),∂Ke/∂t (finite diff.),RGz,RKz,RGe,RKe
incipient,259156.6309703501,138014.4426413,2500395.984142706,372979.5733370627,1.6748695449654636,1.2509377611384556,2.088716245261455,4.411120764250738,2.515605268506607,-0.7764779497042104,0.2060362549063326,16.64406559908754,-4.648829739514149,-17.781477252885328,-2.2110392625168376,-6.240055744056005,-4.409984379396381,0.5828323364777127,-4.018828253941179,1.0338944685284135,-3.9997823417990688,-7.98845029907443,4.519493289294205,-17.932575649548408
intensification,196897.1148803088,121991.72838199514,2139054.4345233697,500272.818465967,-0.7037724505298522,1.0754983868234587,1.9331633641637154,4.844949198442623,-0.0226399824040286,-2.474424204554859,-2.0660316255857314,23.816191999120683,-23.87022006299342,-17.60257141201434,-0.2095636904787837,1.4693661092024535,-1.0874802311590719,-0.9228163424176108,-14.018341956982582,4.917734033565099,-0.6931143124614365,-13.181701245030712,5.321058673756413,-21.810243799834492
mature,166931.5067975156,89388.02514978341,1529888.388940783,709498.0772260511,-0.3797834059347154,0.5952206954185809,6.239919495391161,3.531810218763793,-1.187238781296398,-1.3894985732398584,4.593814018835009,15.501059754732587,-60.567706929624165,-30.54302962076371,-0.21596085918884939,2.2441966832785605,-0.7496649131482196,0.13760411818676335,-15.18418418935928,5.96183388464928,0.6530111576320441,-25.638134297650737,4.463692214771834,-6.8311165934559375
decay,217580.16205506638,132140.58542837336,1349151.4644062754,1076671.5528630305,-1.8127345868317684,-0.44056715094468746,20.365932616367637,-0.1745085840539325,-3.835563140115716,1.9701353489836908,12.841611302567822,14.700514627475556,-96.73218275626745,-55.801938440009295,0.8908023469783075,1.3674659446978157,0.8329104697139181,0.6248374336050169,0.6100405399915557,4.1204022388945,2.415171872053179,-30.78476879211214,-1.079239348487919,9.960328811840517
