,Az,Ae,Kz,Ke,Cz,Ca,Ck,Ce,BAz,BAe,BKz,BKe,BΦZ,BΦE,Gz,Ge,∂Az/∂t (finite diff.),∂Ae/∂t (finite diff.),∂Kz/∂t (finite diff.),∂Ke/∂t (finite diff.),RGz,RKz,RGe,RKe
incipient,725493.5336188024,169594.09897217673,4435716.142507722,145006.60487933797,-2.6599297776845847,0.6017303595571444,0.2774717433660454,2.8636490077753924,10.34083605773828,-2.799918925059883,-10.715787868264583,4.907132921428034,114.3566439113325,138.53655629291998,-1.4834540821614117,-0.8568055686356126,3.158539522432827,-0.9159326458246427,33.727601075962525,-0.6178777044880213,-9.240495953432893,46.825846978545655,4.145904927453488,-8.111187890325402
intensification,356506.28361012676,153376.36938622076,3807904.1607330916,220742.7220545707,-3.72354609254578,0.14560808046215884,4.789743792821135,4.299402832619012,0.26846037215169244,1.0689155920609794,56.353680632036436,0.9844734972158069,-48.812018544404324,-19.144477711561628,-1.9239145901916859,2.287053094947308,-4.28590971723179,-0.8801081234983618,-24.04854270372193,0.5941468059125611,-8.132308101467105,-81.46842103603372,2.204771036597512,0.10001426889887664
mature,194266.48320181432,36608.828107030844,1325832.528860807,151283.767886308,3.033722623637142,-0.011795806703643635,1.1851680867597438,0.23543747709349766,2.3292839406293746,-0.15455751996787476,14.445255897349274,1.9509859888365206,-27.059286661895793,-69.41843244385007,0.02751563606764461,0.10137151116082432,-0.8826017025251354,-0.4417106463453063,-25.575057549624642,-0.15204788835126642,-0.18995882622101207,-44.23920415737081,-0.03991984258029023,-1.1533032675215409
decay,139344.8459608716,42231.25374679033,994364.7603332831,121670.19923055057,0.15591360146296912,-0.05931294566042124,3.279562213155731,0.24924707473677774,0.14068919655220954,0.9101836400576649,7.07697666139699,1.80020907057269,-55.45097620646414,-73.51793410648968,-0.342606218854583,-0.18722534195674073,-0.15850611924030478,-0.012768972384522367,2.304826858429654,-0.9483634063154136,-0.20259465998996645,-8.207625617586036,-0.6143925920449881,0.28174266153084904
