,Az,Ae,Kz,Ke,Cz,Ca,Ck,Ce,BAz,BAe,BKz,BKe,BΦZ,BΦE,Gz,Ge,∂Az/∂t (finite diff.),∂Ae/∂t (finite diff.),∂Kz/∂t (finite diff.),∂Ke/∂t (finite diff.),RGz,RKz,RGe,RKe
intensification,615749.6778808252,102464.38728156217,1640668.7143557868,306385.6705535534,14.890575868222285,1.5987788177198106,-5.835339910105086,7.913429845514676,21.616464606763476,-2.8103751498775513,-37.87309259571781,-4.567099402554259,16.96566115287171,-14.74882989224079,2.1892720450308234,4.54285232742534,-1.7860300601686148,-0.12550394302967338,3.748086980914083,-0.7171433365808938,-6.913139980989993,32.565943618514694,8.999522234642743,-9.898813689646396
mature,592660.2203620123,107192.15056861806,1730223.5552292056,269669.64900148695,9.035877369535704,1.5215415564364223,-5.484520551215363,7.096580038909717,16.665908480438457,-1.4349076394951257,-39.01172078109816,-7.325610411413958,36.846055928766354,-10.295546612403367,2.4549747236009454,3.6645430973161504,1.4367079925181019,0.1391756760595389,3.8677855547904887,-2.0361216043828487,-4.671781561948229,39.32814951756832,7.149121798027958,-7.2916117830939715
decay,557915.2321314305,60007.041098745234,1948084.5660467441,167482.05926826503,4.268264703528744,0.45850216403904287,-0.5707491271845653,1.8417055501825783,2.542595058470444,-1.4009920700390068,-4.956632408340541,0.19041200437231945,19.79796528528567,-1.2792451349724783,1.4264831642810354,0.8627115150085061,-1.3952227695434487,-0.43349621560538726,3.5180464916280405,-0.05558816620539729,0.788949039553895,4.777163323624403,2.3506992405771547,-2.65845484794486
residual,549053.0183856298,160256.77614228704,4167362.153002181,324990.2349193873,-2.6795366464772505,0.017852479761424653,5.061472801951536,3.9392114652060966,-0.09496817527172285,10.022401770120874,48.34525275749896,-5.706468552554613,253.48668764686985,271.8690021454029,2.304819543251327,2.108595454995762,1.0376104422806027,2.0015822224578885,22.952969375237604,1.222414843577373,-1.5291055491635008,-27.774219537735647,-4.099460562218318,8.051144732877427
