,Az,Ae,Kz,Ke,Cz,Ca,Ck,Ce,BAz,BAe,BKz,BKe,BΦZ,BΦE,Gz,Ge,∂Az/∂t (finite diff.),∂Ae/∂t (finite diff.),∂Kz/∂t (finite diff.),∂Ke/∂t (finite diff.),RGz,RKz,RGe,RKe
intensification,1127770.824148584,86441.53014500809,3277085.193968292,283082.0653583191,1.6643936806266704,-0.8428101484867814,-4.087043698036309,-3.85446311559469,13.859578695816944,-0.08774933588916486,-15.948707499621076,2.9339553814883956,-88.21613326097234,-185.65577071777167,-1.3516698073211448,-0.8606593012692784,9.148107016741308,-0.04142312071320858,18.025692487226944,-0.7617079420145958,-3.8898881469357494,36.39705000425766,-2.965326751931953,-3.928243905944609
