,Az,Ae,Kz,Ke,Cz,Ca,Ck,Ce,BAz,BAe,BKz,BKe,BΦZ,BΦE,Gz,Ge,∂Az/∂t (finite diff.),∂Ae/∂t (finite diff.),∂Kz/∂t (finite diff.),∂Ke/∂t (finite diff.),RGz,RKz,RGe,RKe
incipient,983690.3168289869,364308.18875345914,3270609.902985966,158026.54374742432,-2.4340473096572506,0.07600296619272895,1.2067710142812522,2.5451284651540225,9.306617676364006,7.898333521929591,42.20207906286074,0.6489320153964693,223.61901697904378,196.4197198896567,-4.015970244634149,-1.4729875521363858,3.863461684448266,2.989062262567914,9.7085729902681,2.532587994484421,-7.801200335380262,-31.266229777216637,-2.4401457604003833,0.5452985282151813
intensification,344726.1140611246,578844.905104594,2914926.0934133013,551334.3484494039,-0.5493085636464481,1.5920023896175175,2.800980229812389,8.959595316521204,2.1130569191107322,11.276278123286515,-13.225249885436169,13.469677784554488,201.3161661222936,189.70081832288983,-0.4862343323485834,0.7253545307700457,-4.8654353983104075,-1.4170759248061569,-11.122273526560637,1.6782725201795465,-5.935798491450072,-0.14869530729040625,-5.325761121188983,-17.950020351083758
mature,167436.05788782306,48534.45883186766,1176669.109126142,317674.30749380315,6.073434190110319,0.2299648529387429,-0.7937174435704929,0.36565883615720285,2.741750452310266,-3.157409585251988,5.076549389016162,-1.7942948290450482,7.834573659362339,-81.13636851042166,2.200874296041032,0.648987261081526,-0.6602108002933769,-3.799363302084457,-13.129257094369933,-4.62947453880482,2.9014377904454185,-23.485523229925917,-0.5062597336140096,-3.99455598948747
decay,132851.45596596043,37169.458484919676,1209886.2253384579,226293.47153663047,2.8947745917753,0.14907411780722896,3.6568067920048297,0.2637077304625815,2.646866277710598,0.6611005496219776,19.46654587131976,0.5347202706424842,-1.4803535558987366,-94.43685674720054,1.9177245501530105,0.06876062212350963,0.3318982232302586,0.5974020308855267,-3.111845793941616,-1.3430579051013318,0.7288806551021894,-29.129973049041503,0.0509350939189015,1.5153208857984328
