,Az,Ae,Kz,Ke,Cz,Ca,Ck,Ce,BAz,BAe,BKz,BKe,BΦZ,BΦE,Gz,Ge,∂Az/∂t (finite diff.),∂Ae/∂t (finite diff.),∂Kz/∂t (finite diff.),∂Ke/∂t (finite diff.),RGz,RKz,RGe,RKe
decay,1012733.7336387379,248454.76713100457,4062789.8784237434,120471.48668386695,-4.905037575236394,0.3772094041765546,-0.9170199139285473,-0.661812099838124,6.266792033649426,3.16331272710435,-6.186074929428663,0.4586246924131008,200.49820849662575,213.85151653037354,3.377507797067244,1.7206937852515063,13.644413968676767,8.043034672390656,18.855336625665025,0.32695485504530014,2.8497937639675013,30.86346904425863,3.8407004412716272,-0.38687765145822406
intensification,1195971.5691291864,289273.77839784446,4490858.2446304085,188478.31727344924,-1.4236477714763296,1.1161253766981198,-3.574277824580278,5.917077652113062,12.30205052227708,3.577983720457771,-37.2839702880485,2.659160159772895,202.78174578940877,166.68764706714163,-0.7541867728493589,0.4514240233194715,-0.28337400341848057,-2.454539827066085,17.693488475627237,3.1592761868308266,-12.89294692047377,59.975384359732345,-1.231571272108912,-8.99123944963541
decay 2,1098282.5562741677,217028.93116171059,5361976.0165704815,249047.92405817183,2.143476169560023,1.8046875546795427,-6.089767744966342,7.294320688055454,20.886678399357827,-2.2495832992835636,-57.173622027419775,-1.4210332716348277,224.5510975349646,131.98475272472808,-1.441124405739347,3.557043036964351,0.3318549445521371,-1.0461514894748338,11.402150001710721,0.4579712282803405,-16.606659730566125,72.52206360453681,6.69306494318464,-11.505083933106627
