,Az,Ae,Kz,Ke,Cz,Ca,Ck,Ce,BAz,BAe,BKz,BKe,BΦZ,BΦE,Gz,Ge,∂Az/∂t (finite diff.),∂Ae/∂t (finite diff.),∂Kz/∂t (finite diff.),∂Ke/∂t (finite diff.),RGz,RKz,RGe,RKe
incipient,353753.60661089007,149741.34233938574,1476961.8920861164,305221.0878426447,0.24314206359915064,1.0354719323736161,-2.0158512335722216,4.796417910976745,6.881314499766956,-1.518674433674151,8.796228636952211,-4.786034411354093,-27.400553231673694,-28.694627612928237,-1.0596137654116582,0.49096504347176345,5.735410240643209,-1.9333125439630696,2.4980747860026153,1.9310499822440848,0.13270973684901918,-4.525444680976527,3.3463078683142093,-0.09518475095078825
intensification,906405.862754691,188697.7189521428,4016159.963904776,331689.5436536399,2.3414755580020503,1.839114906894182,-6.949922256617904,5.413910858169192,2.2771538836810974,3.5314556053289388,23.012521989108897,-2.3661953298160205,208.07984326918506,70.57030114365573,-0.21231766079493108,1.4571152494228294,-1.0317718205438835,-0.07225250967036337,7.6366638520650065,-0.1178907516816619,0.8716647606712539,-10.767411438428045,-0.028912163724292353,-10.115528536652741
mature,288709.2569174772,38513.73842309647,3148973.213447569,177375.96594024057,3.3364292027553826,0.3014432563853695,1.1470478640370865,0.28414287763177054,1.9521060221677884,-0.1597942056108778,-5.7311312563713885,0.08855917467904556,19.93014066877758,-58.18619658493031,-0.4775832339274371,-0.6837409632481392,-1.2505199633413917,-0.7206150214841458,-11.414074332299156,-2.185594280112559,0.43524647363157176,-10.166420142720236,-0.5781211946268672,-1.4112484683862894
decay,298169.400025319,68265.117104128,2307513.9609052604,297702.76476374833,-0.33803265079949807,-0.2098002132035289,1.381525127015352,0.19287326576601102,-1.7275105812857507,2.233048935447948,6.105976434628289,-1.077024017753926,-81.19448412833798,-83.84024160377467,0.24021712971365425,-0.026120133084345187,1.940648544834273,0.141228894254001,3.877184121684595,0.3473196779028906,3.120326262116997,-3.2722847891595497,-1.6891465622244073,2.6129955569061574
