,Az,Ae,Kz,Ke,Cz,Ca,Ck,Ce,BAz,BAe,BKz,BKe,BΦZ,BΦE,Gz,Ge,∂Az/∂t (finite diff.),∂Ae/∂t (finite diff.),∂Kz/∂t (finite diff.),∂Ke/∂t (finite diff.),RGz,RKz,RGe,RKe
intensification,313031.7099553902,239362.8006508703,1439653.855075567,742689.660480342,-0.8563927104180663,0.3604637927547087,-0.2978319798350111,7.874088288257212,1.508238989147421,-0.6066268629806235,-7.424578208493216,7.786945031125598,17.992823576564632,21.19710283831162,-0.1651660354983423,5.392778381074326,-0.22952838397894,-2.8444246010860916,-1.0527363590047412,2.1292973604461327,-2.2336962907897187,7.526066539741549,5.275826757397036,-13.829567938771687
mature,333050.295999041,97278.60989184717,1555900.5226430018,647557.3998671792,-8.542012694759142,-0.6043097635622298,14.556412666360481,2.105445822469992,-5.9016229566715666,1.8128272052196255,6.843618691042333,2.0375498502357265,-11.402673682216085,-8.311592038848772,-2.9676428378282176,1.8987996927308248,-0.2293935310323565,-1.295045374860255,3.0798115815554805,-5.9450668393654,-3.4740930326821613,-9.778207081088192,-0.3981169940476586,4.4683501542893636
decay,171230.47168284265,71434.93780433477,1302385.431492375,470912.35115171404,-2.762555128537424,0.48414215837678615,0.7356103324922303,1.1480107238665167,-1.3754407784437068,0.564893483932467,5.621841506348758,-1.5413493081926746,17.459555984238886,23.03488486405137,-0.4625107235470455,-0.34744720002936225,-0.6378250202648531,0.05875928962369243,-1.1542483661111693,0.11082414812013452,-1.540797211981784,-4.749145076414734,0.1577343711809561,1.239773064938521
