,Az,Ae,Kz,Ke,Cz,Ca,Ck,Ce,BAz,BAe,BKz,BKe,BΦZ,BΦE,Gz,Ge,∂Az/∂t (finite diff.),∂Ae/∂t (finite diff.),∂Kz/∂t (finite diff.),∂Ke/∂t (finite diff.),RGz,RKz,RGe,RKe
intensification,515411.2582226389,398032.30797275866,4398142.024315387,607236.5907815297,-1.5877772671536177,1.161608253916651,8.589502092712058,14.44432209269825,-6.75749658378469,11.941879567465058,11.777490931758683,14.070857343985427,197.80718349993606,226.179115907221,1.2841175797999294,3.7373317605216254,-10.790851670336261,-3.5197067666543065,-28.658269803977653,2.7919859943211334,-4.459524099788542,-47.43748556129477,-2.178872495337764,-17.133691349650487
mature,455203.38810745004,124204.47063180133,2521073.2192799835,563818.0275648197,4.077344933487592,0.7302219280002552,-2.846686410337599,0.7958831849301067,1.6774362559285798,-0.4434966198067663,8.81827671915497,4.6590910634106795,88.4734356104972,27.314051816781813,2.7405664022280325,-3.494853834447221,-1.0921306780578195,-1.1283073506585288,-19.946340376301983,-1.5654327015125158,2.0379999275014473,-29.995275618606946,-0.6191494739219108,-9.8670933601909
decay,384317.2041071542,26119.87807811876,2396510.8780334196,113812.46334880419,2.5870100298911174,0.08224513069696687,-0.5160514784503818,0.2268849078835911,3.894080655270778,0.18956170121161064,-3.8362115535263457,0.2230852648255587,62.507612876424034,25.1149523977843,-0.7396948558403235,-0.27114249571840354,0.42521589603063215,-0.29278493543865447,2.432151043672394,-1.5806495408024133,-0.799609598652061,4.197404045758002,-0.3377068594636409,-2.546671191961945
