,Az,Ae,Kz,Ke,Cz,Ca,Ck,Ce,BAz,BAe,BKz,BKe,BΦZ,BΦE,Gz,Ge,∂Az/∂t (finite diff.),∂Ae/∂t (finite diff.),∂Kz/∂t (finite diff.),∂Ke/∂t (finite diff.),RGz,RKz,RGe,RKe
incipient,402711.3684246896,140080.84813130164,1607040.3225221143,277730.89637722704,-4.332060917644579,0.30513832776796107,-4.695049529078986,8.311221380189524,-0.10066334829991559,3.367427212075379,-17.98409877992609,-0.8099898588505535,60.67854258526692,64.53174992592737,-0.7683248329552571,7.114300929402982,0.7523077313638407,2.0288229295845497,14.592640138845105,2.003085469395397,-3.1739515102128615,41.60384936549476,6.667478769930732,-10.19319558102256
intensification,476758.08514744113,298492.2298398591,2740959.7110224883,966434.1597286868,-5.942757254803279,3.269960232802063,-5.195299434453944,24.779550135271304,10.020193514786895,4.0711416430614795,-50.17133084426868,22.59667409968564,126.25844862054197,73.9344868320732,-2.108107181945949,16.586355360682994,-1.160451962855497,3.3913525525904706,13.328856527315606,10.296912498902644,-13.853442499643608,74.6382440608415,20.829800811998236,-42.274611170508244
mature,229240.96094257597,548856.6023895203,4205149.702599638,1463810.9995884977,-2.4107159187027922,4.86550318274487,-11.436688276572411,24.396756204941465,13.444221524792416,5.619187617635986,-85.75940852350233,18.323703137182974,413.8107354085832,371.48798633211965,-2.0002032256940763,10.038754771277974,-1.297644857157087,-2.1903565696088934,16.519024881358764,-6.644101204379876,-12.287079117907425,116.12583760013628,11.72170883495172,-60.801248823076726
decay,330155.9458142358,79048.01987541291,3118100.826299058,191130.5212540105,2.719760948138836,0.4364639323310739,1.7582554035766542,2.5199783699223786,4.702025848818814,0.23222401886859198,-7.470804797204583,2.3667880820126266,42.799685324958894,-2.721877359292837,0.11492880055082487,0.722773987390717,2.1848613687103553,-1.5781086328579128,-3.542528604248419,-3.8681212170015966,0.6390604003614516,-0.5497401587593257,0.27318178586480124,-6.996632265359948
