,Az,Ae,Kz,Ke,Cz,Ca,Ck,Ce,BAz,BAe,BKz,BKe,BΦZ,BΦE,Gz,Ge,∂Az/∂t (finite diff.),∂Ae/∂t (finite diff.),∂Kz/∂t (finite diff.),∂Ke/∂t (finite diff.),RGz,RKz,RGe,RKe
incipient,649806.0211963862,80309.21093793139,1796882.7780344242,186665.07064042185,-0.8291836550318511,0.9695694282738622,-4.825237753917653,4.111785086314145,3.090516558464337,-0.9808039031089465,2.1151435909013405,-0.7001301867627244,9.473039942115454,-4.8054788507751205,-4.129628379505298,2.602858963259464,-1.5765125692176258,0.06614048044733367,-3.426330165249572,0.9218128916226959,-4.526643354439952,0.1129476527985922,4.189160041596563,-7.315079761846378
intensification,483106.39536630624,92312.5627461285,1513624.2249805133,277198.22641444555,-0.41884428911481936,1.2833026894422424,-6.432348089371085,5.79316357493961,2.5614224000252164,-0.6661271901386928,-9.397445975400503,-0.8044178758789992,39.26431889006136,15.086997087306486,-2.199450029497317,3.695461480517131,-2.5287852746577224,0.08056526338204098,-3.7406034756058446,1.5885411061164234,-4.2257492743555165,12.50803487828056,5.256553339018103,-9.83255268231527
mature,291944.35966090986,76002.45182699047,1163399.8039109344,483513.79684363486,4.724390030478564,0.9484010107838823,-12.418977498689559,3.357172957322259,2.8047403472394024,-1.1445293490550925,-14.098516527779719,1.930136700475479,35.568573654924705,14.451436205843077,1.827255703178329,1.6581329501020667,-2.3311386675341312,-0.5914570553513959,-8.126130137837812,4.888258537902955,0.5369120264889125,13.6669738581529,2.961844240242074,-12.81802861858434
decay,142176.28073623148,92700.06606989508,706223.9094710146,577614.1750783654,2.035273863738044,-0.29540018350825703,-6.915954789248923,-2.0389567886935387,0.6709255074984264,-0.0846840938296285,6.101416652013961,-2.571416883936985,1.5883761706376809,6.7894461417197185,0.8654127525506548,-0.936698979501341,0.02787117807037934,0.09397616657621705,1.809643061852911,-1.5654293470290823,1.096819350801739,0.5889073353498291,-1.5648963447794362,-3.871010463647482
