,Az,Ae,Kz,Ke,Cz,Ca,Ck,Ce,BAz,BAe,BKz,BKe,BΦZ,BΦE,Gz,Ge,∂Az/∂t (finite diff.),∂Ae/∂t (finite diff.),∂Kz/∂t (finite diff.),∂Ke/∂t (finite diff.),RGz,RKz,RGe,RKe
intensification,976434.3048494958,44432.361131763835,4791261.68268868,137398.20487795857,4.528896348124284,-0.2984967550620591,2.2059704107877094,0.7876103533922969,-0.6153527890166056,0.8385916884986964,2.703864744865657,-0.17907995538778912,49.29922354414193,86.79730065420883,2.4679707654860517,-0.09398523881715792,0.7994267579228523,-0.28472296922098345,3.6131834636754876,0.08666267690573322,5.645179140001683,-5.825548040102165,-0.03720754926532379,1.684102689688935
decay,744103.3605923648,75593.67019830285,4602441.924158273,216449.38171882663,3.0878388896511173,1.0429642068470384,-5.701335926892411,0.23499813351362406,2.8921428324132226,-2.5013237334307625,7.299856730495541,0.5306585624882495,-81.74490597822322,-74.25570764372371,-0.062102230578022916,0.14183776800531467,-4.7154677981225674,1.0084887698306455,-4.302921357019159,2.794395961171435,-3.4768075340376345,-8.989281050273407,2.7018464299279934,-3.6725966617228494
