,Az,Ae,Kz,Ke,Cz,Ca,Ck,Ce,BAz,BAe,BKz,BKe,BΦZ,BΦE,Gz,Ge,∂Az/∂t (finite diff.),∂Ae/∂t (finite diff.),∂Kz/∂t (finite diff.),∂Ke/∂t (finite diff.),RGz,RKz,RGe,RKe
decay,231228.9904746194,71377.23476008284,1578916.0478422611,125460.15172650434,0.5179699235887277,0.17778565928633996,-0.4743386118029977,0.3624984497944799,7.100696158517015,-0.12565565502704837,3.0209827150249366,2.5396342643361205,-90.6311068732971,-110.15036881903363,-0.17907337540506404,-0.3916062968442577,2.0391255892810882,0.9921133573659087,-6.409977146520177,0.6832297331424823,-4.365814986360858,-9.474591173330843,1.3024818029010972,-2.693241592791116
intensification,244458.61321871218,55653.42524447616,1232637.7254442251,193034.16969741715,2.9407810488272594,0.3352072367493582,-2.776278228334046,1.144610175940608,7.444329923624301,-0.14213105335876614,-6.43359804220567,0.195973402012963,-58.89944913363865,-94.1154330367418,-0.2524263100217264,-0.16498544645191446,-1.2299255565393568,-0.2860404082901811,-9.703670513034862,1.8958835533714329,-5.398267194587041,-3.434575291322403,0.6654935842598347,-2.220978252916184
mature,207576.85450814085,54078.08623161679,934365.6212571455,251553.87910324946,0.8519007192544822,0.22556216677540644,-4.927235818232925,0.47824359537480754,1.1546819920799227,-0.573880054890022,-0.2783608548255252,-6.407144194533169,-12.204422894026756,-34.98141999433633,0.5185615377871972,0.1632215675004669,1.2065282536387638,-0.1237654741862192,6.707617901357233,-0.5373809440964625,1.12930914758873,11.061313855161199,0.7027960093032041,0.4642838368289745
decay 2,254381.7821233309,71998.47692810095,1411035.7681495794,297393.9937906939,1.0960645730733005,0.5831760428789547,-10.925416639299979,0.397535574896344,-0.15181253064482633,-0.2671312787386621,1.304196844547235,-8.66545656616113,16.393414081885584,-15.951005514873653,0.7172081751743242,0.2987539849424922,2.759010463406895,0.6664338741002532,11.930248516628359,0.7976449948332601,4.590063610003976,20.455403738307805,0.7479246848563046,-1.8598506532019328
