,Az,Ae,Kz,Ke,Cz,Ca,Ck,Ce,BAz,BAe,BKz,BKe,BΦZ,BΦE,Gz,Ge,∂Az/∂t (finite diff.),∂Ae/∂t (finite diff.),∂Kz/∂t (finite diff.),∂Ke/∂t (finite diff.),RGz,RKz,RGe,RKe
incipient,1160317.4781384228,427935.93271731044,3160817.2995588076,842538.7327820072,5.606819691409869,6.562976264398272,-5.597327016895512,8.59495940088947,34.85846208739891,-24.410368047494586,-75.91894013767929,23.038387421494168,62.39289260592668,-75.66621972625025,-1.2963036518515278,-5.145146389095075,2.2403262374125474,-6.812878087960467,-33.40827653898661,13.691498879858003,-20.448339894178222,42.501170924178325,19.629473096025322,-23.53917495942115
intensification,739862.1457101576,340777.14738548733,3403304.131238551,695444.8308606913,-3.328038519558774,4.002630764750572,0.39014873523397375,17.086689355712593,18.698587555803872,-8.512550293548587,-83.67962039964912,5.259007678595258,122.29027483145094,33.39166419154656,-2.7756754290574315,6.8168594121113255,-2.7516592001178073,-1.0443889840809042,4.503050966491266,-4.881157980482062,-20.775654510729876,91.1205611504652,20.55221990042971,-26.836706279555937
mature,851970.241722679,156184.8787906458,2975866.549558405,354129.06987742224,-7.3958041798789385,2.1222958593378243,-3.9112477751649566,10.189882786712971,5.34948100748497,-1.644079465021411,-24.792204704986958,-8.42819414807228,14.123117358458899,-58.48660636496384,-3.453112509662115,3.0534181901799156,1.728209126508586,-2.898264348109466,-14.298921493769924,-5.389313275041976,-8.894780201517499,21.800335166260933,6.813402044287091,-11.062249688847626
decay,870119.2169870934,119596.75141062515,2309755.29520949,255556.4056702083,4.742395420942725,0.8784243959646831,-5.508800667899697,2.767083390769392,7.864249148421173,0.23941738902625553,-27.519609589742522,-3.5012089955933785,40.24338454873826,-50.5942309566699,1.1951351303365005,0.3104273599466397,1.2859452306932444,-0.006342593631655388,-8.264997892552712,1.8919714068692886,-0.9574841008205208,20.02101694414678,1.6428990121467977,-2.882703656206422
