,Az,Ae,Kz,Ke,Cz,Ca,Ck,Ce,BAz,BAe,BKz,BKe,BΦZ,BΦE,Gz,Ge,∂Az/∂t (finite diff.),∂Ae/∂t (finite diff.),∂Kz/∂t (finite diff.),∂Ke/∂t (finite diff.),RGz,RKz,RGe,RKe
intensification,195734.47409838066,321267.413447923,1983256.9568545327,479019.9278379927,-3.146191887241477,2.145726437975412,-3.0820683453914457,2.868229976742365,9.367578435326553,-5.629615615741558,-43.95176091714642,2.794682042098393,149.06451796422922,140.08153070802024,-0.4636037432985292,1.3735215009033301,4.794090039392461,2.4913288479358116,24.00387309254114,-1.1274990265478322,-5.573953845200159,74.18389424232048,8.843448002444322,-9.872479390780034
decay,571501.2054605092,346312.03918407514,4126092.661686026,293819.01875322073,-0.029463987420999538,1.8503833251361226,-3.7074493768691323,4.935217727948134,14.632149489436927,-3.3238373155200116,-75.68351457971558,1.3992414601030914,332.96334329501167,199.20848270242354,-0.2742224109766607,2.9855495196582726,6.79248461698069,-1.06355799224915,34.61982808721094,-2.325308918584023,-6.0187455347411145,114.04025603121669,5.345113726082874,-12.367217483504382
