,Az,Ae,Kz,Ke,Cz,Ca,Ck,Ce,BAz,BAe,BKz,BKe,BΦZ,BΦE,Gz,Ge,∂Az/∂t (finite diff.),∂Ae/∂t (finite diff.),∂Kz/∂t (finite diff.),∂Ke/∂t (finite diff.),RGz,RKz,RGe,RKe
incipient,459652.6539493215,115851.69249244705,2165412.9831910613,242658.7264868725,1.2440060102193125,1.2323407142792224,-0.8328276481156637,3.4872122488802213,13.391059765089453,-0.14583731446437345,-5.271996763000343,1.2226979704968042,12.300220779968912,4.465997323252801,0.08047279520451871,-0.08479748328709857,1.8846465383161073,1.8433400379390594,8.36491290325854,-0.21584337138220974,-9.030066502274812,13.225731304155234,4.244048887004432,-5.758581238874899
intensification,470807.47739326616,216169.39503521216,2692308.3170150523,296668.7462902447,2.005469883577819,1.9550510519422795,-2.7408754710443377,7.223815334601523,19.31148790462178,2.931519260355853,-17.246598217518162,-0.30419794745504714,62.13313484086062,21.690730694878617,-1.1717347228173898,3.9287980715145423,2.823835975126184,3.5607401550454605,17.642650411722787,3.8666150687842586,-12.5271309939755,35.62465421670747,5.8979851773488505,-5.7938777894065545
mature,742414.509322536,393644.7770301879,3604357.615760184,463111.49253372976,8.521144651021787,5.378968206952379,-7.137522334810713,10.27081247842105,40.756284217751144,-2.459690947531474,-57.98951097746642,-3.732344009945982,194.63187037416378,79.27977066521416,-0.14623455060061355,3.9161152011195015,6.809394680064528,3.9466510857474835,31.401209917859404,0.37718832325717677,-20.046776679712444,88.00709857911477,11.298186304747627,-13.298802480028602
decay,955778.8632039999,384015.97402445687,5106616.7026975285,436617.28144509764,9.08673269935833,3.9185043858404898,0.9973870013681857,9.620798044756636,40.91247455849379,-4.519509061126814,-67.7777125759844,4.549323300372745,276.31936934240287,116.34529804013802,2.0939897183872063,3.120436392364495,5.02155882611017,-1.5760713150997272,12.603921459454227,0.5152495631303438,-22.8856786471848,70.29751433471209,8.645731404943236,-12.657484780630854
