,Az,Ae,Kz,Ke,Cz,Ca,Ck,Ce,BAz,BAe,BKz,BKe,BΦZ,BΦE,Gz,Ge,∂Az/∂t (finite diff.),∂Ae/∂t (finite diff.),∂Kz/∂t (finite diff.),∂Ke/∂t (finite diff.),RGz,RKz,RGe,RKe
incipient,319554.09807047946,59410.32661932809,2602383.9175779247,349054.21541366505,-0.13101265005275764,-0.21367940954871364,-4.365091283712709,-0.4826540705947213,1.6749288437769811,2.610084879205342,29.637520041252333,-2.045315314751307,-89.85592594143344,-203.68360981000185,-1.0309894132073065,-1.794830666419621,3.43462238973081,0.3690339965609494,21.688394297873398,1.395170369149242,1.4150014863523575,-3.4530218096134693,-2.5100255436904004,-0.4419515292174392
intensification,473760.9528002208,75991.86912834273,4266550.690624776,362018.53195628076,0.6583143147024781,0.4759804073222103,-8.309499109319262,-0.5427863959947226,3.6117588681507926,-2.5451641007524604,-43.24822085299838,8.78823844121837,60.148214535095434,-97.60298104631202,-0.08891415397968684,-0.6575284823470456,3.4896535299544307,0.5727141783831476,45.232149812055575,-0.6551289231305647,1.0121893838283267,96.13155545967072,2.0991114758186753,-17.21008007767347
mature,636886.3479525214,112811.18081805942,6284109.082157096,335642.47115243436,3.975912594513252,1.4242239868204885,-10.51959258305792,-0.0740131570827917,4.715592381853611,-6.206137604854238,-98.8499442499159,13.94993919799002,96.74795285869911,-88.23934954178695,-1.5902246967634555,-1.2039622773514616,5.112029776940011,1.3289706400031225,41.01903567046304,0.8591847029819554,5.79657397642014,146.41265990892362,6.03687110095408,-23.536333920983193
decay,807784.7079640912,150638.37142742053,7206691.568135758,326989.71984270145,3.9966036918545296,2.2919421281399743,-11.88033794489553,1.44824333670129,2.7473247712337123,-8.367351576994972,-94.65471768698863,14.64378340540899,55.287963100138406,-114.56912767721273,-1.898634944453175,-1.28090794848187,6.124203366015096,1.02872804853008,25.768687697726282,-0.7921238461902393,9.665424414775886,128.3071396377559,8.552380834086366,-28.764488533196054
residual,1029962.6991724985,173871.40677622202,7649888.833682337,345156.1984887924,1.3603401866136722,3.4785444553127625,-13.133121451174782,4.004579458905872,-5.721330073208148,-9.930971402647225,-62.8727102065381,12.558376075197396,33.19717653574753,-53.59836733725973,2.811363197798228,3.1352340078067367,8.906146519502924,1.1006963625810384,-0.606705078090869,1.8931382750105012,19.466361234637503,74.03878639300835,11.557702768821374,-27.802938710267554
