,Az,Ae,Kz,Ke,Cz,Ca,Ck,Ce,BAz,BAe,BKz,BKe,BΦZ,BΦE,Gz,Ge,∂Az/∂t (finite diff.),∂Ae/∂t (finite diff.),∂Kz/∂t (finite diff.),∂Ke/∂t (finite diff.),RGz,RKz,RGe,RKe
incipient,1719603.9397880714,162449.34020885223,3415305.4050768428,397385.86773811374,-18.04043281679957,2.826876388272458,-7.098045685175847,7.776191565767309,-8.81211638128163,-2.223479406957685,-30.18672874814315,0.022582814856159317,87.97861935225971,23.286379349776826,-2.8664460679877646,1.5581534841479943,-11.038423618938886,0.5867790214337919,2.0394099239148433,-0.825158178042952,-17.43986366618437,57.36461717403341,7.759573605886328,-15.721978243842267
intensification,533105.5622301963,328473.32657080225,2829359.4196679336,753550.8910550934,-9.926298792630796,3.558302274993311,-5.298561197792678,12.738242470503625,-3.304153623681346,-0.2922361774502788,-2.7163051394342066,10.014824182770827,154.22074134677575,138.86675200811038,-1.883909689880478,5.430359380999322,-7.06941743940217,0.04564887159586902,-5.039551608089943,2.251930585578433,-10.133260333358313,12.901613521767738,9.51782524455646,-25.799697265488692
mature,280332.3943628425,138315.82473787182,2125350.0538664204,418781.2882519625,6.369919084419443,0.7322991144319672,-13.49938318524116,0.922054327688115,7.465169162226935,-1.625789244667976,12.135623439418838,-12.348276271791672,139.90283203055685,88.34763725234411,1.7470493705300227,0.3551609368722812,1.121253597206492,-1.1052351473855881,-4.42950081686845,-5.812451816877898,0.7583026338309664,-9.435660155465573,0.7103093105385356,-7.8856130580154975
decay,206394.2730676439,42915.35862756733,1595952.841097861,171807.5151711971,0.8973074501380957,0.010859183712487471,-4.224945825380163,0.05905639416248948,0.922791615101052,-0.15406686206019157,-4.591936211832458,-1.183131780856353,123.71455672444567,61.29292513734602,-0.16791467985847658,-0.008089141833464033,-0.4627680107027836,-0.0944047378773203,-4.158524845577411,-0.7253201044058504,-0.4773929919532527,3.7610497414971156,0.1078593346328733,-3.8261905430921495
