,Az,Ae,Kz,Ke,Cz,Ca,Ck,Ce,BAz,BAe,BKz,BKe,BΦZ,BΦE,Gz,Ge,∂Az/∂t (finite diff.),∂Ae/∂t (finite diff.),∂Kz/∂t (finite diff.),∂Ke/∂t (finite diff.),RGz,RKz,RGe,RKe
decay,211126.335097,127470.41818757853,1621778.8594412357,296420.1319858484,1.5200127229523506,0.034600227993062796,1.5319159514991856,2.043039611232037,6.438692745829674,-0.5847677693326614,13.17524417648194,-1.0731843190263513,-27.396212476869845,-54.15894702394837,0.2966624396199594,0.2937502727722872,-0.5718025036237842,-0.7101938131097443,-2.982046137389518,-1.9999293613601992,-5.455882298508044,-19.20921898832299,1.883013339461891,-1.4378687020667
