,Az,Ae,Kz,Ke,Cz,Ca,Ck,Ce,BAz,BAe,BKz,BKe,BΦZ,BΦE,Gz,Ge,∂Az/∂t (finite diff.),∂Ae/∂t (finite diff.),∂Kz/∂t (finite diff.),∂Ke/∂t (finite diff.),RGz,RKz,RGe,RKe
incipient,459135.96479056176,144492.54784573853,2010125.5583848618,169683.14589608993,-0.22196902859187043,0.2482035937334522,0.7717532915097307,2.4897844882026026,6.867898432926929,2.815098416820742,-21.22225883149572,2.102766211349059,132.92775482047037,166.39633591981888,-0.023782806571169775,-0.608551201570731,5.40183686266507,-0.6529884261970713,14.490422911531216,0.027121542848306115,-1.4398270051202775,35.162897480109066,-1.226505948548662,-3.7936758651936247
intensification,1014705.3143475045,228698.74813326262,3572977.523649641,288911.5543812115,-2.5963072193107197,1.4005507333037046,-1.0851358130270963,6.497778567560996,6.298553247860777,7.231871364743911,-20.84346914556935,1.3074973969383508,100.51733913156417,73.54340576378685,-2.6752553664948384,1.5840214208714074,1.2877509858263478,0.8991766927713728,8.677568856161837,2.2828215487366803,-6.206558748041443,33.202481034069,-1.2354668377152473,-6.6075902287897605
mature,861910.9630402735,282055.7401539496,3992312.1470852373,596348.2290610753,4.026721387597139,3.3315643112048003,-21.46981766501862,13.034072472360535,-1.0136703097961046,5.833400175248784,-46.19216148892784,-8.017341664820055,254.73729932493413,159.7329360901072,1.1519533398129163,3.1183777545560383,-2.5170597519553377,-1.0178189872307768,1.6464384218119732,2.8984667964480733,5.854896256642706,65.2816961881613,2.851288998676175,-23.58808167611103
decay,1040384.3974326833,156437.52597831786,4490268.412011875,380978.55301985156,3.87018446918389,1.92195568561236,-19.574564402437442,7.129540884883853,4.995408787795013,0.6827432952780869,-62.93489227519119,-9.883157433854269,441.6679045016771,269.5102015447251,3.700911295745036,2.0903839663149184,4.678100532945919,-1.8277732393166162,9.626078860130228,-4.592318579062824,5.474831899947157,88.26535106857496,2.69706866467679,-21.41326643252985
