,Az,Ae,Kz,Ke,Cz,Ca,Ck,Ce,BAz,BAe,BKz,BKe,BΦZ,BΦE,Gz,Ge,∂Az/∂t (finite diff.),∂Ae/∂t (finite diff.),∂Kz/∂t (finite diff.),∂Ke/∂t (finite diff.),RGz,RKz,RGe,RKe
incipient,401787.3095704208,114239.36425322067,2247070.6502802176,274637.7569871573,-3.2270900007031402,-0.7054518416450095,3.5996621080052513,1.562754970378451,-7.241118705922155,8.104206592093245,46.103314171069925,4.368560031290494,122.26813108372589,213.7108498891502,2.6442766830992666,-1.5287148142144023,1.357136963562636,3.3075399479153798,10.025146758532888,-0.8599016932853543,4.66571382713664,-36.450739519839146,-2.5284598321544043,-3.1915545869490476
intensification,330521.6149114851,404528.79285099084,2378224.6229022355,272016.06284871773,-2.2283895895846055,-0.41225033455546034,1.7305770192393244,2.8549316394800734,-0.6172157842844327,16.110355422513884,47.001550893135445,-4.500583699022802,124.2917959276577,174.64124027087797,-0.7055997908559173,-1.2429846562862612,-4.46260988337332,4.630604041188996,-13.406606813147894,0.5764698416347748,-6.486034023228954,-59.91034513593805,-8.212569407289356,3.9526989204168275
mature,152636.96114344714,395952.6933448999,1140680.4283975193,337211.68317911157,4.0839267513010356,-0.7390139458396747,5.270888325496916,1.7070408740512537,7.491764477498917,-5.096329368449005,12.742289911648195,9.127357520335163,33.63878368567093,44.80257253426741,1.925571777849138,-0.37384440559434357,7.566338619663794,-12.351516741844012,-19.874227521812294,1.2048459487743592,3.419486947626238,-41.971332510258435,-4.809132553504079,-4.358664120115144
decay,332145.92140787345,121868.32288411437,963425.5273983737,334109.072598436,4.5070289106249835,-1.1545445416105657,14.82739908215163,0.3350913030689907,-1.305481885513107,3.0703979963572756,1.030005667764092,15.647079522551234,-35.38511346032937,-76.10741381672456,2.22902463020206,0.8012208164133963,0.5132847706652759,-3.0840259756822856,3.948554915641181,2.5303046062186003,5.1712510251928,-16.415878744899523,-4.664788127360005,1.3755328627500052
