,Az,Ae,Kz,Ke,Cz,Ca,Ck,Ce,BAz,BAe,BKz,BKe,BΦZ,BΦE,Gz,Ge,∂Az/∂t (finite diff.),∂Ae/∂t (finite diff.),∂Kz/∂t (finite diff.),∂Ke/∂t (finite diff.),RGz,RKz,RGe,RKe
incipient,1164599.5041430073,213605.11621256155,3240039.9667452476,451016.3383173229,-3.5898905449591783,3.4449547768228377,-13.859202435988157,4.97385760066113,8.972954730302485,-3.283325290060612,-6.451978997281237,-5.616272836385462,33.62567811185875,-37.563789184479134,-3.0672433742598457,-0.03964196957042969,-3.3611572648691164,1.1908132454779712,-11.153216504126144,2.8585229622766954,-12.479047763307943,12.747855474102428,6.003041359376875,-10.35826423798713
intensification,727727.8052968256,267317.78516529524,2632898.2959829275,738360.6046710393,2.702106909530134,4.069633731172844,-17.73157256594008,12.253284957161604,8.103814768446137,-3.10917642127537,-14.703578550143627,-2.977088381698344,45.16387541889544,-22.53086491349452,0.15281630141004085,5.052647305224659,-6.550357914480366,0.33120012532227755,-5.606972162565961,2.4337371218690382,-7.882432042223526,24.126072043987612,11.624027772586409,-24.5740320195343
mature,354452.95585687197,261382.99812002855,2388950.1203990835,764234.3845099742,-3.9235101129252197,3.616803726715137,-14.009130997766803,14.985895709364057,9.102605886643474,-3.0033538330186365,-23.210701512645397,-3.3751250674898903,111.81509419241598,62.307050913504504,-3.452154215070679,7.612346652382559,-2.5654313505745354,-1.0665499552444524,1.9566401625338532,-1.0262742822115827,-11.974743623428092,43.09998278587127,13.305895860423105,-26.646175921852556
decay,481780.6232517526,187879.46582185183,2967225.6387946536,549116.865180555,3.0428550202180094,2.5784823666434167,-8.46580435512344,8.873669630877421,13.538859309253981,-0.8572191096114392,-51.16192367389711,-7.637447533159361,192.00413095436787,139.20966420339724,0.7433026985552886,3.042058375547545,1.8427605176095774,-0.6457960380829454,3.1525502313203693,-4.487875178063974,-6.074761404782978,59.737423240122915,6.506610335762496,-14.189901630905469
