,Az,Ae,Kz,Ke,Cz,Ca,Ck,Ce,BAz,BAe,BKz,BKe,BΦZ,BΦE,Gz,Ge,∂Az/∂t (finite diff.),∂Ae/∂t (finite diff.),∂Kz/∂t (finite diff.),∂Ke/∂t (finite diff.),RGz,RKz,RGe,RKe
incipient,387354.4496451119,137743.75116307894,1812477.4239815755,395407.45912932424,6.919565608889488,0.3270397289002846,4.123821765485902,2.759298707971708,-0.9700112738233405,1.1706167671913865,24.667837473774892,33.51348196452858,-171.67795342964087,-96.06953625193321,-0.38433260479248077,-3.1661421697127805,6.810798654742316,1.6765984498971032,10.079749716896375,16.832841205824682,15.02741526635543,-25.631475131253907,2.93824066177714,-15.316117701189714
intensification,613624.0506185496,257006.98093385948,2350482.9632214056,1166509.475440549,6.907339464952176,-2.206930438634659,14.819608020728205,0.9621159516636133,-9.972820827736365,14.191672301577453,38.99962724785488,56.9493909779451,-189.55232895484525,-218.09321647443934,0.3117880221567423,0.3229254738636157,0.3624397234675449,1.5276377440343807,1.8199533567017387,10.79324602192377,15.035669577521427,-58.90662137683353,-9.4949881672448,-32.29865288695674
mature,515904.67897112423,261045.4899144171,2177224.989711907,1463712.5743989414,5.793862968133595,-3.716335807439143,3.070202810886274,0.7469136742651185,-11.88417254515756,18.456066332043207,35.00021581829508,43.72051429298453,-108.13529318326246,-132.58706863540482,-1.0135441485089896,-1.1875405071315919,-1.6829670779850237,-1.3439165439161447,-3.2371696329404034,6.531780957679288,12.278732627866987,-47.10145123025535,-15.33673339425509,-34.86544419868409
decay,409710.0998446304,249009.01492900169,1650732.5233990226,1745809.308444038,5.522853289845749,-1.109353400942101,1.518348062627939,5.672729925076216,-3.617275689691408,4.990781288572631,-7.0108745757507895,44.90328178619739,-38.288348848580206,-52.034481454529065,2.0375212450962974,5.298105865365481,-3.371309538690413,1.2463268310860467,-9.98457915635388,1.2566930719876848,4.659466039904644,-10.01490593307678,3.037628868531734,-47.80097057665798
residual,358959.57206880045,245559.09856701558,1600549.1531057633,1224089.914199598,-0.2503036819515931,2.0548685864767204,4.756516593990829,11.651223755599426,-0.41848058038684305,-3.123771459663054,-37.59471369279924,29.513494184612032,70.25490120397583,81.0248622252286,0.23866378206346373,7.804803892438357,-0.3206716294927365,-1.7814143361132357,-2.891780959519493,-5.8318028576223275,1.9023738554192342,30.196719821240517,10.938712292672527,-42.24000420384295
