,Az,Ae,Kz,Ke,Cz,Ca,Ck,Ce,BAz,BAe,BKz,BKe,BΦZ,BΦE,Gz,Ge,∂Az/∂t (finite diff.),∂Ae/∂t (finite diff.),∂Kz/∂t (finite diff.),∂Ke/∂t (finite diff.),RGz,RKz,RGe,RKe
intensification,536637.8410389145,154655.43725591843,3117878.009431872,498414.1309031101,-2.6044333038841954,0.28653110375934066,-3.979274288287499,-0.21705068741276992,-1.7597553546111315,-0.9556022314538192,0.47495859318268724,22.119752290579612,-0.741696870798266,-33.8718975547073,-3.969912967297398,-5.648479945117077,-0.07234406169743683,-2.835119538019189,-21.229594240878523,5.181348752252988,-0.6304909072111595,-15.12084524188952,-2.3830990977374804,-20.700627139201355
mature,458054.2294161159,162820.91943131568,2830642.2149681076,502102.24821949564,4.69059544137064,-0.765425449938995,-5.519726613449977,-6.413982706566207,-8.008779343020144,4.929818263901127,11.218740408338494,-2.156666094829202,-67.17451775693053,-89.87412446521729,-0.2785145857522877,-0.18339607942352365,-3.535140476880704,1.889446448194369,-16.360376795121443,-6.674019487353091,8.398808857571085,-26.7499860313806,-8.68892907233397,-3.6230972994076596
decay,324011.1204696288,250524.631048939,2212099.2937399214,296586.63471529545,7.122803420375755,-0.4774378859436604,-4.084568530547033,-3.039847293209165,-4.438973235076963,3.19419443794267,-1.676096135477677,-5.027866828994918,-35.87109131440677,-77.76349523977373,0.6119596212516418,1.2200635105586193,-2.6065756463255814,1.4725874885190815,-8.62926341987454,-1.7206793124924797,8.477763123183477,-9.991402174225584,-4.2840163566890945,2.26246627916457
