,Az,Ae,Kz,Ke,Cz,Ca,Ck,Ce,BAz,BAe,BKz,BKe,BΦZ,BΦE,Gz,Ge,∂Az/∂t (finite diff.),∂Ae/∂t (finite diff.),∂Kz/∂t (finite diff.),∂Ke/∂t (finite diff.),RGz,RKz,RGe,RKe
incipient,467191.325146724,57478.306927317935,2085703.2965161863,207236.38212206188,2.0548235362439597,0.40304640284842724,-3.1904144117109765,2.6439050576606187,2.3675202362759737,-0.2767616498663168,-17.03863348284287,1.8324002111005715,2.6441874895695276,-20.90321096370766,0.9581819836033463,0.70035694943793,3.6104662774605494,0.005823226014529559,-0.9912839420791285,3.588870494437855,3.7008159802769627,17.182940416230757,2.5234435306930374,-4.077849186034311
intensification,381506.7300128358,101706.82892935768,1333825.9942282403,695217.4978247036,3.645979902816214,0.5400421281089012,-4.9162855620434325,3.4579459448500267,-2.338960063021317,-0.2026278090419166,-20.716157713472313,11.588009868358652,11.558312003205717,-19.571832018100128,2.7933111672628024,3.4906460348742065,-3.4389324519429927,0.5596898799459663,-12.079708500192947,6.224890127833613,3.0860496420034407,9.906754872506584,3.6802215057290093,-13.737351247418498
mature,128854.92276010283,133454.01296665042,813958.340775766,929072.7898167393,3.253193301415564,-0.7458013383138384,5.660888795169666,-2.2723969115823417,-0.6176747445637477,0.9016305579098948,0.15468251563906196,3.2260923488277973,0.5296755772108299,-1.5369161641408438,1.0130050946547398,-0.5283827704743838,-1.3754121031373798,0.15263963424448476,3.001304621289825,-2.253212464647791,1.749654604528093,-6.067459990934465,-2.2755864969339132,2.4539808932764178
decay,151209.049333044,113855.70418543725,1475815.675161686,518861.69662367617,-0.09567067197761056,-0.4213098351366173,9.080589049978345,-0.21800408302782934,2.482505831721016,1.464461326314826,1.7459272271758468,4.94157539905288,59.635415864288575,70.46767803972428,-0.4216745329584937,-0.2305719260305445,1.3412576860945962,-0.0003588982594587366,8.19864324556494,-3.4951922398302857,-1.6582286527406471,-2.5322023596116425,-1.2615144724654965,0.8618254941230091
