,Az,Ae,Kz,Ke,Cz,Ca,Ck,Ce,BAz,BAe,BKz,BKe,BΦZ,BΦE,Gz,Ge,∂Az/∂t (finite diff.),∂Ae/∂t (finite diff.),∂Kz/∂t (finite diff.),∂Ke/∂t (finite diff.),RGz,RKz,RGe,RKe
incipient,892595.3898073738,493011.66992126126,3686242.3512422815,205100.19391656158,5.058870355367714,1.7517656247582798,-0.0439372329690794,5.5958922199750125,9.430332705240264,3.1414866593469712,10.228186714513196,5.086042027517023,228.6939130952336,210.18123329102184,2.4640378676095165,-1.077642403247368,-1.5322820999775044,3.9556145402414264,-3.9640220883706396,3.73518342723947,-4.151978825091772,-19.20714192528247,4.658254476111189,-6.990688053221645
intensification,331288.90188384976,351808.2482556013,2698961.80335487,419870.1957377674,-2.391682601284998,1.7145812827893085,-7.201491218012811,7.900437620053844,2.989732425883141,-2.466975370990374,3.335276841110074,-3.336232410523954,164.3711140591966,131.04446015344325,-0.14614424033805093,3.8633703695870314,-4.6568297417935955,-2.0549571330186382,-10.242328680309944,1.1652206397380278,-8.323663486172427,-3.9844317021222087,6.59787457523627,-10.600475787804672
mature,78318.66253902782,92671.00908903328,1493561.0151132627,264695.41404258384,-0.04159738298587103,-0.025476946309263566,-1.858479150405086,0.605072427221251,-0.6326665163199673,-3.555594990911439,-4.351693097472131,-6.629297635564983,75.99724973331435,54.462729758745354,-0.2012181578454062,1.0206236232008914,0.29487042349997417,-2.8278026797439884,-15.569238517166912,-5.905679110429883,0.860462610524807,-9.317468886303825,1.3583416846979655,-1.739933052491238
decay,89752.13508044372,28642.809859398898,1149544.4955108722,84798.43188079946,0.3398078684044681,-0.042738298018171916,0.23964319965952127,-0.12956041129262558,0.5889651801624852,0.5235388950700884,-0.2089304357600812,-0.2128290109131156,-43.69718413946742,-55.0325708806497,-0.14436938421481638,0.20964841046371732,0.18786257880897192,0.3781648336130334,2.885866453044566,0.06680320327775649,-0.10403303096721725,2.515345820740657,-0.23219617473150875,0.648835825143019
