,Az,Ae,Kz,Ke,Cz,Ca,Ck,Ce,BAz,BAe,BKz,BKe,BΦZ,BΦE,Gz,Ge,∂Az/∂t (finite diff.),∂Ae/∂t (finite diff.),∂Kz/∂t (finite diff.),∂Ke/∂t (finite diff.),RGz,RKz,RGe,RKe
incipient,898143.7883456703,275040.1955001914,2638527.8163127126,274713.45434204256,-13.532861571387295,0.10309227455853276,1.4823403912763897,7.723845476438396,-3.8182923423399244,7.482562541973435,-9.208933914681499,2.6771815297955976,93.5826402578817,111.91730807652125,-6.557211958188615,2.064692533849126,26.657603698599882,-0.46762630985602865,52.05529570604809,4.102764978762509,17.046126744111046,73.31475080084049,-0.32943564994960023,-4.815921636195097
intensification,1264311.885322869,193735.10784280713,4728178.259008733,527733.5914264569,-7.721435387767732,2.9078009420222104,-9.757448646296755,14.568310645583368,5.712560428579755,1.2882133675639265,12.233878135305615,0.9122904404890871,58.312753317853655,-16.25487368117628,-3.893087363567876,6.668413116067335,-3.745709566218914,-0.7714262945922438,9.559208426522856,1.6563551623647772,-14.27190444054419,14.804214325281725,9.600870041404988,-23.581694570004434
mature,777350.3100346255,101054.61833041071,4388001.246013227,687501.230594482,-3.373503452928941,2.228122714628152,-0.05826934928285356,7.513646794689836,-4.013826283867274,-1.47829734598694,47.05779721030619,9.788569996253488,-59.60271356396229,-115.36260604739071,0.8328619248915609,3.3122600660273136,-8.403321221686802,-0.794065903249783,-25.4365174556454,0.9359186402482219,-5.534875676120316,-69.06254186373981,5.969755522798843,-16.424567499977957
decay,454034.93891376833,237467.9907529103,2679649.947626373,491055.8207273239,1.0399587771433945,3.0727338879304495,-4.715291440714426,2.681455564228641,6.46425248043565,-4.881360031789746,-13.057610684908077,-3.7679036593994466,109.61381615715972,110.44835041028101,0.5346935844212543,0.4737756754654222,0.3392534392718846,1.2811091749150543,3.453450098568298,-0.5106879617404209,-2.01230637608992,20.186393447047408,5.77119088300299,-4.139531307284042
