,Az,Ae,Kz,Ke,Cz,Ca,Ck,Ce,BAz,BAe,BKz,BKe,BΦZ,BΦE,Gz,Ge,∂Az/∂t (finite diff.),∂Ae/∂t (finite diff.),∂Kz/∂t (finite diff.),∂Ke/∂t (finite diff.),RGz,RKz,RGe,RKe
intensification,1570288.353063572,127244.4731912693,5026781.72866864,159298.54895912908,-3.762109261011769,-0.37909898526748304,-1.8063951057806416,-2.208104192589276,2.154925771731986,-1.6631151241521063,10.148488405541988,2.575158677254907,-269.48215098514385,-308.8206507985941,-2.9385205315781167,-0.9500615424476667,7.115513494891865,-0.17632799617822217,23.650441159009496,-0.8826063759087546,0.8193794768806265,19.07045712025992,-0.34221807934790954,-3.056055966355026
decay,1948476.1155979913,80508.63075319132,5607295.753055899,261932.24535211446,-2.0745631322066367,-1.0337501161957388,-1.030516339663019,-1.314376287318949,3.913667789223171,3.6727645114780922,31.536092950872558,8.279339860141642,-232.13395022807387,-379.3628002000133,-3.885713700153397,0.49866719487093847,0.7802843856922781,-0.13490310514778217,-7.170769419595032,3.3807485213776096,-6.241696651933268,-35.60178289859793,-4.088293787749084,-4.614731391108101
