,Az,Ae,Kz,Ke,Cz,Ca,Ck,Ce,BAz,BAe,BKz,BKe,BΦZ,BΦE,Gz,Ge,∂Az/∂t (finite diff.),∂Ae/∂t (finite diff.),∂Kz/∂t (finite diff.),∂Ke/∂t (finite diff.),RGz,RKz,RGe,RKe
incipient,460723.3608332846,133398.08781295115,2968837.0590649005,339358.31942903384,10.617898644965178,0.2808025113928201,-0.05837213548852813,4.900348852647154,7.390967416459787,5.232590450616352,11.093557574974641,-6.34065513031542,73.75989715108693,91.19226741407743,7.249519528696523,-0.13092324213275053,-1.387587494582294,-0.5606602361986878,-5.510411020836319,-1.547202070070374,2.1201462453159197,-27.163495105287613,-1.173704345560705,-0.1652679278906355
intensification,406355.04896003206,79182.16289728657,2732504.024458145,265632.7530460443,-0.32859125260290284,-0.5034520671376784,0.8993732525651463,1.9049320332688817,1.1691835620657784,1.9041338473093867,30.389197352837268,-1.2744970953326715,27.186589049381478,53.76261548216047,-0.5142566230472861,1.7819574736921322,1.1864475939481454,-0.060265972698455746,1.4329053824706892,-0.42917858014565147,-0.8147792878582144,-29.52707397032882,0.44398428039871757,-0.16024026551671536
mature,459604.0856043723,78080.39751064117,2729989.013391413,234525.6961368791,-1.600647853972748,-0.26198359613983646,-0.5963191280654881,2.7696181407043508,0.7373843632137735,1.0345100127761726,27.0138027440181,-3.2538637898173848,2.534628601998683,33.516628166707704,-0.8659041226311339,2.2968916470017833,1.0377445248401678,-0.8934016665654889,0.5617402144462682,-1.2686916448212924,-1.5622712884861905,-24.255095547533596,1.1036900575025255,-1.380765123773747
decay,559289.2172452207,89424.84784595268,2999573.1703721546,170775.49751934368,3.3566037255530516,-0.2533488615027053,-2.2205254198329105,-0.9815113636422625,1.9648435957189425,-0.23075758247263395,27.13649636782102,-0.8819480628234334,-103.2689333096256,-105.69443355190941,-0.17387381996809148,-0.08048343391744958,-0.5187440742056907,0.16777991423970584,-0.5236739684486027,-0.5063431168723261,0.6196671941257127,-28.796248641989763,-0.32962500542721734,-0.8634091102395407
