,Az,Ae,Kz,Ke,Cz,Ca,Ck,Ce,BAz,BAe,BKz,BKe,BΦZ,BΦE,Gz,Ge,∂Az/∂t (finite diff.),∂Ae/∂t (finite diff.),∂Kz/∂t (finite diff.),∂Ke/∂t (finite diff.),RGz,RKz,RGe,RKe
incipient,858868.7356993333,161882.84356525555,2499869.6731327223,213124.77286176698,0.7351171921310138,-0.09652290693965915,0.5805909248952875,1.7041587489396035,8.204619872427518,5.569307870900742,36.64249546136222,0.662969765380222,-30.069796163417934,-1.066113658208887,-4.841741915608039,-4.613953456119967,0.8610618862276951,2.1535327267331628,-3.9169082554229817,0.9584792247656684,-6.704963701008469,-41.8751118338115,-1.6150934882883168,-0.8280583646588695
intensification,390692.1275143999,128548.32413604615,2018836.5336211184,442311.68970523984,-2.319714712094465,0.9943230836224376,1.9103283388572487,6.852232364418971,2.7615439159210813,2.531852286089293,3.944172094901857,13.009001841802512,52.46850163280536,65.43375337856864,-2.040355809079829,1.761405796335496,-6.107059524475915,-1.2437159564486673,-6.665442548933431,3.6550273740841703,-10.193995068869022,-10.200228270598073,2.0823410382585728,-14.295878493280064
mature,280253.0242951606,52381.94021660668,1805043.033229022,549557.5260789155,-3.034271344382781,0.5111589054398428,-0.2513816701153822,2.13596379359781,-1.5385669740225862,-0.8038679366070222,-22.1122470031434,12.063687212863544,79.7417550283923,55.94507525476458,-0.8414442056745054,0.7811561447908169,2.592620557363793,-0.18557910517972487,3.306335852513913,-3.339433921859253,1.6080750924434408,28.704235870155475,2.2430937195852643,-17.790466598435987
decay,461112.1500293646,131381.22512531947,2048342.2076127545,314304.0026790038,0.6645289397509797,-0.6370516906025749,-1.1088139508769514,-2.6390115283182958,-5.78976470884315,-0.3202148461836039,-36.89484749536724,2.1469647111414694,26.03645109808378,6.588432463131373,0.12243339357540685,-0.23473108314038757,1.6496681978525365,0.19950218140542614,-1.144352662813685,-2.0026028648674266,7.466910155844092,36.194779843679534,-1.4822428101266905,-2.6193699985675516
