,Az,Ae,Kz,Ke,Cz,Ca,Ck,Ce,BAz,BAe,BKz,BKe,BΦZ,BΦE,Gz,Ge,∂Az/∂t (finite diff.),∂Ae/∂t (finite diff.),∂Kz/∂t (finite diff.),∂Ke/∂t (finite diff.),RGz,RKz,RGe,RKe
decay,1775363.976555003,67884.2881549651,8789328.303228043,106816.89626036627,3.0145884125228957,0.8310104932289701,-2.7307413129295313,1.0781603738597811,12.528279630253971,0.27905829766323403,-11.301732731513274,0.5961305663467734,9.878365586211936,-68.26707149388938,-3.756021849033394,-0.9291465193226635,-2.2560706440584712,0.5450215631303391,6.8920808268313,0.3410667469083235,-10.93875136856058,17.90996645875121,0.513113146097916,-4.063965506227762
intensification,1191294.981187806,231722.34193571174,7856481.15907793,269687.9956389344,-1.5587432292788148,2.445305710577843,-7.035958045414681,5.7167382887278215,4.476813986110509,1.0635697856902482,56.265326837375746,-1.687682500557099,182.90541218097832,103.09786976702995,0.07974897704736501,-0.11370860308820216,-5.753423922729315,0.8206246224764637,-16.659271915459122,1.9255591416686575,-9.343675427540797,-64.32989747814138,3.0284874149361944,-9.139454691916749
mature,521032.1531762352,257716.1378679846,4739272.191469524,617139.4713189766,5.815483841622313,2.6950337860324987,-25.072079127741915,8.282660918649567,5.785678947317003,-12.018731433307059,-30.82346878889283,-23.88275274976228,163.45717436398613,133.23493487757665,-0.9946671264566594,5.257071217077825,1.4349325952270504,-1.8620174223892771,-33.03008068680585,2.8038024166232547,4.159771275564858,17.04998338820658,15.744341143534848,-6.668184880005945
decay 2,517821.4031812662,202378.49102958787,4183734.3120046407,674881.2809780033,2.360185588272271,2.9792422173859525,-17.522792361072725,7.7425008478486195,10.314060896754984,-15.402921954608747,-29.06529674629444,-36.082470484212465,141.5199031178437,104.20003979020007,-2.7920884736718636,6.899619881244471,0.18036472872837345,-0.20055325548326985,2.7481109886587793,0.2415771007335334,-4.794268362368389,46.97601450775367,19.965627329588145,11.058754376024648
