,Az,Ae,Kz,Ke,Cz,Ca,Ck,Ce,BAz,BAe,BKz,BKe,BΦZ,BΦE,Gz,Ge,∂Az/∂t (finite diff.),∂Ae/∂t (finite diff.),∂Kz/∂t (finite diff.),∂Ke/∂t (finite diff.),RGz,RKz,RGe,RKe
incipient,275069.66930353345,104495.70110184526,1477157.1451579093,238675.08977155975,-2.4355888754300046,0.26437027454668505,0.6533012327308451,2.296301427335808,1.015056426097678,-0.27806907676009635,-5.10828017005124,-0.44772713050626795,46.36778548392851,53.94534552398448,-0.5598152857828057,-0.16308115450239663,0.7280031925854052,-1.5756642740307525,2.514769802381112,-0.9041004469337864,-2.458271834395593,9.405337615131513,0.7343359555184671,-2.099373511032482
decay,273127.2857424139,56728.691099727235,1871045.4639545165,170153.41657677924,1.062588750140413,0.32579090131852534,-0.5926559857615016,1.6024212335216628,0.30405996047005107,-0.261862779878325,-25.99629952585548,-0.39361378195757285,80.31801169126392,104.50818933635342,1.628281790028935,0.7017007640517021,1.5572376287524197,-0.13353103926975532,11.339071331810535,-0.5437793552411788,2.6415573197413074,36.8654380932871,1.4049620728117072,-2.3452427925667703
intensification,697519.4306205217,40364.81672012128,2997390.6208379148,105276.37991758587,6.817572121371622,-0.04458457130194965,-0.9992668067677372,-0.014884699623924531,6.842644548906729,-0.5892699991917859,-49.12062712740391,-1.2684204550065012,15.142066245379052,13.1396652148374,2.663493107462394,-0.08459961883760016,7.711529537423628,-0.15140308262682822,13.284025695885056,-0.5423171567458289,7.64187253858657,56.58634750868508,0.46756678824298287,-0.25827880888314025
decay 2,1230217.9313158393,24502.093107071058,3558447.155763282,60084.9014535202,4.2073448340009305,-0.05546454126193067,-0.7470970213486037,-0.04582738930827307,7.560187720850256,0.29309808708567886,-31.263244790508402,1.3333068485170572,40.04616134560567,29.1836043785883,0.9269120555733182,0.06409555710249257,4.082448555289187,0.009384321619437225,1.1687742314365432,-0.2618763524643065,0.6741411271779305,28.971771209292612,-0.27407661351258406,-2.2964528330216942
