,Az,Ae,Kz,Ke,Cz,Ca,Ck,Ce,BAz,BAe,BKz,BKe,BΦZ,BΦE,Gz,Ge,∂Az/∂t (finite diff.),∂Ae/∂t (finite diff.),∂Kz/∂t (finite diff.),∂Ke/∂t (finite diff.),RGz,RKz,RGe,RKe
incipient,586396.6099290253,46722.81755880126,2454901.268254572,162197.80276005357,-2.349923081167972,0.08276741775607553,-0.13507051344703616,0.9441502360525521,-4.079954198542785,0.725506903742336,-3.1587214025135286,7.668813375722308,5.570387032910248,21.739862602987497,-1.3381159707994748,-0.9868681755784537,-1.4961975146067543,0.049516561207925136,-1.3014916988778902,4.7541886186707965,0.3166010205241346,4.342223298250645,0.18539247576206566,-3.9938455065511
intensification,447353.0837579995,82528.78231173608,2006735.4029190103,449709.35610036715,-0.6711944585921545,0.264976877344247,2.1374721628183884,1.5109201075604244,-4.187999117922551,2.017161150041266,-3.133118694149971,21.834123513816984,10.19767502121906,61.795424994266014,-0.19191473347325894,0.2725932179417587,-2.7803882046387285,0.9115871723997329,-8.611859531291309,4.647027578547033,1.0013933320359152,-6.945018541367571,0.1403692525746447,-16.560543880011984
mature,257483.4455529988,162106.07254864663,1566244.12732089,832196.8256116295,1.0038502187684284,0.08358684241329861,6.327206690807224,2.740278480025417,-5.265457239007166,5.064822304263015,-28.610387410915255,38.551113345099935,74.93977925007874,165.5582889162665,0.8513677467949671,-0.4256399676289781,-2.3640620613948737,1.0433644085350726,-0.4762890862823819,7.5509427898284045,3.988832238794018,20.803041415057223,-1.3647662581158242,-27.41324234448972
decay,438711.10440746177,117884.2382474454,1972026.951320839,497668.2276331261,-12.051588038607266,-0.09451248715516397,4.506175382443702,3.2868442951052512,-8.752816784394149,1.545019454230223,-20.63179404273344,7.315056067316274,81.55350991197822,137.40486715756077,-2.8854148920900378,1.004404562935882,3.554098047691615,-0.853342732489379,6.319836933856649,-5.596292848070366,0.16081430632333288,34.497043632753666,0.9829945955408127,-11.692017828048193
