,Az,Ae,Kz,Ke,Cz,Ca,Ck,Ce,BAz,BAe,BKz,BKe,BΦZ,BΦE,Gz,Ge,∂Az/∂t (finite diff.),∂Ae/∂t (finite diff.),∂Kz/∂t (finite diff.),∂Ke/∂t (finite diff.),RGz,RKz,RGe,RKe
incipient,686241.2970011384,47874.441245319555,2100533.790071864,194481.07124134083,11.82584758226198,0.6200732578002781,-0.7023753967250225,3.2725456986957577,3.530965266150871,0.4792122181427909,-14.818014608455007,-1.6300598683523428,-27.68749590936953,-32.96605741455233,7.2504514336106896,1.4625052448724585,1.0128684005809656,0.38143783958539873,-6.634854784030111,0.3467876784799982,9.927823974492354,-2.940312361112063,2.554698062338087,-1.998073548588439
intensification,646334.59965661,58263.038804332355,1980744.3055696876,208184.2501649413,3.26911636078872,0.8048849370463411,-3.5986286506913996,3.3728934506312522,5.793011883986988,-0.5882382553225611,-3.8022619556782304,-2.0744376306271444,0.7230212724479895,-12.660445496574665,0.4759013806611084,2.1287273830151294,0.3779460560082764,0.03460034753836662,2.5139271762488073,0.2666085751809486,-1.3410645301436503,6.645701421829717,3.190847116445838,-4.630475895514558
mature,753156.4102245178,59126.239162718506,2250321.0921788192,231940.81441724233,9.375109777387365,1.2186952170768992,-6.651329386246928,4.244298819739137,11.5691008372619,-1.3866622152343655,-29.439904861116915,-3.3173093108720657,31.839708203322505,5.2589568386864505,1.6744183383740843,2.280883258983725,2.9541567616699727,-0.21709515844773938,2.0929043813736645,-0.4562428386274881,1.978860918872338,28.809028851350146,4.195170659448864,-8.034561733741489
decay,896203.0504244462,53255.48078247961,2614101.148160157,219354.45425885127,17.491712337739056,0.5836063183499608,-5.365523239508422,2.0152973684717566,13.349327861252998,0.3179204089031552,-37.77712846429255,-4.913858499744692,26.34490167283326,-19.438334072119197,4.679009617573678,1.2882557419106486,1.731364711692628,0.26524056344075847,5.111414702573521,0.4241433030733636,6.457355506528649,30.76235406863544,1.379011204659399,-2.0428188051621228
