,Az,Ae,Kz,Ke,Cz,Ca,Ck,Ce,BAz,BAe,BKz,BKe,BΦZ,BΦE,Gz,Ge,∂Az/∂t (finite diff.),∂Ae/∂t (finite diff.),∂Kz/∂t (finite diff.),∂Ke/∂t (finite diff.),RGz,RKz,RGe,RKe
incipient,341570.5438420952,264622.3928977294,2480202.430840408,277390.0563088923,6.499883446243757,0.5198775739177216,-2.9610834564874793,1.4848676740422346,7.860611831775532,5.974087405975189,23.597218015745323,-9.251056127797725,88.85400189564018,58.82045075582186,0.44954237874191544,-3.189295208227813,1.9311313054413686,-0.4301690465651533,0.9306055853438258,0.031176514783398074,1.090280493827316,-26.205412420157774,-5.439266352415829,4.836281512051407
intensification,338651.8851642277,172678.54489673948,2070191.5312457238,278092.8493259029,5.124244727645196,0.8145572033129135,-4.290966398957875,2.4811454601499494,7.239570760582695,-1.6272772518882312,9.418088219275006,-6.163513863012738,-4.488907951318813,-20.10556967037374,-0.8156238122682955,0.6016290635754521,-0.6340564921487125,-0.6841144937551837,-4.253230745481582,0.6746721670898103,-1.934825321773299,-14.504597293443908,2.609751014970083,0.0660741709947242
mature,273216.8314331195,189448.1774630614,1699458.0652840852,442195.3549366213,4.574227887552749,1.168863992166629,-6.773924680790152,1.999539653442457,6.6846051946919856,-8.885036072492417,4.782288087117075,-2.7145628517623983,-44.606825216219136,-56.86407109414557,-0.5373389880949835,3.4552355674008197,-0.3287149798557158,-0.9274155054553429,-7.168015323751398,3.862313191870714,-1.2702282948283223,-9.750606617631073,8.788296228312904,-2.1965882905994967
decay,276075.7000730731,165227.18288899338,1519566.7506742857,704467.583079958,1.6566748445138977,0.2740755558792092,0.8405714291156214,-1.1006130090920618,0.39714852102655934,1.8590548818695514,7.039113463805234,-0.5439926877039561,-72.10631137742102,-83.67030637541656,0.5989286289169616,0.37962299633025864,-0.060890778669252,2.116108303449938,1.4400662728324571,4.846566478239905,1.472711100697296,-8.096293464602295,-1.1176351433908842,7.331743604151543
