,Az,Ae,Kz,Ke,Cz,Ca,Ck,Ce,BAz,BAe,BKz,BKe,BΦZ,BΦE,Gz,Ge,∂Az/∂t (finite diff.),∂Ae/∂t (finite diff.),∂Kz/∂t (finite diff.),∂Ke/∂t (finite diff.),RGz,RKz,RGe,RKe
intensification,554083.6030223478,110011.71653949693,2177979.9117229395,360940.3238163512,1.1301394526038537,1.6396011280188343,-2.2687308942724376,6.646173218959185,4.129083175672925,-2.046774043967981,-36.174795909771895,14.484979020384056,60.7716586381784,47.242426824124955,4.039460752149675,5.990372161829596,-0.03803339387990344,1.1532559652661794,2.281803669999215,3.859700342707153,-1.3973759889301405,39.5951910214397,8.20660210017451,-19.54018279090852
