,Az,Ae,Kz,Ke,Cz,Ca,Ck,Ce,BAz,BAe,BKz,BKe,BΦZ,BΦE,Gz,Ge,∂Az/∂t (finite diff.),∂Ae/∂t (finite diff.),∂Kz/∂t (finite diff.),∂Ke/∂t (finite diff.),RGz,RKz,RGe,RKe
intensification,424257.58799777203,326288.11417740566,4715833.121152301,341539.05161160114,-2.333582426438211,1.7450194288648133,-4.847432546265746,6.700118811153353,5.935382541345494,-4.272969536980774,-37.36596087148038,-0.2774381956055387,320.23118797792637,366.1015809479334,-1.0228447419350672,-1.2683784339995527,0.8316528396166688,-3.0668569147277993,-3.7995850875796564,0.8806127067438155,-5.692292699302224,40.74739075660469,6.1612120045415155,-10.389500455069745
decay,589084.2381795977,143419.50542499908,4424622.219379816,290761.73920728895,0.053220329925449304,1.410545040901875,-9.031545449049245,1.850674542877832,12.610282237073273,-12.826925878764749,-19.564961192317103,-13.951412718788609,255.29112079564902,202.9159968020066,-5.582865040442921,2.6677189085548765,3.152991448373308,-3.4937716701353643,2.2195613752663514,-2.973188853813775,-7.99352541787264,30.76284768670725,9.773283710605343,0.09600387304775578
