,Az,Ae,Kz,Ke,Cz,Ca,Ck,Ce,BAz,BAe,BKz,BKe,BΦZ,BΦE,Gz,Ge,∂Az/∂t (finite diff.),∂Ae/∂t (finite diff.),∂Kz/∂t (finite diff.),∂Ke/∂t (finite diff.),RGz,RKz,RGe,RKe
intensification,410795.46409327054,230238.51758150195,2882005.3908848446,264851.9102173544,-3.708890607710101,0.26628843908744076,4.229460880751031,6.25589436408875,12.037577068139829,3.4467211098142836,-35.50017753812756,8.582733154643066,239.86389317568046,251.1612212294033,-2.134518068283572,2.444157675213439,3.7917979817128558,1.5448892058132881,34.9279798690859,0.13502396322495203,-11.688381255049633,69.90758713417254,4.087774021000314,-10.474142674755832
