,Az,Ae,Kz,Ke,Cz,Ca,Ck,Ce,BAz,BAe,BKz,BKe,BΦZ,BΦE,Gz,Ge,∂Az/∂t (finite diff.),∂Ae/∂t (finite diff.),∂Kz/∂t (finite diff.),∂Ke/∂t (finite diff.),RGz,RKz,RGe,RKe
incipient,258922.11176359752,39353.32038350821,897428.7766627873,223777.4422580904,-0.1918445305836937,0.16541356163025328,-1.4942962868888938,2.0988534842374893,1.61779543364905,-0.17832238886501167,-5.3644646159876,-0.6239403985153245,-3.7081671459774714,-20.863666567742648,-1.366831627977736,1.356139086642072,0.5347119170865561,-0.17016134139600567,-0.706675892083759,0.4964056395432861,-1.1095144855159342,6.343929541376429,1.9416009700762418,-2.4728037330677726
intensification,260033.9715243876,55820.58733418753,624445.9998103589,218631.6541742892,3.644489582778747,0.25365858362040883,-2.4568409072888153,1.0258153608194145,3.488460790336304,-0.6488956532564496,-3.4209065036571227,-2.2297690424071868,-11.793309863685497,-21.351245690328774,1.3496119106737594,1.0551478606664229,-0.03355166879475996,0.20440986936373723,-1.488999423310544,0.1593447310050881,0.3761357072680922,0.7442584048566467,1.6254622998191928,-1.0935424946959547
mature,251883.40678694355,83515.26266879516,543420.1120360128,311239.7234355059,7.2087097767855886,0.043590669530003234,-2.284004650054096,1.9403573154485139,2.425834892392944,-0.5090838865611508,-2.85613746113901,-0.6342703160379329,-3.239584807858566,-12.651198083209824,4.938700602527781,2.167508151586777,-0.2751661234029398,0.11582884506284562,0.043204130657642725,1.2829927898570808,4.551299430519707,-2.02536353493484,2.521679377542507,-2.3070988596075956
decay,196077.1264495783,53442.34539351009,439369.8172590797,232324.3113292967,3.4196945823581064,0.267051247692303,-1.8604001576457208,1.7347634294172476,1.3458021156232263,-0.7594613351324229,-1.72767232761114,-1.6476428217097017,-5.039427462393176,-10.318958586133665,2.506127420080897,1.6692228422199762,-0.2605091907056119,-0.12613116837789975,-0.39144244689023705,-0.47340575520561345,2.080434523721572,-0.2230645439914831,2.101042348479468,-2.4209265205588797
