,Az,Ae,Kz,Ke,Cz,Ca,Ck,Ce,BAz,BAe,BKz,BKe,BΦZ,BΦE,Gz,Ge,∂Az/∂t (finite diff.),∂Ae/∂t (finite diff.),∂Kz/∂t (finite diff.),∂Ke/∂t (finite diff.),RGz,RKz,RGe,RKe
intensification,1110965.5330084853,70740.31121249063,4736193.14562369,181395.95134622045,3.079324465393919,-0.11818467557706093,2.0162921256298634,1.7629224422272798,5.987676280187148,2.7525570971996154,-2.5564291581252543,-0.2014058151003909,98.01149956506141,59.6701215872159,1.397150774901318,0.3224731325584124,3.5432156933375376,-0.26041327728708297,34.87966056740466,0.9288780759621889,0.5166792029672481,32.340473134506134,-1.131863256682358,1.3836535744651632
