,Az,Ae,Kz,Ke,Cz,Ca,Ck,Ce,BAz,BAe,BKz,BKe,BΦZ,BΦE,Gz,Ge,∂Az/∂t (finite diff.),∂Ae/∂t (finite diff.),∂Kz/∂t (finite diff.),∂Ke/∂t (finite diff.),RGz,RKz,RGe,RKe
decay,207337.0640488704,150977.29595315037,2137991.253696465,128800.32815701925,0.12457508226153147,-0.09295217177257481,-0.5588318925447834,-1.4658464453263895,-1.0491119637995243,-1.6280551217885575,-4.250391524530457,4.104279322095882,-62.601823831609366,-31.083547050373944,0.2922594671332083,-2.078040043226302,1.0326081595788552,2.47478500763369,11.687622745822143,-0.018483957278242952,2.113343033867336,16.372271080635855,2.729945855868433,-3.21574872659252
intensification,206149.49143178877,191679.55378520116,2382029.4159742007,154514.51331755536,-0.04371338710975725,-0.5674897858440966,1.2941643659739266,1.1800055294881826,-0.09783242391431662,5.01651443117756,6.3294356481791105,8.867228333829104,-102.81767247139285,-59.3967206056367,-0.7098326879475522,-1.1289167466585983,-0.5798207956490916,1.450770259159989,12.979875375144571,2.4530561976310166,-1.0931915446886287,5.399988748101291,-1.8182488566852912,-6.300013299712344
decay 2,278749.5869390262,346464.544904557,3312755.502471162,252116.13622419967,-2.45545000369401,-1.089454379217864,1.6301668151205497,-2.6350267714779974,-3.060599109571147,10.868755280589646,24.85546280380137,4.7848000400565,-168.4170413286479,-128.630559191527,0.03961675651924526,-0.3492970985179064,2.121101584717407,4.126783857206093,19.83931663019385,1.601993275362906,1.6367963113766795,-4.190862985034056,-8.287543815643685,1.0823868219049542
