,Az,Ae,Kz,Ke,Cz,Ca,Ck,Ce,BAz,BAe,BKz,BKe,BΦZ,BΦE,Gz,Ge,∂Az/∂t (finite diff.),∂Ae/∂t (finite diff.),∂Kz/∂t (finite diff.),∂Ke/∂t (finite diff.),RGz,RKz,RGe,RKe
incipient,564729.103731004,386184.5720563868,3239186.411683744,370141.78375868965,4.8156401266821165,0.46476022706509706,-2.5560381813346758,7.541490875477294,-1.8672728813339583,15.655150961267443,-0.770269679219993,-0.4486661203094722,135.08752087111878,73.72156569437908,1.01132567547687,-5.383254456102697,-9.393570798887739,-3.981974986070935,-25.82660371619866,4.684611759735144,-2.2458975638065657,-27.315935982326106,-12.56039529892618,-4.9642511767673545
intensification,272595.0416865831,214872.1694141291,2482727.8775813333,652468.5449430959,-0.3435765664040726,0.7307093227055824,-2.0545997469446027,13.475399570436696,1.1229324916622028,-0.41836415904822977,-26.218140618685133,5.011123153275131,134.15671396566552,123.49418750886188,1.0997234748640565,9.182223733387392,-2.035086360564011,-1.8814642496131644,-2.08305093601432,-0.007492752282923121,-2.770886095924704,26.533265996019487,11.281590157166177,-20.54861522293935
mature,183927.11358270035,111252.68860176543,2559195.442885174,388831.0713907873,-5.261114417463039,0.23573650851448902,-2.666178320254179,3.4204674401132102,-0.6036898255986568,4.5974284507985175,-21.891113218773317,-0.7855397137294947,202.52525113106563,171.4183488353185,-2.7374809925818506,1.1302189630530195,-0.11719599905113287,-1.000501928447803,5.273377819868936,-3.025579850028196,-4.538884082401026,35.09178377635947,-2.413199447647599,-8.32668589666609
decay,135465.1827367378,76889.25695520434,2714917.1261804053,337246.3013351765,-5.2865537280618415,0.3647924889345883,1.7603431293873217,2.9881932839455145,-0.4722140726656213,5.312426827699893,5.894573587092828,6.348121052977484,142.2691677681276,153.22117950665003,-3.2126295116376804,0.42744698076316984,-1.1104068335970554,-0.5313405403536852,-2.6897002737123543,-1.3694666760955567,-5.559954000058688,-5.058063262130664,-3.220366573042651,-8.945437883631234
