,Az,Ae,Kz,Ke,Cz,Ca,Ck,Ce,BAz,BAe,BKz,BKe,BΦZ,BΦE,Gz,Ge,∂Az/∂t (finite diff.),∂Ae/∂t (finite diff.),∂Kz/∂t (finite diff.),∂Ke/∂t (finite diff.),RGz,RKz,RGe,RKe
incipient,450126.78757901,91732.6536087879,1668312.9317219136,304341.93246301304,2.2899413869688234,0.30154107395879265,0.97457147189262,5.043260979311106,0.0395891692720625,1.3302587258541008,-7.798969003016664,0.5337864831461604,10.67454489597912,-9.108555001217129,3.643265474590441,2.2011899383044833,-1.7058608219475508,-1.3062531972139864,1.8797373717560428,1.1539516391063396,0.8460324697080025,6.414193515911264,2.1052079822842256,-3.4485243514583073
intensification,335519.8004476461,159350.57513764736,2260177.405240622,407277.78881651285,0.2931557896853629,0.6229501786480323,2.973284604062914,3.8779237174271706,5.2714031703967565,0.5734596746903308,-2.120466070276872,9.050529785749239,87.29792747883131,99.02911336969207,0.4490946402907133,1.6629198641794403,-0.9967311451687434,-0.036880299644321865,3.0235169018812256,0.4765099792310967,-5.352028347232104,1.877542578409819,2.644633564444485,-9.4786589198824
mature,102406.69154923412,63436.03321908077,1962884.2334230249,370635.6343622008,-1.1026344345564945,0.04632273192713145,-0.15969282153801587,1.2414784154501042,-1.6084304950176986,0.76983477944123,2.4025761324487953,-0.27521118690351226,-0.7198194925051432,-34.05862043008442,0.031195392259982163,0.41701594973353345,-0.07400750734168235,-0.3715571227961879,-3.6302628387592613,-2.0853364764064306,0.47811128504665323,-4.770511715113547,0.05376378128555477,-3.2112965264910387
decay,113582.78300728802,26642.94170722442,1303347.0951321989,134379.11116671076,-0.9284098778650302,0.08501716849071544,-0.7556967006106361,0.24767771913117176,-0.12910431525480068,-0.12943376053473907,-0.6032296072883524,-1.1601017415814157,28.632586503371208,13.383992021223364,-0.04197730756894697,0.07378664514520684,0.03247704820683936,-0.001959549009101195,-3.280464652247665,-0.314228415649798,-0.6818113459126747,-0.9931284664836468,0.29013476216609413,-0.15750109381019023
