,Az,Ae,Kz,Ke,Cz,Ca,Ck,Ce,BAz,BAe,BKz,BKe,BΦZ,BΦE,Gz,Ge,∂Az/∂t (finite diff.),∂Ae/∂t (finite diff.),∂Kz/∂t (finite diff.),∂Ke/∂t (finite diff.),RGz,RKz,RGe,RKe
intensification,943536.1067903684,135227.48060331613,3165735.6949981777,179802.80081631237,3.4608110731587027,0.6389985703660258,0.6941615611781747,1.4798653625845364,17.71032503127739,0.7568478735261844,-12.293450079410437,3.958537508293382,-0.29179784981476864,-37.87164580980491,-0.09111409451013569,-0.6817901746085687,3.728939285952501,1.65218887590695,-14.206909376220818,1.7028548576137976,-9.881576101800155,-6.068431931147255,1.7362077945992762,-3.0413864520859466
decay,819813.4372926266,122195.59754237882,2756198.564058199,265929.28844527365,6.525163411319402,1.1022887893729643,-0.7572778407323036,4.2273060376912275,11.142074824525695,-2.1576207333994297,-46.93518441847001,-0.21733759176718212,41.88145440984805,-66.76720049481908,-0.3499219119070032,1.0150179776417227,-7.530805437387404,-1.2873336108158033,-9.647742259642982,-0.6745852076851028,-11.045428061220733,31.51955658823992,3.99530437090189,-5.441831494341451
