,Az,Ae,Kz,Ke,Cz,Ca,Ck,Ce,BAz,BAe,BKz,BKe,BΦZ,BΦE,Gz,Ge,∂Az/∂t (finite diff.),∂Ae/∂t (finite diff.),∂Kz/∂t (finite diff.),∂Ke/∂t (finite diff.),RGz,RKz,RGe,RKe
incipient,670882.111495824,166949.94487314328,2243925.2376656076,302782.1979441601,5.234931652954181,0.4684566455540118,-1.2669320600609761,5.573071811034403,6.445638531992428,5.413426643671288,-6.335110898410701,-8.91829815726685,77.52100586440312,60.48116288346536,-0.47514973048644504,2.289651794194994,-3.422976877153163,1.426256951556432,-6.494133925402223,1.8280519738178298,-4.165227110637396,-4.127022619884729,1.117445473365535,3.9063462599893
intensification,501793.7045347233,257863.28426343683,2413719.9151531206,488911.5808964475,3.529958746866897,1.846088858102266,-2.9213137877840314,10.197273706890043,6.640510815101988,3.187935436186544,-8.454675598023792,-3.448943374495614,91.3834808766095,65.05726321805656,4.076388080500198,5.577780660850067,-1.9589948827553907,1.0347878877211134,1.8530808586627954,2.8972609890248644,-3.2234580928882175,9.699111497603722,6.198037300322345,-6.772383131153594
mature,328100.9665373697,276216.57619980926,2144720.1918487884,639096.8639523755,-2.190357156152859,1.8496045189852253,-0.9215380486944618,15.822949637743923,4.187819083062295,-0.5287703503118486,-5.796626872311952,2.54160483064856,68.89249924987548,67.37828444557682,-0.9912285545024624,11.80804673330042,-5.800281757484624,-1.8199972610286341,-12.197345188370313,0.19129863271674347,-10.328853477714553,-3.2888231112110393,12.682118208041913,-19.0947938843702
decay,196023.2096296947,226546.2206045692,1885312.4879047181,607089.9926789454,-0.8979244101983084,0.5184989768361383,5.234163114101532,10.184809267357377,1.4612386686164964,-0.03114551887487771,9.050193932047069,3.6765499040449434,36.05985491969928,58.592875227077066,0.48731764717638154,11.686710274438386,-6.740324695879266,-2.195221105948515,-18.521305518036883,-2.4013666851739446,-8.580988797857932,-31.90773815398718,7.502234703447602,-11.028562742474733
