,Az,Ae,Kz,Ke,Cz,Ca,Ck,Ce,BAz,BAe,BKz,BKe,BΦZ,BΦE,Gz,Ge,∂Az/∂t (finite diff.),∂Ae/∂t (finite diff.),∂Kz/∂t (finite diff.),∂Ke/∂t (finite diff.),RGz,RKz,RGe,RKe
incipient,1410602.1847803527,122605.17095374479,4764392.561247516,303867.9651666311,14.270768810550218,1.822938666890937,-2.349187442869655,6.574937576483314,21.636810398399792,-2.252194833227409,-25.739377332503164,-4.476941968838097,28.628725766963896,-95.40930104096418,8.140407929901984,1.1143649614749849,-1.669029400519323,-0.8880024565384718,25.843142155062946,1.5691307612217056,-7.212132321477962,39.66093811988554,6.116191286281314,-2.878052289293166
intensification,1278302.2554955734,111974.40411969455,5173916.588203605,297836.28716910095,14.903865316609696,1.889759865017639,-5.265390245808815,7.444684265924311,22.397108365112828,-2.061252252254893,-43.76137806125331,-2.6437670314010147,-15.45408692580573,-112.13122342359014,7.723315603631038,2.7730596743988274,-7.349563784962138,0.3775346475016784,15.935325995269471,-1.1260104285452124,-12.95304696844763,50.058228985721904,7.993711300663243,-11.192317908877325
decay,1113992.7921842996,120951.58369089618,5518654.419869451,268620.7846575865,10.274464272111658,1.567293162994682,-4.759759741227168,7.813847399359297,20.78793026421795,-1.6735510742012523,-20.016817739582002,-1.1907800818021905,3.1023898874960145,-80.50386585899945,4.350080297280486,3.6950493837196436,-5.758496655646194,0.04174022823959197,0.7813996479312895,-1.9312488999446273,-14.704669484757806,15.283512856628802,7.961845538805458,-13.314075958728901
intensification 2,854524.1287809458,122449.17973673363,5235485.548529788,175751.474171537,1.8005753249247658,0.9181268802597359,-0.768020574779424,6.039180327594065,9.725638299095815,-0.23408388529043708,23.99363202484369,-1.4325602834347047,88.22081388130941,72.68104538119088,3.013345726192437,6.362055333084484,-10.41056202936567,-0.48641251793935963,-24.421033196790074,-2.261521334378772,-17.41749812327698,-49.447219971779106,4.8687248146854065,-7.636161953317557
