,Az,Ae,Kz,Ke,Cz,Ca,Ck,Ce,BAz,BAe,BKz,BKe,BΦZ,BΦE,Gz,Ge,∂Az/∂t (finite diff.),∂Ae/∂t (finite diff.),∂Kz/∂t (finite diff.),∂Ke/∂t (finite diff.),RGz,RKz,RGe,RKe
intensification,302782.59747974115,66217.57986276432,2242739.035566719,256810.9663481227,3.4234109754250865,-0.25558980624339545,-1.37605054383815,0.8138074415235388,7.68292656379325,2.72858680256828,-9.735604947508593,-4.353049581006833,-38.66850068576456,-118.22098534511368,-0.8460870490239517,-0.8636634975204545,3.4135352742815335,0.010117909345720738,9.042068182930349,-1.069585822218755,-1.101570120330026,16.730312698852007,-1.6490716454556245,1.0936057734263895
decay,675389.1416150114,55807.26993261521,2795711.6618051915,171518.54760686602,5.061881277874471,0.14087203359502082,-1.1629742443848765,1.0850653863468147,9.98321041411113,1.2889888903202356,-25.010239798961457,-1.1575715974722367,-34.78118973215793,-138.02304686037905,1.6250816087258595,0.3580852848884804,13.489017954064613,0.34753660215533283,18.87904321325607,-1.1889965100532918,8.708560851422975,39.99037597872793,0.0027410645868910194,-2.2794645433127463
