,Az,Ae,Kz,Ke,Cz,Ca,Ck,Ce,BAz,BAe,BKz,BKe,BΦZ,BΦE,Gz,Ge,∂Az/∂t (finite diff.),∂Ae/∂t (finite diff.),∂Kz/∂t (finite diff.),∂Ke/∂t (finite diff.),RGz,RKz,RGe,RKe
incipient,226629.97784408307,92203.91497975332,1446028.777616307,175988.00123393396,1.079302837796234,-0.0185916198619864,-2.855834773161215,0.029816722421697486,-0.1079237659848005,1.3068558859603907,-26.854597572452263,-1.4967486859734027,41.60302377741876,39.31846219918161,-0.8167984718736458,-0.9590341108947126,-0.3513861310594829,-1.7542597883164248,-3.4231542041606464,0.22441825507493204,0.8172488528595648,25.207975303656596,-3.0127073319931315,-1.1644845545345777
decay,307207.167343897,60730.56032961615,1740420.5304731862,154162.18538561897,-1.5463856221150305,-0.055904669185628655,-1.41064943180339,0.42284109152892485,-2.172438528538575,1.0293649043804285,-26.51739494499585,-1.5609229908527111,56.379468396951665,66.49981157327215,0.07458860388128415,0.2494272401651177,7.72701031406154,-0.6479444207216728,29.82780960042659,-1.069604332488633,8.297158551299455,59.302239599340865,-1.1985635643875479,-1.342171864968237
intensification,863090.325672231,46954.57080734042,3500970.204768472,173265.26708184855,5.889781942671964,0.027238343689353,-1.6224042648917252,0.360224872997221,13.325728583933616,1.4020917301409401,-87.23800467026264,-2.194900440271304,7.182516244555626,-29.672992181238133,-3.275683899422317,-0.0930148715240967,18.64094609756845,0.037101223366191205,48.9824483643645,2.37538885096095,11.23223779999615,131.95307535684688,-1.032003977466881,2.5876601533433075
decay 2,1275311.7383356092,54193.61826806572,4728651.748541074,194026.9951542415,30.602903234188602,-0.3953948007956652,-3.1010197087639586,1.504566878717553,42.12930927486975,2.111299729770876,-123.28129343366967,-7.504926906556651,-88.36068907155716,-185.93723678756476,1.315890194757253,1.6372865324019545,10.588544234139155,0.3707346540727342,41.72400630020606,-1.785966553520744,-1.3332566073376597,137.50341620845109,0.1593966038150764,1.1133737655543947
