,Az,Ae,Kz,Ke,Cz,Ca,Ck,Ce,BAz,BAe,BKz,BKe,BΦZ,BΦE,Gz,Ge,∂Az/∂t (finite diff.),∂Ae/∂t (finite diff.),∂Kz/∂t (finite diff.),∂Ke/∂t (finite diff.),RGz,RKz,RGe,RKe
incipient,672883.0929077164,387203.854496283,2718087.7831768543,421707.0105801146,12.900604232767838,-0.9472648990748028,2.4898773999804837,14.257932113917207,2.7227360501671023,17.767934313540348,2.7507092612622035,1.1517749945416047,132.69744305684182,142.1786791123069,6.737694303986096,7.436033354463956,-12.503949237953051,-0.9917841306687185,6.298889124806586,2.862189217405429,-3.273345954427119,-11.842301769203935,-3.5545214312170565,-10.057640491072897
intensification,215947.62838835194,464539.73346868093,2278987.1738920268,677863.2552288593,2.5985391243235045,0.8857197696142332,0.10616271953331892,12.300372445322305,0.9953928816468522,3.7213380227713153,-26.39125325146561,8.006464491997416,136.60848505970145,140.94682897889777,2.790018278362745,7.645671890716043,-2.3679598743622448,-2.279146107886925,-11.911050085998054,2.4730117106284006,0.12090613792864044,11.775501321610735,5.4141685450498285,-17.727662507158
mature,93449.95265116333,75501.49376424028,1122870.2147338574,607191.446855275,0.28689157619437405,0.07475704480519961,4.430718940831601,1.3428844704655811,-0.006066870197080539,0.010029727036062438,2.508042440337882,-3.987720644785472,-5.002321350570701,-39.64306830679262,-0.36493188433341756,0.16336687837779237,-1.1856998583102885,-0.9937907676086114,6.386329989643368,-6.706875441916348,-0.8179843671136342,-0.8393229677204889,0.26430693101570757,0.3686796732351428
decay,265695.1425356129,102496.31464270622,2168728.742863359,292866.3759951974,-0.028859054329626408,0.6191860912996052,0.4663050528686711,1.6956170289894859,3.257935748244809,-0.44332715780525744,-2.5258678032154793,4.530039253039185,28.898292325561286,15.960302597110266,-0.21924024521250637,0.3732786203352019,0.031784833691265856,-0.0276369101132023,-0.797367459861018,-0.5530783619119336,-2.6358238775835643,1.291054344815414,1.4921211853819354,-6.312429591071933
