,Az,Ae,Kz,Ke,Cz,Ca,Ck,Ce,BAz,BAe,BKz,BKe,BΦZ,BΦE,Gz,Ge,∂Az/∂t (finite diff.),∂Ae/∂t (finite diff.),∂Kz/∂t (finite diff.),∂Ke/∂t (finite diff.),RGz,RKz,RGe,RKe
incipient,453839.29322756804,272727.57684159605,1918974.1267389932,639479.947494659,2.149487251018314,1.469283609203927,7.539031024855511,9.850358736425205,17.34723908698663,-3.8661767800670486,-19.599655136926494,23.736983622956682,-17.409640296731812,-85.04207139777897,-1.5285388858946192,-1.0172078303051606,-4.568221388857951,-3.6354233886780762,-24.205973613674328,1.1223986993424202,-18.296689615622338,-14.294836752621654,8.61182851861025,-24.925912635183952
intensification,244226.21050724783,111623.59029988442,1218236.4576832312,572535.3899119891,2.528977414835712,0.9338518639921906,1.008665698119434,5.381884028470549,7.388009332618951,-3.1028785814363085,-2.077475663462195,6.835921455471156,-38.88556705442075,-77.42908071668948,1.0178994485475648,1.3553815912765017,-1.1764541027884423,-3.600419424092898,-18.55552733379864,-3.860665963943013,-5.101634156579491,-20.015694783291583,3.9504913218217688,-15.069805749765283
decay,270986.8747204368,57637.1242620105,923451.2938176976,364636.1453066761,0.8582756579298687,0.4174917709925767,-2.801006302536209,0.9809520276955509,1.1413204658818634,-0.7483213211581706,4.574398193072695,-2.5566794533702297,-31.131523357241843,-61.384205080195386,-0.12613656042499924,0.030548317129880643,1.0763281196866872,-0.2656507393902527,-1.4444350278108542,-1.9614540506196363,1.2107750827272692,-4.076102576277208,1.0461308384708923,-3.1867329274811667
intensification 2,483823.19087594224,96009.75053231626,1565400.4620948266,486081.8806400745,4.693465600517229,1.3549027083115373,-9.4246355012407,3.874674079290666,9.436740727372442,-2.2450657508816034,1.774270983020657,-1.623608620475327,-39.98995827322325,-103.86632974508986,1.7047539629464104,2.2694121085996426,1.0722273320957991,0.8454790471889817,3.9152916825210737,4.272292438698609,-2.316145086447876,6.872190600223891,5.610316169049714,-7.403408521357431
