,Az,Ae,Kz,Ke,Cz,Ca,Ck,Ce,BAz,BAe,BKz,BKe,BΦZ,BΦE,Gz,Ge,∂Az/∂t (finite diff.),∂Ae/∂t (finite diff.),∂Kz/∂t (finite diff.),∂Ke/∂t (finite diff.),RGz,RKz,RGe,RKe
intensification,224546.09937532814,159461.52744844044,1152494.8815991282,306836.1649599424,-1.0881402988024362,0.20812871881193518,3.1706672201740402,4.230522083860181,5.441956813171356,2.68560429660521,-3.358146870133307,6.726560682965201,63.96014466796479,102.7688523888562,-0.43713906432187605,-0.44472170095727215,-2.0520475509679885,-2.2792908752128977,-12.461057062339794,0.797423194306659,-8.374015944129848,-11.185437113578093,-0.9425018067698616,-6.988992352344683
decay,92458.16473543113,65200.075545345346,554405.0117008862,317772.0537798314,1.284233588158043,-0.21470359440417974,-1.0006541975180139,-0.9596869725668101,-0.35544749749612076,0.8746750982912553,4.514598323201583,0.8198038746791392,-24.82069101147926,-20.35970257795053,0.41418551094079253,0.23433596524260136,-1.3295111528162116,0.7474645593004475,-5.145415672893367,-0.6185587297852077,0.0954663384337723,-9.94359338673498,-0.8721939171534382,-1.4793298294155506
