,Az,Ae,Kz,Ke,Cz,Ca,Ck,Ce,BAz,BAe,BKz,BKe,BΦZ,BΦE,Gz,Ge,∂Az/∂t (finite diff.),∂Ae/∂t (finite diff.),∂Kz/∂t (finite diff.),∂Ke/∂t (finite diff.),RGz,RKz,RGe,RKe
incipient,1583271.4077298038,96936.78284262013,4192408.234215134,144472.22321539433,-5.1723006993917755,-0.0883953912975796,1.4741606655639024,4.026438606181003,0.45621221430754755,2.921099941508625,19.46358830987038,-1.5439258396608093,105.95090009499154,76.00180424441362,-2.4148447198916676,0.3543873120891922,-0.09331929483998984,-1.2736035358354305,-0.13899328382126486,-0.6479430029785783,-5.810227599836892,-15.904441559863775,-0.07986947986547209,-1.6562951039348701
intensification,1040915.6009179647,146003.7447484237,3712299.769482174,311225.8212634287,-6.172171596081569,1.0855205933805312,-4.792248754577773,4.231595896253954,10.617626743433828,2.1037743089587657,49.73536637266866,7.149151874683281,-17.206716784581133,-36.05848365241428,-3.5531807417735917,0.8939917460719392,-7.37689078876289,1.3212031812806102,-5.6800277836833954,3.4095987588652057,-23.081168534897753,-44.45097380569271,2.363504175195267,-12.763397766649803
mature,120328.5068533791,182108.95573650586,2547741.468861277,631810.4838827528,-0.9026872962481646,0.6051194715936659,-20.330805531735148,0.6099630210567861,-3.5985923617291187,-4.4152695333729595,-23.752019262851793,-14.689906379279204,276.1185242663238,213.3604858429419,0.2341373129928331,0.8156295901668307,-0.5643735442019576,-4.138566383059068,-18.905303331798066,-7.489234948931201,2.7366509928726623,26.08020875903704,0.2815466997770118,-13.740097122443931
decay,220889.65964039046,26774.40895369359,1543295.626422736,132131.90809455098,0.528951910215477,0.05322686025921375,-3.368751081081893,-0.33461682976521145,-0.6703673526195223,-0.44466017130880714,-7.389662903624493,-2.6353168235499354,143.9684640068787,98.25490864073011,-2.198097558408532,-0.2447251515367389,1.571884166136381,-0.3881174204972566,-9.851003243983284,-1.8172367573172072,2.824430289230594,0.37845883050762613,-0.33130093921287496,-2.2160541850839532
