,Az,Ae,Kz,Ke,Cz,Ca,Ck,Ce,BAz,BAe,BKz,BKe,BΦZ,BΦE,Gz,Ge,∂Az/∂t (finite diff.),∂Ae/∂t (finite diff.),∂Kz/∂t (finite diff.),∂Ke/∂t (finite diff.),RGz,RKz,RGe,RKe
intensification,484976.38535893406,61762.96565690311,3136617.273933615,147058.87808418882,-0.40084933495918973,0.2755581118758082,-2.087879712160228,1.6248861955605056,-7.1579887114785,1.3261862211995559,-41.10616344997042,-4.089096544380951,116.26737476065354,167.5712684971218,-0.4363708974575198,-0.12353660685202232,5.716134770206281,-1.0704292311240249,31.304610396673226,0.21378807335302805,12.748832258601398,74.89950289376306,-1.0472873686388837,0.5901187100132451
decay,531022.0955745645,50894.6954427897,3751017.970421976,149927.19740718656,3.386927896437578,0.3337592895529123,-3.2020712794124093,-0.22916019970918686,-5.59480226342461,-2.328995331041047,-42.470756157824646,-6.048854713035515,18.57931710482025,48.93944151765627,-0.1952383781998945,0.4503089433649505,-2.1631921225350785,0.6394395218876996,-2.3457226372197595,0.355642179240305,7.15229732688002,39.94017690357971,2.4055153636666473,3.431585812572597
