,Az,Ae,Kz,Ke,Cz,Ca,Ck,Ce,BAz,BAe,BKz,BKe,BΦZ,BΦE,Gz,Ge,∂Az/∂t (finite diff.),∂Ae/∂t (finite diff.),∂Kz/∂t (finite diff.),∂Ke/∂t (finite diff.),RGz,RKz,RGe,RKe
incipient,440515.7977436093,76785.35980242364,1788202.63756994,125114.19108372336,-3.5517307981207176,0.5962046168049719,-2.2598407197642043,0.8474249717283444,2.878463959015021,-2.057400965596209,-9.044015727002424,1.3612942763893356,148.9597233018289,134.65494529548565,-1.5710639619651083,-1.2098635365592982,4.772585431178181,-0.5371100134164051,-0.2440794001790022,1.223740982926286,-1.0614047091525862,14.611507844708344,1.7715113071031765,-3.2448189849555984
decay,535096.5942816907,62639.48122603293,1825400.0525393274,150317.30520347384,-2.617222979159915,0.5969182006277582,-2.906984393249142,1.3131468563783755,1.2994790510614285,-1.0218742844480286,-16.47608143434679,1.3807300803213254,142.39519647150343,133.6782099888261,-0.6599280370014413,-0.15766659425790652,2.6386977091517325,-0.3038688194455897,2.3331598332678736,0.5984488729506442,-0.6810861204418526,24.33344864002372,1.4342341207530562,-5.002412456998199
intensification,603716.8714377214,62524.50404961428,1942442.7908653177,155296.02428860922,-1.543432220070208,0.4636011900036377,-3.243184548292796,1.3918530432034322,2.4599559106951,-0.550804302467001,-16.457996789831736,2.5147649328572,125.84490311783723,129.90391937939944,-1.8720252840288285,-0.3444142984430748,3.590180820357491,0.1346863156660893,10.01946771926638,-0.278827959771506,0.0503938795958212,31.26408127746112,1.613742471332885,-7.428630484124934
decay 2,714873.6881809806,64722.45662335812,2121457.327991241,164499.0351145649,-2.0512575674610316,0.5901910864185004,-4.002964035631145,2.5274634950670336,1.07991125924769,-0.21101257400697293,-12.691092402157219,1.005512969253146,104.32638526876576,120.24417401298496,0.3056264698203055,0.21678658568462392,7.080751118917102,0.3269431009581216,5.053848075142905,0.665107589894403,4.539773378626881,23.799162080392296,2.475228083613628,-6.870832910056922
residual,880226.1989412596,75151.15643281123,2146492.844031313,176317.22811371155,-2.6355411267777606,1.174753170991314,-4.579983262062146,4.244184507114593,-1.5802837624985626,0.168208779190979,-13.169671748830176,0.0773015147340661,78.00260911733031,101.34193240563935,6.118953437259254,2.8613561695981287,5.88081661502932,0.4343990782682859,-2.433184921766493,0.0377223080874089,6.0003124217414365,17.95201121590359,3.335621635200585,-8.863746975823394
