,Az,Ae,Kz,Ke,Cz,Ca,Ck,Ce,BAz,BAe,BKz,BKe,BΦZ,BΦE,Gz,Ge,∂Az/∂t (finite diff.),∂Ae/∂t (finite diff.),∂Kz/∂t (finite diff.),∂Ke/∂t (finite diff.),RGz,RKz,RGe,RKe
incipient,264398.1710805412,211081.34677392343,3682437.752082263,559663.4909536217,2.025568233197219,-0.4442968909931598,-3.199982203381685,4.165670782208119,-2.161764262394467,8.301883416606499,78.37540309980388,-18.16976044048944,145.15027292114604,143.19449392129468,0.5806569890304976,-4.635365774700848,0.1580429233360175,1.799046393303137,0.80369914055388,-0.7135454066020557,3.901078527934544,-76.39728998906553,-1.8928693501020823,10.090562048297578
intensification,351760.5460450498,246789.38936175482,2967309.227945373,299181.77964324306,0.7985019737543358,0.0505329300531617,-2.5790224562921003,4.273748717354921,-0.044868980205429926,2.2020078918216734,6.0826630170929885,-3.8441806935089833,141.13729296535155,130.04601213650997,-0.23398459014555503,2.37302667842828,0.3379445060048449,-0.2901873123890901,-8.963709331154822,-1.2952298015043218,1.231848390017772,-13.265851865710044,1.731020583090995,-4.30382028164236
mature,229914.00212722173,141217.95320618647,1520678.3443836283,159608.6833354403,-5.974030726286326,-0.015777651613010212,4.440423468366929,1.264299024311192,-7.3618214008093075,0.2511448481406308,13.05568296142115,2.0385076895115626,-2.092353645034283,-46.07321283437975,-1.1197468531537917,0.0088391170042118,-2.308111985701636,-1.1851663088964859,-3.7866458521253143,-1.7047411688079843,-0.9360989627916654,-15.308721555627068,-0.15623448111291452,-0.5671244142638084
decay,227266.1876793807,61833.494836860766,1259381.134944142,471784.42026111775,-0.20990646368462054,0.0467118096163525,6.749772771149234,0.3161704750132853,-0.9003588527717845,0.07299479607822021,3.373772557812748,5.358688655146134,-44.99386610915117,-105.23192736694935,0.5232264322151636,0.11706406660097299,0.41468927722548427,-0.04027294155704649,7.073052891630627,3.7664041737790526,1.151853475929001,-2.840585973646735,0.156190927761666,4.841317814768867
