,Az,Ae,Kz,Ke,Cz,Ca,Ck,Ce,BAz,BAe,BKz,BKe,BΦZ,BΦE,Gz,Ge,∂Az/∂t (finite diff.),∂Ae/∂t (finite diff.),∂Kz/∂t (finite diff.),∂Ke/∂t (finite diff.),RGz,RKz,RGe,RKe
intensification,706362.0851145828,229612.94826881806,2951943.2428608257,342963.6335181428,-2.097850983522355,-0.37720260258333793,1.1915132199401757,6.226723614430448,8.474102037577248,-0.2737553834051041,-19.36097821785849,10.536668309802815,154.37843369292403,6.890061039233696,-4.304551827722866,-2.2821821471685717,7.970010244984977,-4.042965464450076,-10.205333622760278,0.11975800519362778,-2.979145378697965,10.06198235868039,2.8347161359688133,-15.452120699099458
decay,769700.1354970202,152001.8052066469,2093285.7942844478,409822.0863383883,1.8488961686365353,0.14615488304324548,0.18570322959148894,8.85173409601239,25.521600513974434,-8.961919163607401,-6.467268541023065,4.615395227475878,-104.35206117195715,-269.0436661891443,-2.4870725773793114,4.88294437359499,-3.4637228155617894,-0.23939566574020077,-18.810710033061323,1.217901426328928,-26.990272277856448,-14.37804089026628,17.42810271083634,-12.063524667567851
