,Az,Ae,Kz,Ke,Cz,Ca,Ck,Ce,BAz,BAe,BKz,BKe,BΦZ,BΦE,Gz,Ge,∂Az/∂t (finite diff.),∂Ae/∂t (finite diff.),∂Kz/∂t (finite diff.),∂Ke/∂t (finite diff.),RGz,RKz,RGe,RKe
incipient,351719.46797874576,136504.974938176,2640895.065686209,358288.6644205451,-9.55716093116677,-0.24503076843425053,0.9598628993130022,1.170080646909781,-2.9347740958200563,3.16998809809083,66.61442339131654,12.592585800478647,-158.89871251806656,-15.73329081897964,-2.3577448925403517,-1.0772074735804573,3.92245430637799,0.8983663621889875,19.524074706921294,0.34695318493853583,-2.9449632974029742,-38.49305065254147,-0.8565103205578111,-12.45585036313689
intensification,724461.8706327003,140760.88647620217,3605281.6775496188,477824.2090436722,-1.7619448005616989,-0.8540409356394425,9.23177977478865,-0.5862656216140029,0.6624228339334836,4.464397600464956,62.601761843524294,20.68394242119342,-184.23528386102387,-128.864497689385,0.20219518788692792,-0.32647428487811664,1.2035268290300714,0.7180478126291187,1.71481205716923,3.6316913025519972,-2.0748817411045546,-68.35678476058203,-3.4785744738103976,-7.2342057222387695
mature,380531.19053533435,393831.20835644024,3607405.481018897,1121063.4342011614,-4.314924639702846,3.050180788775772,16.939421807904683,10.02608485003855,7.958171894311552,1.4597059765875513,-48.003255570236504,65.28629465011974,191.32388279552688,269.895119054618,-0.42509254606826874,1.0628599413123183,-6.2900045695943,4.453449724079126,13.256563893713121,7.124798105193387,-15.512920314832925,48.63532229574779,9.969647808754353,-51.24815958706021
decay,417884.7141083657,177331.11345653274,3477868.010723996,526539.0371627349,2.661729451912844,0.2818723831983298,0.18759991126096526,2.3157373722935644,2.508357853567883,-1.572385107119577,-17.561076107239916,15.810489600914611,52.99066943564914,52.29125837843341,0.5569292979037603,0.051039157822990934,0.27726057123357795,-0.7051467688548536,-3.5993585590525994,-2.3312752464138446,0.7125045527768683,11.1123881850135,2.9011033273599596,-20.269902308361054
