,Az,Ae,Kz,Ke,Cz,Ca,Ck,Ce,BAz,BAe,BKz,BKe,BΦZ,BΦE,Gz,Ge,∂Az/∂t (finite diff.),∂Ae/∂t (finite diff.),∂Kz/∂t (finite diff.),∂Ke/∂t (finite diff.),RGz,RKz,RGe,RKe
incipient,782226.7377435571,248427.87307183136,3370765.5008171564,376179.3009056908,-1.3605707055454994,-2.3556080518334963,7.492603068384031,-4.163703302218243,-2.9802093492046398,-0.389869556607539,33.14772329057262,6.058930524087493,-244.98946977544293,-232.8980010111327,0.08839373846360843,-1.0387466253558177,11.476645469057617,0.2251270102104676,-2.6773944920656563,-2.0851923004202986,10.740676060883263,-41.95715014547682,-1.1930986835667396,3.5121835460944832
intensification,1442923.4427510106,189470.28700036724,2786973.5285565685,568210.9412969323,2.142837381065083,1.1338386774032463,-6.07221290699299,1.26382854342611,3.231605345941696,0.23569984872246463,-18.891966100703915,15.803550383354219,-25.86137337171681,-80.32569165045976,-1.8738071561053675,0.005703255788244821,-2.4251049702079426,1.1265803764729305,-4.060382734848904,2.39109221977151,-2.380034257681311,18.760958891782916,1.02087039377333,-20.74849961400181
mature,582277.2853723463,548152.792337919,2026393.8791455068,1148722.4214034777,0.48565878231428816,8.018700563318099,-0.23250377471879632,14.545208938891973,22.78989573680279,-6.392119719432426,-41.48034435570988,32.44848823871635,49.20436911960113,38.57497407701684,-0.7463308602683961,-0.5216912344760009,-6.051651238711861,0.23421129020181622,-4.80930708672783,6.065639830727003,-20.33718762988227,36.41788226138655,13.152839385208118,-41.160561121600125
decay,387984.4019670702,191154.59765804408,2356036.079459024,514460.96522286825,-4.357345747740346,0.5313645475635793,4.123521290458332,2.3150273596097612,-4.51405716239545,1.4609831182765138,-8.484156032823591,2.877936984509616,3.063859969043591,-28.364276090922587,-1.992016286456399,-0.6352867403003365,0.9690675615471921,-0.7454503448614224,6.400981865262108,-2.3756059417212674,1.6571435237658771,15.118962355367712,-0.42277065109175327,-3.4450489953823142
residual,908650.1957841732,109036.24653585165,5514157.974127946,292461.9130445499,-1.9553191942643935,0.7788231483343836,-6.332758642784011,1.1561994836586413,-6.95739281840998,2.2331990807419495,-29.320357516546572,0.6334137510896871,55.74767617539851,-91.52400853745468,0.9600162327615791,0.19046129452361615,0.9654454327624,-0.30080435066934724,7.0540808058563895,-0.7371273362240018,6.746342205242369,44.66251615945137,-2.156627096087039,-8.85949921375634
