,Az,Ae,Kz,Ke,Cz,Ca,Ck,Ce,BAz,BAe,BKz,BKe,BΦZ,BΦE,Gz,Ge,∂Az/∂t (finite diff.),∂Ae/∂t (finite diff.),∂Kz/∂t (finite diff.),∂Ke/∂t (finite diff.),RGz,RKz,RGe,RKe
incipient,1071601.2560140176,369477.36515307403,2929825.351295866,528883.0411816094,20.438262854050528,5.94144032347576,-9.952256343652504,5.392532010590898,25.69375695154835,-5.801079744891834,-37.969304864925846,13.053168339124332,107.99812829191198,15.860289283016462,-0.27492504640336124,-2.190186570642934,-7.231619121194359,4.514723706343438,15.712759263644534,5.728997453335289,-6.545672895216424,43.19605761817235,9.766895138350412,-22.66895924003244
intensification,407151.7108288203,1030944.3494083877,4552635.816899965,970053.3055872031,-3.0284150208281484,8.99360898705036,-13.341896334577504,22.23580286130846,19.858123852509245,0.2841025038492479,-61.05563271340117,10.373623043624574,379.71204232571694,311.10146409600355,-0.6660218954593927,8.151990798426015,-4.780302145529898,3.68938197990594,15.363899353389028,4.2226235035215085,-18.673232031816934,92.78984342219583,16.647473350314794,-41.72869873598904
mature,286240.0422298006,704676.7787236695,4289967.073341544,1316406.4019690063,2.3800010410538475,2.624288087288302,-51.86633305748309,7.820136761680423,10.505218452711265,-6.372736853597419,-29.876873058728762,-46.90210412169675,418.7640101479923,269.31185055706055,-2.096843001121271,0.8537142612173618,3.790435291783478,-10.957334025269489,-18.88760600555613,1.1765376122954516,-1.7104940325856401,60.47559906960187,0.6112515027200522,-11.607828085171304
decay,425892.46385330206,256676.87905885343,4048000.8308981806,684078.5998594705,3.3740258877681577,1.9104507958776167,-41.958550861710286,4.206779137254617,3.662496337316972,-7.0839247248771375,-61.0787156837668,-51.471289874152795,418.28678663611134,221.83152399847577,0.03486385514757995,1.4349203028077788,-0.18511657852365987,-2.3966802417204605,-12.409504712223026,-8.179151755814951,1.4368637678051415,87.2537359454859,6.983572824533677,-2.8731918806270693
