,Az,Ae,Kz,Ke,Cz,Ca,Ck,Ce,BAz,BAe,BKz,BKe,BΦZ,BΦE,Gz,Ge,∂Az/∂t (finite diff.),∂Ae/∂t (finite diff.),∂Kz/∂t (finite diff.),∂Ke/∂t (finite diff.),RGz,RKz,RGe,RKe
incipient,312893.2745527642,81985.98172804966,1488321.9010624501,183439.5668894434,-3.3138038441535382,-0.019975894072811598,-0.13438541712831714,2.109517873763733,-2.8145058478100333,1.9917186048786268,-6.336951919994668,5.754436419549416,67.96942057976058,84.84415458991955,-1.4029946820330692,-1.5213160113785433,2.786867909638092,-0.4794226378373774,-0.7336610877006291,2.313209031507622,2.267594019221776,9.051480093575893,-0.3416474748794601,-5.685130678933843
intensification,387457.21105334745,69137.25699198795,1279652.296742079,180318.02975884278,1.6244167197866706,-0.016253570117883222,0.24257845563569408,-0.20577406612883462,2.972365214549359,0.08101825920188072,-3.9035393774985305,1.268322464696689,6.87115719126331,-10.547428424871624,0.26937425682331545,0.4834749554032276,1.3909264859544033,-0.2526225612723974,-1.315694322635058,-0.43186617211696143,0.02672442107383131,0.7208498794411079,-0.5231613164852293,-1.2518361150491215
mature,520752.16252579464,47836.86569862774,1407582.6802396623,187306.46923732353,4.391693052071628,0.17298929819591333,-3.8017459945582712,-0.764096894222463,7.694591847325618,-1.2696952066864764,-13.388328713840224,-0.49665264482053245,0.6421077319614135,-68.62387957501669,1.2712054394767853,0.08341897127941746,4.068651921797971,-0.31605776168369154,7.304228661625608,0.6968837338334714,0.9387424247398947,20.10261031795248,0.016551252584408233,-1.844112721681805
decay,986552.5855637749,73744.3874788511,3436092.2486587493,155721.16578036608,6.009891178856103,0.5346046997259052,-1.890337912268868,1.0147131219410588,27.004086354210838,-0.9511048316268497,0.8427658314981272,1.090474172999342,-89.9673886953378,-217.3570937874322,-4.6701467399839505,0.6239535782117135,1.2194446090636013,0.3894116227774638,17.06732266265536,0.06175800400701091,-19.24014586656523,12.10500356457,1.820624876619467,-3.9337672032022573
