,Az,Ae,Kz,Ke,Cz,Ca,Ck,Ce,BAz,BAe,BKz,BKe,BΦZ,BΦE,Gz,Ge,∂Az/∂t (finite diff.),∂Ae/∂t (finite diff.),∂Kz/∂t (finite diff.),∂Ke/∂t (finite diff.),RGz,RKz,RGe,RKe
intensification,280522.54591625935,94368.14387473607,2431847.2288011867,151161.37698663937,0.45614108867224273,0.1845811891072484,0.841372814194345,1.8263718681677914,3.5677113329075882,0.8515920960533644,-1.2194443579918262,-2.7009094995972025,-93.93214830311756,-126.97695674517423,0.2956655085964055,0.1810921554112062,-1.1460262737995137,-1.028814098232344,4.251315254899497,-1.2554739492062914,-4.07301532892761,4.173245710024736,-0.23861551522516541,0.46043649641746526
mature,159161.22569608843,48079.992415856126,2530202.2892295797,103061.60025807412,1.9037146188855723,0.06050968004079863,-1.028162530220966,0.3482479006950053,1.991237265571362,-0.030640077138233163,-3.4182265483310057,-2.674888097233787,-109.1079574816701,-132.20634943979493,1.0389251042155043,-0.06310231926152267,-1.833467830688836,-0.3013278224700997,1.5221349232015058,-0.7977744496917586,-1.8604807973338267,4.064809382867905,0.017050475322340032,0.5007032166260567
decay,140168.6603316297,44300.10436210712,3095905.7966055255,82906.90753440234,-0.4531047996820935,0.024905272667736598,-0.012143406966637672,-0.19432279180932624,1.455116782800883,-0.20266145393765575,-2.4885140270439705,-0.3771995868849647,-29.35113683353797,-35.72065996065558,-0.2310549771861075,0.36253996162906993,0.14742105463782282,0.19598087346260898,6.152052331154423,0.01996772954115685,-1.7358952551774172,9.105814564847124,0.17941426292320184,0.57934670126881
