,Az,Ae,Kz,Ke,Cz,Ca,Ck,Ce,BAz,BAe,BKz,BKe,BΦZ,BΦE,Gz,Ge,∂Az/∂t (finite diff.),∂Ae/∂t (finite diff.),∂Kz/∂t (finite diff.),∂Ke/∂t (finite diff.),RGz,RKz,RGe,RKe
intensification,248891.75704507914,176932.5174121756,1030033.5126598623,361540.2160297813,-1.5021003546914906,-0.19728575575375185,4.226543352692565,1.541631627474255,0.9544738959683492,-1.1152967981657207,-1.6199069765771568,7.117200761701006,27.086888465661456,35.483936849476684,-0.3464936740492883,0.6187244390544601,-2.0494925205905803,-1.3670230063533881,0.8998836112021155,-2.339735736220695,-4.703352527004171,-0.20465241022180114,1.48719117504034,-6.772024772703393
decay,96535.43472175463,63642.454395549255,1148779.1696545652,154101.186304321,0.08837045509373512,-0.17649449777563628,0.8945070161250182,0.332964630218923,0.47224828809587277,0.529073289469377,6.292311733366959,0.8796382420187328,72.22409073399334,92.20924716379025,0.49658854517694384,0.3045548657960564,-0.9119465047676307,-0.34981769689236486,3.473975151566604,-0.12706829993348864,-1.472318835545404,-3.801214053019108,-0.3694318583671826,-0.44516415604612625
