,Az,Ae,Kz,Ke,Cz,Ca,Ck,Ce,BAz,BAe,BKz,BKe,BΦZ,BΦE,Gz,Ge,∂Az/∂t (finite diff.),∂Ae/∂t (finite diff.),∂Kz/∂t (finite diff.),∂Ke/∂t (finite diff.),RGz,RKz,RGe,RKe
incipient,1657019.5159779433,72776.94674570604,3654691.2603708017,109135.7952357159,7.576607746056872,-0.7182399530311766,-1.7773783548180504,-1.098125873079773,9.897087660008967,0.8804182083654946,7.857170582807724,2.103553050080249,-151.43469290453257,-172.9510779206744,-0.32841397282746343,-0.578358860865095,-6.6959867887820135,0.12257868304654801,-7.698690661691475,1.7055335649511574,-9.734706655765283,-21.355090635738023,-1.137725445367543,-1.0772719668673694
intensification,1360901.4452699767,159072.45215860053,2974987.72412161,470157.3127534196,8.285136179768479,2.766839888079128,-11.299585102278897,5.083235079790099,19.3412493064032,-0.34842501857215435,14.748924368143323,8.891868397061423,-135.9576712370284,-183.09526829680823,-3.3901473244628217,1.4191530999085222,-5.386814249400735,2.62448259439282,-8.173952006706614,7.699879277019292,-13.676087487956325,-19.90842745233952,5.289302804675945,-17.574809302111127
mature,592702.4339527615,515150.4829306573,2500992.991490281,1378440.0590452563,0.6140774635115209,10.967692110675934,-45.15524103167395,17.060874085047235,27.365426240609327,-5.607339593646384,-4.416160939665604,2.461823507293057,93.91808844339982,12.602931596492954,-4.689210879402493,2.526473978138643,-9.678916209876146,3.9592527330808265,-3.4248234994785767,10.28306302626709,-25.462572876298015,45.53250100834946,15.659774301098512,-54.39487559774716
decay,251644.83864903433,412292.2261346782,2568006.9774643136,1821014.0576490553,2.3747897367762327,6.152441629775865,-52.60392243859464,15.923214200143546,17.458247282866214,-7.108676673492452,-22.479628680929636,-18.597309553706104,210.4207277888444,180.5040424819313,-0.23418646321897782,4.189555973714826,-0.45141281158973584,-2.4382461601448617,10.406673761556187,-3.075468712081814,-9.382428727903852,83.11543514430423,14.44120308371527,-53.005295797113895
