,Az,Ae,Kz,Ke,Cz,Ca,Ck,Ce,BAz,BAe,BKz,BKe,BΦZ,BΦE,Gz,Ge,∂Az/∂t (finite diff.),∂Ae/∂t (finite diff.),∂Kz/∂t (finite diff.),∂Ke/∂t (finite diff.),RGz,RKz,RGe,RKe
incipient,740804.4090919911,69665.97012700682,1697178.5010822187,204789.5459759292,12.670659060126342,0.8263540144476292,-8.862353906177834,1.475438512558365,6.849521419388792,-1.4341072449212644,-9.964652579144804,-1.1333002021846126,-34.10111905590191,-49.47674371041838,8.829889302122767,0.5369342204612865,-3.734740434355433,2.451880283017804,-5.007149455426627,3.693489774122691,2.9127512208297466,1.14919796976967,4.535072026049804,-5.511002442428895
intensification,587516.3706164187,145096.6306631105,1723866.2890970907,412554.70466883143,4.277738787595722,2.2991206786863057,-15.250383413797659,5.855019579600192,8.408276802647839,-2.8263865207471226,-12.048763096105164,-6.267246860093742,37.51658569803844,9.895593672827749,1.0847946942647257,2.998112956406121,-1.8262330133800682,0.3231698945483139,0.9747863579076312,0.6454805686601385,-3.6576503497458788,23.99619408021474,6.705455316209323,-14.192675564643974
mature,283684.6622645989,133450.04118899824,2275826.0951775154,362697.2384749742,-2.5644721789820446,1.2601410280388448,-6.380995616045434,4.449747090150682,2.890267769985683,-2.3668246276730067,-0.6623791179838181,-0.2283385720428484,108.67386895498775,81.72470642027,-0.8604078129362923,1.655827098988794,1.028700418077711,-1.1668919390619759,15.36823876754585,-0.7917994729435294,-3.1658985028511717,24.976085680557148,4.389538750722868,-11.394203607096795
decay,363656.21519288025,57266.347677463964,3373145.008285765,242082.68030649656,-3.865934309563055,0.40750306120414526,-0.4048103808796731,1.7678066604423144,2.7360091043318557,-0.3838973487995579,37.36129415519839,2.739998553354137,125.36829127139828,168.77425268528597,-1.0703994582614187,1.4358440843972908,0.2947805680408937,-0.11032692760003236,8.2522623718732,-0.5659836572222088,-5.899659784649871,-24.838287092882464,1.6338740204376947,-5.478599251898334
