,Az,Ae,Kz,Ke,Cz,Ca,Ck,Ce,BAz,BAe,BKz,BKe,BΦZ,BΦE,Gz,Ge,∂Az/∂t (finite diff.),∂Ae/∂t (finite diff.),∂Kz/∂t (finite diff.),∂Ke/∂t (finite diff.),RGz,RKz,RGe,RKe
intensification,919241.0890841512,268149.293429525,4467566.015197742,471926.33326170506,4.712028887538799,3.060110775421563,-11.49983613738028,9.357564824370172,9.6913195234376,4.641617091649724,-16.2451987338837,3.6398040170442565,181.67652414424614,93.61327640681903,-1.538267682036266,2.792532062554408,1.227646725741762,0.819000599626543,6.005916161640441,0.8442106148352087,-0.6915331347354808,29.03892214536562,2.4748375569254293,-23.6529943639595
