,Az,Ae,Kz,Ke,Cz,Ca,Ck,Ce,BAz,BAe,BKz,BKe,BΦZ,BΦE,Gz,Ge,∂Az/∂t (finite diff.),∂Ae/∂t (finite diff.),∂Kz/∂t (finite diff.),∂Ke/∂t (finite diff.),RGz,RKz,RGe,RKe
incipient,194776.8301443319,202142.4775718938,4796377.224675893,237859.92303923253,3.350050960860816,-0.32047393662549833,-4.432154261030374,-2.831586358847938,3.297568625009736,0.1750821521002084,167.2039482358508,-10.162048442161167,-387.0512247569686,-463.4978411146935,-0.6243194990961413,-1.9692105907593114,-1.6787513843854065,1.7204231170448303,-21.629951869108925,0.3252313234904413,-1.9467429851598244,-187.7517968047902,-0.9657714572778179,8.886711863469172
intensification,178959.36944084353,244194.30437053263,4395541.636656074,268588.0078983161,0.8306329049903349,-0.6542141441215249,-4.62377281058153,-4.596684428002699,-0.0149412894893274,1.8528523912584332,135.3059992454915,-6.370886641523705,-354.5300238067108,-427.38736430521794,-0.4346636412499076,-1.3212627420862446,-0.0985760749067048,1.882729358136052,-6.898710452769193,1.393162589873438,0.0927839754514326,-138.4115697926695,-3.912593317003555,7.736960848818312
decay,297786.12276214786,284091.162949513,4000683.46729685,269137.66166314535,-0.6093389896179474,-0.9392985073507135,-4.472019345242654,-3.104992935769012,0.7788166318151932,-1.0977024923612,102.22902204198019,-11.640453034765793,-316.21176720717614,-364.4181558480429,0.1495713112209562,-0.20276915719765826,5.492846490254991,-0.6934112113143177,-16.099316378848748,2.4583445161391433,3.1653923614711377,-113.24698008596833,-1.7614031473714158,12.731771141431295
intensification 2,663591.5615034769,96961.07609806594,2386426.524074736,554592.7647465883,-0.16804012048077843,-0.3596623895411538,-3.060898393118194,1.0218337043938255,-1.108098578758098,1.4847414797146337,25.63378768883246,-7.428131125345407,-106.0923392963216,-136.38984826456584,1.3450405799289347,1.174869494846004,2.049188701334377,-2.419377586498845,-21.798786204526383,2.9253005510469214,2.6295847700705424,-44.20363537975987,-2.5226229722784983,6.27069957888031
