,Az,Ae,Kz,Ke,Cz,Ca,Ck,Ce,BAz,BAe,BKz,BKe,BΦZ,BΦE,Gz,Ge,∂Az/∂t (finite diff.),∂Ae/∂t (finite diff.),∂Kz/∂t (finite diff.),∂Ke/∂t (finite diff.),RGz,RKz,RGe,RKe
incipient,274854.4046481092,531400.4154548058,2285806.5948611945,518057.0751287965,1.6677458393103126,1.4754844192517227,-1.7087795772034649,19.981895898218465,1.98106945840723,8.47290784864787,-10.510653257865924,-9.601546645757361,119.27368614567293,121.75292009892594,0.9053706780454844,13.692497415210166,-2.9088287302709896,-2.046027684248235,0.08932018097282832,5.021684607844587,-1.7466679301161843,10.641007176731904,7.987475946070636,-7.067444221819985
intensification,110660.67127605819,290919.62281599944,3029132.553091818,684230.9560681372,-2.9646359773647655,0.3914435316699164,-1.4578825055543383,5.604467448281329,-3.06977546905382,2.5689141391162185,-9.678215681231121,2.735167180857008,139.56713024713278,154.08375004216177,-0.43340581476075074,3.2527679333322275,0.19703445052720694,-2.0780245220496156,7.8983654479380565,-1.7624657502967407,0.6936174738861778,21.99909961208828,0.5660852554455781,-11.559982884989417
mature,242485.92169972428,131548.4997894335,3883377.109338986,424294.00244147814,-12.23930311915543,0.33490058736066436,8.473067591296923,3.3708880780037624,-7.4429103032092065,7.164826018505133,27.96598336830131,4.3741232120849745,-28.180998820096196,17.13137427684888,-3.1791680965180396,0.23823377993989808,1.8029624295090751,1.0344733361413867,-1.1587394061800969,0.5662794897261438,-2.658529799076482,-25.358487246622893,-3.094365191720649,1.294335790934329
decay,656661.746683709,219014.11302433093,4770349.368828732,651266.8739296778,3.283528402870114,0.6421514212651727,0.5421233546994512,1.1584393448270882,6.815785818736281,-3.657928227923006,24.81762097310978,4.627853718145935,-93.39612594263308,-189.56737660887396,0.42665140645103994,0.3745732121528075,0.13256798606476367,0.5322416151104773,2.997625819045967,-0.18053461172252552,-2.7575380085362307,-25.64564691163337,4.706457766595399,-5.424704319996099
residual,491508.8324745139,184670.85468648552,3191458.565282017,371058.8479884637,3.008822660790382,0.8577525126969945,-3.11403448288769,2.676207172870912,4.884511190809499,-3.385900729470881,11.336622698557902,3.024457672034943,-28.971895753720585,-48.88636983487133,-2.7679089531547922,1.1802864320251403,1.8533323006563007,-0.5030295477841077,-4.461784014664554,-0.057048102927465476,0.8353962833341771,-15.69319489112515,4.701325841860689,-8.87174743072101
