,Az,Ae,Kz,Ke,Cz,Ca,Ck,Ce,BAz,BAe,BKz,BKe,BΦZ,BΦE,Gz,Ge,∂Az/∂t (finite diff.),∂Ae/∂t (finite diff.),∂Kz/∂t (finite diff.),∂Ke/∂t (finite diff.),RGz,RKz,RGe,RKe
incipient,653622.8336339548,70239.99637232807,3811321.2603926286,194683.12092502974,1.0734490134677726,-0.04824296605462406,2.690884271110829,2.0269650043142753,-1.7806587639106637,2.8857947586788515,-52.504280728967,1.636021938234605,143.83186045866717,140.61470167651888,3.3780620044850522,0.572631635747996,6.631426167955486,0.5722394919697936,47.13886609309399,-1.220937178567335,9.437290979279297,95.87881353748237,-0.23834729634015872,-2.1930398500053863
intensification,1035595.83839876,175783.67856659254,8169375.845104092,329709.3731439154,-8.667681531007158,0.839934772931694,0.1937386458443815,6.16038031408968,6.997174096850346,3.5225131568658123,97.37852301861702,0.47219262355328784,209.48550734158965,179.822966462723,0.0012811699841965964,2.324811802416791,-2.970310950008093,0.1784815651768261,0.6073984653130005,2.4577959425794056,-17.7952318049339,-88.29718166814122,1.976413949469,-3.981038349219181
mature,409990.0895099337,62090.22019423344,4411866.567748163,313369.683840386,-8.924557659083517,0.24990893613216786,5.948468500432728,2.6987498651535162,-9.595312788374539,0.6987086472578553,34.00315614614713,-2.4577879325702954,174.29153743565317,109.52328272931123,0.07847118379343634,0.972579981475789,-0.01891377799626348,-1.0504572128238372,-30.969780620039685,-5.094122700005131,0.9017502874269276,-61.99684760753603,0.6996750689396559,0.6133838678443772
decay,301506.4164197589,51365.758760041754,2431229.079413299,146089.03340573958,-1.7553006752946612,0.06167994875703394,1.5007316510908995,0.584970271596652,-2.8541643000930392,0.989043966736034,3.5841849933617373,1.031608382687723,13.449629515644915,-16.334789863195308,0.5948209099317415,-0.21720679319663155,-0.06446905735976032,0.040716208617759,-3.335967649127985,-0.08751949414485195,1.0960745161956515,-6.66558361828596,-0.4250374352786567,-0.2033664973383275
