,Az,Ae,Kz,Ke,Cz,Ca,Ck,Ce,BAz,BAe,BKz,BKe,BΦZ,BΦE,Gz,Ge,∂Az/∂t (finite diff.),∂Ae/∂t (finite diff.),∂Kz/∂t (finite diff.),∂Ke/∂t (finite diff.),RGz,RKz,RGe,RKe
decay,198722.6182179864,77555.51458216047,579747.3991308567,265569.3236147265,1.4048493860249203,0.48909605069213036,-5.723750759007064,0.8326437276402864,1.5934760711251932,-1.0146541789560173,-0.624228989349344,-8.04954987198787,2.428537194247748,-1.3446974028725565,-0.3546954348338501,0.5190421441573116,-0.9330578412517233,-0.4277311225769071,-1.132489697981602,-0.24046336326490755,-0.6325884756598656,3.8106406643498865,0.9304707333272662,1.2526920220756095
