,Az,Ae,Kz,Ke,Cz,Ca,Ck,Ce,BAz,BAe,BKz,BKe,BΦZ,BΦE,Gz,Ge,∂Az/∂t (finite diff.),∂Ae/∂t (finite diff.),∂Kz/∂t (finite diff.),∂Ke/∂t (finite diff.),RGz,RKz,RGe,RKe
intensification,1345328.4329261044,112634.03808989968,7027778.563055247,229267.07775254516,-11.293630768117822,0.354452083566612,2.964489809134869,4.66490929518542,-15.122496548370739,6.993067435353523,-2.9230389628134814,-0.4177287975304614,97.46455531360081,34.438731288021856,-6.065356529354472,-0.1547022947019442,-9.609775076418119,-0.5394424863283926,-25.33558675743696,-0.6387196765394654,-5.426457212598586,-14.083406835640528,-3.2220527100631084,-1.9214103650595558
mature,655909.4217436062,46512.44345305456,4986066.766472345,170934.68940397882,-6.167304088988126,0.2771671015528153,6.070396342069843,0.9515792980908504,-10.031107328671872,-0.9432197339957028,37.74718083452002,-0.2220518809354442,-171.49528342454514,-201.97605507976033,-1.0426834446323567,0.7323380793366002,-6.893110346129681,-0.26467516945337793,-16.965485855699363,-1.2356770916420703,-2.7521400048931186,-54.6157589433011,1.35295676108036,4.105191833272367
decay,353479.3430010901,98846.09366172495,3442674.367767985,268384.8027789778,-1.7044656241769967,-0.5541494591679859,9.272558978134395,-0.06832819262178401,1.4827527080250238,1.665795704584756,42.72171951434711,3.9423795945541307,-189.59953894523275,-177.76705364625488,0.0818614906071872,0.199895554824237,-1.1051485816577382,0.09752223769065772,-12.23350759858672,-0.2516445702872679,-4.846516373027743,-62.523320466891235,-1.082452200347897,5.1468630059147795
