,Az,Ae,Kz,Ke,Cz,Ca,Ck,Ce,BAz,BAe,BKz,BKe,BΦZ,BΦE,Gz,Ge,∂Az/∂t (finite diff.),∂Ae/∂t (finite diff.),∂Kz/∂t (finite diff.),∂Ke/∂t (finite diff.),RGz,RKz,RGe,RKe
intensification,444298.5177391837,449646.4933271047,3249470.606554215,744556.0839036881,0.36425491375816077,0.6591400811145844,18.89489346956735,10.293041932082264,4.261812075785633,15.442006560818108,14.901499035777807,9.662612588265867,119.0590318192188,99.53539017865177,-0.6955589559258282,-1.507175395076735,-3.7854866271828147,-2.9285480973544114,-4.422981701750696,0.1931530833746549,-7.023903708095702,-38.58362912085401,-8.736652807204838,-0.8676079674061248
mature,643789.5396237677,22518.75201768024,2500869.7611705544,161689.24117835143,5.395210233849139,-0.05543397691209987,2.4761447484252717,0.11168358726280607,3.6999228020645547,-0.17879212735634975,-0.9732608789107494,2.918433653117642,43.80489801765844,-62.771282049766,2.5507300818936045,-0.02429300532685533,0.3683136419053057,-0.7354399911759614,-9.075949273384483,-3.848813033727669,2.0081670967777896,-15.974043376748142,-0.3895302996447058,-4.402785525682845
decay,183893.7412069742,23612.00612775132,2108986.628328527,151043.5873763188,0.48786785202131344,0.0014532723234658652,-1.9712609297895274,0.1721124830607363,0.12209891703225291,0.06923817575932494,-6.19171837182699,-0.5411227361829605,-33.914126519881286,-80.16084451387309,-0.11882160329760376,0.019631824385000447,-1.2567973969106796,0.021197699151824678,-0.6781247127961952,-0.11897059893622501,-0.8895751895981527,6.996986736799008,0.12261873412977009,-1.721221275603528
