,Az,Ae,Kz,Ke,Cz,Ca,Ck,Ce,BAz,BAe,BKz,BKe,BΦZ,BΦE,Gz,Ge,∂Az/∂t (finite diff.),∂Ae/∂t (finite diff.),∂Kz/∂t (finite diff.),∂Ke/∂t (finite diff.),RGz,RKz,RGe,RKe
intensification,1111014.803180443,618751.8157551237,7543491.803707453,694769.5723140736,17.490667811422682,5.145026091586739,-7.976982066756696,18.974461693866502,48.023552247136095,-13.123737832185904,-126.04650752440995,-13.378327291559518,356.14099106321606,191.23661045373848,4.169533772028644,12.161180910031954,-7.235922279568679,-6.799319404224435,8.44283332773052,-4.23071570434648,-32.62378062369535,124.9756551074745,20.15385403024123,-17.803832173410157
mature,992188.9285201866,500217.96315254783,7430580.772320587,734781.5824954266,27.070379643257006,5.386360499006876,-7.524934365045448,11.588419196974353,30.13004766966892,-3.8184740232742924,-136.94675002404114,-10.181769677107745,362.5916093944987,161.81374109648198,15.375951734658585,5.150679709736969,-2.6047116196899687,-0.03730711667906239,-5.688010287290197,3.9995490056274785,-0.2780191470950051,111.71329445853938,9.983225604562707,-4.9320348792845765
decay,1078372.8173657013,360132.79770524945,7925364.7561583435,513278.20098917023,5.04914755454635,3.7066963578246956,-1.1291008252845702,8.838672523969581,22.696763971671942,-1.3435726178332479,-130.49325078056103,-2.3502060788924477,331.0026834825822,179.1129457621395,2.5541256849425182,0.6017508012012079,3.5512050144944762,-3.8036336412570524,17.804578441408353,-5.1004148319425004,-10.38971504480642,144.37778249270758,2.6719151427210823,-12.717982102304205
