,Az,Ae,Kz,Ke,Cz,Ca,Ck,Ce,BAz,BAe,BKz,BKe,BΦZ,BΦE,Gz,Ge,∂Az/∂t (finite diff.),∂Ae/∂t (finite diff.),∂Kz/∂t (finite diff.),∂Ke/∂t (finite diff.),RGz,RKz,RGe,RKe
incipient,1032635.823358212,197222.2208339907,2214908.085024106,240239.08844120952,-3.5433366295130573,0.3022660954217699,-2.664282632679661,2.4096267151651265,-3.498522153882897,-2.41725837901242,-48.87111736982976,0.2672621859737045,-10.934986529116344,-17.098178553632323,-12.02692793704819,-6.109302848267864,7.903987365072255,-3.0956855266481984,4.458402586009491,-0.8017755796012083,8.161438984863864,59.53713921803197,1.4289334721075782,-6.1429471134197
intensification,1352965.1992913506,136654.39694052262,2472666.558838166,258768.80899367516,0.8043306532386278,0.8174034542456394,-5.785744226810429,4.087493200436613,4.311685770438388,-1.4616839017568262,-40.318573638162256,1.6574983005526533,-24.30757496280169,-58.275225399587384,-2.3812669110796545,1.3538692224010338,10.10408546603229,-1.1709001489231825,13.472854395875101,0.7686522657129579,7.414133803078166,58.77284160760916,3.5608734990246176,-10.762083462086737
mature,1777422.6275375222,115605.85278921656,3345717.4766623657,297855.3277553111,1.9221521390948695,3.164855736893058,-8.998546199105373,5.2146839189978405,13.938776267765206,-1.6468731861839863,-26.753314293841754,-2.137444006266799,22.185607952492795,-65.34111249539683,-5.221106116336099,1.276950983657513,3.435702564584833,1.7676834477730456,21.694640599726874,0.7497207820983613,-5.416065827192446,55.524348953579135,5.4643848160618145,-11.326065329738052
decay,1739641.4740423453,224032.86696551047,3851171.6209831303,311338.709397795,1.2472358877163585,5.752342802281191,-11.10317265214314,7.136790815927521,18.52153787926215,-1.839612506195105,4.426521154951439,-2.492535541214183,100.87584152417232,11.67854231607329,-5.546035223655393,0.9444957149179121,-6.837347260106268,3.940289551866278,11.975547565371516,0.6918409558530577,-18.35930644937087,17.40496317484686,7.1643500717077115,-15.055586971003418
