,Az,Ae,Kz,Ke,Cz,Ca,Ck,Ce,BAz,BAe,BKz,BKe,BΦZ,BΦE,Gz,Ge,∂Az/∂t (finite diff.),∂Ae/∂t (finite diff.),∂Kz/∂t (finite diff.),∂Ke/∂t (finite diff.),RGz,RKz,RGe,RKe
incipient,1047991.1420113642,104592.23338950079,3742060.2731516585,201460.42931828857,1.2203132708093285,0.4487387568167608,-0.07057783431764202,4.343699055945809,0.5649434662313174,2.396403930276771,-19.76210442214748,-1.7388456395691798,75.38092627148644,81.92633808943461,4.284659836453377,2.4721524169169893,4.322893942202532,1.3387598413963366,5.175704626642457,2.6394100500578164,5.427002503597302,23.788073612298252,2.8373162102486136,-0.03602120063645451
intensification,1217057.761131075,199485.39005322944,4715709.028043544,430477.12409517524,-2.121487635663869,2.9719468366285904,-5.5475722719605685,8.535485422354874,14.005519978124264,0.38558513307469194,22.32997062970022,1.1976159000397133,8.596462989628595,-74.8878159005636,-3.121007214715747,5.289624987645974,-3.794819601631249,2.441684556735587,4.9479283240160425,5.181997531312389,-16.949880378790798,-9.71298239805974,7.619638009387178,-10.098676063042767
mature,598836.4325491578,459827.9823104323,4100171.5058804485,1131159.6813158046,6.30085692720651,5.9304141421340875,-27.99765718729991,19.520648062067988,6.595758133765201,6.705391666297338,4.261602949320172,6.11882308698313,141.79775622840455,14.313808518361336,6.949354031675296,9.077765823677483,-9.749977118689305,4.341817301893594,-19.820589512917554,19.336985330359656,-4.114464183113906,-2.3853922021443217,11.226659555530157,-34.30014300599137
decay,294105.42604157183,584878.7323355975,3818906.2724665566,1564690.4039525646,-5.5219081306736655,6.765904473950249,-25.570957447806137,22.728737029910633,7.494801649087482,-1.082953965148091,-77.98341340411181,12.353973585831667,311.3134743607657,195.38566292973246,-0.8889678969781756,15.288068618897597,-3.4011506440757735,0.6983089684453062,12.593208268474758,-0.7641549419751243,-9.651955949886672,121.66948725106636,17.74409548955378,-61.417823005523566
