,Az,Ae,Kz,Ke,Cz,Ca,Ck,Ce,BAz,BAe,BKz,BKe,BΦZ,BΦE,Gz,Ge,∂Az/∂t (finite diff.),∂Ae/∂t (finite diff.),∂Kz/∂t (finite diff.),∂Ke/∂t (finite diff.),RGz,RKz,RGe,RKe
incipient,356368.8830475283,50795.94116611725,1433498.4884350018,118780.83953586129,3.1212735710787305,0.06117246640564834,-0.10083926888567134,1.591110217228463,0.16437441359435173,0.6506281587439643,-6.030930569764084,-1.8443815476356613,16.682893293322937,14.7428149347638,1.440637171553014,0.7386470190764945,-1.0025553379897694,-0.17973609096533308,-1.598987431932572,-0.305022640794764,2.0155162859002576,1.4115088356384529,0.6995735011135169,-0.15259057927323658
intensification,291462.50690661994,62899.728600229326,1629881.6032278906,229243.63536849988,-0.6165606126291612,-0.14844363318216375,-0.28106633563695016,0.9696383790804598,-1.3849817692192314,0.5523342849575236,6.738890297790421,0.755998518268097,-16.33060185981793,-16.94544584399876,-0.004929715913947693,1.0539603045743646,-0.8297010679883592,0.1825432262318911,1.0827772129723674,1.9838307839713767,-0.20972354458045278,-4.758486136551941,0.7482909535369912,-0.02287244901413068
mature,195975.24232183123,89277.99003412412,1362531.1864362475,493783.7523182129,-2.3096045342448233,-0.5896065017934817,2.269860689877015,0.10253761442674696,-3.375554242049096,0.6592709610283889,-2.226978545335697,4.373734283791933,-46.16855594250048,-40.64152981366263,-0.6587838930498104,0.852153951301348,-1.0960535605874284,0.02996165944122011,-6.618394218675775,0.9257661870613546,-0.6197103545766371,-4.35167182897227,0.06283481463305993,-1.28064502128031
decay,72324.68090226872,86285.17778132754,948315.904944869,597884.5857316621,0.6697550744085291,-0.26704198051476136,-1.7120475648688007,-1.0666296126730388,-1.0066053482757442,-0.7061997581900399,7.700015605989144,2.8807765314686224,-9.352590326485679,-11.304209142898697,-0.11910625504704067,0.5396075916274212,-1.16066008782443,0.37827267659185504,-6.141693632283915,-0.5220912791767018,0.24865835434508193,-12.799416747812785,0.2848848026236173,-4.048285762841087
