,Az,Ae,Kz,Ke,Cz,Ca,Ck,Ce,BAz,BAe,BKz,BKe,BΦZ,BΦE,Gz,Ge,∂Az/∂t (finite diff.),∂Ae/∂t (finite diff.),∂Kz/∂t (finite diff.),∂Ke/∂t (finite diff.),RGz,RKz,RGe,RKe
incipient,462529.4581607074,162286.04987629718,4102727.4576221276,209930.23952006781,-0.26779057468816414,1.3440675457842721,-1.0012247307664606,3.4680564465340957,13.982461724068475,-4.901912381022715,-4.166704343931233,0.1646204429497695,187.586229164927,188.05005319535098,0.49482112598654415,-0.9204007006287757,-2.1950862065536922,0.5231331931326181,12.086422813434103,-1.848964461226639,-15.101270959526062,17.52214246281996,7.549034474905156,-6.482866081476964
intensification,293233.93430250825,220686.64036149942,4017426.925223277,172259.117705293,-2.187338954704928,0.3268746335545301,1.6281045317889191,4.261208690448628,5.239003424342553,2.2638601083052867,36.31571481977874,-1.178965171769322,154.8193321663064,188.15671153081243,-0.21970335576170696,1.6813908684261456,-0.6159565663047692,0.25952586095486224,-10.357169196348233,0.10256722084501746,-7.715424311797721,-46.11364959321097,1.9299998095436741,-1.3515717660453699
mature,388492.7105111151,128706.02111039739,3142790.167343596,192846.02756765438,-0.6766087597480979,-0.34809054008262996,6.489058246237962,2.4980014424270793,-2.5744523818896248,-2.2617956332522944,52.38124611656916,-1.696948934955953,42.729143985608246,72.98853028418833,-2.0016033524361694,0.9864685227694809,1.4359014443529896,-5.838893854416844,0.34003933604182546,-2.174647907058539,2.985654526411887,-57.8536562670172,-0.7310062386548404,3.5133578317082956
decay,420308.77879711427,66372.55096064719,3004098.672765959,125495.74808605919,-0.29300949080743255,-0.14461396931396692,2.0617564011613028,0.45967495246139084,-0.21974472717746618,1.5117842397834889,9.963617079055236,0.3658331251306702,99.66000403436014,72.88843955585935,-2.3322520821622703,-0.7086079922739511,4.34098595310827,0.5092232337856585,-4.878011132027727,-0.5486518254384535,4.123107220164337,-16.61037512143683,-0.3982720842224727,0.6875964981307877
