,Az,Ae,Kz,Ke,Cz,Ca,Ck,Ce,BAz,BAe,BKz,BKe,BΦZ,BΦE,Gz,Ge,∂Az/∂t (finite diff.),∂Ae/∂t (finite diff.),∂Kz/∂t (finite diff.),∂Ke/∂t (finite diff.),RGz,RKz,RGe,RKe
intensification,895645.3430393187,285468.91455892706,2898526.024447785,469043.12193168525,0.19481576412801038,2.8361902338850493,-0.7728081247837469,17.188356061385925,14.218278219199064,4.3919861672547285,-8.091762848428454,-4.950234563090144,84.48458249751927,76.25807555199933,-1.6953693093844726,7.673942782738711,1.3197660415002472,-3.5094767371404694,-1.4341606191862848,-5.045284040254577,-9.867506179685757,7.2355945898979055,6.450702923105676,-18.056213663334102
decay,807400.3867518393,139168.93689902517,2873398.999979513,222276.09910389825,0.7233841538914734,0.9163139753532997,-0.016829579971845293,2.7521748721981503,4.774772742986667,1.439614684331645,3.3040027713112754,-1.6521715107412045,51.330546496448456,63.00435191873071,-0.47785323237653793,1.0197789619002693,-2.644630606246072,-1.2308997014793446,1.6546897162346195,-2.1832293408759047,-5.779705219987966,-2.355867628996284,-0.834653488966139,-3.3000622823046952
