,Az,Ae,Kz,Ke,Cz,Ca,Ck,Ce,BAz,BAe,BKz,BKe,BΦZ,BΦE,Gz,Ge,∂Az/∂t (finite diff.),∂Ae/∂t (finite diff.),∂Kz/∂t (finite diff.),∂Ke/∂t (finite diff.),RGz,RKz,RGe,RKe
incipient,515737.92798798735,200293.46979628995,1915218.765524003,226838.1542016735,-5.257270663222409,0.1401410074008345,1.7444893013577498,3.0123451540636292,2.3973514032469203,5.572411810840742,14.181298901259288,-5.738521191241901,65.41074941917549,98.09784347101048,-3.376364718265004,-3.8579918025998636,9.713742667275529,-5.932648804655461,20.36851608584236,3.141982717748219,2.1992616082070344,9.699998546447732,-8.632856468833408,7.6126480562842405
intensification,470445.31059085374,123620.38937379423,2349515.638393111,310436.8871582833,-1.1968496425930026,0.5204070666261587,0.2697262747003722,5.136991688354711,3.1014810631926446,2.2686111683713532,3.168021194838592,0.8480388803268216,8.935701269809588,7.396047812001188,-2.117374174465148,2.0199754384504645,-1.8527277734026204,-0.8638286871418108,3.583460431267762,-0.23393454838930516,-5.63065141256211,1.3425626043218002,1.484144766215389,-5.949238842370467
mature,418810.2924507141,35557.80130862701,2698416.212246871,231172.19175439826,2.4037004930317445,0.28135810960161195,-4.309089587222193,0.507469797833777,3.9903207476640135,-0.7957677505606149,1.8176446159754052,0.23606265196666257,-61.988361552275926,-78.30479455045325,0.14286445602435288,0.4932693524752167,0.6438514787950542,-0.28080316200169275,3.81119769174999,-0.3711292445022517,-0.6614106662356033,3.8989421699650344,0.7410762767910872,-5.423751281524884
decay,359104.8288596005,47673.254467595325,2547142.581616478,194183.49406558988,2.0526865641337166,0.4642317984909793,-4.975590200140571,0.7186513905857176,1.4790815760455893,0.8478536909418681,-16.792505043733307,-1.4083400155451546,67.47993703764013,24.0975810730942,-0.04414667266896162,-0.1171913008500094,-2.458350191408897,0.03228866391313593,-12.095633153643057,-0.8477843757188875,-1.42051340482979,7.619775526097103,-0.5611454349339939,-5.133685950900022
