,Az,Ae,Kz,Ke,Cz,Ca,Ck,Ce,BAz,BAe,BKz,BKe,BΦZ,BΦE,Gz,Ge,∂Az/∂t (finite diff.),∂Ae/∂t (finite diff.),∂Kz/∂t (finite diff.),∂Ke/∂t (finite diff.),RGz,RKz,RGe,RKe
incipient,585526.026764231,152361.17509087326,2206449.826423905,164618.614415468,4.5361360806091735,-0.1004970842618569,-0.23751807372684114,-0.6105104492550524,-0.3311968350542629,-1.6144771098860442,-3.5003676660139984,-1.608280522923125,-21.42770980581427,-43.773110515375734,1.1826981545216217,-1.1670400983553801,-5.009087954022042,0.7198753725699707,-2.5547043758384986,-0.30090407547793463,-0.24225212262046256,-3.352954716706832,1.8243391174628194,1.6803688229734015
intensification,422514.95330589375,180365.91904421782,1952885.4817923475,147850.75343887252,1.4706148165043156,-0.248615376858874,0.1063181556866988,-2.239909542233191,-3.3382923267449427,-0.4439996181839637,0.6903231049298426,-0.2681149355576866,-44.834275796979014,-49.18571316545119,0.1578868569737113,-0.9352088661450895,-3.9504748598908015,1.2180896106550059,-6.651121711172577,-0.50309941970017,0.6098169064995835,-8.918377788293435,-0.32920493653534777,2.111243213777407
mature,273790.54182851536,252048.36811539455,1716857.6954916413,129441.51841689683,0.06585271136194251,-0.43139608241042215,-0.1156323807534483,-4.096749326722559,-4.869899740914592,0.6738487279492733,4.347033067777555,2.336996029145844,-79.87664190034661,-63.25038242942908,0.08360909392602894,-2.0133895733995626,-3.7429222000936013,2.899612897158396,-4.075240891004107,-0.30928940866450055,0.7614341697725111,-8.372494289390156,-1.4395890751030143,1.3348315081587667
decay,122271.17970607903,344012.37331086455,2019608.4899613715,194803.68978506172,-0.09701560035745851,0.09525784457839623,1.6207217698032175,-1.3022305789016644,-0.769672956763545,-4.863455269775381,8.746823583715349,11.373789060805834,-124.87009753509224,-93.94350352920864,0.3129673150104882,-0.05451967844102299,-1.6137490749703656,0.38206813007718515,5.580385703971134,0.9562372198068289,-0.8458338739858824,-4.69014404918997,3.8480349763725057,-7.494599492294124
