,Az,Ae,Kz,Ke,Cz,Ca,Ck,Ce,BAz,BAe,BKz,BKe,BΦZ,BΦE,Gz,Ge,∂Az/∂t (finite diff.),∂Ae/∂t (finite diff.),∂Kz/∂t (finite diff.),∂Ke/∂t (finite diff.),RGz,RKz,RGe,RKe
intensification,1417638.6011499006,129248.10918847495,3667285.1248895572,143460.76845153305,7.210081273096274,-0.8950813999194654,-2.909155165398581,-3.8212108302409185,-2.768478084044698,3.003445444867423,-1.0430577744007465,-2.6661455845752995,-195.1214997856047,-313.0823786127693,1.731934934844664,-0.5252514076217691,-4.754397727754137,1.6924121921045916,-2.1357059217721686,0.08212960393944138,4.32908022946737,-5.393574255069117,-4.237162683084284,3.6603308533570775
decay,812152.6968053018,172655.5304749402,3059957.0868560886,171405.05568698776,9.109587442859077,-0.1209486933917679,-6.222793211873707,-1.4906417629973903,2.1798120147101776,-1.770469282969541,27.98450238339789,1.3769087924837617,-230.3002666927567,-287.93330515375334,-0.14422685314248154,0.4561685319003841,-8.167331824604936,-0.43954845912980167,-17.75239753180034,1.412554946735776,-1.358505089847806,-48.623694146183595,-0.038772245765882916,-4.696505294624303
