,Az,Ae,Kz,Ke,Cz,Ca,Ck,Ce,BAz,BAe,BKz,BKe,BΦZ,BΦE,Gz,Ge,∂Az/∂t (finite diff.),∂Ae/∂t (finite diff.),∂Kz/∂t (finite diff.),∂Ke/∂t (finite diff.),RGz,RKz,RGe,RKe
incipient,855441.2560595667,368938.3619730485,4579693.772462138,423698.49253976456,5.899291980764888,2.182132443468611,3.6603885424933633,7.515048239106942,17.545525669806818,4.919786268423308,68.6898696403291,9.326665833130193,-13.929453396456791,-73.96546986257604,-9.703402361285816,-11.374300895279877,9.894125679662306,1.4241551968503174,19.251278024622916,8.864829711881848,0.4300244340889882,-58.998272138964445,1.8372847240653412,-4.316495817861924
intensification,476570.67107956525,437499.1952904424,3658091.4220817573,775325.7656484216,-2.302321420967021,3.6167158507516324,3.423550461024451,14.123948272856328,10.489985122141174,-0.36879802824639824,32.87685369558516,29.647518534114568,47.051586948220134,3.9514760806750147,-2.8195830481238846,4.927548171484631,-9.058253978783233,-0.5086694319264733,-32.94181402602836,7.261790705976095,-18.233844671139796,-66.93989676167097,10.367361018424619,-33.08612563997035
mature,160192.37986018046,198435.20739268948,1644838.6577719338,1123858.8863679385,0.2901176863861268,-1.2251954290040405,41.09569130735822,4.032063700635296,-4.695614962143521,1.4296122275557641,-9.444987850931012,36.8241940522952,-48.24344705579108,-14.63115571772402,1.1152198311360617,3.0159738629605264,1.6709409327690412,-4.644886175465204,-1.772348142042204,-1.886972756107045,5.43147815229465,-33.713169284855546,-0.8172392733816316,-1.6475392016793124
decay,269204.62291077676,112465.31313848145,2250945.5853148364,502913.62411775393,-0.6196044205810276,-0.7116323088226816,24.12630867648186,-0.24427338393094478,-3.4473845364118625,4.588767563856346,3.507622007648293,13.864619048147075,-126.84926084773227,-141.11713343026045,0.6138124367250526,-0.09923501015982526,1.2376413016809298,0.5832194487905606,3.0324363116056565,-2.5359304343831717,3.3537891086890825,-23.98188995194346,-3.5381891901740485,7.970032577882552
