,Az,Ae,Kz,Ke,Cz,Ca,Ck,Ce,BAz,BAe,BKz,BKe,BΦZ,BΦE,Gz,Ge,∂Az/∂t (finite diff.),∂Ae/∂t (finite diff.),∂Kz/∂t (finite diff.),∂Ke/∂t (finite diff.),RGz,RKz,RGe,RKe
incipient,490579.4170336025,128954.43727074008,1768268.3014751414,354297.2557364788,19.27070314005097,0.421195115847088,0.2804533669444148,9.585857093538932,2.126600393773584,4.786036478283092,-0.647327646759857,-13.248036895118512,100.67871970672095,133.9889172893181,18.59162363020011,4.968694169769651,4.660953721501606,2.648220728262946,20.7749998054429,0.5609854044610068,22.22625158362608,1.871170945207376,7.026846227671697,4.503618572985003
intensification,339929.94306376204,486457.6173048499,1985202.370376064,942924.1702236581,1.9987777893754024,1.0275853516054791,11.34956727206052,16.61766887136997,1.356839600328769,6.272982324455886,-5.3178619385538815,8.700317712764864,85.8196162726791,83.10985670659362,3.6477747430273815,11.308505549728821,-2.083506287535428,0.1253896327256222,-5.16718835753975,6.600279827898486,-0.4139827468833154,-13.19767148042179,9.442490828034225,-7.368139484175822
mature,112229.32161239453,136098.09479653146,1171100.2409038476,1165459.480462052,-1.03760833258292,-1.1888155494338728,58.21045267723639,1.187178982626921,-4.908161697637739,3.876118960133668,-10.478199096613833,25.573481584539675,-74.42986476576381,-116.4287240377129,-0.0017250767871313023,0.17119241728917306,-0.12999379578195858,-1.3211542964544851,6.8919948172292305,-12.413120351247365,2.551744019838988,-39.80265043081041,-2.8212787245273594,19.036671758822425
decay,223380.45999133587,110254.55591886055,1377657.896282208,687671.0308738558,0.6974069428071595,0.16096467618932866,-2.05022798007174,1.603452585929828,0.7172238107954808,1.0349177018362643,-3.5616059758377108,4.323846910555234,20.061864573447274,-3.800850826355495,-0.5255118514155245,0.606077255916015,0.5960562681060915,-0.0678316437149025,1.7098704927802648,-1.038463433101902,0.7372040763070983,6.624297505882558,0.3397385641893333,-9.015990909658706
