,Az,Ae,Kz,Ke,Cz,Ca,Ck,Ce,BAz,BAe,BKz,BKe,BΦZ,BΦE,Gz,Ge,∂Az/∂t (finite diff.),∂Ae/∂t (finite diff.),∂Kz/∂t (finite diff.),∂Ke/∂t (finite diff.),RGz,RKz,RGe,RKe
incipient,340370.7323291214,110976.39541818683,1399249.2889227022,386070.3242774505,-1.2166861750549698,0.9063238058773667,-2.1629243423801605,8.74108373235658,6.514421585051906,-0.3545860871560542,-15.171603704180702,0.6768842176412155,29.247172601558287,19.030922425187047,-0.9602982910669774,5.778020653749738,8.550648698270592,1.8622648739764396,17.98501897148756,4.233991795503424,1.7258647440410844,36.53623319310339,10.051610887611707,-7.346900496874533
intensification,449569.49951963034,130173.68072531754,1270339.3124323566,408233.5924444961,5.537137385946838,1.7314540735635386,-1.2938869549589227,7.441060125826311,9.954260860077177,-1.3486812196356337,-18.77915306963013,-1.4655409064115827,1.2202274783328708,-23.007886505100295,1.0567913099856037,4.899057277352709,0.10878808250333094,0.5260087241286083,-7.443315929592137,-1.082564184571386,-2.5768813180634704,7.092586709050077,7.584295996027014,-8.351970358945037
mature,390238.2565007415,162217.19614616083,1049684.6035888013,422890.8469257068,7.28887688107149,1.546693429953913,-2.404148161326468,9.696601611654888,5.160616358231577,-0.39371107811815814,-29.283403393906703,-0.5037246274235412,21.433673378329345,-10.369253495102331,3.0839032225720686,7.088105036538781,-4.196221703991301,0.3399552334080693,-4.297372124319439,5.319087137198542,-0.5212677511974766,20.101302549842238,8.883574493227202,-6.277938008359271
decay,288244.912073589,160194.77910163577,953262.4060536805,575547.1367197641,7.079658987820685,1.5480740849522876,-5.320053428103841,8.062485559581257,3.894936340693846,-0.6272587309925344,-22.718560107519757,-3.278931472896947,19.961995350733652,-15.371840545332034,2.806231510275161,5.71104052516076,-5.5496911550809465,-0.44285805604843753,-6.131818668991436,7.0266562329016065,-0.8168944230018201,14.827135878811475,6.698812149573065,-3.076951281886544
