,Az,Ae,Kz,Ke,Cz,Ca,Ck,Ce,BAz,BAe,BKz,BKe,BΦZ,BΦE,Gz,Ge,∂Az/∂t (finite diff.),∂Ae/∂t (finite diff.),∂Kz/∂t (finite diff.),∂Ke/∂t (finite diff.),RGz,RKz,RGe,RKe
incipient,593250.7088179829,53371.43275032145,1651659.4673977473,73062.68629175128,1.0356380480998089,-0.17268303400856536,-0.6793988672498742,0.008457007544584672,-1.0618810056628865,1.4711380007197732,-0.28297363814049314,-0.6816312137805737,-45.00832629402521,-77.60303481582599,-1.6359194488070559,-0.509733059729718,-1.9687076732043567,-0.2724935390079148,-3.8317673928711677,-0.3392523662142998,-0.043871653450226734,-3.905032935580609,-1.5624914981745377,-0.3454770272281849
intensification,577023.6989812539,60987.611136841326,1236900.3777575218,184478.39167417836,1.450897951321737,-0.11871120259138547,-2.591447970949693,-0.4574992942392557,-3.654707457703795,1.4137426005773293,-0.3105477129660786,-1.269665495828506,-53.362931568414886,-73.25243208541279,-0.6386801920906136,-0.3470529736860464,0.27768513172120324,0.31426092413625245,-4.9039018303496675,1.548362507538156,5.264579338155351,-3.4528040977556342,-1.4382697680889471,0.6840793266562245
mature,643524.7093112263,92535.64627903706,1156203.3361307047,235453.278463535,-1.1530731999431225,-1.089261673764817,-0.6032216511604854,-2.1957294291531775,-4.658687106040636,3.0996162807830827,0.28168939821727346,-2.5418473307697282,-47.359225220507845,-62.52525988112948,-0.5502991087947615,-0.8373593300251193,4.068431926818843,0.48732081406079386,6.581683209999498,-1.1357525365343684,6.48478415915154,8.056288662885834,-3.718763222110649,2.9986025722280516
decay,988254.4532941324,148067.75236358534,1532776.2317593235,200187.6236444332,-1.8875088447207138,-1.2583228596619769,-0.9564639974760963,-2.2039646930533383,-1.6369639452038596,4.153350281982735,-7.291115702610723,-2.080196971431603,-40.29504125927416,-65.70091765690735,-3.476660805053965,0.038293386487401895,4.104609922929543,1.4425001146632852,7.729266697589768,0.14815233213082996,2.595742163750711,17.864355242397302,-3.6564920007108106,3.4758499991396747
