,Az,Ae,Kz,Ke,Cz,Ca,Ck,Ce,BAz,BAe,BKz,BKe,BΦZ,BΦE,Gz,Ge,∂Az/∂t (finite diff.),∂Ae/∂t (finite diff.),∂Kz/∂t (finite diff.),∂Ke/∂t (finite diff.),RGz,RKz,RGe,RKe
incipient,715773.8826049553,402735.9644211628,2749948.1618520175,264397.09000356187,4.164384774611879,0.5548967072907433,1.665612178892659,4.660575995806309,-4.914330945351938,11.455210699667711,-50.15396070862414,2.3915842471698663,219.46591497734445,160.317741950224,0.07011473417524043,-1.3660852430966959,-4.69490161531873,-2.5096893007198684,-4.701752448228373,0.7263432734039883,4.93871081193583,39.622211306891224,-9.859220711872014,-4.660204790679528
decay,935992.080214,188646.93545258362,2817192.5566141373,210701.944930958,2.1719752907995784,0.4839871322098063,-1.0164189665299548,2.6652515168806965,1.5500955707857973,3.4438205693792034,-48.840660331520326,-1.4306304604206863,218.5844685934709,119.0694224662371,0.01482916540732895,-0.10788601503910089,7.578130041151933,-3.3645870520625376,2.193232253938384,-1.7307057229236262,8.683996893375522,49.878336261189084,-4.627143236770851,-3.9817457459135914
intensification,1317298.024550938,24065.83696404199,2841928.255575458,126444.04214865807,3.9365663303839207,-0.016803432277777513,-3.506115474843328,0.34064029532394074,5.757725998204945,0.226189785757547,-44.99758590255586,-7.508027694753059,117.01395198257964,-9.129762085062344,0.11395222168936903,0.12135410953644606,-2.1265468921423976,-0.6109787124523625,0.7326242964815184,0.9742406457855246,-3.9645099922412,45.299759343496795,-0.47972477060819135,4.635512570371314
mature,1205281.3401450133,22253.078407236797,2869730.623412924,186160.1227210491,6.327945272661377,0.2787262143383824,-9.224292974491217,-0.9283874085252971,6.959100450884314,-2.2187709765730093,-48.01443922039829,-12.252697326040739,53.56704861121578,-134.84177572402933,0.3865553523657707,-0.1169041311804728,-4.364712185011907,0.5127429101860399,-2.3166801497328886,2.289031363670405,-4.717141148896461,48.59410677249524,1.524400263895369,6.245823123745227
decay 2,863512.9560062718,80882.85364036052,2853806.049683615,182474.90169632045,6.473350544373808,0.2281460117531539,-4.484591553198733,-0.12382246245634643,4.856433142191524,-2.54328536554207,-35.75268490988383,-7.29036885884325,-66.29826190969308,-190.48264546120762,0.7486053262845827,0.07546521134703525,-6.616025714685466,1.3454303038312645,3.5210770910285234,-0.6121262530975323,-4.770962300750028,37.28500300973729,3.5367471951638345,2.3174735150033317
