,Az,Ae,Kz,Ke,Cz,Ca,Ck,Ce,BAz,BAe,BKz,BKe,BΦZ,BΦE,Gz,Ge,∂Az/∂t (finite diff.),∂Ae/∂t (finite diff.),∂Kz/∂t (finite diff.),∂Ke/∂t (finite diff.),RGz,RKz,RGe,RKe
incipient,412789.3577168949,699862.3531701,3388667.1064906507,529311.2875459191,0.7958722142157044,4.671937891542679,-4.922497809584338,5.246500795974131,15.414283499216848,8.954763934339057,-23.07489140859754,15.47960152133968,229.29390888148362,158.87561463478076,-2.3203649170152008,-5.940781763256882,-3.35088978945436,7.441988289051142,-4.3505880034641065,6.589431013590153,-13.297363182912827,22.850929000502067,-0.9382127408564614,-19.059169113308
intensification,412613.6210959306,820065.6197894933,3510036.4381159483,694298.6231525654,-3.918304893480803,6.6540367777806395,-7.081068140364017,13.75606279762717,17.781702373122652,-1.334399320978125,-27.411856591011727,17.053959378663063,221.67651517983245,153.81006105029047,-1.0132645513095968,0.8342160834787571,-2.3279878631484765,-0.048640349656183135,1.3369426192205585,2.334203824644874,-17.373958351971297,39.748172244077104,8.387784991168473,-35.55688649200938
mature,199302.610358922,754759.4655510557,3265403.10517908,725279.498052751,0.26668299454889743,3.361923165423454,-2.8593772589893685,15.629515296930604,8.197538922882021,7.960483338263753,-18.986744158788824,15.409100516940793,197.969092625626,144.78927516852332,-0.14157036691691835,2.356487930715651,-6.287162289918737,-4.897663082281589,-20.445835866098093,1.854685030276685,-10.856095052828408,1.1336025571312023,-0.5905542890381921,-32.04330804258408
decay,143187.4756345781,388115.7789558297,2307446.0901792506,717624.6920906605,0.6136115487593344,-0.0650544241955185,6.247961023688654,8.28245676273353,2.009196039380418,1.6489663575875984,-20.369197276596626,18.18541998114672,78.37016145050984,94.58164027623707,0.34607437364803145,3.5365884380907366,0.8238351557481692,-7.506126737309798,-13.00381484046531,-4.509989940689335,-0.6368037590684326,0.5038098636833291,-0.8075819079683474,-24.729905660880924
