,Az,Ae,Kz,Ke,Cz,Ca,Ck,Ce,BAz,BAe,BKz,BKe,BΦZ,BΦE,Gz,Ge,∂Az/∂t (finite diff.),∂Ae/∂t (finite diff.),∂Kz/∂t (finite diff.),∂Ke/∂t (finite diff.),RGz,RKz,RGe,RKe
incipient,473563.75595478946,273762.5630426867,3909123.162251973,766225.3877981309,1.8790601107517428,-3.3680806827439747,25.421613704966102,-1.1139742645027535,0.11765872035998948,17.13595314153099,73.94084114374424,53.862255123262436,-206.5417967628201,-280.8702926728046,1.1064916397944178,-3.727966981960419,2.6242613015105865,-0.3654904678810662,-3.1834733189372657,3.0725219175087273,1.0175820091583656,-104.42498827839933,-15.247337191170834,-24.254145236284852
decay,483249.3237163335,250759.04716813483,3700933.19681812,858308.2568458093,1.0118752482351931,-4.14365282118039,30.657577515710088,-1.1466032812773612,-6.36879991055674,22.67343647406545,40.23175133813245,57.78577747812227,-135.5893871681875,-211.92389766871446,2.405734057911207,-3.2651844643166585,-0.33943139054024524,0.5258757412371131,-3.711674025532686,5.171813716476684,2.897590947071298,-75.61287812761041,-19.150511192925308,-20.80978296465813
intensification,505046.95000716613,291906.8033626006,3589552.472706758,999068.1850714416,0.7405924980988801,-5.3008760003088105,35.67767118623911,-3.577640277209127,-10.78571687764806,25.36722089550272,24.60863741434396,51.7230247558566,-112.29983288162978,-194.38849867654983,2.1833374036935655,-4.699515320626036,-0.208951453321369,2.5413240341583645,-12.41957485010622,3.9508764004043826,6.0164819221167605,-73.44647594878816,-21.102661138244674,-8.516836892003987
decay 2,496195.2847526035,333607.4818328348,3336203.1887739636,977609.8199286072,2.9413121106141973,-5.577893716681327,33.95149579051932,-3.9631939177395106,-11.508849287092936,24.539533306190783,9.990259658692214,38.673175616627816,-97.67251519424042,-147.84735174257327,3.497238421794647,7.207028964555464,1.985657182081276,-0.24048150188430384,-6.942689651905837,-5.075399035548011,10.85792486310708,-53.82575721173157,-23.165315009133273,-5.833884943916997
