,Az,Ae,Kz,Ke,Cz,Ca,Ck,Ce,BAz,BAe,BKz,BKe,BΦZ,BΦE,Gz,Ge,∂Az/∂t (finite diff.),∂Ae/∂t (finite diff.),∂Kz/∂t (finite diff.),∂Ke/∂t (finite diff.),RGz,RKz,RGe,RKe
incipient,341024.4927905449,218560.92842966202,3701170.274886077,116040.28874892887,2.1248052962603747,-0.2611270930742889,-0.9311434241267218,-0.4803590892356919,5.5741897477421665,-2.0470403130099424,62.064941234092885,1.7325267264958415,-220.29355476697523,-241.33623673168688,-0.4134653782333352,-0.6079339676497835,-3.0550958668772057,-0.3780154485065813,-22.11424189418701,1.325389706463841,-6.765607411433287,-85.37284500041355,1.449792868341958,-0.8579213549230305
decay,147345.56321209215,194550.79225244778,2881985.3351209452,149333.99444193285,0.313200694954959,-0.2620103425371879,-0.8474137548634946,-0.6803079409977374,-0.6644844085048575,-1.148819437599235,70.7613160061376,1.1656960216848524,-160.21446663261224,-182.4840895442025,-0.07895715304940332,-0.6472967183619046,-5.284178101817477,-1.308198977936407,-23.503991070086247,0.09498587955064933,-4.568503340894848,-93.73109401631532,-0.5776771387977214,-1.2378159559999602
intensification,75162.53807928541,155793.89086950192,2255037.321772103,123446.96793408373,-0.1690185539527899,0.1779248564275711,0.7643554569072666,-0.27063130059878804,1.839706120374573,-1.618985102013264,41.250467897346404,0.9416796311342113,-132.56175722327382,-143.04470538856157,0.7150222082185842,2.220454322053988,1.8150646135165234,0.3245016949057761,-6.612382245999858,-1.7685707407839948,-0.015735204383268586,-48.45818704630074,1.4949306398926807,-1.6752636144121513
