,Az,Ae,Kz,Ke,Cz,Ca,Ck,Ce,BAz,BAe,BKz,BKe,BΦZ,BΦE,Gz,Ge,∂Az/∂t (finite diff.),∂Ae/∂t (finite diff.),∂Kz/∂t (finite diff.),∂Ke/∂t (finite diff.),RGz,RKz,RGe,RKe
intensification,773609.1988190028,99139.78843125078,3388923.077314107,249663.20783381688,7.355943928493685,0.22031114897188064,0.7840573948109026,4.371472506654978,-1.393609479170613,1.8936464417962826,-39.69472665388295,-1.40604326495223,85.38065522419083,51.035508329593355,9.601646028669464,3.375146949936714,-1.9633336837566955,0.29225522180579516,7.744443468109735,3.1938083484940267,7.006530872879484,39.2991687986881,2.5497701376926094,1.0124365016021817
decay,545674.6200253945,61579.44453997613,3270577.32911177,298804.5842842303,12.203847159740123,0.5867668691462204,0.4228725130468514,3.9740853501859648,2.8346382624420947,0.5949642704708031,-26.97182544844056,-5.669059972174575,25.358565875532918,-9.89021315325879,10.577342929049992,2.6493375449209444,-4.577788865512432,-0.45173387546808863,-9.647969214314625,-1.0903342595398684,5.378186900931816,4.69713656133896,2.340620335100852,1.0275128754955933
residual,381112.6701407623,62190.31776426815,2729759.909101324,254433.92505507564,-0.2364435887844066,0.2915635510082358,-2.137719600920328,-0.7898013439638479,0.8682761650522295,-1.3902471060282593,13.852045988771897,-2.675935591080627,-26.6892227781342,-44.91846694109726,-0.919344745845534,3.03947374850825,-0.2832026434956922,0.6132896319085666,-6.82260623595022,0.3016072772032337,-1.0963588463240923,-18.30048903501738,0.922171842964742,1.629624611327381
