,Az,Ae,Kz,Ke,Cz,Ca,Ck,Ce,BAz,BAe,BKz,BKe,BΦZ,BΦE,Gz,Ge,∂Az/∂t (finite diff.),∂Ae/∂t (finite diff.),∂Kz/∂t (finite diff.),∂Ke/∂t (finite diff.),RGz,RKz,RGe,RKe
incipient,758499.8817063036,75045.17132010215,3892809.931777237,434912.5629819956,-2.6972248094095974,0.2739157230299852,-8.582807315416966,1.7148110972767208,-2.128433158201935,0.7139069931898786,-46.02850163595467,4.242728118788825,51.70079726879805,7.817149056891123,-3.0926647484269414,0.04262980591753496,0.884520214048249,-0.8027840841433121,2.083459581034667,-3.6513072238288964,0.5896442858705729,59.3919933418159,-0.07579570308645511,-18.191653755311407
decay,510121.49842194415,101820.9986818609,2487473.1403724416,617857.1164286726,2.0658724070748504,0.6428721361500419,-13.27781527606625,2.21834690704822,3.903330972190225,-0.4784985770011991,9.198476953277911,1.7934471483283112,13.191989720446086,-20.325048665573437,-0.31200054768770796,1.1543766540657632,-0.8335334351228251,0.11937148549054347,-3.0805862440112377,0.2451733098810924,-2.028119864088157,-1.0671203282977437,2.1733448333899203,-17.044436021561694
intensification,501276.0479242565,415210.84527019976,1706619.8502083858,744839.2583948816,-0.5794712517644813,3.879062565541756,-10.893017279421294,6.784202416300371,9.569739168118856,-3.6984432114804076,-6.3068369453207636,12.819460775890853,65.73745261056355,53.96291926521354,0.7157958329297813,0.9960269828770643,-1.1050684554683017,0.7015004110285075,-2.5998869142472114,5.053763808150045,-7.375216309809883,15.17943856225933,7.305083473267528,-25.442916663462476
mature,262627.77702873846,244699.43860956095,1541576.0974308618,1642459.696313005,-7.662968517865534,2.3372043402888094,-11.437383917679927,7.433902291050179,5.253164018166435,-4.549398485647064,-15.454668968513905,-19.63432008657998,120.21047047501793,59.15539800373606,-1.824201397466764,-0.2099489122071759,4.281519662955769,-2.234028065442531,10.785871781210192,-11.607754819412976,-6.297408532787388,45.34089318526956,7.4120683709659,-10.84472094156311
decay 2,266637.237568882,215135.1440994421,2457619.4060330587,587678.2352675039,-3.415420445461617,2.1397247683531195,-3.9485838244280025,3.369051589273635,2.4595587006697284,-3.3853324068553214,-27.238505543455354,-13.125466701532016,221.94596327047452,172.92181020396836,-1.3000669093958723,-0.9263016316830491,-2.4230549038055877,0.12782184913862324,7.066151686512809,-9.504607598407725,-6.158309281583814,41.66866149985778,4.74248107691446,-3.696776310577343
