,Az,Ae,Kz,Ke,Cz,Ca,Ck,Ce,BAz,BAe,BKz,BKe,BΦZ,BΦE,Gz,Ge,∂Az/∂t (finite diff.),∂Ae/∂t (finite diff.),∂Kz/∂t (finite diff.),∂Ke/∂t (finite diff.),RGz,RKz,RGe,RKe
incipient,652603.4594353845,98706.66377900049,4908521.243129712,538239.4206676879,2.339678889203584,-0.4218518146710536,-1.95467184883652,-1.1261827729263778,-0.13959134539288515,-0.42546540284662804,32.12956363761263,17.479104324608056,-255.26387777326224,-449.04932757813526,-2.8659256786807625,-5.312336456872748,0.3260353617722204,0.6033233509442542,-7.187743127531419,-0.7158813372658659,2.3834537816976358,-39.70231380551111,0.32445779553555787,-19.023474737784063
decay,653332.5211743397,108596.47340828362,4508754.346958394,509761.52061637497,-1.9847655398376378,-0.7540447846928521,0.2459677917007781,-0.8804293062738967,-5.230913553393777,5.252295695072758,13.992136073531071,16.29792775227213,-115.38281392987483,-187.01925882783493,-0.008735364554546285,-0.3209459325530176,1.1984694391784738,0.007639534067234823,-7.43122345026297,-0.48961175815129093,3.6905726680417605,-19.684561775657183,-5.3710406825865675,-15.661142412448749
intensification,708029.1310488682,122682.48234493905,4349744.313752698,496993.286629476,-11.87832092222903,-1.1107916763784171,5.070894256716803,-0.2298959219381109,-5.594851594274609,8.352054986396478,3.117467012322079,16.704950886548836,90.94204244999383,90.06940641668817,-1.389208119563499,2.439767116419741,-9.284110075934645,2.2425270082477997,-5.426726726099129,1.4463712219622067,-16.678371080267482,-1.7367670729089826,-5.22863222370837,-9.957789485931713
