,Az,Ae,Kz,Ke,Cz,Ca,Ck,Ce,BAz,BAe,BKz,BKe,BΦZ,BΦE,Gz,Ge,∂Az/∂t (finite diff.),∂Ae/∂t (finite diff.),∂Kz/∂t (finite diff.),∂Ke/∂t (finite diff.),RGz,RKz,RGe,RKe
intensification,682522.6357521807,141110.01705038713,1809953.459331503,347978.5256296343,9.283603583972534,0.27702903189639067,-7.145524940112989,4.414059646816736,5.562121600280665,1.4798820687952334,-22.035456333480166,-4.112547415895679,10.545892126535419,13.675127614384385,7.657761214019405,3.451929276621802,1.0076529334187567,1.0556445016216118,5.1353734762075005,-1.5804543172844363,5.006163949007015,25.032751165828127,3.7127930477467235,-9.027491488318482
mature,656103.6111123617,135520.0835909402,2105796.248871331,301525.45644239703,6.888597906776183,-0.09964090406513719,-6.562984197333243,-2.6111131509005987,5.696341730451485,0.8484724577317699,-13.075420085785595,-1.402598908967447,-42.863756062175106,-66.61294494742603,2.8035330392260263,-1.0158126196195119,2.9515982507756764,-0.4783063933520837,6.1536629526330415,-1.5494962461215909,4.0442135230352365,18.9034693289757,-3.838251097919315,-4.098768383586788
decay,1145020.6667275105,152441.24293954714,2351759.9555334747,443954.1577772398,1.2570864890531477,1.8925487554137004,-10.183237666686285,2.58117630595426,15.623635651117787,-1.50170930847835,-41.69931541626168,1.8522239881578462,7.892117492346001,-41.31728213887406,-6.9698020662640845,1.4141373825077796,1.5919948189336661,0.9744160885118124,7.2322817026710755,1.0782069880714946,-10.88200558771727,57.85774829656589,3.164752947530723,-13.538430972726896
residual,1066070.6175065944,368877.41969839507,3904772.485219425,532371.0854187104,-2.0404439031698547,6.921998438884632,-15.40816691110849,10.572922836607868,19.53566536915127,-4.8213100507733175,-97.86415516798856,-2.060275834608589,181.5205327368914,121.99673070481994,-6.451431242903088,3.277438513490278,-2.1834634046338572,0.4525618650755639,-4.562151730028821,2.0213428877059725,-16.837574238070353,110.7506142522381,8.924796313572118,-21.899471025401795
