,Az,Ae,Kz,Ke,Cz,Ca,Ck,Ce,BAz,BAe,BKz,BKe,BΦZ,BΦE,Gz,Ge,∂Az/∂t (finite diff.),∂Ae/∂t (finite diff.),∂Kz/∂t (finite diff.),∂Ke/∂t (finite diff.),RGz,RKz,RGe,RKe
intensification,228948.24814610762,76228.70430087813,1144898.2709311522,230356.36593494713,0.788598996244437,0.35981809347732846,-1.6015872235060469,3.7572230680824283,0.7942773469408065,0.7264449595326465,-10.485536928573257,1.5147848713039174,31.15596691727994,33.74123203804994,0.8379634493561506,3.3311454445502755,-0.4049327374436891,0.7323432675540914,11.686443465547745,1.509955110752114,-0.05079299466273005,22.98496862138261,3.403303282626545,-5.363640052140279
residual,577690.134063166,193471.21971430708,3718875.8671875014,492719.98490037746,6.095553554811212,3.4865054243929205,-8.555699152479665,13.655456484748418,28.795279800393303,0.8490711315782574,-112.0577962611509,0.12451082434392043,227.09544356474703,124.11262009204124,2.408216943227634,8.83822696249976,29.800052050028984,4.843757101394632,92.14379597235286,7.819373623136755,10.586831228839813,206.66173783117225,14.16363703017187,-14.516292838435248
