,Az,Ae,Kz,Ke,Cz,Ca,Ck,Ce,BAz,BAe,BKz,BKe,BΦZ,BΦE,Gz,Ge,∂Az/∂t (finite diff.),∂Ae/∂t (finite diff.),∂Kz/∂t (finite diff.),∂Ke/∂t (finite diff.),RGz,RKz,RGe,RKe
intensification,532784.9137833336,271791.1192035475,2531143.35353187,529768.5037901395,2.0104103416861596,3.4649294363602015,-3.698074347854282,13.501474838582183,16.389888347825437,1.39002622318565,-44.28735668435181,10.95382794452747,197.14653234445117,134.8944964259119,-0.7680164928997346,3.6773374264645486,-1.3315620292518238,0.7672706763389718,19.66388083315778,1.2270705616403028,-12.246110599030901,65.63890152367773,9.413789855375304,-26.926306569323632
mature,541266.5664408231,260949.6030685237,3500303.0634571225,432542.64096972626,0.15268461128319824,2.6531556548616275,-2.119881580595844,11.74514213351844,18.628146314981354,2.2276237325799975,-49.91399208916278,1.1488738476249722,278.8371332684032,229.2254311583395,-0.8449301230745734,3.368390616310332,1.5058646625978767,-0.8314631247871489,14.389591515547075,-3.6303541972108277,-14.316441386238651,66.27078057402251,6.032899621289668,-18.644251758950084
decay,489086.101757419,130120.79193697311,3448330.7545693144,314566.57961933175,1.8461553416484653,0.6610747137858187,0.9852512026343535,5.039681473122508,10.877998227888053,0.36011808458441336,27.394602194687426,-0.7926888047148206,4.425188218232326,-14.940516675096607,-0.13767291607393078,1.3612877108387953,-2.214604352334006,-0.6937612020297389,-11.740483534191409,0.6881055288391165,-10.585372524787777,-41.96649227316165,3.324727472722538,-2.5736359369342203
