,Az,Ae,Kz,Ke,Cz,Ca,Ck,Ce,BAz,BAe,BKz,BKe,BΦZ,BΦE,Gz,Ge,∂Az/∂t (finite diff.),∂Ae/∂t (finite diff.),∂Kz/∂t (finite diff.),∂Ke/∂t (finite diff.),RGz,RKz,RGe,RKe
incipient,1162080.5684326834,94481.86320837408,4889032.859145047,201055.54239028078,-2.596153450737405,0.7473401033508507,-3.4985187471014725,2.6216856179523926,17.949896016096176,-0.5560415415621502,-9.65461033041215,2.5854594737528322,-14.013599916632405,-79.83201139194958,-4.472684503307432,-0.41503452365922405,-0.27065150373976243,0.5833128512829879,13.212648942901012,0.9977604713725843,-20.069360867222493,28.961931471152035,3.01369990744668,-7.707903367434113
intensification,586563.6946246265,143306.94076589303,4892951.743933393,254211.9968693987,-3.5019049525685726,1.056456932606026,-1.8933089271085812,5.548342332985727,6.102686925446666,0.7921185316305971,20.95766593369624,1.4886574833766901,171.6362531276747,148.1514197645304,-1.754563294102757,2.5868952240109215,-4.545679971565025,-0.3276143953535541,-16.365272842218864,-0.4981074939390444,-13.093814916974235,-31.92772489623795,3.3721524733955497,-9.428416237410044
mature,412194.46102275857,55203.82876925576,2560185.8590355017,245127.6802271137,2.5910961104614865,0.6901271203624418,-12.474203064120493,0.5965472915683993,3.222144623267637,-1.2624769889112446,-22.742750246705135,-2.7931993159797743,205.51242171746262,161.11143311416194,-0.709029956073442,-0.1838106658534114,-2.7755376077274185,0.4897664193692931,-13.32137410833926,3.4281847215939605,-2.7164590001711284,19.304483092024878,1.6586635794864946,-6.849366318115159
decay,481939.6653063992,62723.47416380874,3850197.7427607873,138026.16203272014,-1.5319099640399876,0.2518553427963686,-4.009115788697909,-0.2297968415484032,2.1129922209452947,-1.1415385434760263,-20.383445311142946,-2.241308447507631,126.74379222623084,45.35485490886189,-0.3576696927788788,-0.13142371838630412,3.348507690480338,-0.2907815299828381,22.42028531956125,-1.430235609767258,-0.04453915170857575,48.3447563834421,0.36910482914841614,-2.9682461094091326
