,Az,Ae,Kz,Ke,Cz,Ca,Ck,Ce,BAz,BAe,BKz,BKe,BΦZ,BΦE,Gz,Ge,∂Az/∂t (finite diff.),∂Ae/∂t (finite diff.),∂Kz/∂t (finite diff.),∂Ke/∂t (finite diff.),RGz,RKz,RGe,RKe
incipient,727065.9705367779,52643.556518351856,2887940.8213906433,202200.1343989164,10.90577346100121,0.3077824976036292,-0.63272899531638,1.3786940153064187,-3.064907645722402,1.3404596886836637,-42.86256794539603,-0.7836279653460796,14.70439044862159,-13.52322993170923,5.639603384587855,-0.0771132449259105,-5.4786705743393185,0.30916629779222066,-18.425450677240743,-0.6082617521492648,8.799793029987924,14.164072802470459,0.03961812681134667,-1.836056797425984
decay,548937.2182853968,65627.2205682721,2372374.6977480818,194184.29739534223,15.809698563570295,0.35465703305073176,0.3574248223414273,1.2635143316651987,1.236406320023861,-0.28899060199483045,-35.46461085676049,-1.4963849751379874,-3.4905815687830057,-10.236981096142332,7.622267018771311,1.1951099302694452,-5.830761203451675,-0.040065167204601994,-12.392095720507294,-0.06780898624906614,9.09718807314549,6.905391750341472,1.1577827334046953,0.5224864795651502
intensification,399711.89639403776,51719.75659687001,2023802.0713847661,186780.17844473466,10.607093245116175,0.23918189677530635,-0.5989685895299527,1.7843992600443048,3.6566034379768086,1.0928725440042255,-10.744795548939138,-1.280094486068172,17.380024844816663,34.483664118391175,6.556190157536657,1.2302124396153107,-0.760533775086297,-0.09723901128313134,-4.188527731042529,-0.8480884585785269,6.429137928828378,-3.451856837689617,0.3551058079816417,-1.9513618220846123
