,Az,Ae,Kz,Ke,Cz,Ca,Ck,Ce,BAz,BAe,BKz,BKe,BΦZ,BΦE,Gz,Ge,∂Az/∂t (finite diff.),∂Ae/∂t (finite diff.),∂Kz/∂t (finite diff.),∂Ke/∂t (finite diff.),RGz,RKz,RGe,RKe
incipient,213910.5716929665,285132.06765161885,3355524.8877418116,398753.9225963297,0.024019174938218146,-1.2171120212564956,3.141323934598537,2.676725128528995,-3.5803612521811488,13.135067103459562,22.81159820013721,-1.3624724148791267,230.01804467450725,220.26974589763338,0.2083549476105423,-0.9481751556079584,-1.0475431969957285,9.474298002566272,19.18637347273362,-4.785886906470934,1.3397252088671427,-6.7905678369403475,0.233068048892199,-2.9588156855222665
intensification,160665.08581407243,531433.4554429227,3256936.572558411,615850.5811035496,0.6659765009128991,0.12852605070086273,-0.22057872539092466,17.29620536217311,-1.3931551681456043,15.034666936047634,-42.93179102904672,1.0793281675896425,193.34476158234617,203.00206773487017,2.0030545500002077,9.0033008436004,0.8682257925615053,-0.8735204079501775,-2.0393732052482143,5.727141918735906,3.0558835123208707,40.447020048276535,1.2594919674744367,-12.868970336417771
mature,280181.88640203624,297580.49130732915,2900110.28015887,938575.1767921976,-1.3258679299818943,1.4390903214075474,-33.43822999198056,4.081728735725456,-0.4093157585213272,-7.2494384612500955,-43.17937732559864,-20.891817535002115,204.8367615996619,164.20288996291,-0.943011073227205,2.0706211663045186,0.45323365389951464,-6.112440710348549,-14.450927863762011,-3.543189576198994,0.9757718038464946,63.49254738379907,3.779636165219455,-20.171330768902894
decay,340999.8869632163,157423.2925595945,3426958.9137688535,551463.7218020646,-3.625306433987453,1.0861313034657154,-19.51221037483433,2.9713376615016074,-5.119291210801254,0.3263545417714278,-43.552507885037905,-3.5936398542012546,289.31787806140557,224.97732340203495,-0.6100804618639571,0.3129266818322905,0.5051826516863386,-0.8978701354225608,7.247054047435753,-3.9157651258943713,3.0852987319658545,73.93707874129545,0.6609816808419032,-22.805673308029053
