,Az,Ae,Kz,Ke,Cz,Ca,Ck,Ce,BAz,BAe,BKz,BKe,BΦZ,BΦE,Gz,Ge,∂Az/∂t (finite diff.),∂Ae/∂t (finite diff.),∂Kz/∂t (finite diff.),∂Ke/∂t (finite diff.),RGz,RKz,RGe,RKe
incipient,903658.4358907981,451520.52283248754,3912599.6102094636,369219.88232958707,5.10597054797616,2.6748892636489496,-3.9763059498656497,11.848085113860819,10.664091291658801,14.544376252544032,-11.442074141572183,6.230673798939563,273.990578780597,142.88531828630582,2.6629091323477385,1.2467993525708823,1.369539950214054,1.6049118246465361,46.935185472758455,7.311047623839554,-1.5136915298196378,57.24759501622012,-3.7662685776856244,-14.744017238826478
intensification,442313.9171967303,582005.9916832859,4046386.9444869566,819978.5617957137,-4.772028687833277,4.33147284974311,-12.717480778291284,18.628899137722556,6.808638466191098,-0.9504211627475149,-7.282923564688959,20.059034346045646,330.76830045166116,282.00712487355935,-1.2540327357580783,9.55424212048899,-8.358164548953223,-2.012708312702159,-20.60613768303415,9.149367948854424,-15.607358853234489,4.166295347779371,13.235139138024802,-42.25604631320506
mature,270296.91039563523,152147.553373336,2282855.14818434,1018126.3395231726,4.336887880291898,0.05856012507848107,12.763245331527974,2.8720941733679024,4.484063968432548,-8.915666292645705,2.297368044667895,-3.838041024640392,57.39407712930824,5.396935097250927,3.773221060361994,1.8069250056230575,0.9328609071986435,-7.652829303324033,-23.08354130337135,-11.588198448049157,0.8442449441364747,-42.48104255985912,4.076371037611095,2.1409937347513064
decay,156723.74243243347,77304.86785964778,2485528.3808183614,428758.81854226644,0.22140416504268837,-0.3663025527363592,23.348433866065967,0.5312637527287162,-3.0074771694429683,2.16283288425055,-1.4514423087859873,14.191432750606902,-113.46631199883446,-140.32265389556412,0.6706021356501395,0.6284843432715562,0.16518201052882117,0.651963567009046,5.705673639811221,-5.499640727263903,3.027760792278119,-16.41272208251145,-0.6133030117764285,3.126096635466448
