,Az,Ae,Kz,Ke,Cz,Ca,Ck,Ce,BAz,BAe,BKz,BKe,BΦZ,BΦE,Gz,Ge,∂Az/∂t (finite diff.),∂Ae/∂t (finite diff.),∂Kz/∂t (finite diff.),∂Ke/∂t (finite diff.),RGz,RKz,RGe,RKe
intensification,462080.1198310184,83712.02789711638,2959590.378228117,370270.3231237995,6.076857401082105,0.6707649675291396,-4.2668858491728985,3.415534974942749,4.172479623474015,1.5403186697276896,47.59404449128369,1.6759598226013892,51.5763525645642,61.958851951597104,6.22734386642511,-0.12705123256610507,-9.963220850193306,0.2588012682815231,-26.990139677264388,0.7190540383802417,-7.388078105056078,-76.39415572045729,1.463252605967443,-8.639326608336795
decay,429289.8514956004,80235.73694875883,2767381.7178694955,250149.94005958948,-1.3029530856088671,0.29418851685929365,1.514018917254214,1.8666350215816423,2.7052000854330953,0.7197327139022083,27.772973234030882,-1.8911915068986689,41.168437785465954,51.691072801820766,0.20205994225192953,1.1558025665068692,2.7362258801276877,0.06410459650846903,0.40991106153373896,-2.4375150882170185,-0.9777387740549806,-27.574128004142487,0.9168183873286097,-0.8989396856457778
