,Az,Ae,Kz,Ke,Cz,Ca,Ck,Ce,BAz,BAe,BKz,BKe,BΦZ,BΦE,Gz,Ge,∂Az/∂t (finite diff.),∂Ae/∂t (finite diff.),∂Kz/∂t (finite diff.),∂Ke/∂t (finite diff.),RGz,RKz,RGe,RKe
incipient,201686.33085130423,170517.73685230126,2519851.725180959,250855.5411499912,-1.1472543735283327,0.7455698082285311,0.3971440488383099,4.853758858138067,-0.6934788862522193,0.6966803950234919,20.600870325880592,2.879526795364568,95.34760079438615,133.76432250534918,-0.6752398274267404,-8.735767301800943,1.97489590105834,-5.360967141843419,0.1215555032601804,-3.3224411601050248,2.266690222010758,-19.72920449793039,-1.9494584869573748,-10.65858276476935
intensification,295963.3739119029,75983.89739577298,2394214.457590055,140682.95735598536,1.2344696227267853,0.17220093312376133,-1.5250862818188884,0.6170324878678313,1.8053883418135857,-1.289086420838535,-4.609356387493619,-2.544014361676293,89.24508395668195,97.63039999598388,0.12270722481688978,0.526823991876338,2.4826826678648883,-1.5218263986048368,-6.3945501926247585,-1.7112432317612112,2.08396488190185,-1.4945771460390371,0.21209157697776737,-1.309347639771637
mature,360294.1751716733,61300.19964870853,2087292.169964572,157308.23403676104,3.8450372361967977,0.4628660333441542,-3.881144474705061,-0.09884419106687861,4.139172943419768,-1.210577974323241,-18.68934611384826,-2.0651914194216934,86.0741843311184,102.39405789934276,-0.32295044894089653,-0.005797692899658799,1.4668454608566308,0.25557753686240037,-5.278522431159336,0.9739167186514573,1.6355757869778142,13.44693092119719,0.9044452867746087,-0.7431921455650319
decay,431445.98110977584,109146.38261070516,2159757.4685288984,242635.75081099418,6.247605748301509,0.6389953492288618,-6.506966557110286,1.2587044504420297,8.56242825963778,-3.055152854192551,-23.439359738035392,-4.040494530253279,115.69704472545666,127.66678201151497,-0.3336436573825272,1.0709741935480541,0.9792548237425363,0.1347671165352201,-1.5469180454589015,0.3938190504042624,-0.6965723383648752,22.151802501385273,3.809629071940938,-3.331357426894775
