,Az,Ae,Kz,Ke,Cz,Ca,Ck,Ce,BAz,BAe,BKz,BKe,BΦZ,BΦE,Gz,Ge,∂Az/∂t (finite diff.),∂Ae/∂t (finite diff.),∂Kz/∂t (finite diff.),∂Ke/∂t (finite diff.),RGz,RKz,RGe,RKe
incipient,448388.8756476837,28076.717786067627,1844389.644827738,79029.21381187456,0.17505092791597915,0.1883753385493867,-0.20483203877939382,0.4323644980077522,0.31729003452143884,0.30843663261206056,-25.50397908093949,0.7159152863134373,17.82204039730659,1.0440869384669198,0.9465306412470582,-0.23274795856535924,2.599706713386032,0.27763118558774647,7.631415566858373,0.17425396555674943,2.6458429453299583,33.16517575866128,0.21318371243405126,-1.1788578575438338
intensification,431168.1719945594,80941.77826098508,2223941.5528018773,102434.21451715434,3.6581174422734475,0.5876590562168935,-0.5754917819580655,2.3017578614578924,4.640025935725345,0.47372255480289355,-32.923427478705314,0.6497448809040988,59.25026332771083,41.85230489897595,1.690008765824831,1.4269665037506838,0.360981337484316,0.9830667541869745,5.0598874675665195,0.4764438388393379,-0.03326809975068773,34.90068928595646,2.2234430046250804,-3.050550685480719
mature,465410.2374102802,186142.98204632965,2842273.027031834,169509.06888412897,-0.14764464282361536,0.05279437876147045,0.6826397702085987,6.202148809810196,2.2903347678961508,3.8345432653798883,-31.626338325710282,-1.0425785083312546,164.72448975934068,171.26090362485078,1.3228046901333277,4.850756027208193,-2.9101184993140055,0.9410614154686128,16.103703491531082,2.156801397773668,-5.2953035312723005,47.19504668985638,3.25587258113745,-2.3201291334966743
decay,340879.469263682,187554.62253483888,3423502.478354055,227909.26160037948,-2.841222220314959,-1.0131664775950657,4.280784384461068,3.609166908175967,-2.6944883027658832,4.830383267740991,-6.8762170147487796,-3.679293444612558,207.239324482873,223.45305781877005,-1.3912467345913127,4.541998192701871,-1.060619764331905,0.2576344400651345,25.03336915326648,1.2098832133776671,-2.220520159476046,30.470024003869156,0.04958455809517689,5.5607941342753255
