,Az,Ae,Kz,Ke,Cz,Ca,Ck,Ce,BAz,BAe,BKz,BKe,BΦZ,BΦE,Gz,Ge,∂Az/∂t (finite diff.),∂Ae/∂t (finite diff.),∂Kz/∂t (finite diff.),∂Ke/∂t (finite diff.),RGz,RKz,RGe,RKe
incipient,704360.2331925135,222599.32282025617,2910369.0130755957,298374.38562339346,5.541162067423328,0.026572799490568788,-3.513940783844695,9.34118649965031,-0.6973216076076623,3.9806452513213695,-17.318229387005942,-4.539989062799657,100.21926551119645,85.11819573251123,4.4522429352875195,0.4309422252903279,11.399628794733118,-3.6083185054028215,31.26547676684696,5.556829290619171,17.664685269254676,46.55648487027427,1.72564994343555,-2.758308930076177
intensification,495880.8758103989,128379.36904346732,3028565.7108713915,315011.429040879,-1.7068448089137276,0.6235043223397343,-3.927261395680712,4.458539566431985,0.35275945446271717,-2.828738647941428,-2.164498075480096,-2.5026063901945697,-0.7548071313761858,-10.674207870539785,-0.356014519394285,4.154670375984341,-3.2124624370115447,-0.6432021919992021,-1.9377768444283123,-0.29554872982957736,-4.648562378048255,5.860827435646223,6.020571700034476,-6.178743301747703
mature,242700.25630088663,95800.5401209799,2776686.779593897,422573.7244465936,2.3750874324848423,1.135323848899197,-5.035652715968841,3.6087242218171234,2.6555734866027696,-4.077610456761091,-13.519585295777043,6.4089057359216275,57.84795831612165,57.005937881026185,1.4292888450210302,2.5772753144624625,-0.8077729151827296,0.17662446786007627,0.8441240617240225,2.842881007600016,0.04706487959853968,17.024274640985066,6.727635297539094,-12.210401666107572
decay,460407.7506177413,98599.64090450476,3749358.6535786972,195029.81907822474,1.499888277535853,-0.056944176403259404,-0.4360275568011013,0.14079490934181546,2.831630725233024,0.19007590905498054,14.300611632597588,1.272886434956174,1.178236179013133,16.807176176585944,-0.08766352225983441,0.6047098450663457,-0.13222205468040749,0.34637688515507353,-1.3171593119710963,-0.9329072918114073,-1.5209086787808384,-16.68163166530344,0.35404006184516773,-2.7826161929104973
