,Az,Ae,Kz,Ke,Cz,Ca,Ck,Ce,BAz,BAe,BKz,BKe,BΦZ,BΦE,Gz,Ge,∂Az/∂t (finite diff.),∂Ae/∂t (finite diff.),∂Kz/∂t (finite diff.),∂Ke/∂t (finite diff.),RGz,RKz,RGe,RKe
incipient,805604.6569559096,424364.81325161766,3516588.4248262593,301642.02109651273,-0.6202427894485144,3.318702369735394,-0.8439697981129998,8.664609815350563,21.44510847921047,5.779545369158483,-12.483754513968867,14.936565716157604,249.2848760497217,243.29323354667733,-1.6176104942458842,-5.729927824750187,-6.325269948425042,-5.063556239951795,12.300908606510099,-3.4591484285846215,-25.07191884734863,26.248875708040476,-5.4971941634951085,-27.904293758205785
intensification,436820.56043268007,313164.75569407246,3800792.0340565857,264035.41298359237,-8.048469358877359,1.47199181718833,-2.486404651982716,8.031995568943575,-0.9556991393957032,5.216595993474265,43.00678657804557,-1.51557460193175,205.3438427297783,160.84941794548934,-1.4228815732167384,0.13703376566500353,-1.1227166126079626,-2.452861147304076,4.982142339570675,-0.9836177557324697,-6.743495014901289,-27.48977022761482,-1.1094533890230946,-9.98644337472701
mature,751893.5360742545,48452.96842062578,4592249.396475382,188352.61125256255,-5.02122486429304,0.42556860934618423,-7.0062213895827075,-0.1028169411449124,-9.205218913636234,-0.9642764326504784,16.036179045817413,-2.429833153716061,-107.57006298364873,-226.57203716311946,-2.010883784684359,-0.2650568591598785,6.080498274109128,-0.5028993167624569,0.8411711096082023,0.6772069219797398,10.690060932798506,-3.1675616823334667,-0.06700843460307519,-3.7963643727419942
decay,605563.9055339503,47543.48967522656,3651009.9858048777,128966.43895456346,-2.621003561072013,0.45205541724110665,-1.0335642293702354,0.5520608484682312,-4.312724470157706,-0.5994321115403709,0.41203640701555977,0.29100252695270673,18.80964730916989,11.751323798583629,-0.6610718721815945,0.42155474169490353,-2.778065473293294,0.27531553143639464,-9.763977098729416,-0.11374136458396028,-0.634289146966494,-6.521445715302731,0.9747530742038901,-1.9903689693751334
