,Az,Ae,Kz,Ke,Cz,Ca,Ck,Ce,BAz,BAe,BKz,BKe,BΦZ,BΦE,Gz,Ge,∂Az/∂t (finite diff.),∂Ae/∂t (finite diff.),∂Kz/∂t (finite diff.),∂Ke/∂t (finite diff.),RGz,RKz,RGe,RKe
incipient,319228.35614140047,89440.27333537981,2055080.2531456826,219328.8481745508,-3.5655723418796925,0.0599336257506757,1.6866020402098851,2.095382937686213,2.2282605944641696,1.3624490769203172,24.905657362416118,5.51294725094831,-25.114227796435976,5.686796085219824,-0.22270534721047905,-0.8222002017963098,-0.8513635650019031,-0.025169639034517147,-3.4286509669901473,0.33636965576374167,-6.58526287559509,-26.45533802773646,0.6478305959807027,-5.585358492660896
intensification,309837.0824369377,85737.58263032755,2197532.2332316707,212698.31630399116,-0.5242592625132321,0.2715498185586981,-0.5580945012885159,2.4601611880981755,5.349757467407835,1.6111370019546218,9.926092379992024,3.8035431312142713,-37.513702510588374,-5.073723468689218,-0.6835906267715156,0.9938980979201343,-0.6668787364084214,-0.27067374673130784,7.449199816670682,-0.5968448123349684,-6.26934564777079,-1.394538799519593,0.3068006208535479,-7.418643632935931
mature,269598.33946184296,72645.26237585187,2525461.773218555,178846.24219342245,4.560432531193723,0.3808315018622604,-0.6407827055397205,2.4835329940077346,7.665711781412529,0.8968174555738775,-21.034806609496158,-0.27858124425429287,-5.434953347986344,6.0785746495385276,1.981288474792629,1.5245303355797355,0.26530275869738906,-0.1627918908978706,10.111843439723394,-1.5031371324584417,-2.4591449896591566,27.227000223565547,1.0430921456737259,-4.348871587751604
decay,326456.8059793536,59488.11981388723,2914394.292247789,131041.48280929153,4.914461696140702,0.34790385035328075,-0.9919153805385421,2.1559157896445384,10.353728867972164,-0.17110975025472144,-33.597446364942165,-2.796111439500692,23.942087231254163,-1.4781004509260534,2.269097562841829,1.9004870036993609,2.732809393681269,-0.6751508752931289,21.835174943275472,-1.34261195284983,-2.358553927796913,51.51007499261548,1.3039708142528494,-1.6943316835322177
