,Az,Ae,Kz,Ke,Cz,Ca,Ck,Ce,BAz,BAe,BKz,BKe,BΦZ,BΦE,Gz,Ge,∂Az/∂t (finite diff.),∂Ae/∂t (finite diff.),∂Kz/∂t (finite diff.),∂Ke/∂t (finite diff.),RGz,RKz,RGe,RKe
intensification,468866.1697039011,227287.96568480396,2691451.137104896,292121.90635693,-10.397036491807672,-1.0099069194551473,5.080442647333891,5.163453477886397,-8.696594250268541,14.744758487619437,11.6382015601124,-1.5139161610374385,192.92968144415428,308.93603444753825,-2.5164429313946326,0.41625029069521446,1.5326256241493394,0.8567929628655714,28.179146066450777,-0.5906464516077419,-1.177723536844938,21.85753835081216,-7.714605127412321,0.8402588788771911
decay,413630.6120337566,170457.4355566035,3031633.6961109154,238472.04768530597,-7.368325897665822,-0.5706442416569056,3.021062950758009,3.101347040030399,-3.021975155280597,11.50608047117451,45.90222653281568,-2.471740969813943,211.1779575357081,271.0472056141224,-3.4281333977710333,1.4913263840667628,0.025271195518455025,-2.4220991721810075,-4.486769780627513,-0.6198682297509769,-4.891723788523676,-46.04173336653538,-10.256188361668212,1.7715886507905765
