,Az,Ae,Kz,Ke,Cz,Ca,Ck,Ce,BAz,BAe,BKz,BKe,BΦZ,BΦE,Gz,Ge,∂Az/∂t (finite diff.),∂Ae/∂t (finite diff.),∂Kz/∂t (finite diff.),∂Ke/∂t (finite diff.),RGz,RKz,RGe,RKe
incipient,475708.15357037744,97540.62126142003,2221904.6376512903,211319.66195241982,4.371435892982836,0.10239037101732212,-0.5248001271784197,4.570151687672634,0.7912696690009211,1.2842948891337167,-77.66291997672829,0.5451582620006725,95.1479109015961,67.40562813648154,3.903141103039309,3.5244850499682427,3.8652540487127722,-0.6681520329222695,17.794047382803,-1.3250492542902335,7.547810643712008,91.61033159372687,2.5153143945993253,-6.965159331141959
intensification,898454.8654634157,300197.11239861563,4527413.511403605,665249.9847707965,-9.14591441613956,4.6681194114612135,-9.368637780392547,21.503897476381457,11.77449419118174,4.579446954446789,-88.4321391485549,12.28211344331157,208.48521975177488,141.6166268843144,-2.291773655051961,8.632163202855825,-0.8244664564832055,2.352628307695984,12.912070935269112,7.423916432310608,-17.076755652343287,119.85876228035613,14.608959418169437,-35.73073226777496
mature,386008.1160220214,178050.8277068356,4108466.6861028494,886315.0356813077,-10.147800202431974,2.66123003158057,0.9284706310293782,12.366156647908415,-7.221116175370374,-10.525096544006175,-23.65943364078379,2.366814286536206,139.5223289299066,141.3351177473491,-0.6211707194571636,6.532481632542425,-2.2831451142848054,-6.481503771287185,-16.857082364095806,-12.322155976034473,-2.5485991097658363,16.02168084809058,13.748519389046834,-26.12665627944972
decay,272896.5583407627,129707.35910625679,2078478.60258632,1021728.1535707396,-0.03942034630301919,1.127400557371585,-8.078189323557304,3.4005305886339725,-0.4554526101477957,-0.9064343360828144,-13.120269524287274,4.168363551135381,43.83540761583615,15.232865411162793,0.050419965522724576,1.2127426680579125,-1.2767359074041984,1.0778422220235706,-16.99577039722102,6.64958753312096,0.26669691381216265,4.242108796926578,4.257406589368773,-8.997495930205698
