,Az,Ae,Kz,Ke,Cz,Ca,Ck,Ce,BAz,BAe,BKz,BKe,BΦZ,BΦE,Gz,Ge,∂Az/∂t (finite diff.),∂Ae/∂t (finite diff.),∂Kz/∂t (finite diff.),∂Ke/∂t (finite diff.),RGz,RKz,RGe,RKe
intensification,314820.8250449453,166380.73663382034,1551826.3409555948,190601.6390730216,-2.263461945401728,0.6117855444299032,-0.868290201472895,2.4969024762035352,-0.930374336326904,0.5747533530613255,1.146299870200259,0.28211295294988353,138.73074167501818,152.66033463203937,0.16093821275080933,-0.44299107887132894,-1.6793574832697853,-1.9041831249270662,-13.559261741300052,-0.7494170842425346,-2.400659547914706,-11.573809464625688,-0.5938195462147595,-4.396722714868849
