,Az,Ae,Kz,Ke,Cz,Ca,Ck,Ce,BAz,BAe,BKz,BKe,BΦZ,BΦE,Gz,Ge,∂Az/∂t (finite diff.),∂Ae/∂t (finite diff.),∂Kz/∂t (finite diff.),∂Ke/∂t (finite diff.),RGz,RKz,RGe,RKe
incipient,513644.15818930225,173184.7963404821,1138546.9134415814,199770.62863964308,5.294933277638317,-0.15943887967848147,-0.8083527948184619,-5.326799987115463,2.088081375794996,0.27581057983619434,-9.49511631098327,2.543454361109084,-23.511183414046297,-74.59759983329685,0.43191151306948655,-1.0046197067503793,0.6344897550972329,1.4488972881153492,3.820203227218022,0.43224783197856675,3.681902777262072,8.828739055381439,-3.9942743991578262,2.4072406631664838
intensification,1256646.5771812985,188089.90229686684,2221569.790766369,266634.4484366766,11.924278941206817,-0.15869760610178404,-4.9474831997602555,-2.855536253860008,23.613967090724454,1.7350423178853,-5.331735455837945,1.9855541421368141,-114.084413499762,-173.0512395734755,1.123734003941755,-0.8094767547600971,5.949602430898686,-0.2496461515906862,12.781089734738584,1.6731781884246082,-5.898783324720735,11.136029449129976,-4.681527117234211,-2.4043228996124517
mature,1345787.908882718,158123.93893937967,3499049.0147385444,395755.79755575483,5.983287939402474,3.8317983494331442,-15.964584310723069,4.701222698101805,16.786293793062498,-5.062178793197507,-0.1731599286891088,-8.507554749956109,-25.992652674925345,-83.31275033998773,-2.9284940888064916,0.0508228252607954,-1.6807937070203212,-0.6843937789142609,9.263114667120227,0.9607750621320368,-8.652001211247203,19.41757096712993,5.247209362951908,-11.197477196736727
decay,1245765.157095075,436940.93666063494,4515322.006724239,596395.1412074369,8.424675395702094,7.503845636549322,-21.63561642676776,9.543803855873765,20.726449120696376,-5.060389299616722,-47.849592843917485,-12.156844367382233,236.5180853910991,95.75185710180594,4.231214902165981,0.6539154208410631,-3.33329804015555,2.8201133425895426,9.565731899160564,1.293221710050383,-8.131226128600513,70.6262657741437,9.92046086153071,-17.729354205208917
