,Az,Ae,Kz,Ke,Cz,Ca,Ck,Ce,BAz,BAe,BKz,BKe,BΦZ,BΦE,Gz,Ge,∂Az/∂t (finite diff.),∂Ae/∂t (finite diff.),∂Kz/∂t (finite diff.),∂Ke/∂t (finite diff.),RGz,RKz,RGe,RKe
intensification,1088599.2730995691,59431.36621464557,2623636.3882079464,140784.40122816697,5.9570436955420885,0.353226374212655,1.4451922416162917,1.6974842316962697,3.3857047688248945,0.6766502239648908,1.732611839459421,0.13039176353810317,-68.38400522356976,-70.79234563221448,2.2553611905500106,-0.041742578009890674,-2.7945546801814904,-0.5258398894898649,-12.398138134998552,-0.6689051455327704,0.13001062074835756,-21.532985911616354,0.14176774402885886,-1.0515888991508517
decay,790793.196986142,51378.41874782517,1799927.2428841088,109114.22165748797,3.6305302606214176,0.28326489440840025,-0.0035350102605355197,0.41066156266808745,-1.280788632883202,0.034480163889186316,6.485476601895061,1.5600903025506057,-68.67952365586432,-43.40793649751718,0.5707844008022938,0.11154308663473235,-3.833287197202201,0.5164120046559438,-7.703913332282987,0.2499853944923411,1.361296590710819,-17.816385184538934,0.6093285090264446,-1.7243014809868875
