,Az,Ae,Kz,Ke,Cz,Ca,Ck,Ce,BAz,BAe,BKz,BKe,BΦZ,BΦE,Gz,Ge,∂Az/∂t (finite diff.),∂Ae/∂t (finite diff.),∂Kz/∂t (finite diff.),∂Ke/∂t (finite diff.),RGz,RKz,RGe,RKe
intensification,993157.0330670353,280370.22955073154,1851594.4873217593,539930.2227854864,7.438493342231203,4.178392190788427,-5.8496342315607945,14.18802917190192,6.406802817973549,0.8783388398037811,-53.017335308551125,15.77774823208961,62.13176147107082,-21.423042240713173,6.6653055598594575,5.19602596323375,-14.160099845430446,0.8139082692687453,0.44258033709041555,7.843821876234948,-8.950017130384364,51.87105653497114,9.945206410578457,-27.97158975931738
decay,589675.9660893006,386451.5248312935,2433086.087569467,702424.1663436517,-7.456113518237418,5.111479908960662,-5.248865686607541,18.588205194073886,10.059822449150522,-0.12535264405148733,-84.86546222538688,11.241101544244206,190.17076282103613,93.57590709607061,-2.206476980079623,10.210972610699631,-0.9569044161712035,2.397608630334778,22.878624300821517,0.1147976338896276,-13.361360474598484,120.44906573105335,15.999686559499493,-34.963374791036
