,Az,Ae,Kz,Ke,Cz,Ca,Ck,Ce,BAz,BAe,BKz,BKe,BΦZ,BΦE,Gz,Ge,∂Az/∂t (finite diff.),∂Ae/∂t (finite diff.),∂Kz/∂t (finite diff.),∂Ke/∂t (finite diff.),RGz,RKz,RGe,RKe
intensification,331329.06672264443,114265.66079182965,1744269.5814604177,321122.3275672554,-0.008638059269099573,0.7272881745507062,-0.6352151773498305,2.128074805497728,1.5903849520622002,-0.42695081565716236,8.623207491538436,4.000829777365675,-73.65964760034579,-76.20181559091121,-0.07257897110681896,0.11333240233660709,-1.7554351014480112,0.14424439091043884,3.3610698895570166,0.6531942712075229,-2.627169938228605,-4.618284365362489,1.9719818375146227,-6.110925489005711
mature,314948.5452975728,85244.05919124963,2610064.5556262718,394111.3816496244,0.23197940483273927,0.9738909851907828,-16.26813862921251,1.6891529680636177,6.119171280308549,-1.8396846195877108,-15.568293711850671,-2.883915577658786,46.36546655000535,33.32790521355517,-0.3088499489075991,-0.42817054887203404,1.9986803703420541,-0.7404309184200475,10.897634260257655,1.4840252876278186,-2.914620519942973,42.5020871964881,1.8145156840404983,-13.589350731989521
decay,873804.0590125149,80717.83142375213,2955073.584071524,290266.30280745385,-1.9103579042081127,1.0005142818663004,-6.849593869238818,2.0243274081476876,-1.0749612453795812,-0.262241751768712,-31.51009878406928,-0.908238758247092,94.68072521608626,100.83053784939736,-1.770551191628207,0.31235531440878905,1.209448562151227,0.1904686519394058,3.15141657329919,0.01646354833388806,1.3745661851889956,43.4214671308154,1.4765235299895043,-7.949218970805525
