,Az,Ae,Kz,Ke,Cz,Ca,Ck,Ce,BAz,BAe,BKz,BKe,BΦZ,BΦE,Gz,Ge,∂Az/∂t (finite diff.),∂Ae/∂t (finite diff.),∂Kz/∂t (finite diff.),∂Ke/∂t (finite diff.),RGz,RKz,RGe,RKe
intensification,1295820.5597750114,443349.18772097764,3337340.3522856417,1683355.6150130678,-3.787196506913828,-2.3160254659426136,-23.274826897108955,-2.1146787437067447,-15.141993044102245,16.202707970674616,91.33685455587265,-51.3113423000174,-126.79503134270243,-202.42049434793478,0.6378071738085122,-2.580404221666969,0.8786425343049328,-1.9153543036271368,-8.352563996558958,5.10189255522829,9.917413605550738,-72.62739514840882,-17.916715552065885,35.25308670184348
residual,1012694.1413748213,439411.9672185445,5111185.194092858,780768.4453267185,-7.303936116948068,8.227880775695544,-3.1037259734249907,20.067840175209906,27.456263771481378,-30.072343338776932,-136.5390292972395,16.05971333068615,433.5296996721973,320.70978922531117,3.636994759086523,16.863892125200035,-4.275143035236307,2.1762237851825823,38.24239756309179,-23.700489309702917,-30.807462147970213,185.18908895070433,44.08852652347387,-62.931768789023955
