,Az,Ae,Kz,Ke,Cz,Ca,Ck,Ce,BAz,BAe,BKz,BKe,BΦZ,BΦE,Gz,Ge,∂Az/∂t (finite diff.),∂Ae/∂t (finite diff.),∂Kz/∂t (finite diff.),∂Ke/∂t (finite diff.),RGz,RKz,RGe,RKe
incipient,760632.154386343,217702.84539002037,5147078.7109009465,251369.07214874672,2.2749771869867668,1.8560457479865307,0.2086855526241027,3.9777682163263552,22.557824493595273,-2.0536615306937156,0.596718520271582,13.840168367549174,195.68020305517743,264.7755710698491,-0.6310002900116957,-1.8070348012109845,-0.03243195733096974,1.7839616576276585,10.729677813591143,1.3755959818956203,-18.459233515952942,7.649296553708691,5.959345656661199,-16.233655049355804
intensification,572037.7943241886,236571.41475392273,5421570.874377388,275520.149740561,-4.621551049120442,1.2959301514027182,-0.45474124121712767,5.856238679925887,9.455183893483508,5.400053688573837,44.864490594385074,10.317957293625383,242.28113155064128,306.6239966523993,-0.18820874758844783,-0.08946460547020936,-5.964207608843416,0.022798577214560477,-3.922915859905576,1.2207130030718432,-18.745012400044644,-43.71111416395309,-0.8169465828361074,-15.408224211696558
mature,343989.61579550675,241526.28391325573,4937820.812280443,333972.5144788951,-8.561426809936822,0.5568647715208896,6.859556861518037,7.547737402141372,-1.3398858425623748,0.11972313917071653,95.45875356073682,4.877178666601606,151.01168137910537,228.0483348230747,-0.2906724207331935,1.207453533132833,-0.4867304147355971,-1.2800025328329516,-9.995782558492307,-1.0438298957010193,-7.151406610589154,-103.75266617081034,5.5911469586168145,-6.60918910292596
decay,450823.1451108338,96901.66687522663,4600853.392214691,231889.74818759452,-5.634330183650481,-0.2378581113537272,8.051832392760181,3.4738425656540657,-3.44955974458938,-1.826392168701593,73.04474274508974,0.7905366951968135,66.8096784571854,80.3275892098689,-0.6497523496271931,2.5905657124250068,2.3891010622782196,-3.2814087742776197,-13.38920027719426,-2.471240058586931,-0.033527488136607796,-88.85144523139368,2.2566840714317666,1.3162130733223716
