,Az,Ae,Kz,Ke,Cz,Ca,Ck,Ce,BAz,BAe,BKz,BKe,BΦZ,BΦE,Gz,Ge,∂Az/∂t (finite diff.),∂Ae/∂t (finite diff.),∂Kz/∂t (finite diff.),∂Ke/∂t (finite diff.),RGz,RKz,RGe,RKe
decay,306029.1891647319,87544.31092642293,1285891.775620145,310849.23361945205,-0.2568226204590822,0.596915615668732,-15.165055012920247,0.7179614792450558,6.055221224037499,-1.7956881637302295,11.018661512114784,-5.707147125720291,29.704425235851136,9.50814141621977,-0.5820468427125556,-0.6095768592987364,2.719122476591885,-0.6604909844005983,7.982702324309308,-1.0499882919221093,-2.996005752235964,12.385918445573855,1.256243042905955,-11.225857658367124
intensification,536515.195440211,124802.94207653774,1998739.9320734476,436012.3212231223,4.2888337935219365,1.3040314780039497,-14.745102108153569,3.5317698934916737,7.8527712898624324,-2.706055328887759,-2.774204059489834,-4.6309646110176965,-6.8987654993836935,-50.77593182968884,0.17663026592784967,3.005373599077954,1.9480453176804877,0.10831990722290781,3.992287139438963,1.6750441448648743,-0.31186070065606025,17.22275951356043,5.042113651598393,-11.970863245762674
mature,891399.1398878851,76593.40457419315,2635039.767790229,528177.1605281908,3.4265026711441187,1.2315335594177992,-12.971983265177217,1.7851650828170738,16.284165647922233,-1.0477945783877245,11.138016726953376,-6.731266609769775,-32.46499260009876,-67.71436141241837,-6.509021544686151,0.4597256487947821,-1.1840967499188273,-0.5059691819726264,0.045596307741149165,-3.728708976804882,-12.810226167279142,-1.5469398251791258,1.0954569198143724,-11.7545907150294
decay 2,487744.0229234906,188154.49147561635,2796322.5193475587,468217.0844366525,1.8889456796237962,3.0634565283834423,-12.957832256994049,5.133799108621734,10.054559087865027,-2.5542446000578156,-4.87464315370233,-6.3580879247521125,160.3835527874806,103.28692657374548,0.789342157387527,1.183919803520037,0.5685540746338689,1.3533434526839483,8.517178436373387,0.7221245687928385,-4.533602805223919,24.46070816744597,5.977930632980053,-11.01141887207083
