,Az,Ae,Kz,Ke,Cz,Ca,Ck,Ce,BAz,BAe,BKz,BKe,BΦZ,BΦE,Gz,Ge,∂Az/∂t (finite diff.),∂Ae/∂t (finite diff.),∂Kz/∂t (finite diff.),∂Ke/∂t (finite diff.),RGz,RKz,RGe,RKe
incipient,864836.9822645977,356950.7586434009,2996774.8286060584,341217.13514047395,-4.073324786670645,2.145206683281212,-1.229438445709547,14.107356646021078,10.393753508545965,11.485335790789826,24.98207811326858,-1.4609820662428645,59.91784186168267,76.37134247745666,-7.491783363002113,0.22122075952745535,-5.391250646529803,-7.834409781505427,-15.092923027341685,1.5198457355979484,-17.7131222584652,-34.772237908230075,-7.357595609555389,-12.35596728988981
intensification,310651.018344995,400317.45752085146,2407475.3169890363,990807.8088284682,0.4315859613419296,1.6826130766059917,4.659071559227731,20.95498890612001,3.58775110180883,5.498023412990055,-34.747967349945554,20.066365207945584,95.61844792312405,102.657161458614,0.9686742724289507,14.892993815990621,-4.4798927944024,-0.1321262025734478,-8.123124969810995,9.48225605637001,-5.9534448582633095,21.5341848595649,13.642226213950515,-26.88002649846785
mature,94737.57024285963,164403.85209170743,1734016.2143146254,1553457.3425395507,-0.394152560408389,0.3532682903277836,5.021596995823032,4.154447252374312,-0.7749768960357255,-3.009604126980103,-44.0178145597858,26.592869264986415,38.926491298072676,51.39431856044549,0.19997437725322215,3.114589152126546,0.08869146381690178,-2.5088152305798337,5.487280482021896,-9.399650323845616,0.8227840897720219,44.877650606393054,4.3019678584467975,-35.12536984538332
decay,392415.43580240617,59261.81172988542,3273259.585125033,400966.95077627484,-0.11004127174594303,0.3933061737762826,-6.54696637600953,0.9361357501515559,6.58021655451537,-1.325705569677147,-27.084225608287337,-5.086623941408237,67.30791049401192,9.74931151324023,-0.7979546090569761,0.24801309729180174,4.78729469030518,-0.1932733295705099,20.606896312678366,-5.437203725276171,-1.5096569621798501,54.34812956872119,1.675261816481911,-7.833681910029019
residual,1249407.692675973,88092.06295529786,7013014.119032404,88573.46390094908,-4.650483597520652,0.8898558596891795,-1.5009073716486732,1.6400017986742488,13.936564635502931,0.291871593943827,1.8786337637187727,7.7840963162,-64.07772191960194,-112.4089235675153,-2.0137236857616205,0.08658583734922105,0.11314513235616756,0.9592704252424552,12.64759700902867,0.12521687652030244,-17.584047240978236,16.92035421447922,1.4175447702836983,-10.79978861000262
