,Az,Ae,Kz,Ke,Cz,Ca,Ck,Ce,BAz,BAe,BKz,BKe,BΦZ,BΦE,Gz,Ge,∂Az/∂t (finite diff.),∂Ae/∂t (finite diff.),∂Kz/∂t (finite diff.),∂Ke/∂t (finite diff.),RGz,RKz,RGe,RKe
intensification,599375.7394606875,295905.8646194768,3069204.5539897457,727459.0739498424,-8.773766197656375,3.4422711374903527,-5.343146074145222,12.432879087694374,4.357012158296486,-7.794221785799563,-32.68246414301363,20.511748368740026,179.66399626627828,200.14688309102684,-2.3762184343860775,2.0218030833600893,-1.0530210462173326,-2.1745216555500897,11.276552893333063,-1.7364147762027307,-10.741528264679845,58.07592930814828,14.610308080453493,-40.02418830678236
