,Az,Ae,Kz,Ke,Cz,Ca,Ck,Ce,BAz,BAe,BKz,BKe,BΦZ,BΦE,Gz,Ge,∂Az/∂t (finite diff.),∂Ae/∂t (finite diff.),∂Kz/∂t (finite diff.),∂Ke/∂t (finite diff.),RGz,RKz,RGe,RKe
incipient,537760.8993069687,85794.80323132488,2219923.9256411977,191701.7325810977,9.047043634725163,1.017445189457564,-1.276120474558183,4.491236049582848,1.4098066364925128,-0.59396155617308,-26.234403026962568,3.3200699189571647,62.94600686232488,59.30796903792918,7.706919088060018,-0.0454617461786858,-3.5800494810285883,0.3356982412754061,10.653130902806858,-0.9826859799688424,5.074632706661626,29.116610769602445,4.40345065757377,-10.070112423067036
intensification,466210.27810076345,97729.58308094145,2350953.028329974,170545.59810889504,2.560913103203793,1.0044513209151502,-1.3197782412910966,3.4434145790200774,-0.06785091887035997,-0.3284109147424175,-27.96733430390289,1.35770506432411,103.50555296093619,96.1169046382759,4.648011712759793,2.2972125125193776,-2.6060219875463613,0.5107672453751437,3.2939535623091563,-0.7920719417224361,1.027193355442942,30.02015300429935,3.278141418222488,-6.91296982635772
mature,433559.97702127113,95612.27565070678,2397791.6368925413,159624.1596409009,-2.0982149935291,0.6765571798779008,-1.3957484035422187,3.1260264636583064,-0.510872371803099,-1.0803861915279884,-26.743110541001812,0.4663910780696033,109.17601559065187,100.51278176045474,-0.2119688788479088,1.5877513769681504,0.8609570067418731,-0.8301575434564687,3.0652801896076483,-0.35181899749412643,-0.0498284351062268,33.30235412768078,2.699697931851926,-5.339984942764255
decay,498665.6052198751,67412.84929806358,2536768.5333708394,135999.0923767294,-1.4026699689463746,0.20576172508977617,-2.0127496605754187,0.9798979458294267,-4.862379620487446,-0.11390981703362327,-12.836516726242083,1.0780673015450513,93.20980890198231,80.17532810698866,-0.3993983442233312,0.4249516242520999,-0.02669433554999684,-0.16855139781376702,-0.6878444166023379,-0.03825984920040723,3.638777041080851,15.564091939161537,0.7194946399595069,-4.108974757150304
