,Az,Ae,Kz,Ke,Cz,Ca,Ck,Ce,BAz,BAe,BKz,BKe,BΦZ,BΦE,Gz,Ge,∂Az/∂t (finite diff.),∂Ae/∂t (finite diff.),∂Kz/∂t (finite diff.),∂Ke/∂t (finite diff.),RGz,RKz,RGe,RKe
incipient,1081577.0472606039,70139.49174773323,5864447.457994364,133636.1323205102,0.6219038808369874,0.3311279609758156,-1.5757062273180182,3.0569539639270022,0.2757598103176546,0.11848245197655702,0.846641744873506,0.6622931059612653,95.65273797127932,70.55765208155158,0.537043314909432,0.7286409452278931,5.244522073000476,-0.41722153643694926,6.24123934559398,0.008796856482419547,5.921794104495625,6.348399947201504,2.190122014537681,-5.286156440723866
intensification,1264817.2705832492,126686.39978474927,6343944.795877666,276177.70070904656,5.908296962583655,1.544149323438783,-2.8701619793650237,6.582610535651734,6.978655849718344,-1.8023807449463367,54.706015169965546,2.5873971413013916,8.290420039369886,15.702565221745845,1.5986002664568268,4.80834621755602,-2.780008627415695,1.2588596971256827,-2.1884295010115706,3.14369217370915,-2.306218191111602,-59.93257965419574,8.09970165428497,-8.896477482608999
mature,621951.1817997196,208138.29205893978,5202155.124590094,651282.2709692303,-3.9554554681341068,1.2461514601156198,10.463991702791544,6.726611984145266,3.786919714973425,-3.945921831088295,95.56451048968393,18.31770824763639,5.220842035638931,94.80441734329513,0.8505230399912936,4.632560381256055,-7.833745673552578,-1.4197007074873838,-20.11602949753453,4.248447071791313,-14.32996939654449,-122.1890762218759,8.006681647630558,-10.331881457198799
decay,508280.66769461206,124735.4314342644,4989631.082454727,452039.86499546736,-5.715252428268263,-0.10593867040556906,11.81520360214703,0.49863987905852164,1.8125692411256218,-0.6176943970362123,87.3886527214241,-2.987684415390452,-51.132494740190644,16.710491774492947,-1.3186155975191969,3.289131835906088,0.863122495746363,-1.9171792068114726,-0.7131408281888278,-8.250451716644639,-6.770637844053093,-94.20174472349169,-0.6949062603111696,6.0537964218343205
