,Az,Ae,Kz,Ke,Cz,Ca,Ck,Ce,BAz,BAe,BKz,BKe,BΦZ,BΦE,Gz,Ge,∂Az/∂t (finite diff.),∂Ae/∂t (finite diff.),∂Kz/∂t (finite diff.),∂Ke/∂t (finite diff.),RGz,RKz,RGe,RKe
incipient,694667.4591590407,305935.649898136,4218614.597109885,427854.657429445,-3.8824878870751633,3.1211308046165986,-5.5409400823626695,18.18515124690655,7.145256963825052,9.298086329972337,-39.881263456198845,7.990933695992061,222.88054144259596,255.3188986574597,0.22918680629251575,9.55537761935519,-3.078354409026797,6.566987035443144,28.206114519852804,6.8931109540305995,-10.984968455310414,77.51080594548948,12.332921147760757,-24.82391407123068
intensification,460376.73415751726,518097.09232051246,7607126.40776081,794951.4839354442,-9.004310559796242,2.5312755037471186,-14.950516744745963,27.380034053615123,-2.746878926438134,20.020761124680448,-46.298212562897206,-9.209320210840879,566.0277984084357,535.0848000890987,-2.904249512088295,15.082206494425375,0.8775295026686862,-0.27398882775204686,47.69684543708067,4.162859541324334,-2.8486266269423024,117.9498853045201,4.5540085974355105,-28.958371046195875
mature,865986.7202601283,276924.261197079,9486970.118791016,862938.8558985728,-4.6786213518371245,2.2669467142381254,-59.48114345255672,12.418860829634042,-5.8062970537475085,9.602584794754428,-125.80490935545575,-20.96829550988543,785.535467870814,609.4910528919356,-2.238179298487064,1.2853009786081167,7.282385253528146,-4.152685349483066,9.216629569922377,-6.23347199153557,10.677007669676655,199.18130372977197,-3.6033560288415756,-57.16518076384091
decay,936843.708028011,79337.83037431256,7784254.331497566,229420.15014576763,-0.497449723300801,0.3248169899369091,-3.28558683143466,1.3931331694782882,0.30562279976364143,0.958632280983303,1.0744044064997686,-1.5942303135577804,-81.36223077439904,-138.9325017100428,-0.898941846747443,-0.049601250642330286,-1.6185999479084192,-0.7817511686325314,-22.977903023050278,-2.7227456203049236,-2.0968554810359525,-20.269270874814573,-0.6720672700744551,-5.807235307660092
