,Az,Ae,Kz,Ke,Cz,Ca,Ck,Ce,BAz,BAe,BKz,BKe,BΦZ,BΦE,Gz,Ge,∂Az/∂t (finite diff.),∂Ae/∂t (finite diff.),∂Kz/∂t (finite diff.),∂Ke/∂t (finite diff.),RGz,RKz,RGe,RKe
intensification,232873.50861140445,105762.10806667659,1407855.1424402415,128830.1185311068,0.562124371647605,0.05126664086370843,0.9385298699155663,1.4547823558154047,7.054946619662773,2.001155545794412,-9.653881437406591,-0.3918617787568324,64.67192414877316,80.00114353688949,0.6146239163299937,-0.1968289145118373,6.218188823188761,0.08544995257994203,11.08483964824226,-0.8953096989461998,-0.2233667839626987,19.238066844085683,-0.512189878262774,-1.0197004060892056
decay,619534.2979220424,63637.44273283141,1723752.9666101572,75536.46648274707,7.789640617746498,0.09736401078503056,-0.39883902399839377,1.236230818185025,21.241925233599293,-0.0031345282572663746,-9.088665148158997,-1.0855142352048996,8.000655606499892,-15.679502769501166,2.078680200219446,0.45493547075691815,4.899965865467419,-0.9238683193374325,1.1186009054219521,-0.21441107273908885,-8.454954739600344,2.8164644598328437,0.21813301631982812,-0.763966679717608
