,Az,Ae,Kz,Ke,Cz,Ca,Ck,Ce,BAz,BAe,BKz,BKe,BΦZ,BΦE,Gz,Ge,∂Az/∂t (finite diff.),∂Ae/∂t (finite diff.),∂Kz/∂t (finite diff.),∂Ke/∂t (finite diff.),RGz,RKz,RGe,RKe
incipient,172031.12850645534,62955.92073073543,655271.4347708072,209956.28490182414,3.7769389071430197,-0.16218152490382556,-1.0079692497753583,-1.2988538062593504,0.5359954133688258,0.44784490655272063,2.3485196226125313,2.6408798773837425,-21.287150912218742,-34.50439604263485,1.7686347006747085,-1.3552219780407841,0.37121055060226893,0.09792504063505725,0.1866506190278462,3.418745984036753,3.449972519472637,-4.930838660952347,-1.486592147273188,1.0687506631370027
intensification,112307.53179355693,104708.43229200928,562858.2057518604,508822.02830032154,1.938750253703503,0.3963122308981114,-3.466526493733746,4.5709117683472105,0.6616533187849792,0.09730176741196522,-2.508228976747587,1.195677681184617,1.3815916001520543,-2.907219091494153,0.9106475029240395,3.985121833965436,-0.6798303011356441,0.3385267930059769,-0.7711903887859,3.294668639248722,0.9935788646809913,3.264814827991929,4.415824563043111,-5.93844730401685
mature,70935.01521029335,115335.50397485452,456001.1125497436,856614.0995234692,-1.895375744800469,0.4426043411922467,-2.14576629585492,5.024697080914235,0.8983581649325705,-0.5610109747740366,-5.623641446997048,3.3345920748562192,23.347307163333618,22.34140213080501,-1.2263194734672753,4.038615056708497,0.15895842350148778,0.20895739627400198,0.9240953804081087,0.6388686319863459,-2.192171145039305,10.588878868060547,5.352061110770027,-9.866186819639028
decay,123503.48524519098,71588.19770579875,956669.1907499733,337786.01375150325,0.5459754587709383,0.31129421279177455,-3.396242360694839,0.5814064752348971,0.8866222855155854,-0.7744010645597719,-3.313581707023923,0.663911773378149,22.415706403303588,33.47548220726324,0.16694514223382456,0.055807399064657315,-0.07647749827997316,-0.23537699554954142,-0.26408085697493244,-1.6991447979406373,-0.10583011223284619,5.899767751972895,0.8091363314533533,-6.340705407248526
