,Az,Ae,Kz,Ke,Cz,Ca,Ck,Ce,BAz,BAe,BKz,BKe,BΦZ,BΦE,Gz,Ge,∂Az/∂t (finite diff.),∂Ae/∂t (finite diff.),∂Kz/∂t (finite diff.),∂Ke/∂t (finite diff.),RGz,RKz,RGe,RKe
incipient,118232.78768562665,107833.31162296348,1193091.2540476876,303627.42082741443,-3.42752108742234,0.009713913375064135,5.764285124006146,2.597541230104989,-0.44211900076623384,2.5467821269027797,9.840902973307815,0.8123853391765256,-39.89720466739879,-24.044191177881498,-0.918625490798742,-1.6994333841277918,0.6557588288825734,-0.3442013651390952,3.180796584552341,-3.7000208652753432,-2.3199293443984685,-8.996870425339281,-0.30315617531195,-1.3456623105507124
intensification,166671.01910939944,116444.14804114519,1443852.492930588,285055.1649854681,-2.0651566970837085,0.23855989572977856,0.7575848756940693,1.9011127989118854,-1.380856793718012,0.8386157476009931,9.693392139277158,9.557100513658865,-51.13750781280173,-61.85227507375196,-0.22728262382600392,-0.08371946007707615,2.109763581657502,0.11119582458616142,1.8350549613382663,2.2726630273124027,1.664023574021585,-6.5507653565492525,0.9351329801672758,-8.427965409564278
mature,686219.1981887349,127308.98144131573,1556403.2570171512,524257.96809498454,0.8267454664838654,2.0767529179382516,-15.118312462387312,0.8452613056651096,1.4739996639787596,-2.4623261402361063,1.9754788549272249,0.14819704171863962,-20.458009466766082,-64.23572725013813,-1.1663520859386352,-3.3393683934369824,8.916433998158103,0.06591258496289173,2.445747840074482,-0.4472539941241552,10.34593271860146,14.761835981050703,1.2967471129258563,-16.559024803895216
decay,1125299.9844355953,143555.06765343677,3185403.8045391426,476390.7583502235,3.1455536888822526,3.52398700815242,-27.397546596514495,3.7476315036610677,9.97433418349221,-5.560240097593189,-23.258042226682658,-15.498348642661682,25.927645796844853,-52.36309376316605,-4.923445215960432,-1.6328517293789566,2.2512021703925433,0.08784969973548698,11.448592207327376,-0.028377789793286957,-1.053591316064996,58.95862734164227,5.871734292837324,-15.675207247307162
