,Az,Ae,Kz,Ke,Cz,Ca,Ck,Ce,BAz,BAe,BKz,BKe,BΦZ,BΦE,Gz,Ge,∂Az/∂t (finite diff.),∂Ae/∂t (finite diff.),∂Kz/∂t (finite diff.),∂Ke/∂t (finite diff.),RGz,RKz,RGe,RKe
incipient,219556.97718492727,94771.599927361,665144.7584316736,380671.7291618011,3.4864537202439867,1.1356112768755422,-11.367283914288446,3.2869943958291308,2.341182320837535,-1.3287991751041426,-1.3813339735632288,-9.70428973072824,6.351363625548102,-16.119504815429558,3.5286243727913407,0.6914749948806506,0.1598862240052753,0.3443680746718409,-0.5204676308562436,-0.7047688306018406,2.440768900287269,8.741696536751444,3.824550368729573,-5.654757409991179
intensification,311871.0698468644,286317.8959140309,1676596.4968583558,817691.0624232753,-1.1343999052416895,2.304236888147343,-2.913418987093801,7.015666104343082,5.783707631378878,-2.1333538666176453,-24.520611092437868,29.679189922858242,111.7348758966427,80.28649804523197,0.23976343557178834,3.7090129676859203,-0.3150861173299813,1.6998133286690174,7.494261550505537,4.221354736124521,-4.928956765803207,36.06269153527889,8.544596411482402,-35.38692027817061
mature,117742.42329790705,442993.55987003236,3103442.850144829,1413885.0700720751,0.7140845981959706,1.514599330045211,13.97750352372037,8.426187197306898,4.240329878879051,-13.592495669999016,-66.8179637545521,13.258939642827976,210.71578067701319,153.5036608227704,1.525404481840881,6.406367445924623,1.1972463615958324,-7.735067180775045,-14.673854545502545,-10.298571838071222,-0.8143995890420376,37.45252108713321,12.76901635648566,-18.00619515448573
decay,272179.9508730387,53306.72201342423,1894605.2882359105,484223.6164449983,-1.1470879162444307,-0.051283174465764074,-1.549066394225,0.09386235154943345,-4.7297761185088705,-1.2680458950105067,-20.90430672689315,-4.7208427498088215,93.40004540867065,53.58394440941393,-0.3686241067255954,-0.07289085048888344,3.3405288567278855,-1.7413623349298686,-8.268612749712167,-11.462510846086252,6.871933884526561,15.331848287650422,-0.32817091390416475,-8.384596842051863
