,Az,Ae,Kz,Ke,Cz,Ca,Ck,Ce,BAz,BAe,BKz,BKe,BΦZ,BΦE,Gz,Ge,∂Az/∂t (finite diff.),∂Ae/∂t (finite diff.),∂Kz/∂t (finite diff.),∂Ke/∂t (finite diff.),RGz,RKz,RGe,RKe
incipient,653086.8890990363,61624.95779776559,2681731.392053867,131536.25586219426,4.694683887464837,-0.2184535755627329,-3.347176366820277,-0.3343381786229869,1.314888320598768,-0.795996859510633,-22.572137289955748,0.0063679448198125,-29.265186917343545,-53.005452034052105,6.079910968237292,1.0136180565577662,2.731368511971022,0.3641429927538266,0.6543466524837717,1.0394010643701448,5.892710503274359,21.87897642179496,1.0442552492042056,-1.979805068646958
intensification,680827.8770453791,49372.87544595582,2709304.5083163376,195838.46797676885,2.447757658903321,-0.009280078517673533,-6.289158335046973,-0.6841656173805175,-2.05256947915767,-0.7937942906145036,-13.02006260855824,1.2216395434590186,-17.93408989509756,-40.55195664879086,0.7832399412679089,0.26527525740254637,0.7569312648695243,-0.4878113990515227,4.685925650292732,2.075845035136132,5.247978324412842,21.54738893499462,-0.3689026472998631,-4.750787225989343
decay,679030.4626104278,37258.85445469152,2798973.9958838923,218616.25135695242,-3.255277976346146,0.305487155617313,-7.057904826310189,1.6349763105485686,-4.522154629954799,-0.9245132760565153,-12.69274383203938,-0.2048353789330382,-8.552225925022416,-24.8920947056378,-0.9117509303857572,1.7645164551154622,-1.3490215418280371,-0.26305163774432627,-6.394412933551271,-0.4347134913584745,0.22334226739792884,16.611513701144446,1.9909507932434445,-8.922759249284194
intensification 2,668840.5365426174,47956.20644256451,2677308.2426357204,220845.2751634767,-8.385397888797728,0.9748863972654959,-6.129530638063883,2.522537399161561,-5.209844847712931,-0.6022653416440695,4.206461030324318,0.39899313418976545,11.59375762617484,-4.211740105237102,-2.824454700701489,2.4768073906149226,-0.12897663316059915,0.5505165549209623,0.6180564884770191,0.9669239988601062,-2.3296432769798994,10.926523985014313,2.700432898461097,-8.084137172555103
