,Az,Ae,Kz,Ke,Cz,Ca,Ck,Ce,BAz,BAe,BKz,BKe,BΦZ,BΦE,Gz,Ge,∂Az/∂t (finite diff.),∂Ae/∂t (finite diff.),∂Kz/∂t (finite diff.),∂Ke/∂t (finite diff.),RGz,RKz,RGe,RKe
incipient,209204.06133876837,304521.0260120936,4216397.299810327,353247.74416040286,-3.7738966803908363,0.6487562250039666,2.772873683306584,4.392429515114845,-1.540216761044843,1.0443527934381711,-64.19259056160293,10.218577708957385,322.33511315111826,355.0753433760165,-0.7710699118368849,-2.2157690371528287,-0.6212385353735715,-1.1212356972415878,9.272071975674905,1.3855929514525336,-2.206162229715599,74.4656855343621,1.5780847994311191,-10.452540589313111
intensification,310671.3634875612,134562.89527411436,2472702.045338103,197661.20060304162,1.2715069155303014,0.4384684395754679,-2.3838096426850193,1.3104336746441247,0.4764983870223468,-0.41729206861586354,-21.122064305173154,-2.6383971759436404,258.0367482651867,238.9489267453678,-0.49898048453427357,-0.045449578098022116,0.2258184048056542,-0.7491553990515201,-14.31132667925756,-0.5676494629677474,1.4592953728890763,7.9230403530703075,0.5401019046330002,-1.6234956043532502
mature,214434.0202732215,75856.69991668468,671585.58686768,236959.3135000152,2.842619746839798,0.22758651748539202,0.12624525044982454,0.9904066452610752,1.6728055893101246,0.4453624186768181,4.329243442175978,2.4155786914833173,11.10238937939818,-34.96643275959226,-0.17028856381194551,-0.5276485565880978,-3.055786812464877,-0.7745001165447551,-2.2116029955529504,0.1136664605681494,-1.6583861374498112,-9.50971143501855,-0.4570424074458902,-3.166073625726418
decay,152927.43903671327,50981.47557027794,1037515.7101701724,197059.98181047212,-0.5303318742590829,0.12116508504137811,2.544876982532227,0.22048912019375086,-0.6084899299486414,0.35329763712424384,0.9834687742989551,3.0727944966165386,-57.16946280491262,-97.3304095403778,-0.3902563800077036,-0.11392550019669558,3.2931757762873852,0.08565610712262518,10.306091007226126,0.25537597940173207,3.4924989170183216,7.3080771246540275,-0.16831749484924574,-0.4930306548763311
