,Az,Ae,Kz,Ke,Cz,Ca,Ck,Ce,BAz,BAe,BKz,BKe,BΦZ,BΦE,Gz,Ge,∂Az/∂t (finite diff.),∂Ae/∂t (finite diff.),∂Kz/∂t (finite diff.),∂Ke/∂t (finite diff.),RGz,RKz,RGe,RKe
incipient,649144.0544084274,114595.74073317842,1734846.717561907,131154.0968705622,1.3394489249633201,0.6490045082727198,-3.043141011940487,0.8409163554922084,2.8809278946174977,-0.3282223772785038,1.8741046403685206,-1.161440366119787,-28.78432905021479,-39.36533489118408,1.59770280778741,0.05599188642792692,3.692140750767192,0.6501358791401505,-2.996340270797429,1.4387079993851553,2.799666289385736,-3.1667528241887823,1.1702701036381429,-1.283909001927754
intensification,611212.9771302034,78995.96476948394,1436062.3659543511,226437.11512794538,4.5109493821577225,0.7826921636485968,-6.2295899232689065,2.7392680589788703,1.4723768335123903,-0.9835199066314658,7.912902440955456,-2.004655756799644,-39.93871791294627,-55.39648840221588,2.1432409538328305,2.1262057984410276,-2.0090384905459864,-0.18413349585330968,-3.886730647570144,0.9810287796667826,1.8122262217479428,-10.080992547414416,2.7559623061084295,-5.983173445781351
mature,410518.4411004212,111611.55503857341,1231749.683660129,342593.901491656,4.449781260389555,1.1750314350404694,-3.811718023146913,6.736604427419446,0.6219730770781351,-0.874790429352503,-4.617353289551683,-0.09740692861034184,6.1626289166725625,-10.556629399293417,2.10120048113415,4.896204615807266,-4.632636733059905,0.20772768437557385,-2.886256447460734,4.011765119857693,0.37020288529198364,1.093033604848307,6.644091106107054,-6.439150402098323
decay,270659.9785937057,108333.39904128903,1098496.4597217473,425146.49555751495,1.2289374710943073,1.1133435343984373,-4.875466000402534,4.912841894355968,3.3875989908970316,-1.716483458930884,-2.235119064282873,-3.062965129275893,7.61322274505506,-18.009064229872344,-0.11196765205035249,3.6851885982241526,-2.0688292440966736,0.294093281748878,-2.2558442257345552,0.8531425667432864,-3.1141472295009613,3.625803367856544,5.8100751006372935,-5.872200198739323
