,Az,Ae,Kz,Ke,Cz,Ca,Ck,Ce,BAz,BAe,BKz,BKe,BΦZ,BΦE,Gz,Ge,∂Az/∂t (finite diff.),∂Ae/∂t (finite diff.),∂Kz/∂t (finite diff.),∂Ke/∂t (finite diff.),RGz,RKz,RGe,RKe
incipient,75645.99037511878,62048.942951202174,333898.40806712565,189795.53887779225,0.5957437828493449,0.010878942318490839,-1.343912285656407,0.492805759049696,-0.10406632124315714,-0.24486320901786987,-0.7301231394030935,0.10729602525319437,-4.703826740728863,-5.43278530788011,0.44745338817046765,0.8168106752090016,0.08466880804720492,0.2897245386410986,-1.117352887998634,-0.48120131082508394,0.7953578544581977,0.3609387542115218,1.0165145643901736,-2.425215380784382
intensification,51370.41451549137,52795.58886851232,321258.95620353735,151885.2316202048,1.1107218249004875,0.08321335462170444,-0.5527778432770492,0.8067738137476804,-0.11466966056596893,-0.19659924429408593,-0.6632366252793053,0.10211125177516986,-4.085394432697316,-4.3789589156248985,0.793813026270485,0.8164909139598292,-0.27001399957874145,-0.15888921684240448,-0.3223912610408447,0.5260505225588197,1.0385908405094193,-0.21709861738497777,0.7612704865776573,-0.9356123862410796
mature,34354.72453814179,52044.995404671485,229419.50546858407,246914.7037743913,-0.21317274851023127,0.1786897046002884,-0.17622347104763159,0.5247408044380115,-0.2441756593855584,-0.16904383818183827,0.19136139931048732,0.5139834896362194,4.7078597529022925,4.515401160696472,0.10932664951277592,0.37778519655963555,-0.004351939693804305,-0.17098666543470759,2.2073732214428627,0.6096847943108046,0.2053406757818113,2.405408041690239,0.34410827258485394,-0.605262970811058
decay,74593.33437375519,50389.841558633576,818006.842858192,282677.26756754663,-1.5099235004037748,0.0029510499505129334,0.5012993488448345,1.7128122384683975,-0.3980591767088179,0.6785604228595167,-7.897037357342356,0.5489503133258373,44.106087568357644,54.58896597993572,-0.6598879813075299,1.9336386847425533,1.0633965113896797,0.3797672260787255,19.6771939749756,0.9250669364935075,-0.045516762354764505,28.582855483876898,1.4110679917370934,-0.8353962664558927
