,Az,Ae,Kz,Ke,Cz,Ca,Ck,Ce,BAz,BAe,BKz,BKe,BΦZ,BΦE,Gz,Ge,∂Az/∂t (finite diff.),∂Ae/∂t (finite diff.),∂Kz/∂t (finite diff.),∂Ke/∂t (finite diff.),RGz,RKz,RGe,RKe
incipient,807079.1811118921,142011.1957911134,3222884.5791250695,292445.80760922894,-10.479295713361205,-0.39122134451456986,5.479424554366055,5.014464943485716,-7.021776735739399,2.7057412945298434,1.6193724002202614,1.2736287971879474,90.92718617566868,66.93753301744133,-3.9921380619104228,3.5497155198339168,4.774512131801459,-1.165006728135442,7.324633119077902,-0.18638404282594426,0.9257718096650827,10.70513187785279,1.534938265335001,-0.9950532291335532
intensification,758196.92054993,76691.38694445502,3175483.1127823503,286796.5608103685,12.55097375710543,0.2829785041518279,-2.809120340439238,-0.4018631838533149,1.3540022165791004,-0.17470072264063374,-29.5890668030228,-1.819196897915028,-1.4924653830148236,-37.76097859651051,6.674564442758051,-0.1368691310311738,-2.133437250948054,0.23287715904069406,-7.611829114043955,0.06689088964446477,9.346512793730101,12.235384272312656,-0.2772638063238149,-0.5211693690264313
mature,386275.29945055663,181546.84471837452,1722808.1706212522,338483.2591024948,8.886012579377214,-1.2109050074503862,-1.6019856226126066,-8.935192273032106,-0.11303769336396297,-0.29805764586812866,-9.12714097568441,4.426110632976105,-73.81308926740563,-81.01571733915068,4.053708137167716,-6.266043375611419,-2.6350871887573994,1.2417224593960046,-6.565647990762707,1.0308486299380675,5.15305807653339,-4.722533971842901,-6.184507160317588,3.9379446473814625
decay,254334.192607827,73419.22114355721,1230828.6123334023,172977.6121298114,1.1253537698630092,0.03245978221347237,0.45183842350087794,-0.21427319935591888,2.244123569223628,-0.08942695008025649,7.691565539481392,1.3346249805947075,-21.957601171084207,-16.399391778086024,-0.14487978126126463,-0.7600675385736562,0.4804489869674973,-0.621821996621911,3.2327020414277268,-0.9555580126135047,-0.6058610301796497,-6.036055691417554,-0.7791280281110459,-1.6240713703514147
