,Az,Ae,Kz,Ke,Cz,Ca,Ck,Ce,BAz,BAe,BKz,BKe,BΦZ,BΦE,Gz,Ge,∂Az/∂t (finite diff.),∂Ae/∂t (finite diff.),∂Kz/∂t (finite diff.),∂Ke/∂t (finite diff.),RGz,RKz,RGe,RKe
incipient,571571.0888845101,117112.52351638414,2989951.049691413,245922.77113669371,5.578446254045368,0.2990453434238809,-1.16893421832561,2.430639813503439,6.307528905828884,-1.4427779182266938,21.473807492498587,-3.2389717073171287,-25.35669377741285,-85.25776869360213,-2.880996250397502,-3.5849697494812545,-3.462926215779336,-1.753560676933987,-19.207007046319905,0.1500877941104301,-3.8929635241389713,-45.09032657453825,1.8208117113722648,-0.2105145304014906
intensification,381162.0058387315,83063.68903694215,2617200.2316710097,243039.350433839,5.889728198530841,0.17885729625429908,-1.330789424246137,2.74268027482047,4.258125940528357,-1.3376865753287268,17.307494216575556,-3.53251865875013,-64.66682391636947,-110.6024196322597,0.12347604947447376,1.7124303210698029,-7.249093120534075,-0.9448663440734176,-13.99835290771804,-0.34371241351806825,-5.438633566277293,-35.8647858985783,2.9566432098214803,-0.8846634538345456
mature,193626.97285912122,66589.5443922943,2124110.501824381,228473.16907585395,5.013164848449957,-0.1393899595932878,-2.2002315021061376,-0.12560783369392245,1.630115485061775,-0.24096366804499508,13.462635857766571,-5.271919565530032,-92.6393858972915,-118.15529440061206,0.9872363726190156,0.053886842226392694,-4.246070658307476,-0.02407886056036505,-13.990845095883394,-0.3033003104185681,-1.0024112545125807,-30.266414299993784,0.23066693338399544,2.8939955866992486
decay,91619.59788814915,83069.30337459639,1333558.3591706508,190364.61330236154,0.1964969862338029,-0.012290179895610832,0.7270145256515204,0.06412067343374851,0.2026673354995994,0.7159686706257365,9.295519172627504,-0.6251536795029679,-64.7840262549077,-46.169077660448345,0.3010024648858132,0.29297537513828087,-0.478970814128489,0.44781863178412995,-7.398056798716137,-0.2265265337658355,-0.4974313432898963,-17.617087483228964,-0.19173918551224717,1.061520997954904
