,Az,Ae,Kz,Ke,Cz,Ca,Ck,Ce,BAz,BAe,BKz,BKe,BΦZ,BΦE,Gz,Ge,∂Az/∂t (finite diff.),∂Ae/∂t (finite diff.),∂Kz/∂t (finite diff.),∂Ke/∂t (finite diff.),RGz,RKz,RGe,RKe
intensification,309038.16011635837,234459.98261263262,2004652.3217151847,611262.0359054649,-0.7868907442838355,2.408568810283267,0.155608160043168,12.099136963652343,9.126741394998582,1.8870873543402706,-66.7387739346618,5.25438155717165,150.52380425590317,152.12334708564592,-1.22543561689417,3.8010980953430256,0.6376042764005543,-0.39213732569947946,-2.061185958043686,-1.323210172638768,-6.867459052598598,65.3088705608588,7.411343473329325,-18.52112053341959
mature,429854.3169788322,189726.61976558345,2185868.3173937784,380494.0887399786,-6.290396495462461,1.658390663320539,-1.8861521256678593,9.288540884404764,8.175696554308324,1.8043723041597708,-34.35086280846171,-1.7161848687921193,135.42211778038833,121.75145312317188,-4.137249986243996,4.645008406786984,1.9612396213920695,0.41072737666490955,9.587322040442226,-2.173428854034589,-10.846462765058178,52.11473347003426,6.236505293589363,-11.631936995315092
decay,635925.8959624158,222430.27845117653,3289356.5105776694,338848.4024013185,-0.6867531047369471,1.4760077002238452,-0.3625566422034167,6.424946839017837,12.348473166017879,4.48849340822875,-26.0269510889567,3.514844728055781,192.83667148985927,163.7112668525231,-0.4501635748671202,2.878402489343869,2.958928403940809,1.1867254387254973,19.530859843850795,0.1993992544313793,-8.60029016659017,46.60712067974786,1.647171169290739,-10.102948954845656
