,Az,Ae,Kz,Ke,Cz,Ca,Ck,Ce,BAz,BAe,BKz,BKe,BΦZ,BΦE,Gz,Ge,∂Az/∂t (finite diff.),∂Ae/∂t (finite diff.),∂Kz/∂t (finite diff.),∂Ke/∂t (finite diff.),RGz,RKz,RGe,RKe
incipient,542573.8264459375,160954.9203194241,3366717.7446830617,341263.764794376,-2.2734327931112714,0.5767407531463781,1.2996078682301135,6.000295981355762,1.3553113866229927,2.2298611652764198,37.04712821985469,-0.8860221528369675,-44.96682451716061,-141.8330024737896,-2.4596798028366487,0.1328724025103939,0.27125468741867664,-0.8469736323376155,-4.057856751932726,-0.9868704996740915,-2.780748739169209,-40.13116004690626,2.346720430595349,-4.801536459962772
intensification,454586.23368717695,115282.72504003726,3089079.564181245,301195.46184133395,2.0241370599161845,0.7974737075403839,1.343065298685453,3.87275229818329,-0.0015166737651814532,-0.4272532890221744,18.708520575170645,-1.906320142188529,-110.10891190027719,-174.54275090086102,0.5142378130312675,1.4724166710082156,-1.472022330018434,-1.3860338374310979,-5.020150242382265,-1.6427760331428818,1.3511051112033166,-27.095873176154548,2.1164980422339825,-2.266142890452189
mature,473828.0154763132,66590.29925023591,3054317.743974803,227158.37575856238,5.618211651790281,0.6731138574250592,-0.2540689229564454,1.7904871070647665,-0.2894486129491235,-0.9239799331317695,-5.676000934839996,1.6414854101633893,-111.63723800315815,-153.53973815193513,3.085280924173957,0.4708866518523042,3.5680809367063304,-0.8281606631255358,0.115387238196757,-1.1948364951544304,10.148855058870794,0.42724544420291677,1.2131925196459412,-4.880877935339031
decay,778613.1505497373,91410.1914139987,3122512.1098190383,412335.4742410612,8.65130811958143,2.409849562982805,-11.744855624063673,2.5480236612138296,10.14264423048487,-4.010484471117903,-12.266529604047541,-4.567773119453076,-43.15519495752567,-79.9695717357951,-0.9524115423431456,0.19238322248930267,0.17190671643463612,0.8498027202731112,-0.15074228679377555,3.869203312198456,1.090420168514003,15.20933482173601,4.998461289622038,-5.855902853625972
