,Az,Ae,Kz,Ke,Cz,Ca,Ck,Ce,BAz,BAe,BKz,BKe,BΦZ,BΦE,Gz,Ge,∂Az/∂t (finite diff.),∂Ae/∂t (finite diff.),∂Kz/∂t (finite diff.),∂Ke/∂t (finite diff.),RGz,RKz,RGe,RKe
incipient,612043.9552576469,177960.85660702016,2924687.793809857,427597.0172468292,6.461146775619501,1.357479514442404,0.5903593087541597,12.73269394472643,13.221186685046751,2.5956859106325334,-27.769483662838375,-5.116051882839185,178.1795543225222,195.5581231760215,7.208546504127857,6.918372798717665,-6.545985082825304,-1.8702691934809834,-14.048518166899504,3.721455880439968,-11.948545477810153,6.669459411565211,6.909259326170506,-3.3048268726931154
decay,295281.0858052247,118418.32953993692,1781499.1910830326,390685.1714834793,-5.117656877201481,0.23919566970750888,1.9183039361459417,7.46054356486709,2.0920377527574288,3.6937656349745627,-2.4778133049470847,-1.7069375407935006,70.33436676980737,71.38366462758682,-2.805605796310728,4.3742362253729645,-1.375732706421611,0.21641897663114731,-16.39944967504599,-3.1217881100166966,-8.346231666673011,-10.722283429043364,3.7440012368161657,-6.9570901979443445
intensification,323625.6455845874,109561.66459595146,1467446.601738155,309489.4932019068,-4.6231239699229985,0.14014728330770723,2.374445983613863,6.170891686442272,0.34184157275145116,2.363316678558256,6.555690850313391,1.107359248592447,27.80265888291432,30.71047990064589,-2.007876065534653,3.106182169802499,0.8671516967118396,-0.4837157681595225,-8.79462296763233,-1.5695822779222481,-3.9576665626549024,-13.101635831636585,3.1837119564167864,-6.473387229343103
decay 2,288750.8258273321,94671.25915594836,957643.8504888738,272955.5841750382,-4.479736956656206,-0.4919862009680845,1.6855036270505244,2.4219820935453984,-2.873598679618354,1.718941146203288,16.03819890281252,4.758193535945729,0.8670718557183124,9.497167514255567,-0.9319766492587758,1.5293092110595523,-1.231989743705628,-0.19028875952329682,-4.643853248508401,-0.790105239664363,-3.3301142217115633,-17.887818821715243,1.004738388786898,-6.2847772421049655
