,Az,Ae,Kz,Ke,Cz,Ca,Ck,Ce,BAz,BAe,BKz,BKe,BΦZ,BΦE,Gz,Ge,∂Az/∂t (finite diff.),∂Ae/∂t (finite diff.),∂Kz/∂t (finite diff.),∂Ke/∂t (finite diff.),RGz,RKz,RGe,RKe
incipient,100048.45603763376,381538.9196256254,2873366.519957756,486181.690903528,-1.0396047481591482,0.2333567061624788,4.0795294004744855,3.8439921286976246,3.2141399678429337,25.549273305203283,48.17005104245451,-11.462682745497464,219.0611306589168,282.43310958946955,-0.3601831351868928,-14.125520153052674,-1.930555349579512,2.149468317920481,-19.54447175807889,1.7497671728083677,-5.950943359419116,-70.75444745284874,-19.789169564747656,13.447987190082692
intensification,223411.21816533862,250114.0572941347,1499270.6474096803,354401.5654553332,4.026154295270296,-0.6587676186649005,2.3164730548734274,4.55698419027764,5.806086995567188,6.965443200131682,23.082892948692702,-11.312777893167302,50.63124045557834,58.12532856524842,1.1861890254046636,2.2035711550234685,1.0796410701316814,-2.966970511856332,-13.0212502903658,-2.967224729048776,-1.3590592488301103,-42.44677058920222,-4.716661903045476,6.105042028714312
mature,172083.82085390436,50094.46516002543,1486077.312131391,126159.26853013746,0.08724591956592384,-0.19626002950129273,3.108748084074253,0.06572496192718359,-0.6284366267732941,0.9361841639184456,1.6721623589020638,0.6805665949532278,-122.16566590739757,-132.71847980057447,-0.22820237866254825,-0.11130310441142709,-1.8537139823129931,0.5819366240716187,12.107211385698111,-0.20886507601219484,-1.334291465475068,7.239055023155869,-0.0922625484183505,2.153591451181647
decay,237981.58598585086,284109.7173234569,2971790.629006135,286997.9318958757,3.211622036788351,-0.5225860936402801,4.195087854115822,-1.0208443647929144,5.42474480388009,4.658260402237298,11.049198482153887,4.531621655522498,-296.20179692499795,-302.10142960199397,0.14773642700782277,0.6558402496193586,0.7231642277814844,3.6464251663108507,20.822724924221138,1.6676944149105037,-2.012544632950535,2.366816551163077,-1.510093507079082,2.3520049782967414
