,Az,Ae,Kz,Ke,Cz,Ca,Ck,Ce,BAz,BAe,BKz,BKe,BΦZ,BΦE,Gz,Ge,∂Az/∂t (finite diff.),∂Ae/∂t (finite diff.),∂Kz/∂t (finite diff.),∂Ke/∂t (finite diff.),RGz,RKz,RGe,RKe
incipient,103959.86820440982,58122.72037670451,1175560.6478149707,110777.69582865301,2.3972207435859914,0.011876289352313768,-1.973480284109387,-0.7823702410720127,0.11885751589758849,-0.9549583119647541,3.7723059991874273,-1.6217845282521235,-30.0917606041632,-33.957813637567334,2.086576098520744,0.18099982910217324,-0.5126592582584436,0.02039189685797112,-1.601416344844708,0.14934593510478328,1.7775802587822735,-5.79746280350874,0.181103678398399,0.580020420319532
intensification,136379.43751059356,70645.95928995304,1116066.1585493726,182795.6804169967,4.64566588050873,-0.4367423100138244,-1.9311740627782277,-1.689823127095747,-0.43984736353589216,-0.21769100846480008,4.631946789067841,-1.6927965983081437,-32.983522934864645,-42.18895528998857,3.998233727784568,-0.2581532986760691,0.37191891928625687,0.22144826249503533,-1.8319714308117392,1.3190800798274542,5.020689853317055,-9.178410037610083,-0.813941546122087,2.7705257424531173
mature,109292.86138152074,60938.26647560459,892453.1524072073,287112.3716798666,3.67046414810863,-0.2932610470036031,-1.0652161267443205,-0.7198202776456165,-0.9634408633681102,-0.5557952363171763,9.728375518920059,0.7884557531549738,-13.543792236164943,-14.370276209626399,3.465692336399723,-0.24850146829685033,-0.0045850364077590355,-0.5426757132089368,3.459313237200752,-0.6957794464337116,4.336058928065379,-8.874310303083618,-0.4134397075337739,-1.8296310486873895
decay,198847.40535016631,68205.0527532119,1507849.0893754351,304898.8625127708,-2.401986778834841,0.08893790762548906,1.1702243612736722,2.335745704078107,-2.482937997845596,0.8005927610472977,-0.7449042773296022,4.087984438978479,64.2915803561888,78.13991202565944,-1.1690181864346099,2.2164135297243823,0.32707128390148543,0.9956428719468906,16.18215635235193,0.6134205986744196,0.4969604105377295,18.158823047242702,2.441857907352211,-4.640085183108495
