,Az,Ae,Kz,Ke,Cz,Ca,Ck,Ce,BAz,BAe,BKz,BKe,BΦZ,BΦE,Gz,Ge,∂Az/∂t (finite diff.),∂Ae/∂t (finite diff.),∂Kz/∂t (finite diff.),∂Ke/∂t (finite diff.),RGz,RKz,RGe,RKe
decay,500116.33421213157,90092.71115832415,2560993.957498137,280769.9061932573,8.668817535866909,0.8524069050463252,-3.673768436634436,6.797246829669808,7.840213982030125,0.949117614857704,-33.924992098648325,-4.758450499483025,51.56614823275967,27.2431648414121,5.786194138614442,2.195052902466514,3.3343267286114036,-0.03425259810008411,15.192316831277374,0.12496929992212791,5.015337187494514,44.122259830693224,4.961469711665696,-5.587595466899092
intensification,719875.2890699578,110714.36600314616,3491975.3607830913,447815.4436590988,-4.430062300880478,2.889199027593799,-9.088305405055461,14.495001743910152,14.641827541183346,-2.9400752248160256,-12.200238297335028,-2.3609357368728427,46.234947445200206,0.816857882411794,-5.929506832546188,8.590136334493895,5.107628889863151,0.9687724665613991,17.500801084742854,3.4970027753965605,-11.075061924606871,43.21940708801382,15.514650407693775,-17.725368636696214
decay 2,784553.0078689014,131754.9511149824,3869739.055820747,464461.1327730771,5.07462007272217,3.198949437669576,-7.620149199163772,14.836021611353628,22.38060231710834,-3.0906050894736303,1.3653270003529272,-5.859537179672441,80.8044670086387,20.403503487245853,-0.09979647422100779,9.81507080160975,2.114416950011003,0.502072541799158,11.403261769932866,-1.7273729724658404,-11.992615856705589,12.583463896021541,15.229749804956839,-18.324006603310796
