,Az,Ae,Kz,Ke,Cz,Ca,Ck,Ce,BAz,BAe,BKz,BKe,BΦZ,BΦE,Gz,Ge,∂Az/∂t (finite diff.),∂Ae/∂t (finite diff.),∂Kz/∂t (finite diff.),∂Ke/∂t (finite diff.),RGz,RKz,RGe,RKe
incipient,864619.3400712003,78544.08184056409,3230055.5976897744,212594.53706435626,-1.2177960040171996,-0.7287236359793916,3.436353286874973,1.262011578115239,-0.45154343950859405,4.1820158088488135,2.4907811726006,-3.078129307246449,112.17631866626024,153.27258811678422,-1.2792183805411195,0.2701914333086442,2.0862086519970506,-0.38013069890734436,2.5549007764216656,-0.3665526709078351,0.5912324515090543,-2.154437679036708,-2.571411293661526,4.885918345098347
intensification,814559.9358275965,315735.607643313,4161659.7849630173,393257.79101419746,-5.025588854273985,-2.3390771509099832,2.4648762749979696,-3.7825343183405757,-9.75774422494852,4.0579944984284175,34.10056407936208,4.708203566378155,-222.74478651229592,-347.5344375556633,0.4593080978830999,-0.7469199732848368,2.989004275209993,1.0090931064440325,1.1134953975526887,1.5654461206069783,5.382082494974543,-30.42635610253338,-4.492358559414979,3.104653147567369
mature,2091103.269295341,217254.50531770533,3333047.692616593,354402.09888631554,-1.427692334791536,-2.2055491011141557,2.4970543449152935,-4.161434664798619,-20.57861695810088,8.797397722258188,-8.419551924737979,-2.6351815483309897,10.558554061274185,-39.54881295464807,4.802082932072103,-1.1140891327076592,2.6998241546241073,-4.063311436562173,-8.819138915045889,-5.493745944444576,19.6451996768193,-1.468949000431665,-14.816594722504822,3.7999246136003255
decay,1433471.0488147903,77137.66153317684,3128325.8947130544,127909.67062678252,2.163851165723356,0.58769152528313,-2.2408587574372247,1.1875975565336614,-8.358181908845472,0.4072229805848041,-36.85068729936773,-0.9917908821452058,150.53028454843854,121.72622588003888,-0.27026767437572874,0.1937564662219768,-6.707030085257389,0.32431308149813964,0.02864415457901227,-1.2772108493659748,4.402694514594569,36.95633904566061,0.5169961321638671,-3.7138762811916552
