,Az,Ae,Kz,Ke,Cz,Ca,Ck,Ce,BAz,BAe,BKz,BKe,BΦZ,BΦE,Gz,Ge,∂Az/∂t (finite diff.),∂Ae/∂t (finite diff.),∂Kz/∂t (finite diff.),∂Ke/∂t (finite diff.),RGz,RKz,RGe,RKe
incipient,801441.6300371266,77811.68282398599,1987211.6986502511,148260.9781110771,-7.487148128341558,0.6047801291283346,-1.9403186594965693,1.8428557404057004,4.761521665638291,-1.552634741234657,9.801992438955326,1.5208463809629653,-40.73701376692918,-47.217861372089594,-6.681607755205608,-1.732606414737144,2.9980412588305194,-1.3218820369513562,6.932084306714166,1.3089245818067865,-8.645848406020995,6.557558655596969,1.4688283155606667,-3.995096199058448
intensification,642648.529230351,160995.98909336698,2588459.496665375,339105.2028402306,1.839928992648254,2.06177456553776,-9.701476175436984,3.1565081570734685,6.8181455343671065,-1.3492464785276923,-16.504478094067462,3.5918895955495755,43.32339931133759,-30.943928046440227,-0.5190922160264049,0.129187706011331,-2.441550966348879,1.0961733410683596,3.335567647152754,2.9590340380279905,-5.357992942529973,27.70159292400894,3.5401534111317603,-13.490839890032035
mature,132356.88615610206,229655.8716573449,2497981.5674792826,913573.6617782924,-1.5161577622716422,2.4874140957661823,-7.4502545639055615,7.400521442387102,2.024732159772089,-14.13979315006991,-6.392832175750726,-10.293639801737442,95.78770104282722,80.23925013789993,0.38578936774743294,4.137519594257572,-1.700180815829669,-3.9883741945591473,-12.544684393616228,-2.511762849003281,-2.7536566421072175,2.8145601083117,15.064526302131682,-7.068899053558505
decay,85891.45192120277,79266.46549566803,1737366.8732134304,574062.7193590964,-0.7027660300755723,0.3649823894841616,-4.061117795949712,1.4436794074056591,-0.2707610020855727,-1.5953308470983911,-9.82265249126397,-9.611475607555096,81.86041859919627,25.993947898812117,-0.1948025245986696,0.6397068986006038,-0.5464204756084635,-0.6899094645697499,-8.878453132743328,-3.3917725905107714,-0.6134431141143015,5.708083184545926,1.9841184004501389,0.7149058136889532
