,Az,Ae,Kz,Ke,Cz,Ca,Ck,Ce,BAz,BAe,BKz,BKe,BΦZ,BΦE,Gz,Ge,∂Az/∂t (finite diff.),∂Ae/∂t (finite diff.),∂Kz/∂t (finite diff.),∂Ke/∂t (finite diff.),RGz,RKz,RGe,RKe
incipient,279452.2978966219,72000.10520689939,1385427.456718948,188345.9709600959,-0.4947424144183794,0.504883047860104,-0.41911748225819395,3.6614025953892777,1.3717318462013763,0.30430189704061,-14.059214839658287,1.4488378120292615,38.39322509930913,35.05871819005346,0.6127360663639907,2.518324462077291,2.6014732337846094,0.8330213760633832,5.76134384538872,0.9519871844614739,1.2398820210249575,20.734418581723578,3.685239026551947,-4.57737070521526
decay,336035.9476846009,71222.25657406209,1551128.8856001673,210429.58996219383,-1.346387446645526,0.7236880260293894,-0.407816573239449,3.8135030784132242,4.622482097567925,-0.4162862680815681,0.8210894965393847,2.4855464619159555,34.25881453547629,30.671185512695324,-1.2021579884856755,2.16321919334369,2.3768653808371587,-0.07034201442586652,4.76272944793539,0.6685476949337774,-2.868316137346903,5.695843971280981,3.435759306039537,-6.0383184186348515
intensification,441962.09405571397,94664.5471752873,1553401.459518683,270278.8292444193,2.081481211551833,1.301212982472086,-0.9315498080037534,4.681106322390703,7.5879415077349295,-1.6520087562365628,-4.509217282659848,5.071653727775349,12.789360201243719,8.841663515408436,0.4584161226815052,3.6665518273675817,1.0451212582385565,0.49417474136608897,-3.327857067311341,1.9424246500025977,-3.160126055472455,0.031428811800427434,5.526076837521269,-8.741885208167208
