,Az,Ae,Kz,Ke,Cz,Ca,Ck,Ce,BAz,BAe,BKz,BKe,BΦZ,BΦE,Gz,Ge,∂Az/∂t (finite diff.),∂Ae/∂t (finite diff.),∂Kz/∂t (finite diff.),∂Ke/∂t (finite diff.),RGz,RKz,RGe,RKe
incipient,167637.25147296762,61335.75381151309,692009.8768829225,130310.71135445808,1.5573927884958212,0.00948927113667282,-0.1548412822353528,0.8148222861224912,-0.3411468006733399,0.8168679805090084,-3.751853705963027,-0.7860003482795331,8.495329905103889,5.211534923482385,1.4168202672245056,0.7288540333649373,0.7023099896391747,-0.3028039346036741,1.3668425666096078,0.754341660973106,2.610338849945009,3.7161447663121665,-0.31433890012686416,0.570678440894795
decay,203222.7210172406,48001.37735055579,778698.6378480801,143492.4533912437,1.6627208756456957,0.11257214388450304,0.034298332552979253,0.6581676691465557,0.2872133105472728,0.6537795399903245,-6.9182352555429825,-1.2470711694149692,-4.1552104700307515,-3.479881397428695,1.0917966903359528,0.51963475460047,-0.6641428389349683,0.6566749656099017,-1.763477324675879,-0.13540184765595425,0.8239368700479576,3.457738722668428,0.5484909508816299,0.4877999851654384
intensification,187213.5400151373,54306.79425314973,758239.7306670207,139191.38002807394,1.514639077152428,0.16376190407071448,-0.043591319140334005,0.9746239263272027,-0.5664670165960002,0.4255466278387449,-4.8846602358816105,-0.5690822281625992,-5.714351489411861,-8.178882929377203,0.8789056727156243,0.38583592580392817,-0.5213161072883937,-0.18984645623066224,0.06004891864086437,0.23732675681802373,1.723551890530749,3.4736613965103813,0.19546893818708108,-0.21180626048691362
decay 2,157717.42431359485,57899.032073042836,702810.1488975903,148496.75090195303,1.9056951864110154,0.20578253066457342,-0.4763432747166926,0.7273332195569404,-0.3313264930022086,0.2575797669024127,-2.6328034592239273,-1.2628359226110493,-8.043674537874233,-6.814025169525045,0.6432648043665478,0.7611232070586753,-1.3986598758427373,0.16757190244242542,-1.5651225226054966,-0.3356053844564334,1.0441443342350598,-0.3616709750758921,0.4315428244323797,-0.27644595611901734
