,Az,Ae,Kz,Ke,Cz,Ca,Ck,Ce,BAz,BAe,BKz,BKe,BΦZ,BΦE,Gz,Ge,∂Az/∂t (finite diff.),∂Ae/∂t (finite diff.),∂Kz/∂t (finite diff.),∂Ke/∂t (finite diff.),RGz,RKz,RGe,RKe
intensification,107862.08990137353,196786.62865347965,1034953.500535006,707455.2646264014,-0.34279205920250555,0.6910628677527437,-3.8070639465028506,6.631883876618727,2.511353782215465,-0.014240938881587617,-16.985359704090683,17.60489971486806,66.46418038249385,82.21803038281571,0.8796029061390381,4.7795411493567945,1.667223032822995,-0.2990524353005857,5.880976280040065,3.969311820082739,-0.4958599408422314,27.016191989836102,5.656009512446986,-24.074535717906898
