,Az,Ae,Kz,Ke,Cz,Ca,Ck,Ce,BAz,BAe,BKz,BKe,BΦZ,BΦE,Gz,Ge,∂Az/∂t (finite diff.),∂Ae/∂t (finite diff.),∂Kz/∂t (finite diff.),∂Ke/∂t (finite diff.),RGz,RKz,RGe,RKe
incipient,658617.2277002276,230296.63350988,2625310.699519606,308341.4657467013,-9.626375835464897,0.5824696824738408,-1.0471099293328932,4.00401491466115,2.336947152637401,1.7748587444258628,-41.14214854180763,2.695865324326518,143.90719122636222,130.26269395596086,-5.890162878169783,-0.9803452134234444,3.7802231703426794,3.358469933913533,21.868925808082132,8.258865618992896,-7.600630135285779,73.68456011468754,5.005156421674979,0.5118754506723349
intensification,336791.2421093989,446859.8578919001,2642692.184131944,1078141.6243658059,-0.425138421386244,2.3137799407212434,1.6105906826199181,26.76349366020322,0.3798601083393631,6.605254847578638,-47.890547118221896,15.149338998396411,155.34508151552978,150.58732374760365,2.531974609385536,19.476984944764084,-4.570653080433383,0.9061472436774757,-6.399949067242501,10.90666692928298,-3.061871669437745,40.30514578974571,18.750606115580812,-29.395575046696734
mature,159021.84572256976,272266.82660454087,1888027.6617438083,1654521.6681829412,2.538777229554746,0.31280895919369417,-1.3641109868925465,8.252878734679983,0.7563308928131592,3.8413317517261216,-23.03888105958842,15.565010864991407,120.26820957013415,106.21786141301796,1.7206061878599603,1.9579043352059369,-2.53524142810272,-3.490559049654523,-6.282898882424163,5.341566544380492,-0.43998613216743915,15.581315934502058,0.6081789741056444,-19.84043404218345
decay,187058.01221721817,172414.32244250207,2055499.083694364,727886.5698446849,0.035977908584662224,0.6227728566202779,-7.976540020986673,2.7843440544877867,1.0393910971677314,2.353797060888888,-15.380098490661158,-8.740511609892522,178.82547073866198,165.0108911081327,-0.6243097562625128,-0.5218109661293275,1.7840841218802217,-0.7368390912100076,3.639237662271593,-6.29714026963024,1.4034437899174312,26.959898265334758,-0.9290649542313865,-8.31751273521218
