,Az,Ae,Kz,Ke,Cz,Ca,Ck,Ce,BAz,BAe,BKz,BKe,BΦZ,BΦE,Gz,Ge,∂Az/∂t (finite diff.),∂Ae/∂t (finite diff.),∂Kz/∂t (finite diff.),∂Ke/∂t (finite diff.),RGz,RKz,RGe,RKe
incipient,535930.0266762332,75879.21559145654,2286154.7749145096,121915.26246738347,-1.0571178026349775,-0.0447313822197807,-1.5259172668225909,-0.001093666746504851,-1.0070771605660385,-0.3597126517057275,-11.134941820983766,-1.4617445227115302,-30.45990403948386,-58.240086649770404,-1.4721223722589902,-1.4962690436465653,-0.666319400485957,-1.3856203877115592,6.659340117922618,0.6766592918382641,-0.7610914247746765,20.377317008363953,-0.9822700205325557,0.6135802144737083
intensification,475335.4530906414,74477.2212629602,1930274.3882912756,202516.94143764378,2.1508565895861884,-0.3722471325544363,-1.960919433524432,-1.4291012585116452,0.3549472596053826,-0.5845548096796226,4.896527851469947,-3.395295350359297e-05,-69.4353152648354,-79.91575139006481,1.1228566900185273,-0.22514863347205127,-1.0058980030117426,0.06781697914424999,-6.671964857577933,1.098707821982169,0.4177641944146264,-11.758429865109639,-0.4044823371333363,0.5669235999228855
mature,495523.774279353,63085.87171208725,1448275.4960413883,248363.36554452465,-2.8011491788386578,-0.29889684112422454,-1.1690489969297992,-0.39112780262920877,2.231034303041392,-0.7375418697315969,16.785528150877354,-2.270978289840139,-40.826024815637446,-45.68779877996256,-2.419490661344779,0.12833515330500153,3.6830664153715946,-0.37722536177895194,-4.628874902755143,-0.9850215687461628,-1.6480139076326807,-17.44420487786404,0.26808554644766064,0.5080355267933858
decay,479821.1766349989,33909.97276259098,1790962.8911585812,138874.9680397853,3.4101376162358967,0.07900576999217945,-1.1182426097268208,0.423092942322665,-2.3075273187163137,0.020862626408688377,-7.716632567507413,-2.73462197321595,74.69342879262793,67.34587576420743,1.564901880868011,0.1971449542368709,-0.39755460607970794,-0.1238765314875969,5.552627922462736,-0.14704035892207024,5.399116098864682,10.977365483461071,0.19934801443420028,1.0462460622443934
