,Az,Ae,Kz,Ke,Cz,Ca,Ck,Ce,BAz,BAe,BKz,BKe,BΦZ,BΦE,Gz,Ge,∂Az/∂t (finite diff.),∂Ae/∂t (finite diff.),∂Kz/∂t (finite diff.),∂Ke/∂t (finite diff.),RGz,RKz,RGe,RKe
incipient,880336.6803407833,83688.8819077943,2754707.0391152008,188116.8363041549,-0.6492251547442345,0.5478198349930209,-0.7896792967881603,4.0062871397238276,-0.07268426855541715,2.318054894292433,23.3550723544678,-1.4111221066468898,41.280594116660964,34.71701829023013,-3.441744388691892,0.903913449196244,-6.093738141575447,-1.0685357095567574,-11.585902891883265,-0.5246573042542965,-6.1224591927712435,-33.50207079481867,0.07187670088161649,-3.909501634119394
intensification,720447.313758557,44527.70588138983,2672073.3189537483,141151.15863842535,9.998802950355564,0.32532779139772855,0.09204439925036154,1.6755979178959177,2.5249401046589157,0.5664449994394216,-7.160215445903249,0.29929255735982446,30.771795773699086,-14.868892831247482,4.604575411603946,0.9813005471293986,-1.0858783950594315,0.18393668481608028,-2.750723340665892,0.056926306645555265,6.713312242034944,-5.681355244368569,0.967761811874848,-1.8259197693598255
mature,434386.2334706939,88634.73071380891,1774029.521768357,158024.81547215438,2.392125492219826,0.6277142093671113,0.028833400165871992,0.944026822037161,-7.000717207132081,-0.8953122509741592,-12.768817295608947,4.065176393526682,99.06924130152298,112.61280865384572,-0.49189725665847667,0.7194300354398308,-7.570156114964642,0.7232432908277984,-15.933132091293439,1.13526880779407,2.4504007937543775,-5.585273688070191,1.9348681544720074,-3.845101007603901
decay,99543.73815175108,66550.80246263421,1016345.2468304686,257518.41003064887,0.29184675475386784,0.3642521140523073,4.350097138907084,0.9750394497029636,-0.884931352904839,-1.179014998722944,3.0120689805875216,1.105280767916094,-6.428508015279591,0.15385033151709654,0.21938912518434275,0.2555929988084962,-2.050155872374702,-0.48597418545494714,-4.063215339305017,-0.04764696550903265,-0.5091256506636882,-11.71722821355349,1.303828148918653,2.222129955778993
