,Az,Ae,Kz,Ke,Cz,Ca,Ck,Ce,BAz,BAe,BKz,BKe,BΦZ,BΦE,Gz,Ge,∂Az/∂t (finite diff.),∂Ae/∂t (finite diff.),∂Kz/∂t (finite diff.),∂Ke/∂t (finite diff.),RGz,RKz,RGe,RKe
intensification,993237.2743964794,129243.7515433118,2136488.035890667,351668.2612675517,-4.514332436829067,-0.348014226430728,3.84759186036624,0.627445212792998,-2.4037311166054964,3.5969222366525577,15.58118756831513,-4.681037346917725,-80.88269325910899,-56.74434796182392,-2.143953418109704,-1.6227120286782208,17.93462001383627,-0.3214415248276004,14.127836204634018,-3.7801986416676425,15.476004467181973,-0.7866107872182875,-2.9429043222564317,4.1209853528233245
decay,2171166.344123262,119840.02903103596,2568351.397458645,190231.79434902404,-4.690423395227606,2.1380625423482207,-2.9152600295490414,1.4178883241818576,-15.731635133226963,-3.644732760169582,-14.372173623843796,-6.391420556206919,26.109203249013802,-3.6689951128653817,0.8227870561660164,-0.7451653938488086,20.60986301385128,1.114233760781992,5.944279167343323,0.8090428748723422,33.78913729419885,27.922136215963768,4.038792302785211,2.867315077348361
