,Az,Ae,Kz,Ke,Cz,Ca,Ck,Ce,BAz,BAe,BKz,BKe,BΦZ,BΦE,Gz,Ge,∂Az/∂t (finite diff.),∂Ae/∂t (finite diff.),∂Kz/∂t (finite diff.),∂Ke/∂t (finite diff.),RGz,RKz,RGe,RKe
intensification,608078.5662407131,74312.09597731617,4057482.953976627,385610.5609621453,-5.300721840019818,-0.4185053501190284,1.0240424697199937,0.9744736639309178,-6.606196270825403,1.8337932937801296,34.41942886639517,-8.684984629469295,217.7423723359654,279.65517421992627,-3.668186737857652,-0.110798681411595,2.8638477791108223,0.21990759199277893,5.912760807928081,-0.3318004841171656,3.750816859797379,-24.22998868816727,-0.22090668773740488,8.402752951141206
decay,723553.2355604057,79265.13417318964,3832374.011323391,321715.2426858443,3.3719190584223897,-0.22228634325722624,-0.11907472416788681,-1.714694697210394,1.4745709728789733,-3.267863670628362,5.692657822022941,-5.59929722864453,121.36884412098448,88.92344591182537,0.5211881561767646,-0.4831259186572862,5.780567102991418,-0.8869364029282807,-4.349994214911716,-2.670926039735303,7.455628845277606,-13.295496371189156,0.8885189137469137,4.523991161951733
