,Az,Ae,Kz,Ke,Cz,Ca,Ck,Ce,BAz,BAe,BKz,BKe,BΦZ,BΦE,Gz,Ge,∂Az/∂t (finite diff.),∂Ae/∂t (finite diff.),∂Kz/∂t (finite diff.),∂Ke/∂t (finite diff.),RGz,RKz,RGe,RKe
incipient,531561.9846084423,116750.90964119829,1923827.059894388,194899.80026340578,18.822219646771565,0.6821976938443581,-0.45063423793498103,6.958290081317208,1.322688116358062,1.8997712777283788,-26.454427732620143,-2.8429787729029825,4.529957516092828,-2.1558123621779854,19.18413401612261,3.1016555320936763,4.253166721936419,1.5994516473803049,-1.415688080635823,0.9827703479904362,22.43489594619428,6.667154243147733,5.975772757124776,-3.5831751983587705
intensification,373072.8974524429,76997.13492301239,1845893.6381769823,215178.04785890167,4.324286915393757,0.3260534737009788,-3.0906326641444295,2.885545909237754,0.10265358154390418,0.5469834142389095,-15.85848263744542,-0.33324382616930387,27.060450724561928,20.191949076871193,3.5420439645419095,1.945496834722972,0.12436037201802956,-0.10233521139563952,3.1596377458296043,0.7266866507941535,4.672047179568861,17.7844661320257,1.9101738099022258,-4.916248096418727
mature,786219.5693154621,147933.1848123456,3461726.7841317467,477901.7133347555,9.975667866072595,2.7523175906061104,-17.030405085244603,13.71276061489462,16.785585459838593,1.196624382735727,-83.07473942060628,-3.2991832452851417,180.99935881577215,95.78031552621702,6.560618850896352,7.689033519958696,8.733549388487258,2.3223800440780353,29.09433217314204,2.9273981812470993,4.6759493853273675,119.22380881292031,12.086198685630816,-24.51658427360698
decay,1131825.8878641124,199839.15892630044,5642683.00373156,416541.63276297064,10.819832656157665,2.2800498597029963,-10.08322933452875,9.67618886118462,16.866569561462484,3.9441200284996945,-84.5895231113408,-7.3774118511239255,225.96556369387181,85.12418033014711,5.62516290614646,4.329054495976823,1.3889183371866465,-1.675504068994911,26.539422601820927,-3.9582252770673017,-2.3777687084151755,110.39234239153281,1.7765149039870176,-16.340231621656745
