,Az,Ae,Kz,Ke,Cz,Ca,Ck,Ce,BAz,BAe,BKz,BKe,BΦZ,BΦE,Gz,Ge,∂Az/∂t (finite diff.),∂Ae/∂t (finite diff.),∂Kz/∂t (finite diff.),∂Ke/∂t (finite diff.),RGz,RKz,RGe,RKe
intensification,585084.1167186429,87261.7899601196,4775344.28023936,129153.66453865601,1.8315631452732888,-0.1744365446892669,1.0987378985587075,1.1477956648587444,6.540695540507856,3.7491077860234467,-16.542091379882017,0.40283693580359714,138.76948600105237,4.471376569185139,-2.034313238048839,-2.1483363771435005,6.985197245133015,-1.812921056982851,47.534228791977895,0.2816987660998549,2.1016283052091813,61.14601912802792,-4.239796633458286,-0.17019593600377939
decay,727223.0593888947,57238.76282920501,4953787.592502187,111476.01711984651,-2.4049407869529635,0.2098913242324359,1.5240634890766187,1.470166127776053,7.419821573196063,0.20276264020559895,70.03061764998654,1.2738369705295451,-71.24791085936212,-100.55584257369829,-0.4449489904137148,0.7162035781318153,2.167609980100196,-0.4886504859866741,-12.477186236677237,-0.6204793794299217,-7.447261055816393,-81.62692658878744,0.568861677351344,-1.8404189886589013
