,Az,Ae,Kz,Ke,Cz,Ca,Ck,Ce,BAz,BAe,BKz,BKe,BΦZ,BΦE,Gz,Ge,∂Az/∂t (finite diff.),∂Ae/∂t (finite diff.),∂Kz/∂t (finite diff.),∂Ke/∂t (finite diff.),RGz,RKz,RGe,RKe
incipient,949560.8998467987,177677.19486069275,3810756.516529488,278614.2827950604,6.813341557649845,0.5923494313285519,-3.612381215138064,2.7583614625912927,4.309232302932058,5.497185774312629,-21.637080785361384,-3.0721100472297818,203.44294958173438,98.11703534187872,2.1960987622731225,-0.8066752275853135,3.35884836610176,-2.9707798757189576,2.486385172832247,0.5162539378008771,6.4553070521480995,20.922505615681846,-6.301953618768849,-2.7823786926986966
intensification,1292927.1719180858,123016.43384745909,5910112.621553927,182905.62383513065,4.718568496832142,1.1927379009217562,-2.577778303026189,2.9595203188059824,13.347519854669452,4.133295940765322,12.949205500415012,0.8091715641786562,7.525122400646323,-102.68091005675515,1.7653451995154839,0.1660731941414798,-1.8248084553885238,0.8706598812934515,6.455456065019452,-0.03166519581299597,-9.261021912304079,-8.634539629201518,-1.4958536415876447,-6.378135381823823
mature,474521.64117222314,131981.85145796317,3947451.6906892327,335092.7598438739,2.654370366363097,1.6904492757630492,-13.592490672610472,2.8119238762535703,4.247363381474086,-5.056770004906475,-30.726304943901503,-5.4293829749372335,194.4499117619084,116.49126328964304,0.8155666954666324,-0.5766815116427515,-2.9135653644842225,-2.541512295313899,-18.028212280764087,-0.8688840482388549,-2.8161091038321637,23.636212969384793,3.6367323100830973,-11.843915622165662
decay,235323.60523550562,55977.062148050914,1998794.72335116,203892.59200925558,0.07355067475468427,0.4045085555007492,-2.928844244360001,0.5629318240092905,-0.07942099811452238,0.18560849740351273,-5.7160129367278,-0.4374397726334643,84.46887708370932,51.698925917207106,1.0182771667175008,-0.7016279262149595,-0.3729573488111826,-0.005986716648221179,-3.7401506190247042,-0.27301403150693343,0.18452287955877325,4.831155887308411,-0.033171945543192555,-3.3273503272427583
