,Az,Ae,Kz,Ke,Cz,Ca,Ck,Ce,BAz,BAe,BKz,BKe,BΦZ,BΦE,Gz,Ge,∂Az/∂t (finite diff.),∂Ae/∂t (finite diff.),∂Kz/∂t (finite diff.),∂Ke/∂t (finite diff.),RGz,RKz,RGe,RKe
intensification,721742.6027980002,157038.0558446367,2539237.6216451926,1041310.1448109408,13.363782730413012,1.104458750361923,-25.68456993941105,7.402956124865624,2.3500359212946456,1.4423517565459298,-36.095354520772105,-3.140613378412706,-9.220046277507548,-89.215352525906,4.362803192304452,2.117741520297078,-8.583884043245611,-2.131529841186627,-12.308745021540998,-3.3483549038998186,3.5343215162346784,36.107396708229146,2.7246157767711434,-33.29526758976379
mature,257822.03777115498,84534.31644035214,1084287.9303425546,692304.1927770905,3.6227608416656834,0.5128924419210623,-12.538021012703757,1.192083705723861,4.818776661565845,0.0402447006047715,-5.5105444061372975,-3.28891271878609,1.927504213915378,-16.18341523816267,-0.37705807494247423,0.583302181107564,-1.2237555372981694,0.29810538196405667,-8.724003747944781,-3.679941691595989,-1.9068789152772687,5.701800829230591,0.9370519451620837,-14.121133691237517
decay,358243.1187663292,120738.66370735219,1971525.407701219,419411.28274063976,-1.7953804960096766,1.1367669529141735,-4.932838876151649,6.649556667564865,5.591114598322649,0.44850540386280674,-8.620537631665787,2.795409653267034,80.00851605233996,51.22172652734498,-1.1331418064508598,3.5041851276745195,1.0933910400255327,0.2941388071301472,4.801840686473344,-1.5775158234723416,-5.15633710139262,20.150597690300454,5.358423117918033,-15.955321020455894
residual,255126.32055811488,342413.6206095535,1890744.032385173,961854.9396325669,-0.3661736448952014,1.4912958921961965,2.431014498937769,3.880990531923151,5.165353401377101,-1.7718167542091805,-25.778532557828772,15.098736436138944,111.25080397710305,106.67853771392147,0.5348023341195933,0.6158921355904645,-1.1691778820058842,0.4845384833285697,-1.5770210601417844,5.936450522784512,-5.2094090360819925,22.13667064364442,4.646049877264704,-10.612261946339814
