,Az,Ae,Kz,Ke,Cz,Ca,Ck,Ce,BAz,BAe,BKz,BKe,BΦZ,BΦE,Gz,Ge,∂Az/∂t (finite diff.),∂Ae/∂t (finite diff.),∂Kz/∂t (finite diff.),∂Ke/∂t (finite diff.),RGz,RKz,RGe,RKe
incipient,1002123.3773976127,114263.53498887073,1675870.0321469395,209011.65324028672,3.4489439599078224,0.9360620550900839,2.4984361618651936,1.390924586146241,16.8410089619585,-0.4493096099969818,-22.978492301804877,5.543662942108978,-81.89295719935016,-98.50175213375599,-1.081126152738633,-0.17058139619728607,2.043010154860091,1.394083689142795,-15.697197293150944,3.1205432022129127,-10.412992792100502,1.3339148868809172,2.2982558301959335,-1.3156081641771125
intensification,715432.1783654981,250919.856542432,1497775.1993041025,606954.5244210181,-4.127026496823959,2.6451099356401904,-12.95910074356292,5.387841958201673,-0.22278093456662318,-2.500316487560657,-0.7197011652495804,7.194261839615225,-37.287777188482536,-93.22410467859481,-1.7817950188059322,-0.7027962335424924,-5.327655872098951,0.07208689205282062,1.9784957570378288,4.539028261741473,-6.586791498716096,19.784324162674288,5.315135402174961,-21.00217627963835
mature,228207.0509833609,138095.42400021618,2684091.8268028335,1058048.8971889634,-2.6976696595441383,2.376493695500361,-27.68249709162923,2.994070291273975,6.079294750688025,-2.3565330775320303,-9.799121528725724,-4.04615984172497,206.35391173834978,147.796049220218,-0.33529275852116985,-1.1659941928660662,1.7528557570300798,0.12721549444574978,26.022583123053764,-5.528787351962229,-4.647614957701722,66.20187140295285,3.101325167751394,-32.15919489314046
decay,151696.5519571186,108527.39788592208,1390296.5879595766,318571.39729044336,0.8642533094356982,-0.1097652304347716,6.064251527992153,0.6441949159234216,0.1324849294213424,1.8176583593078477,-7.74592915086194,7.80951980230743,20.54480861747684,28.247338469169584,0.4008487050269388,0.1426571368393218,-0.29101244126898623,-0.266795193049403,-4.840174224693965,-0.8596913057338177,0.3309907083105984,-4.022749911259874,-1.3304934059990574,-3.249154495972514
