,Az,Ae,Kz,Ke,Cz,Ca,Ck,Ce,BAz,BAe,BKz,BKe,BΦZ,BΦE,Gz,Ge,∂Az/∂t (finite diff.),∂Ae/∂t (finite diff.),∂Kz/∂t (finite diff.),∂Ke/∂t (finite diff.),RGz,RKz,RGe,RKe
incipient,1076605.7141304903,91117.34895898514,4484624.794775784,132720.5429124573,-1.2964548329285666,-0.03982889574079144,-0.26027658076401106,-0.8473210120377659,2.588566725277955,1.1588294872498393,72.66666377292132,4.508477117178728,-189.47551753430068,-156.63270835603,-0.6182383265881647,-0.8122859958430676,-5.781563310448845,2.0484135666535797,-7.487653780257216,1.5818160091090225,-9.706413764396157,-78.59758613948598,0.08209196310676632,-2.3396166767959508
intensification,742504.6874510493,193872.56597388786,3580012.5764938844,719235.8825162979,0.017074022360728858,1.768161711794198,-1.1407997859537296,7.83888739221581,6.905637875237054,3.1866994002066127,0.6735979352251213,33.221469808132476,-32.43567267563183,-47.662107575771884,2.1127739607424947,2.452144455640039,-4.072629413528381,1.631364613530195,-1.6710775945809835,6.2906309754758185,-9.19303155461051,-1.2209497662131044,4.5153908937451925,-35.91052601082619
mature,225160.17744428074,370785.66433388635,3533085.9324773503,1257050.5733101193,-0.30221474377110846,2.3473471499975522,14.861724420112782,18.18409269283283,0.8410123633181297,-0.7022172409972315,-32.87320949219314,43.76251759874488,163.56923516728227,191.3853184926848,2.754500236505928,7.449499238687369,-2.5457382346047495,-2.845840586737876,-16.477958162404686,2.9647344808454252,-1.3416181916964351,1.835741653446778,13.693122197094635,-44.1201513906195
decay,146256.40568620196,149937.39058480022,2745238.8664098913,718331.3006479328,-1.184581660949306,-0.33612350000287117,27.541275024639084,3.254100129926027,-5.447351109847962,2.3502801628121714,3.6512152456606777,17.168694345536178,-36.03198736399735,-1.7015956676820614,0.8678098630144558,1.5376038014593283,0.877120991054992,-1.27598867494736,-5.353361334669464,-5.849633438052758,4.803766939950778,-35.36126994401992,-0.03604520783063214,1.2688471111241182
