,Az,Ae,Kz,Ke,Cz,Ca,Ck,Ce,BAz,BAe,BKz,BKe,BΦZ,BΦE,Gz,Ge,∂Az/∂t (finite diff.),∂Ae/∂t (finite diff.),∂Kz/∂t (finite diff.),∂Ke/∂t (finite diff.),RGz,RKz,RGe,RKe
incipient,186150.41141416208,59475.75413334721,701011.4456807857,131427.6233375868,1.7576480094774314,0.23687306954233645,-0.8661477130559575,2.1095294109939458,0.9699036214986437,0.39871341470412147,-5.177213536931912,-1.9581585762973104,26.05626481564055,18.150799504083807,2.1168329283504876,1.050322555960185,-0.2461951236095138,0.5022753750859282,2.2085137617088266,0.3827104436537908,0.7784223339116101,6.494227002219265,1.9762183018334156,-0.6348081040988016
intensification,219287.28361652672,65634.04016399776,994310.3534734439,189057.3890090021,-0.04466329670746361,0.2454269839148504,-2.329737667074282,3.9176125633660757,1.0438642838438135,0.5782229604759357,-5.05287831445971,-2.7165755023359597,25.24577632353191,16.031158117196252,-0.47498670935673737,3.2824145142992345,0.932032327206117,-0.007434556246407542,1.8857073631815782,0.5282917965676002,0.08893173056969007,9.312986641423034,3.086528062728883,-3.0024829315367993
mature,370701.5335880874,58764.02892703882,1045520.2463610618,184089.92599221857,3.242290852658439,0.25640155467201625,-3.94915568962498,2.172664228079629,2.89513064026334,0.03144297073851872,-1.7168526241724984,-2.453308369606665,7.351288471275469,-3.126193220006517,0.7233294075729341,1.8181587494917053,0.16172153096022757,0.16823009236488184,-0.6437546032534605,-0.8482578947855755,0.765283298027343,1.7799628578855786,2.053049795033976,-4.516769442883519
decay,279353.92922825215,66912.74776545979,1034070.8769760516,191106.11559845228,1.8188206087023169,0.2112127628744117,-2.1947926451620727,1.17689760352274,1.7574161361656047,-0.2565948253797694,2.714541920187947,-1.3950783105139004,32.61283127268022,25.83823172544091,0.6110667773468905,0.8015864033013621,0.07537380925568575,-0.05946011084056748,0.622426037364708,0.05638992121140081,0.34799104466680886,-1.7161438463634817,1.1628195551875307,-1.920222016959513
