,Az,Ae,Kz,Ke,Cz,Ca,Ck,Ce,BAz,BAe,BKz,BKe,BΦZ,BΦE,Gz,Ge,∂Az/∂t (finite diff.),∂Ae/∂t (finite diff.),∂Kz/∂t (finite diff.),∂Ke/∂t (finite diff.),RGz,RKz,RGe,RKe
incipient,994467.7986727692,140244.8660910983,3596904.872094464,177694.59231346313,-7.036264491196009,-0.4638006577467867,0.1902017536010583,0.5165940585964442,-5.499646507890606,7.552564707037635,-21.790659659227263,-0.918408602663748,180.27806672287747,228.7551395227524,1.213932959544461,-5.012865044460918,13.121719149478077,-0.4181161030658269,9.963764729403882,0.8739075918909953,11.121300508425886,38.6004871262261,-6.990286093760231,1.4659238895593576
intensification,1146015.4649416364,99046.38175084225,3596391.053911358,235684.0637347886,-2.5814948874827413,0.4017005405200641,-2.7351821774611342,3.960004323550517,4.929255312059625,3.168584641785128,-13.273978369797884,0.6143153684445556,41.95262740940297,-35.356255684941054,-4.342266190329991,0.5387037822216715,-0.06658766920082754,-0.619585963503266,0.5029811483471799,0.1653442282162777,-7.1756373282231305,19.093636583088944,-0.22986682225794125,-7.144157641239929
mature,979612.0287441257,63533.691453524145,3721135.8115977854,200115.33269301974,3.8546928751316205,-1.1177519659543649,-0.0032204721395111355,-3.781326857611605,12.215615642739133,1.0778157942771136,16.675624605738545,6.241230569806947,-126.5830115170415,-178.21519160398375,-1.245244341851324,-0.5652040009329609,-1.4156995038366829,0.3305567022630552,0.6345444489482368,0.06393025358339074,-10.894374237398559,-19.89255255978242,-3.410833983671298,-2.3991939307514625
decay,815520.3235216063,93205.71321215568,3785468.164867559,212816.55752490822,0.6156237459476908,0.05164492102714822,-0.5781399851295858,0.4473280589223613,4.482527765959335,1.8138003685581472,29.363607095805822,1.3820015426270156,20.154046686670192,-18.220526217542606,-0.504690493196213,0.0834706673661239,-1.4518284024196821,0.13308616668397852,-5.186069392685139,0.24966805197037414,-5.267087501404178,-34.58716024930907,-1.2850310639789555,-2.1578015347085886
