,Az,Ae,Kz,Ke,Cz,Ca,Ck,Ce,BAz,BAe,BKz,BKe,BΦZ,BΦE,Gz,Ge,∂Az/∂t (finite diff.),∂Ae/∂t (finite diff.),∂Kz/∂t (finite diff.),∂Ke/∂t (finite diff.),RGz,RKz,RGe,RKe
decay,247280.59496261989,81802.99904341971,1330263.5799346752,122598.7431941427,6.434335372798328,-0.11977745038062917,0.5184877527953867,0.6763740545568354,0.09365091990274657,0.8760333914463313,-7.159151125926366,-1.294001804664886,8.941028305683728,18.826221540465657,5.276616432231253,0.5264410520957121,-0.5523786378548204,0.3376272330057137,-1.2190652555517003,0.03816655839132148,5.668528364660133,-1.0127372552190503,0.257745346496847,1.1742820612947589
intensification,208058.91669356078,75883.38229261064,1234618.348853544,131797.49070250464,1.3344310282598404,-0.2354643308778028,-0.03868486240424879,0.11222380864828713,-0.625166680023641,0.6359134253056488,2.4574849022991248,0.04382136760302232,-2.090967881232283,5.67202892107474,1.358884743139578,-0.12784632533933668,0.007435570620407043,0.11071394564903465,-3.715905566309621,0.36122897240720625,1.731568948026086,-7.469136634464338,-0.17751134013052416,0.166498933751648
decay 2,169009.57918307366,65048.50502798033,1240694.5270757857,205120.50226776197,0.41622861206197365,-0.2518087436974822,2.0196515168753058,-0.2934677107942562,-0.583477930247651,0.5314179937813954,20.865526725768166,5.032628321012607,10.787533232827688,24.24432724130626,-0.02288982810184592,-0.2849378417729775,0.0722257116742477,-0.30981514669129145,17.173981234177283,2.4784616127644243,0.8201235102863901,-6.1274256205281565,-0.8828921075694607,-0.24104748057861974
