,Az,Ae,Kz,Ke,Cz,Ca,Ck,Ce,BAz,BAe,BKz,BKe,BΦZ,BΦE,Gz,Ge,∂Az/∂t (finite diff.),∂Ae/∂t (finite diff.),∂Kz/∂t (finite diff.),∂Ke/∂t (finite diff.),RGz,RKz,RGe,RKe
incipient,466004.86669367197,569809.2919376933,4370546.452222945,552641.3177851063,-4.004638885396553,5.015130018566698,-19.151053036827456,5.512078796771826,12.923439650032526,-16.43249995394201,-34.85344630722547,1.3538774076117028,298.9413480417678,188.2086485035648,-3.0686258206989074,-2.3521554888638008,-1.404714690819187,-1.7945210107163851,23.735833108497076,6.150879239157026,-13.317663207681568,81.74497133794655,15.134927721430756,-19.86613000205396
intensification,788907.132170972,224852.6305462148,5766039.075096458,440254.5931678926,1.702844071336802,2.2886119297342273,-18.19193838299489,4.616675689364558,8.356467823780187,-8.458134852902761,-27.06699143352581,-13.97796346967941,405.26738329216903,271.24235687933765,-0.6385467132252354,1.8381922960769914,4.015150181321228,-2.8394470754424908,11.877803581885594,-3.862658899927896,-0.3498616413879317,55.433889327069494,7.9467515370905994,-12.693309502607933
mature,811586.2463618147,59907.929155614125,6215435.065769387,97292.09877581561,-4.897648970881155,0.23972342361256566,-0.9310643685448375,0.49248211387136565,-10.872879139502023,1.1860854897372968,3.613892093289736,1.7905940501517268,-68.32940883419374,-132.7401185002718,-1.296332576280334,-0.821169699315867,-4.199152266132414,0.0941466574631194,-13.130407340320035,0.12156520080748166,2.0158013261010215,-10.91558609418378,-0.8391801420153774,-3.092575331760449
decay,797491.4937243097,92129.45947035712,4131796.609853935,108093.8827151413,-1.4355640713961473,0.3553649918479796,-1.4969142336802999,0.9066480363151539,-1.4225809024058704,1.3901630553211064,6.998600779053342,0.3584116481352532,121.57730466265596,108.33529829143119,-3.4156839348740635,-1.8181471453406959,1.3935291100737344,0.038906922991357416,-5.28402762341058,-0.17449304934045926,1.7359109329314377,-9.350150097387473,-0.7999730878625751,-2.9364669674711665
