,Az,Ae,Kz,Ke,Cz,Ca,Ck,Ce,BAz,BAe,BKz,BKe,BΦZ,BΦE,Gz,Ge,∂Az/∂t (finite diff.),∂Ae/∂t (finite diff.),∂Kz/∂t (finite diff.),∂Ke/∂t (finite diff.),RGz,RKz,RGe,RKe
incipient,509519.4645724744,139229.45107043584,2583390.072233856,318109.2991992385,-3.6165137472033013,0.7005734479612497,1.3574353687341658,7.731458229665514,0.34324282731535327,3.2779583813455075,-25.165840409987652,1.35251841537815,104.33909980676175,85.49282201621376,-1.6474106924958953,4.987666725956735,0.5626900593868419,0.8998876435389672,11.174100328195236,1.680792712466804,-2.696493067170563,38.59901911665202,4.652814043897724,-6.045748563842696
intensification,768388.0058284358,132303.46013696233,3978822.044257739,366972.7813592488,-6.619615342368951,0.7683032944038288,2.1599619203277274,7.0443185740951995,-6.194760280912223,2.3031346403206903,-24.57978408677791,4.699404972177481,120.44491439384142,89.49397089726364,-2.6803443981051362,3.5181139090183375,0.49311412333272914,-0.5414854948196896,-1.8358278901570246,-1.0982821324342682,0.8365623562798283,27.203609618662117,3.431395144550992,-10.682043758379224
mature,386581.62126552296,84714.21234517546,2143044.9102428313,230582.51746704933,-1.1106811549061602,0.9395996905813703,-0.9765001487240307,1.2612237012829246,-2.7623812709142377,-0.29280232248009275,16.888058690407384,1.7332544332635473,87.24584067094091,90.8483108708503,-1.0674824048635128,-0.039947867591577944,-5.244854322743041,0.20780579042086147,-18.354369419208766,0.6871074996446399,-2.6535545161535934,-33.15524680598596,0.8222321236025087,-3.2838707836258627
decay,229865.30702030793,117675.21877106355,1634140.290656158,383710.24504265457,-2.420416163512923,-0.5593654612687631,5.250710914988602,-0.6739876385824233,-3.5460804375500876,2.5781841517890323,27.725713466652742,2.5390068049931402,-125.16003840595779,-73.28432099560365,0.7315437299172556,-0.13382534764793716,1.5767696660614585,0.4024271808486162,7.82535842120302,1.0564827489764261,2.1430684788298597,-22.7306497969254,-2.2903791482540767,4.442174497554311
