,Az,Ae,Kz,Ke,Cz,Ca,Ck,Ce,BAz,BAe,BKz,BKe,BΦZ,BΦE,Gz,Ge,∂Az/∂t (finite diff.),∂Ae/∂t (finite diff.),∂Kz/∂t (finite diff.),∂Ke/∂t (finite diff.),RGz,RKz,RGe,RKe
incipient,783383.3958675175,708978.0358603117,3776467.081987877,376836.9114956368,-7.4626658354982975,2.080879643822588,-2.80737621288804,-1.33116902389017,-2.23750410716264,31.275224033111694,-21.347502058966995,11.408761177240606,222.68304402832612,230.6523480958271,-4.5086625165962095,-28.432255834538264,-5.488098286227635,-6.6596710342188,5.098754102793626,7.7206456116959075,-8.632380370740705,36.71629821014696,-41.34694373504325,-5.164322754542569
intensification,354527.30410820653,564239.9515394781,3400520.8838068433,1021615.556840565,-0.1735502402466932,2.3242789061541824,-0.02509607189896654,14.098246947538605,1.4778820433407738,11.214590814161907,-4.735656436037244,11.92609970345552,203.82962763387803,200.77585206317605,0.7887957867528856,-0.6578474563589005,-5.312168087355735,-4.823971525124389,-12.908690978943618,7.242367564433735,-4.639321464789019,-7.974388230760711,-4.264594297901867,-18.807075158459362
mature,271557.97422822705,90514.36948167259,2201280.094621745,676896.5467265209,10.1520066135524,-0.5871516290991907,6.548656378922455,-0.7166026637890193,4.0935080250189895,-0.12572870153034577,-4.964897971429648,-3.281104030686291,81.8314560475915,9.13524294413828,4.5180145290049465,0.1842569708976877,0.1644709599846693,-3.058413423131498,-16.540652488234254,-11.429153682449424,5.63581791941889,-28.276417509279458,-3.0621357562909806,-0.8827906090516612
decay,246261.29068143232,61331.11525420904,1682402.1469839583,389486.72071925446,1.0744884731512303,-0.08100686477451971,-1.8736091248866964,0.023517757853036125,0.5901897674157658,0.9235307644170296,3.0339404229856806,2.8349106413732157,-10.925091730759691,-22.37352953482943,0.3365978736146517,0.07627421511236158,1.5854367858976437,0.0812481120968058,6.920997408722606,-0.25288464221343976,1.9887286268585882,4.68617763747239,-0.7377580296926682,-4.984922166326387
