,Az,Ae,Kz,Ke,Cz,Ca,Ck,Ce,BAz,BAe,BKz,BKe,BΦZ,BΦE,Gz,Ge,∂Az/∂t (finite diff.),∂Ae/∂t (finite diff.),∂Kz/∂t (finite diff.),∂Ke/∂t (finite diff.),RGz,RKz,RGe,RKe
incipient,804966.5165918721,71874.63999284786,3783824.8762898888,291274.65774397965,4.392178612315778,0.0815643368289114,-8.301002483620376,-0.9478165348076272,9.645084903147636,-1.5864053255267183,-55.957985652443895,-19.79018978385194,63.47646440638857,12.326390684521286,-2.5617609642696952,-4.276357783349456,3.9509984479902456,-1.0528179198427206,20.96073837370767,1.003316284951326,-1.2203435060127017,80.82754789745616,-0.4957934659525407,13.440320119990515
intensification,772467.3782637498,92010.50512744358,4038628.4337107767,261090.25345940015,9.679224032958826,-0.06336367711665747,-5.614223880067619,-2.0320415350662073,14.050596083518947,-4.783528732205078,-39.15899265102155,-14.335572818654596,-85.11505493411421,-208.4855427224846,0.0056154631200876865,-0.7769919589075505,-3.268764884010849,1.4276238358570905,2.994417443104559,-1.5168840315440957,-7.703500611687627,38.08840994123489,4.242474710112618,9.236506442109087
mature,578737.3747600451,183158.37939012097,4178891.8714969405,164360.20409658176,5.045872734475197,-0.1478696626225704,-2.11612543398173,-1.8102833292212335,3.8348989661119592,-2.9301587775722395,-14.66356171643484,0.01845866563792381,-240.9648329742746,-352.456576137455,1.4130242496616363,-0.9569070510446614,-2.295223690181517,1.1252939718404311,1.3556904444075404,-2.0502748291515593,-1.232119584440849,13.089504860348912,2.3930390828140076,-2.37457559954998
decay,617550.1753483416,174675.87432143488,3883776.640849153,110662.94161616817,0.7213304449073822,-0.3716283910267982,-1.3407923090169478,-1.306262742663643,-5.729083390231734,-1.7217403805654439,-2.144344738565509,-1.7428000177988316,-219.2157916930464,-296.4611323974423,0.005422745826894282,0.41766256250790545,0.9403429314336629,-1.0372740189070133,-8.124197733581747,-0.6964986988559863,7.0191283755459795,-5.360391130906673,-0.25016798997841444,1.0117717525895404
