,Az,Ae,Kz,Ke,Cz,Ca,Ck,Ce,BAz,BAe,BKz,BKe,BΦZ,BΦE,Gz,Ge,∂Az/∂t (finite diff.),∂Ae/∂t (finite diff.),∂Kz/∂t (finite diff.),∂Ke/∂t (finite diff.),RGz,RKz,RGe,RKe
incipient,695933.8655704851,255000.06307028417,3943740.0084480685,339754.5150774185,0.5833730753609435,1.6727900768368809,-5.736691383217905,8.71168624795537,8.182876332056214,-0.2651401415771297,-2.389250758903772,-9.180281016265836,158.80676961408338,94.8352599280895,0.3001166117361634,-0.2797153845452452,-4.43374230779395,-2.685970102096547,-10.98649175568817,-2.750092874004278,-10.36045548765234,-3.44392268892744,4.618066210599073,-8.018189488911718
intensification,316641.3076683405,141024.08024830153,2919411.24351484,284010.7162475194,-2.1642137380837188,0.8868155899883466,-1.769194887668163,4.2878189675468645,-1.0870273682340346,0.1361601532412393,7.109909816096799,-0.3296654469258197,118.03978669037478,80.791368315525,-0.5408819579234742,1.9360165408902732,-3.9313724135467107,-0.7539098858891174,-11.276771850017859,-0.07823545684479111,-4.121743193408049,-14.453273040362774,2.510933338428161,-5.8055838651339995
mature,95073.84668170591,109765.36786540557,2381148.515884097,292682.055882828,-2.751582733884266,0.9312434566840769,-5.1519563866073135,0.8382202828267132,-1.1373465296649592,-0.9605865607217018,-16.313998320528214,-0.8974610129666264,212.41809679948153,228.5048204855807,-0.02468961186063784,0.04113932980049466,0.04662556141017878,-0.2633390135768799,2.5486587254380457,-0.39021610549600744,-0.6363671861250514,26.766196166457842,0.6042243732874583,-5.482931761963408
decay,214997.42463743544,76134.04743589643,3037142.939932562,203097.80129631085,-2.687717599979426,0.020156855962012048,0.5012624392297554,0.24054612049403282,-5.7899805518804905,1.3142828148034806,-5.993860410149597,3.307261946227079,81.84919620220039,100.92964290496361,0.46396554547498253,-0.02191497398884918,1.586977984778386,-0.06686558677082617,1.9794311008125447,-0.37422904004490026,4.709397792641464,10.159746671711812,-1.160759137042286,-3.4207746675362576
