,Az,Ae,Kz,Ke,Cz,Ca,Ck,Ce,BAz,BAe,BKz,BKe,BΦZ,BΦE,Gz,Ge,∂Az/∂t (finite diff.),∂Ae/∂t (finite diff.),∂Kz/∂t (finite diff.),∂Ke/∂t (finite diff.),RGz,RKz,RGe,RKe
incipient,173685.99981594796,77871.55213304622,571361.3275372607,271338.1267783557,4.159023666844733,-0.035269909286570846,1.9343727067958583,0.9169331082308596,2.485514749265023,0.7575265496846981,-3.474266845652314,-0.25406803252578086,17.89952437099542,18.61382499854153,3.076271871895782,0.44661383002269145,-1.3570649237080492,-1.516951644108809,-5.720088854180692,-0.8809235409473658,0.2811740845850895,-8.33921838216897,-1.3222751762760765,0.39058409014341344
intensification,240026.65310564655,89061.9679132169,892494.0836399538,251379.0134804367,-2.404788195158149,0.6052718596098305,0.07629755279562624,5.067737708784569,0.7002499326512786,1.5416173835893026,-10.093249607375961,-0.07897237417127492,29.603562931037555,22.884892653067787,-1.0541804968041417,2.9742801298883403,2.201705693595617,0.17533376005763732,7.3629484796304165,0.5246632397622066,-0.29806057460398033,19.784688729368895,3.0961822256430738,-4.387804542055461
mature,440620.9692361671,115656.93730019228,1629398.3326778149,360957.06274074333,-3.8300097265770994,1.184201163288209,-10.031066247568896,12.438887821975886,7.781727142546723,1.8979374046287472,-33.47602156732927,-3.0177083174841615,39.96279813697727,26.595522106347044,-4.996378419956648,8.83266905308247,0.9199982813910275,1.0476957450969278,6.984934634995122,2.352883179978159,-9.507537424444585,54.32203217647039,10.404444999155857,-17.099362572082462
decay,622250.9881967441,116116.37475546241,2202495.8869519043,288004.410278242,8.899896951913908,1.8384724232940934,-6.816238904016569,6.76209791817569,22.205637677632765,-2.844334346705224,-35.304009197005705,-7.476195231288137,-0.8662299124746013,-35.24749436665192,1.3153607388315345,4.113248707343415,3.2353043318862333,-0.3170119328773216,2.71685180357543,-1.563966569090683,-8.231963970538533,35.937202952683805,7.450947908709498,-7.666108159994807
