,Az,Ae,Kz,Ke,Cz,Ca,Ck,Ce,BAz,BAe,BKz,BKe,BΦZ,BΦE,Gz,Ge,∂Az/∂t (finite diff.),∂Ae/∂t (finite diff.),∂Kz/∂t (finite diff.),∂Ke/∂t (finite diff.),RGz,RKz,RGe,RKe
incipient,177655.35287338018,143828.64562084185,1643623.2686997638,197333.55410884926,3.0571354823971264,0.5571483590394,-1.6507614269375552,5.150582724115267,4.347194455864637,6.317558056258047,-12.421903160964346,-2.7308810486188406,43.85336798121719,26.780994125477896,-1.3781768642099896,-1.6062290221387527,-3.6978921061616012,-0.18530505490230803,-14.162462703710458,1.33416653571331,-4.430802720589711,-3.146933598205682,-1.909428746084489,-2.7362965667206707
decay,123534.28022146648,163560.47072933032,1215557.3115806726,193413.4996442749,2.436731648346741,0.2847084347094143,-1.8138231174765471,1.3350362074768436,2.3616624743190324,3.5671895895873726,-0.07173589037254047,-1.2149593178356963,37.96718352683685,41.71105837674883,0.32866669195950304,-0.8589516133361246,-0.5153511602409382,0.20945918947595116,-7.983307758393622,1.2288115643927,-0.15557355150381427,-8.534480398891278,-2.307402627343992,-0.705088442724994
intensification,98754.63490723548,153257.51085584983,918733.487660646,356067.6828122424,0.452616910963779,0.6240854659772788,2.9520276344672904,2.3079632667447356,2.1322313239438806,-1.6278577607523825,-2.805480915658233,14.368900982507725,17.45616922624957,45.12702671419352,0.12922970949823231,3.028587060059567,-0.34698114742384184,-0.4609207179511388,2.7121269956550105,4.146841815956923,-1.4025100944266646,2.1129633658821736,2.850814843568701,-9.577994798828247
