,Az,Ae,Kz,Ke,Cz,Ca,Ck,Ce,BAz,BAe,BKz,BKe,BΦZ,BΦE,Gz,Ge,∂Az/∂t (finite diff.),∂Ae/∂t (finite diff.),∂Kz/∂t (finite diff.),∂Ke/∂t (finite diff.),RGz,RKz,RGe,RKe
incipient,608022.1253466727,101122.83854764063,1505685.310456933,121649.45390793806,3.090169950198263,0.2422311129857515,-1.1258359606466568,1.2629724516267689,-3.116320464264784,0.7573706363723354,-11.728625706649751,0.3176004765240522,51.3617351037902,49.22534034552708,2.365814872249476,-0.9399558790484297,1.399789923806995,-2.7746215578325772,12.765503194939651,0.19409582280529056,7.848511451255793,22.5297949120378,-2.511250855563895,-2.5123130659921875
decay,443711.24902529165,48129.39727055287,2003825.2164489804,123754.65437101995,-0.19270436526311263,-0.03057420067074045,-0.22965079835858696,-0.05762480688157462,-4.14064935417541,0.14824757187960927,-1.736184844209534,0.7977314837536902,58.57980567105106,82.08433588042425,-1.463467037073375,-0.31858189593676056,-3.4238406484797324,0.14282184207881554,8.715435357581866,-0.23364699496823854,0.4935301397618236,10.8739753654131,-0.032476336011627915,-1.2034044701989413
intensification,367040.9441776479,59415.7669375394,2259359.904522917,111022.85526286896,-2.165571100039089,-0.1515834686166853,0.0644061112829781,-1.4295930662396084,-3.7326473315720494,-0.4641158398606075,6.095881193435055,1.6733365443584445,47.11395523006037,71.24651019891677,-1.9678941881511327,-0.6982914196134434,-1.6482910898003535,0.896864841016742,11.555099490924473,-0.3142012385805355,-0.2327983268840783,7.560383286245528,0.0829710832544265,-0.4935386054163935
decay 2,287564.57417870226,98467.59075088621,2372604.153517349,136605.7806946453,-2.267252430597425,0.2653618542702227,0.6178075931030829,-0.5750557679185243,-2.820273403703297,-3.678111004382747,8.239489701331305,6.279330878038569,2.727408921342024,45.845784402989,-1.5326046178987287,0.7065078828856104,-2.462009664124531,1.154442781495137,1.6773437271218579,1.489775702966202,-1.6436268367484366,-4.912701136715103,3.9921361636891364,-3.5966918140507596
