,Az,Ae,Kz,Ke,Cz,Ca,Ck,Ce,BAz,BAe,BKz,BKe,BΦZ,BΦE,Gz,Ge,∂Az/∂t (finite diff.),∂Ae/∂t (finite diff.),∂Kz/∂t (finite diff.),∂Ke/∂t (finite diff.),RGz,RKz,RGe,RKe
intensification,149470.08320140597,120473.32688162604,1872141.0627711753,246495.9979215948,0.2058969345513799,0.09049226861805365,-5.094112495697662,0.9041926615118889,-0.11596354537367248,0.46348131765443534,-6.504770186559277,-2.2259792032058954,25.89271987558393,30.5346460846332,-0.3597533786786734,-1.9160255119549097,0.9960892470946984,-3.659359257095387,24.142556265631697,-2.0962678891105275,1.4084419956378045,35.535542013337256,-3.3091401818559874,-5.868593843114181
decay,253627.3523096786,120988.16759458388,2596021.8310821108,270547.80796818685,-0.431782952592619,0.24087872502519145,-6.271494991448821,0.6938861153622897,0.5454820608205704,-0.324194837632623,-17.79139500984889,-7.260650055733957,47.65386608581389,16.426467908402763,0.4719383061198339,1.252606184684454,2.46369951979129,0.006065168153238515,13.489634737495553,-0.3050940859085511,1.7273132314032922,37.984307691385894,0.7832673961229597,-0.009825136985705862
