,Az,Ae,Kz,Ke,Cz,Ca,Ck,Ce,BAz,BAe,BKz,BKe,BΦZ,BΦE,Gz,Ge,∂Az/∂t (finite diff.),∂Ae/∂t (finite diff.),∂Kz/∂t (finite diff.),∂Ke/∂t (finite diff.),RGz,RKz,RGe,RKe
intensification,988710.4768169583,146723.23576809315,3735186.962262042,319884.70509672014,7.236918141296005,1.7454846525607886,-4.999341725240848,5.562158520825622,14.594041584902266,0.037393309878156374,-29.187382685145835,-2.5476950659769306,16.31439511230209,-18.2582052850434,1.0261064418724082,3.9376407307726846,-1.1397158932923261,1.808822633902584,6.198458463738763,1.4577964599481419,-6.751354684337798,33.14826473282944,5.588103192289261,-6.556008720141398
