,Az,Ae,Kz,Ke,Cz,Ca,Ck,Ce,BAz,BAe,BKz,BKe,BΦZ,BΦE,Gz,Ge,∂Az/∂t (finite diff.),∂Ae/∂t (finite diff.),∂Kz/∂t (finite diff.),∂Ke/∂t (finite diff.),RGz,RKz,RGe,RKe
incipient,575831.3575381048,76050.8978269503,3195883.042266557,143370.28189978856,-4.585979443322207,-0.08567228274069322,0.07750478427090063,0.4025635758541361,2.0445733590730706,2.2562616980910675,20.030121318517725,-1.151671634497019,9.301980527724478,68.6239112533886,0.3413761630155142,-1.226025107952727,4.232787943772775,0.5841375793767437,1.3054301450930423,-1.4711150323211872,-2.483437141363196,-14.216216514373379,-1.1838882601194944,-0.6445021894074038
intensification,555166.2425168413,77977.08972370384,3260001.811175557,143728.5894194686,1.7170122373798988,0.2081400694697283,-1.814541857864557,0.7433312108104211,6.572117940223858,1.971006661010749,5.437848824335594,1.824258595624453,48.40231977826497,31.582931455818446,-0.19216794212360463,-0.21715831591941379,-1.5827790674783555,0.4011021806751702,3.450686655672863,0.8135716093718244,-6.229744700852587,-1.8896325481780694,-1.0347133389948862,-3.568560054927607
mature,378420.2736620537,157278.1491412521,3712256.3381293975,227726.01832432198,1.4973009654769192,1.0596298803045605,-3.1951155937895757,3.6066810005858834,0.5287926914942661,2.556714207240774,-21.374433792680104,4.9728076659286335,240.77839586626695,203.9880259877141,0.9776091419186695,0.33063292523507576,-3.6956543706142337,1.571978297872689,8.023157827860222,0.03184572192242988,-1.6675162163270203,31.095406248852978,1.5623152109132379,-11.742758538381663
decay,197903.84045438873,189645.61671777637,3493699.6212329357,192473.84528487298,-0.9627096008923527,0.6987457052929783,-1.8470109991561574,3.7318194805236673,0.08373195796045577,-4.688378691270746,5.278424297222609,0.21336747830518782,163.2563486430578,129.73894483839246,-0.7430439120153595,5.540776190167065,-5.280898834676178,-0.26384679986030823,-25.518362100445184,-0.7935818555934215,-5.628594688236008,-27.987065797619287,7.457605666641127,-6.585779813578435
