,Az,Ae,Kz,Ke,Cz,Ca,Ck,Ce,BAz,BAe,BKz,BKe,BΦZ,BΦE,Gz,Ge,∂Az/∂t (finite diff.),∂Ae/∂t (finite diff.),∂Kz/∂t (finite diff.),∂Ke/∂t (finite diff.),RGz,RKz,RGe,RKe
incipient,444733.60040774406,75606.70607745677,1805394.9131512565,271731.11935316556,2.0049353955235585,0.5803831095005352,-2.7911274920894393,3.082774782036414,1.6000310005701852,-0.9183490063668163,-23.605133542891053,-0.4768095215979466,42.64288223303998,24.656265602636694,0.7765752635648512,2.141158449041124,1.6967146206450126,-0.09909499844164524,5.2165195176437615,-0.3260546127936297,2.6820021250989203,29.60784515710069,3.3216456804610486,-5.723147365321533
intensification,527924.2483555425,83591.73110125755,2777707.237317238,191565.8548023105,-3.9803070472015416,0.3946191426401479,0.8055325505144656,1.8543407779306673,-2.186422709187909,1.6462456925985516,22.593374570741993,1.0825869868635123,37.259049769945086,110.55550779282,-1.0060197846833892,0.6459114640951382,-0.09031744844730046,-0.09129988482830521,5.563601154527113,0.12029127501664817,-1.489582643820786,-13.854998919527802,-0.277823942136337,-2.011103939263066
mature,670415.1475968923,42085.127197983464,3405719.668887861,145361.03943124446,-0.6363640225445435,0.07308200657734774,-2.8399211421655273,-0.24255090166112733,-2.522490628875075,-0.5538281606109468,33.974716741162965,0.17972616853658607,-26.788985581727836,-56.43722057793938,0.5672866979026288,0.10189337359960714,2.1529953175005248,0.11733617925448446,3.4597474405356645,0.43280485458575735,4.112203930408404,-27.038684135917226,0.3555314316269561,-2.344291554455229
decay,383715.23473699356,148444.20941647468,2313965.397921947,539685.986894314,5.0550011408955,1.1008554973833875,-7.576057164983195,2.774425248620344,4.02447055932131,-3.8468217230379143,7.839747383197585,3.5545343315785307,34.010527322921746,57.287217510844954,1.2354063349792368,1.9374021128361374,-0.15368567026784327,0.1952083133044685,-10.124408060046507,0.9452297440529862,1.9777004086897327,-15.443099419156404,5.715599787579338,-12.959787001129081
