,Az,Ae,Kz,Ke,Cz,Ca,Ck,Ce,BAz,BAe,BKz,BKe,BΦZ,BΦE,Gz,Ge,∂Az/∂t (finite diff.),∂Ae/∂t (finite diff.),∂Kz/∂t (finite diff.),∂Ke/∂t (finite diff.),RGz,RKz,RGe,RKe
decay,726097.6269745792,296801.0116732449,3100637.40614556,768558.6278121407,8.95001946940968,3.2502952748995937,-24.567791172778744,2.7983777596930564,10.40231976238859,-4.517157254781063,-16.87608675333118,-7.864560467736181,14.314842602736586,-136.21516059231095,0.611619407749575,-5.795839266242059,2.2106683130074356,1.260466846315088,35.802804169900604,-3.1228991339405994,4.0086632949281205,68.29666262660085,5.325706585889614,-22.624507598676217
intensification,810610.6444544507,394899.6101866357,4306485.254398391,639241.1453280187,0.8630866713483539,6.003785602285642,-13.548268712462516,5.84749128623159,11.927278793036743,-4.58221470154538,-42.6451721866376,7.681563671028363,161.0407263327837,35.78882244210607,-1.4838738418592279,-3.4714696112052614,3.0911593631542966,2.579016726396947,50.81447795361651,-6.4239112735348725,-1.969247156248449,106.14483218136826,7.004937111888275,-33.501234943257344
decay 2,732059.5901310701,403306.41664766264,5422666.210220014,489787.50373362773,-2.8600980602837294,5.672944460042241,-6.0897700313155445,9.534760925921413,10.727484559880141,-3.6010552426420896,-59.13856304550743,20.592419815236415,363.68771842107304,333.41759219327315,0.7407022712648003,-2.285640959103375,-7.5436633887716695,1.6976593427005557,11.396680743841292,-2.0108544962120853,-15.458301548893298,79.485111880948,9.160531051221815,-38.22780526868546
intensification 2,474318.7744115088,455755.1286843008,5440211.0015425235,438343.97220185143,-5.210780873742117,3.6677404022215176,-2.938617656407673,14.795746920099266,4.713422046409214,-1.0203852844369556,-41.03745569486768,13.29764206528279,396.42144182659956,414.35585485757406,2.1745587211165485,11.119792794220107,-8.498188660880901,0.3360844960495295,-4.39638953175732,-2.7412522319439785,-14.754651178810715,44.79046469326015,12.484476298364232,-33.77325887373371
