,Az,Ae,Kz,Ke,Cz,Ca,Ck,Ce,BAz,BAe,BKz,BKe,BΦZ,BΦE,Gz,Ge,∂Az/∂t (finite diff.),∂Ae/∂t (finite diff.),∂Kz/∂t (finite diff.),∂Ke/∂t (finite diff.),RGz,RKz,RGe,RKe
intensification,172839.19840143013,94816.63741963345,820940.4716772885,352516.8771212311,0.16064429626779939,0.7662259376256149,-1.146334943017903,5.636480598792965,2.1843901535962753,-0.10776335596442534,-25.797556503786527,0.9722968340332276,23.590653455377662,16.294575090489335,-0.34428767093716117,3.7601182721694713,0.14125301848584712,-0.42614888282853935,3.1662899307768115,0.6149084648148143,-1.1162669012170137,29.949537081313437,4.551869134303235,-7.140203911029281
mature,289964.8938289878,65569.2417021212,918956.193741465,366343.41915178444,1.865574887784059,0.8902527645726938,-3.3799504806086835,4.624580340897184,5.525378703696671,-0.7285081045020803,-30.841187865543713,-4.497369873865283,12.298437929502237,-5.562565548899153,-0.41975116846847005,2.742900713034434,3.1705708933099377,-0.434003539936559,0.04775929260333882,-1.518612130590072,0.40101984197002,32.403322750971675,4.028832140890011,-5.025773078230657
decay,239599.6575387202,33411.81002456723,742191.4468884118,158709.54060879024,0.7255703849836167,0.1536577188194903,-0.7313288177558621,0.4184946323015845,0.7059754423766051,-0.135579736013386,-1.7351878680184014,-1.1043462061159306,4.608014434922565,4.676778775450161,-0.24546186683617152,0.13937869975972822,-0.19720878484712803,-0.04808072285820166,1.5193704253952762,-0.646115701486284,-0.023956123420626668,3.260316726185923,0.35233592663727875,-0.6915929454278007
residual,423836.01487024076,60253.508519327734,1912257.5683668174,192612.80914607295,-4.870987068392291,0.05760648407609368,0.0950780893712756,1.9937420316753516,0.2179650436810642,-0.1861864558038535,0.7155221836158905,0.4196019419461725,50.94495548993604,54.038087347285305,-3.4708366339601713,2.3666029529247545,1.7973973918559907,0.407685637512575,11.827455233993561,0.7026423342630063,-3.2339482361412717,15.887842029398685,2.5300076409156866,-1.615623549987242
