,Az,Ae,Kz,Ke,Cz,Ca,Ck,Ce,BAz,BAe,BKz,BKe,BΦZ,BΦE,Gz,Ge,∂Az/∂t (finite diff.),∂Ae/∂t (finite diff.),∂Kz/∂t (finite diff.),∂Ke/∂t (finite diff.),RGz,RKz,RGe,RKe
intensification,771090.6326743634,133636.77060983947,3896187.4619790125,688497.9691238214,10.129280359099248,0.8559886132840993,-15.30271297779493,9.159044088313633,2.6718781875596025,-2.515135326263684,-13.129248334801481,-3.9824165228565533,-60.34043278432793,-158.3411916775184,2.452594576445791,7.549213154966669,-8.665994842274422,-0.013788770918858415,-11.801650575126978,6.9855577893813425,-0.3526040574506756,6.501030378370182,10.80440203037436,-13.493782753870663
mature,303092.0412951693,166689.97561834863,2750844.340381705,1026800.811881825,13.67250689619288,-2.1215852236939967,-14.30705483356706,-7.5547401052276815,-1.0771183688219026,-0.38285304917498736,-8.448603807380803,-4.395258324873,-102.05405489085513,-126.73516135293342,5.959947543666339,-0.1854538920294198,-2.263870855185602,2.015131086294724,-11.41902958998001,-3.83954288744887,10.364169186135182,-2.3358778452250255,-3.035170746063973,-6.196599290915249
decay,292330.96065822843,287038.5559895593,2087926.417700042,532687.1372342521,7.218103571305847,-2.511177491907896,6.738251742963147,-5.2269261862256835,-3.1853919240365074,3.6912941639057824,5.7820170648330835,2.725510570396978,-88.75754954496287,-89.33111219076831,2.0114752005246284,-2.1835197407826206,-0.3300547221487743,-0.31014191010163905,-2.8499531882672624,-2.0570192840515555,7.562263281285684,-22.588325567369335,-6.71718476832521,7.1826480747403
