,Az,Ae,Kz,Ke,Cz,Ca,Ck,Ce,BAz,BAe,BKz,BKe,BΦZ,BΦE,Gz,Ge,∂Az/∂t (finite diff.),∂Ae/∂t (finite diff.),∂Kz/∂t (finite diff.),∂Ke/∂t (finite diff.),RGz,RKz,RGe,RKe
incipient,513819.5909636299,67411.21364917117,2578097.4369096044,157341.37634107977,-0.33712241137006616,-0.403072069104226,0.8177307630526751,-0.062335466727656906,0.9276294939348101,2.194169253817857,-13.365873028619085,-0.863033297121698,60.13944836340662,64.4295963672343,-1.4154390118938487,-1.5980277993664604,3.085008850851091,-0.3195644820490787,16.25991325786556,-0.1661032956679446,1.4171848764419885,29.145177934802035,-2.1729971334903664,1.5769962312340855
decay,679856.5106550935,77613.3309453554,2873351.6164534995,134526.51892026712,2.0348460832545445,-0.2313909197938985,-0.14526786013406,-0.013024306855599216,0.21125865718969694,0.814153912012036,-6.0636200327254794,-0.4748738936790804,60.51263290666695,66.17970428322616,2.837189259115792,0.40155812895071474,5.601608948486024,1.0271618977215113,8.905606096878662,-0.49222406794082285,7.193805454756973,13.07964790648366,0.4313745986477746,-0.1495937275402032
intensification,790334.9151001138,111803.42189822195,4434021.355832503,252889.83849781426,-7.2301652713792475,-0.25335676159165355,3.016340903600856,2.267565963424597,-2.380606128457748,4.658178975073722,57.82175848927757,2.592797940749798,128.75780436152417,163.68902001357168,-3.5585010104594446,0.46158139749115124,0.7167976677859528,0.9901145393378922,30.523483196322946,3.0616334981719273,-4.386118236727199,-23.08445092517623,-1.147141710719579,1.2176104975983886
