,Az,Ae,Kz,Ke,Cz,Ca,Ck,Ce,BAz,BAe,BKz,BKe,BΦZ,BΦE,Gz,Ge,∂Az/∂t (finite diff.),∂Ae/∂t (finite diff.),∂Kz/∂t (finite diff.),∂Ke/∂t (finite diff.),RGz,RKz,RGe,RKe
incipient,596278.3464606807,367507.11266876245,3520828.498378942,358029.74667658214,-2.261896342601932,0.13463276272761768,1.6889029363619208,7.019321356941594,-5.220394946170038,6.3522503575178115,-15.517650583213218,-6.473349732722387,177.1859485386274,177.2508076278709,-1.252385074117796,4.483151286080421,-2.9140587382854157,1.940153843596937,2.166316483261023,2.458546641672592,0.17907262801030752,18.256960472714248,2.472592080293102,3.601477953815306
intensification,202889.07982885352,505601.2465388121,2280813.9823282612,785912.7423174008,-1.9926127386457873,0.4726652483836003,1.11947701842224,11.21904361692252,-0.389585632013373,2.8934931535313275,23.976247928339152,-2.813196832172313,76.85189600575643,73.35505213149622,-0.827855702541556,6.886362810084419,-0.7931823692370408,-1.0179016960578977,-4.764350945952555,3.7758627178162487,-1.9235442274858552,-27.867463154068155,6.834983518949692,-3.5105070485117205
mature,174473.23514554361,282826.1966775672,2641430.415925935,1226858.4981641772,-3.7003033860556958,2.4820354936897213,3.339958976328944,6.6606482820677195,6.444402301761153,-2.005786888345856,-38.93829080538167,6.490670334785742,115.14536155089937,113.99922369885104,-1.0829324431767946,1.5635288518891215,0.2218289683682179,1.6108415824911726,14.65536554256106,-7.253244070686543,-7.44084122575891,53.954000757669476,7.795241259215029,-17.064603711211063
decay,459285.95698990417,176199.8644157862,2512534.4621317475,414356.8803497084,0.5628960190561317,0.6146443941531265,-10.999003536876916,1.2844526604864182,2.999512771044111,1.010719399534369,-18.798576451661468,-8.742481008872257,108.20253006946552,102.05484605234241,-2.3233242330225563,-0.8959469332823298,2.356249064610331,-0.6307101007608109,-0.80631913252574,-1.3458968078046465,0.534276706775478,28.428364836956522,-0.971621233961889,-4.886871996295718
