,Az,Ae,Kz,Ke,Cz,Ca,Ck,Ce,BAz,BAe,BKz,BKe,BΦZ,BΦE,Gz,Ge,∂Az/∂t (finite diff.),∂Ae/∂t (finite diff.),∂Kz/∂t (finite diff.),∂Ke/∂t (finite diff.),RGz,RKz,RGe,RKe
intensification,817806.298666876,232486.2621819352,2744264.3550962326,199999.56003313255,-4.76442350873216,0.7289398685418578,-0.42345076378432545,7.00473116325392,1.1892650392658182,3.3305845536746435,23.102866838394675,-5.708012348223737,66.92299726219277,58.48781357491147,-3.1126561046186003,5.1639126638255,-0.23151214266062237,0.3507821301158418,-0.9208880152182514,1.0942785699895328,-5.456260822116745,-18.83588058109644,3.2959888711532606,-0.6258910088249753
mature,705254.8242017193,175433.64981433083,2736820.2254271437,246962.48067783573,3.541092351903354,0.706605556130027,-1.8097499399393395,6.54811267523382,5.008935885165848,-1.2432207505868396,15.100861584134561,-5.2527383380290145,35.303172220424266,18.537736739596628,2.7814685899037705,5.617775264928031,-1.8775505676438577,-2.589578099334987,-1.8712575471119013,-0.19723179992541576,-2.6387885447763253,-18.70346154321048,4.495149770355646,-3.3023560770695606
decay,785317.2904070042,62377.27729036405,3069474.0547100212,155258.66305642982,-0.9371729228204361,0.4996490785970432,-0.8112664880989209,2.239970332425721,5.541799668272012,-0.7450494371957477,40.664806188492804,-2.7725348686326012,-63.49170126980799,-90.884123975121,-2.3244766817551343,1.458086134580453,1.2607968472290951,-0.438175104219267,6.1498080243473945,-0.6777068985454335,-4.718526665266312,-32.76655875322606,2.0471955868051577,-0.9564088504374747
