,Az,Ae,Kz,Ke,Cz,Ca,Ck,Ce,BAz,BAe,BKz,BKe,BΦZ,BΦE,Gz,Ge,∂Az/∂t (finite diff.),∂Ae/∂t (finite diff.),∂Kz/∂t (finite diff.),∂Ke/∂t (finite diff.),RGz,RKz,RGe,RKe
incipient,1469969.5663531986,253319.3023204569,4253529.700084026,192365.2902192871,4.528165815385262,0.5643983097054327,-0.987927455058157,4.51526844624409,21.905631063513415,8.640983852903721,-25.000568630622148,-0.42666773096587757,159.27343453026543,176.604014318839,-5.195283039511189,-2.8190798777573596,-5.1583060794123385,-1.0953435010074948,-6.162780696057801,0.9460005101486366,-21.97137301783506,15.297549574237246,-5.785457217372558,-4.130527660187733
intensification,880789.1055278302,332050.49834964867,4656096.577657224,332800.4176024398,-1.2677985521605535,2.1501559694076424,-0.07054660851091897,10.77762895315466,12.722420059634429,9.87813637651657,6.223782320849469,-2.1638318570834105,142.2111017887832,63.18773354508573,-3.243832878081365,1.2057150761392448,-7.59661851284437,-0.31979493802041875,-2.6835331634948103,1.2982919366133556,-19.43668115523171,-7.568970323672798,-1.5704583307899709,-7.386051767968814
mature,240758.1516427503,73820.43319919248,3088578.821625905,241663.62455420685,1.4186819071408874,-0.03888888313750853,11.881199292246087,1.0582738359846997,0.18376045989104028,-4.629668136700171,7.188839352465262,1.85058756699037,-19.425972984750217,-64.32084400093225,1.7795108573615825,2.1015634031673054,-0.772108720127095,-5.27429002104962,-11.452882226172564,-4.91077598954894,0.4239238439852432,-31.941602778024794,0.45254083477275747,4.061561899722077
decay,398458.95293194783,53129.98369558129,3579770.444222324,169791.28548700167,0.8444280750233295,-0.09091905362720465,-4.607284378660524,-0.7742320737887057,-2.8627428391402687,1.6584815230747838,-70.30256209135707,0.9135336078383256,42.3314145815199,-43.64584615713452,0.03318471015817965,0.01672913179666391,5.31126033617588,0.015660644215735847,9.560268848711905,-0.5524094031652246,8.927512196712273,83.62568724370618,-2.3261338990205487,-5.298995315875369
