,Az,Ae,Kz,Ke,Cz,Ca,Ck,Ce,BAz,BAe,BKz,BKe,BΦZ,BΦE,Gz,Ge,∂Az/∂t (finite diff.),∂Ae/∂t (finite diff.),∂Kz/∂t (finite diff.),∂Ke/∂t (finite diff.),RGz,RKz,RGe,RKe
incipient,1131200.3468410992,53399.50763831378,2674984.216275545,298974.4989341724,10.081231718404013,1.3926093503960326,-10.166577816927937,1.136571873085504,24.917829063018182,-2.319156375391052,-39.34237971292728,6.657886045418064,-69.44440089460727,-142.40902864378273,1.406555185867921,-0.3343568133180118,-5.497072911638458,1.6662845997535773,0.8691883279294252,6.199951361072232,-18.941060905856588,40.29691413938063,3.7294034978341006,-11.761084374359275
intensification,813328.650875605,382580.79354463925,4630961.142339966,613766.9567098795,1.5405378338563342,4.756942901825118,-9.733152677334845,13.195152284348113,14.008114213908696,3.8380316636115563,-37.540167356992924,1.3485312457607235,211.79201150201476,142.61728573975216,3.4856155093240475,7.323456799334951,-2.372618967394779,2.9486679631030417,20.924761288443282,3.8069046411091665,-10.083252445622026,66.65754348891474,7.548845682014486,-20.469931566334516
mature,805272.7196920458,448864.83277448016,5965134.439294651,860185.057768292,-14.206131992916653,3.4877261078762745,-21.012632025602137,14.829050132110002,-11.445280272812074,11.259218991717361,33.5333787655445,-23.66923990192098,377.7369900562902,243.93674255461184,-2.270418668650116,1.0362918041192704,3.8690979935675025,-3.4651664895052363,3.17378121054063,-3.906795252288492,4.595972381339196,4.859166463514921,-3.3830614569888686,-16.07923750807965
decay,1422368.6978618484,129939.802694447,6851655.015644793,297534.83711025596,-7.329201863168353,-0.18903579762273948,-3.8993467573898344,2.020476154080766,-11.31444908904893,3.7513756875873003,-17.10803180383844,-1.0747614801202166,-2.8921415885573047,-106.2977387299776,-2.388999665999714,-0.16251923146388353,7.179254467685029,-1.6508397605158402,4.538635292541688,-3.1105019569294132,10.975465895942865,32.87521571693831,-3.192703496399633,-7.955563388279797
