,Az,Ae,Kz,Ke,Cz,Ca,Ck,Ce,BAz,BAe,BKz,BKe,BΦZ,BΦE,Gz,Ge,∂Az/∂t (finite diff.),∂Ae/∂t (finite diff.),∂Kz/∂t (finite diff.),∂Ke/∂t (finite diff.),RGz,RKz,RGe,RKe
incipient,398537.43703680707,99715.01131012294,2417944.8278786875,159603.76703792595,-1.6160461772568735,-0.24238013050502846,-0.703687125486067,0.5067631439650178,-5.0575716951218475,4.031326350801825,44.34389921409057,-2.8642795294113332,-19.629967166061036,-20.77913778444646,-2.946907694122423,-2.272624033923533,5.255907512193366,-4.55525678027611,-20.346691319652297,0.6155230470262035,8.45505289955331,-62.37085723099993,-7.8374398566078884,2.269352306986451
intensification,243306.15495442916,94124.70797288066,1582073.28585048,193169.0195936607,-0.13624191772638877,0.797862126194463,-1.3287433750500075,2.1643860047809733,-0.19000623828341445,-0.6057735670050358,5.83771812116326,-0.7522677058301964,27.00623873934772,28.819839806383847,-0.47836164833399836,0.4460372440621449,-2.757736536313339,0.24658850752371322,-9.05708005475875,2.3822787076979943,-1.9061100895618501,-13.429812883145615,2.2188859531152603,-0.35858296630279085
mature,143752.73927942713,116721.26646537427,1398733.472659343,574065.8663012718,-1.5486292542746443,2.611135766242187,-21.842081699952058,2.251295685780931,4.217265673924037,-6.134332856272809,-4.882543516128352,-13.301802637840808,47.2620412568594,59.522562170771856,0.022992068294331213,-0.26262246888924284,1.3941314177817326,1.5661612838245602,6.076817486107347,8.370343442344241,-1.7606277441747622,34.35007195646239,7.340654059636113,-2.421231305547939
decay,674922.5201464857,257022.08718408475,3185137.8094715285,838732.7545689557,-0.9521173502663948,4.790620384735294,-41.876146798978304,4.169509312255551,5.981732030828393,-8.79303762425298,-43.0392335733857,-21.45194604351275,125.15624531968167,54.427856355040795,-0.02608910093532652,-1.6447166664101025,3.172266269630763,0.06726978755904903,13.233067207982911,0.3348430373997806,1.0290372732712714,99.1005649306133,8.239196339332285,-24.25886703032132
