,Az,Ae,Kz,Ke,Cz,Ca,Ck,Ce,BAz,BAe,BKz,BKe,BΦZ,BΦE,Gz,Ge,∂Az/∂t (finite diff.),∂Ae/∂t (finite diff.),∂Kz/∂t (finite diff.),∂Ke/∂t (finite diff.),RGz,RKz,RGe,RKe
incipient,196276.24602931048,115472.32520817089,2304757.9221282066,313236.8718867334,-2.457595116789959,-0.07684497544183284,-1.261970455147757,-0.051612719835700815,-2.8302740179185037,0.5190359109682354,6.744592232664786,6.806481862170884,-49.78699680501488,15.213570022934059,-0.1790549312871418,-1.5225173264332539,1.8454413696017309,-0.5326516034818622,8.875200866564018,4.08850246526944,2.141275295288442,5.850174205836948,-1.0264552588439657,-3.9283371322135006
intensification,979973.5744049471,280966.43428657704,6352596.695713654,484694.7942605445,-0.9506167172914958,4.719768309017492,-13.933325898254346,8.829344169509476,12.289112715688612,-3.013525267323752,-53.040932415288175,3.3596682457385474,242.49993285750836,152.99362224922706,-1.5915389016446733,-0.05535848581301533,0.41345176600171885,-0.04491544731187812,4.685361749218785,-0.2813584974573503,-8.106509357960892,72.6102367800528,7.078185680503861,-26.403696810959726
mature,508158.76923099795,73549.99383731556,3181833.203089422,270390.86661557126,3.5804877976950014,0.6698936822173007,-5.726309947013189,1.4407613574341622,3.4869446642249873,-1.8081480605974614,10.463936410018624,-4.657755624747661,121.46053545081213,106.28503752740788,-5.335673366380924,-0.03591866917493746,-0.7892841607970347,0.06953914611229291,-24.612748798241622,0.6947180559371566,-0.025847345109720574,-32.93086305894206,2.6485548819266156,-1.814597623762534
decay,380270.7315017116,84775.31146011216,1911429.6309356974,220839.721636221,2.4305004040709037,0.2564986694034796,1.2629658909705874,1.3408874633011436,1.0045503830210585,-0.19706022163596867,-13.334272453031392,1.091922826280322,105.11865788837522,126.81317588941127,-1.1102375931472328,-1.2558567114797556,1.5613916836416237,-0.19196476577914073,2.0517639079056944,-0.8661867142119948,3.2438403740949484,11.692570065895593,1.0894842497544919,-2.0360311128228727
