,Az,Ae,Kz,Ke,Cz,Ca,Ck,Ce,BAz,BAe,BKz,BKe,BΦZ,BΦE,Gz,Ge,∂Az/∂t (finite diff.),∂Ae/∂t (finite diff.),∂Kz/∂t (finite diff.),∂Ke/∂t (finite diff.),RGz,RKz,RGe,RKe
incipient,1511037.607205264,116878.19896400579,4903041.448294248,282309.0295455684,1.7316541665794998,2.7559102410513825,-6.479677317731804,2.347194215307204,27.835090875437544,-9.07282246735263,5.497109509629404,-2.8079002779047983,45.79671877342516,-36.95184740267396,-3.949635347051548,-1.0607308626837018,-3.728043644283712,1.741202020559759,3.2876092229769207,-1.7700569498300582,-27.075570112090375,2.5385228644998223,10.40530846216821,-7.789028204964269
intensification,713352.2208113769,365777.1035723226,4809459.092312938,442921.9082166561,-7.824856147932337,2.9919269747085995,-1.2620200467765796,11.25815563371872,0.7247219411871684,5.173545868262777,-27.4802308604266,-0.8257785287282515,284.92084924094394,245.01309142096474,-1.683207033097634,1.1837281456908613,-7.399379111009907,1.0380119782584663,3.021761656879755,1.08429986560009,-12.957030225420814,39.58886871201528,4.130694769005809,-10.610097286166958
mature,708375.7811474509,187838.0361510897,4955611.183358004,293332.1728357508,-17.307211769735744,0.42136967298212336,-7.5881920632013165,6.5476063543673515,-21.214421766378937,5.459544224683649,27.19929106431328,-7.703943893300262,421.02158417436885,260.52392250545097,-1.8781682547893586,-0.22702412840666536,10.554307132172996,-4.225899279759729,-19.48277247628444,-4.7301136979044145,14.882886801798316,-21.786659707660657,-3.559206823058149,-11.16196822217282
decay,1273000.417031136,49559.767950843074,3505355.3942926363,125876.40874971132,4.359530265181322,-0.07107647220772673,0.8411083874476821,0.6668392665530251,-0.37618799890028426,0.6343302075582531,21.36611634194049,3.396929539218855,-12.815425865556382,-105.30561199853261,-0.13585012667147858,0.11390315198513887,5.802757213621675,-0.20932759965608438,-11.10227062334452,-0.15101916261461384,10.467399005495555,-37.669025617914016,-0.1057420684535858,-3.3736795809388114
