,Az,Ae,Kz,Ke,Cz,Ca,Ck,Ce,BAz,BAe,BKz,BKe,BΦZ,BΦE,Gz,Ge,∂Az/∂t (finite diff.),∂Ae/∂t (finite diff.),∂Kz/∂t (finite diff.),∂Ke/∂t (finite diff.),RGz,RKz,RGe,RKe
incipient,1691256.464832706,360958.1963466127,7522994.627248527,395503.7456612869,2.2843637736239946,0.9654009837664062,-3.449278080401558,9.684734070206645,-3.8590814791334207,19.81031344465751,-85.92237294062713,3.8023296252223013,453.40602175686115,334.3911919289461,-2.964717657043391,-0.02844717428322263,-5.950041487554836,-4.152526566299286,23.79228355916387,1.3417885601507988,1.1588047489689854,110.87957080656858,-15.243506924516556,-15.594553215679706
intensification,1376882.5418369507,399263.4314470695,8488538.186801307,643328.3212379277,-9.804641472386022,1.3668234840556133,-14.676027996557197,14.446090652950652,-21.34833914135572,13.616301967136032,-50.8832335263148,-12.764525481997868,553.0052842752681,346.8404107948045,4.384770687335329,3.3595205766371734,-3.9886337163961585,-0.7641942557679051,-3.013105802329474,0.4849041933164803,8.921887436629147,72.35079719292854,-1.301229054008899,-15.872688974193501
mature,977652.7977982338,133173.4207103554,7463591.407972358,362674.97112201643,-7.509369693673456,-0.5628051019720783,-10.017564300119206,5.473208579644546,-19.844983159958268,3.098855952671607,-33.66347173617401,5.447424571979317,278.12889099207774,74.69906145518377,0.11845333439907144,-0.17008261086101206,-1.4203068415445443,-3.2853975579371055,-9.402040652000494,-5.0262670983521796,10.352501522768186,41.788365077966176,-0.34823982899208755,-25.964464550095247
decay,854838.2509024898,71066.52790159131,6408840.939622275,193878.68181788002,-1.6820840976608775,0.6647913168998429,-5.190302378700591,2.1664070015876633,-13.79175649329724,0.18071288552065687,-61.396661500575455,2.1013024824431596,63.7172897942956,-38.48223014779823,-0.718097643451712,-0.06293430002196783,-3.181359046018289,0.3635514077716247,-18.063659699138444,0.06981893784075281,9.593104666517915,50.205388277798484,1.6844542069387887,-9.388192924890662
