,Az,Ae,Kz,Ke,Cz,Ca,Ck,Ce,BAz,BAe,BKz,BKe,BΦZ,BΦE,Gz,Ge,∂Az/∂t (finite diff.),∂Ae/∂t (finite diff.),∂Kz/∂t (finite diff.),∂Ke/∂t (finite diff.),RGz,RKz,RGe,RKe
incipient,811690.984039816,354408.31298246013,3364544.7906856523,316066.68253472954,-8.600861783679745,0.05932220371783936,-2.1440952172679077,9.115439304115414,-4.7084347082995635,6.937029133821044,6.64569236522833,-10.609686833946393,161.21589611601536,148.76352049811618,-6.293100944147916,4.931474459323999,-3.2550778247126653,-0.9889709771603619,-12.826813802374422,-0.7995690797948212,-7.088182696375009,-8.7275491666551,1.1301169894161707,-1.4494167672317513
intensification,918630.2395964616,151204.39688205658,4222106.773065556,555067.4629794774,-0.9843072634995215,0.7274336642533874,-4.954782250053425,2.4481102797455887,1.146510731637525,2.6897025503615017,8.44476407466812,6.9518294202965505,-98.80383598173573,-181.75814140969734,-0.8384795117615883,1.5509890738800935,-1.24042765756651,0.8263598495015485,4.630428961298066,2.1024388191065264,-2.6438119884501683,2.124754400182892,-0.14266608536775174,-12.252283130989039
mature,352583.289443637,458563.80293784646,4355848.726876871,747468.8017438761,-1.0476398323089848,2.5911291700861248,-9.695056316312433,11.218498146462757,-7.584179105035507,3.556538491239248,-51.581227536334104,4.000622764743867,354.0631759103049,347.87102842988133,1.0116576687452847,5.546441445329876,-0.12165370240151845,-2.167823740761765,4.731575348337884,0.28800792582685564,9.006014740411127,67.0554990332934,2.90300674437562,-24.626169301692205
decay,507408.56292311434,147070.5470054451,3254902.6878927643,561868.0995406135,1.9201776401327495,1.2674894591292796,-23.34311840025181,4.189850543250935,6.238915792997992,-1.5115307505450277,-42.4819722314739,-12.968994174197258,364.0854972274587,317.5465980643079,-2.5373327601220663,1.907345707012302,0.07931260093684646,-0.10238906149948851,-11.58842525779742,-0.6669485173015199,-2.971936092799117,52.316487733795526,4.331502773167196,-15.230923286607007
