,Az,Ae,Kz,Ke,Cz,Ca,Ck,Ce,BAz,BAe,BKz,BKe,BΦZ,BΦE,Gz,Ge,∂Az/∂t (finite diff.),∂Ae/∂t (finite diff.),∂Kz/∂t (finite diff.),∂Ke/∂t (finite diff.),RGz,RKz,RGe,RKe
intensification,1422988.6504652959,60230.56582566197,3755529.1300667026,225022.88053041123,20.21867571852907,0.02646623922409047,-7.184148506428143,0.9075015769843845,16.918948337793235,0.31846308870483053,-71.08728218080208,-3.4136396172497827,-52.33436268010223,-110.0527552498625,4.506399697330586,0.8963387116275436,-1.0692621016005674,0.09998987465844267,-0.5015086058217301,0.2598899401452177,2.256931518359352,57.55124636287944,0.6625621237139059,-4.418120526017528
