,Az,Ae,Kz,Ke,Cz,Ca,Ck,Ce,BAz,BAe,BKz,BKe,BΦZ,BΦE,Gz,Ge,∂Az/∂t (finite diff.),∂Ae/∂t (finite diff.),∂Kz/∂t (finite diff.),∂Ke/∂t (finite diff.),RGz,RKz,RGe,RKe
intensification,685942.6483503318,240344.3073999233,4691994.579810676,354512.8569056329,4.672029261969673,2.0670900999243007,-8.833558001225537,5.109010630263263,9.68813210702941,6.734208821633796,-66.20482144527386,-2.15964683550533,354.87893796237637,298.956634131529,0.7758512516740064,-0.49942396280920187,2.873413696862913,1.7329651305390488,16.191859664345824,4.827736827091129,-0.0755990482725238,86.55820984887555,-1.9593231607557848,-6.955184968892342
decay,901836.0292417868,305612.26593518676,4752543.417355492,506541.5323830783,14.922010523277521,2.688930989123424,-11.786446557108276,9.059354744105486,18.247317215678404,5.700969860080068,-109.06081532485966,-7.141606589249707,360.39633047827255,326.9895376015308,4.613487591314424,3.8349719236678967,2.6457691746762535,2.850714303587083,-19.412530920203924,1.3635896190209476,2.009393471398795,86.51272043848648,3.520168198489077,-12.340605092943107
