,Az,Ae,Kz,Ke,Cz,Ca,Ck,Ce,BAz,BAe,BKz,BKe,BΦZ,BΦE,Gz,Ge,∂Az/∂t (finite diff.),∂Ae/∂t (finite diff.),∂Kz/∂t (finite diff.),∂Ke/∂t (finite diff.),RGz,RKz,RGe,RKe
intensification,235352.35016823452,79309.89368028719,2656481.4683658625,122821.59084170377,-0.7444248064086144,0.4948520393152937,1.018602314867307,0.6205193028508847,2.301821685044215,-1.233986089396553,12.651340460819988,2.1545465502797785,82.16944690274971,75.73100235611612,-0.009228138539187766,-0.8918963892832656,0.6535377417585889,-0.49772677654375047,-3.281967615827115,0.6496117849910789,-1.8978567103789465,-16.207485585105797,0.8619265763883934,-1.106851753272277
decay,339620.9535060673,69205.44508110636,3006536.4806235475,150734.58758553045,-0.9871374370878867,0.4775718949743794,-0.19311704888635456,1.6774649685822414,5.332654903758886,-1.3277022360653317,11.13429272349151,2.6646083133413403,48.67641770834243,81.64500428366742,-0.2295292549620822,0.6756688541850732,1.2701791172563277,0.1563380579295036,8.315414385074806,0.4531432106927042,-4.5720413286160655,-1.6386238524424654,2.6839333676026973,-4.082047120117232
