,Az,Ae,Kz,Ke,Cz,Ca,Ck,Ce,BAz,BAe,BKz,BKe,BΦZ,BΦE,Gz,Ge,∂Az/∂t (finite diff.),∂Ae/∂t (finite diff.),∂Kz/∂t (finite diff.),∂Ke/∂t (finite diff.),RGz,RKz,RGe,RKe
incipient,1137011.8920536735,148938.10031759558,3298362.89690462,282862.11005595967,3.963964175044864,1.534252882421468,-2.481966523461002,-2.9233422445489934,1.9965921929304171,-2.480018677130792,29.231467944631504,4.4565097438152685,-227.0354771799413,-302.73539084221795,-4.479204090281767,-9.918068779701926,-7.348377265109598,-1.930502849428736,-39.83272497108741,2.498338257288178,-3.846752400573684,-70.54619056730277,-3.9080792992684055,-1.516795765439099
intensification,570239.0512799728,264775.10126803676,2662496.370614093,555783.8316349284,-1.825083223162816,3.287461362902115,-5.893316877444345,9.150582428197206,5.216050878811375,2.481201183271036,-11.264857429293803,14.642181090318871,121.84418334679954,92.23952140409433,-2.31104534967744,2.078328458725417,-8.404628425104415,1.2624514038867498,-4.747543877466328,3.3853223049880157,-12.158301164176489,14.23571365243464,4.644371285910805,-26.3007580909724
mature,214175.59192284182,170215.32697325211,2219092.22077196,554385.8680376684,2.3731773584181073,0.5472300756627051,-5.879247077228844,2.8218483521576774,4.014386295430043,-2.016707428000681,-15.512459219420649,4.638407639772447,168.251452518771,171.25500456762745,1.294017346237021,-0.08031982754340063,1.2240684160103994,-4.582358385531705,-18.811408658291086,-4.2813947153198715,0.13008955466116934,0.20712027994030002,-0.2910326810360529,-17.620897784478842
decay,187393.34889814098,57322.45369085933,1938300.7021150906,338613.70486648503,0.537729983927896,0.13814062944950795,-9.85490862181227,-0.08766680496613721,-0.28004115169926347,0.4358973554891063,-23.89979558066549,-6.2511576482414775,100.05066944158146,62.6190297380876,0.07748522536544421,0.18117672159765472,0.834795587417822,-0.039218649019062975,6.8911085177514275,-1.468607694330604,1.79070735249449,40.10808273630129,-0.7009234389238145,-4.984691862935257
