,Az,Ae,Kz,Ke,Cz,Ca,Ck,Ce,BAz,BAe,BKz,BKe,BΦZ,BΦE,Gz,Ge,∂Az/∂t (finite diff.),∂Ae/∂t (finite diff.),∂Kz/∂t (finite diff.),∂Ke/∂t (finite diff.),RGz,RKz,RGe,RKe
intensification,528237.1865128801,217878.26316710675,4350786.65349204,330045.6059098361,0.3086130949567622,-0.5287355189707439,4.547923342812311,0.5391574704693705,2.570764466906729,3.851568909537913,30.141945603673754,8.2296043307725,40.131633017597395,3.185465109585672,0.5469702490284922,-0.34998202672498413,0.4857998917757611,-0.09068737669048957,0.6174534789127053,1.2766008840381013,-2.305086999144949,-34.38102856253012,-2.874363296788287,-2.9442375743914564
residual,807348.776595737,192220.3516798175,3202279.3969733976,531716.1857613104,9.441484497309979,-1.933228397849317,-8.613568513527225,-5.621848206517221,-9.07887353683685,9.721761394774397,4.149954534573136,3.9452502913491734,-82.912418982911,-170.19616266413803,1.1040623315673705,0.8599529972707164,1.9107579782367026,-2.0698662621788495,-9.777758666888536,1.465809414436437,18.497887614534214,-14.755629185244425,-15.480247465621149,-5.47116118392274
