,Az,Ae,Kz,Ke,Cz,Ca,Ck,Ce,BAz,BAe,BKz,BKe,BΦZ,BΦE,Gz,Ge,∂Az/∂t (finite diff.),∂Ae/∂t (finite diff.),∂Kz/∂t (finite diff.),∂Ke/∂t (finite diff.),RGz,RKz,RGe,RKe
incipient,1328364.3125478814,73046.61401992726,3726203.595251005,149964.23809164634,-14.147956974570588,0.00975412666034183,-1.7293151901862585,0.29416239307214076,-4.127555607197423,0.0038291491877806374,8.68607763139246,2.2688779791742477,28.821221059419077,37.339065058343756,-7.224008067123489,-0.3420748453354315,0.5094361590599944,-0.03446215743357759,9.915070551283145,-0.15695926164950416,-9.501211081652826,17.106265084647532,0.24611695979044065,-4.44931482408215
intensification,1370947.3359385296,122346.18427815396,4204726.527459137,235532.69472064433,-0.9000169370307988,1.9393841947640231,-7.527573622905674,3.92033738544427,13.733417198784961,0.8517073748232505,-34.30217253607711,5.504818397647065,7.53088850917129,-82.55219935144773,-2.4252470185907025,-0.513026323111679,-2.4970615429304344,2.220741961584938,7.600700951624301,3.726079436103123,-15.191111483982171,50.33046404763788,3.3499877774419344,-13.226649969893886
mature,811005.9878686718,368514.05745405605,4784295.548844045,677338.1242137811,-3.697613724407381,5.468953912321708,-23.27182901218806,14.485823284707685,8.672091360462675,2.1276977208814416,-24.067993154041535,-4.63757437147803,147.2588736760555,-12.476668283877515,-3.2392818832717047,2.6696927114295845,-12.878117189122383,1.7832927810515091,-12.445676947541054,6.604643384359233,-19.778868361670728,38.591758943095925,8.672464432556042,-26.515434541058482
decay,405100.74795855745,368672.9589303465,3898418.5084092156,829390.3884214353,-2.3667758174666123,4.461071215259532,-20.841289853239427,11.03729049606799,5.965304656370704,-3.1566392906033207,-53.26348839770395,-9.660761437924618,326.5748845471496,155.40508763506293,-1.1940890260461163,3.7666042003351587,-4.5612960248141405,-1.0138638495111607,-18.387135005759564,-1.945089418153587,-8.432305283391925,58.084419062650426,8.718994721900621,-24.16290832953639
