,Az,Ae,Kz,Ke,Cz,Ca,Ck,Ce,BAz,BAe,BKz,BKe,BΦZ,BΦE,Gz,Ge,∂Az/∂t (finite diff.),∂Ae/∂t (finite diff.),∂Kz/∂t (finite diff.),∂Ke/∂t (finite diff.),RGz,RKz,RGe,RKe
incipient,329576.7731271967,138298.85827310887,2439561.44510781,182399.49535704934,1.0647587473814248,0.24592766466211574,0.819139814360906,3.4686987531979043,8.026796893796723,2.8703406177347075,-51.698668766691824,0.9337165705714364,117.40483906494478,126.2671798690285,-1.5644541283284412,-0.5141941768851208,4.646191103810804,1.1976220069491017,7.702497797001696,1.295147467767531,-2.0699193779423806,57.51726800195119,1.5500524777501827,-2.2881280416409036
intensification,472344.00510620436,161999.95707324002,2626630.317196421,309978.96071743546,-0.5775573203505137,1.5664023548613661,-4.302115933820539,2.518052578620866,4.698785678496613,-6.026575420179283,-47.09041162682222,15.232626970661258,130.76847819976388,144.97923443681523,-0.9792568830523727,0.3028537996333499,-0.8159974069207878,-0.24934919319631402,-1.2309689937218296,1.1258838350502887,-4.525938050906548,50.73911588727144,6.728876450742467,-20.926911648052375
mature,136480.70350848298,49757.551320162245,1347013.1431838672,286370.51337263494,0.07282713935575698,0.17666148692585404,0.690041505504512,0.5554039656693365,0.984830124937348,-2.762170727324141,1.4505733722371528,-1.3916491484587348,28.17258432499054,22.634817290755002,-0.6542986425312822,0.6271052686732991,1.2693032008440623,-0.8152313828530627,-10.355970975592415,-3.690616120508881,0.533961702188325,-12.569412992689838,2.3256818232145617,-2.1643294322149704
decay,212231.60405460227,57745.297550029594,1663078.4288404533,124604.31636677746,0.9948129337933435,-0.22951350414304586,2.684187278067021,-0.2181876025242373,-0.9607269574659608,3.3157654364519895,8.131604058987369,1.9846550237064107,-104.00837818362452,-92.5728823164216,0.4243707198898374,-0.22055294254994706,0.23494899892628304,0.8192078254315668,8.91514324456621,0.27722322277770334,1.9609753860425416,-2.8954610262815237,-2.4852317094016145,1.1949430796625506
