,Az,Ae,Kz,Ke,Cz,Ca,Ck,Ce,BAz,BAe,BKz,BKe,BΦZ,BΦE,Gz,Ge,∂Az/∂t (finite diff.),∂Ae/∂t (finite diff.),∂Kz/∂t (finite diff.),∂Ke/∂t (finite diff.),RGz,RKz,RGe,RKe
incipient,456893.05994105706,485806.25003858085,5834866.623650118,362852.48115288536,7.72911130289277,-1.37693367301544,-2.301245298360521,-16.174800090141257,-17.078257557984404,18.14339574888893,-40.39675689550944,-2.235155246988004,466.019399749149,397.2859809036182,6.281091935941058,-21.00607184400075,22.00677849721037,-17.29012097440774,4.290257354212356,-6.002386162621702,45.4372136850721,39.25914824518955,-50.231383140422494,10.106323876147036
intensification,435743.06179314334,240519.1703067356,4943370.731925429,341770.5113224165,-1.5427826179448008,0.47380530131788107,-0.6263837755715055,6.8494869506618095,-15.681531530196176,9.75437107627085,-22.88198338601304,-0.6871280095540135,382.2875706767751,442.5186290681209,-0.12002775322469514,-0.47435136274065265,-2.0452616075060557,-3.030374554632447,-19.597033976118663,-1.106875542424617,12.567292606063202,5.454115803410684,-6.409063981559369,-7.895618259103919
mature,443707.4409421133,67752.00852460085,3708017.2571787513,184469.72722147973,1.52338718336466,-0.7414602058654167,1.1921287140057772,0.6948236607144322,1.3065102189892965,1.3415506804193815,50.54513407404307,-0.6577454306031965,227.52948500491004,158.94146504028976,-1.1715951742933386,0.926332628078972,3.186483710974378,-0.8781710091385073,-10.226476145946283,-1.5200089097245892,2.6619004694843245,-63.487126117359786,-0.7834378229780397,-0.364958425830048
decay,418918.17371400486,108265.56155246268,2021847.534102504,150350.3079672365,2.6863787660487484,0.7557267802988754,-3.306883644095264,2.021392743156641,0.36284899961253675,-0.08304341916423823,-4.698375957194674,-3.6242048404938076,177.69361458684924,113.37461616174289,0.7513088052458925,-0.027725546224865203,-1.5920911891788676,-0.2004259299710683,-11.56692526806012,-0.37975440629404816,1.4871653575562198,-6.2480444328189275,1.1482834520509362,-2.0838259530521466
