,Az,Ae,Kz,Ke,Cz,Ca,Ck,Ce,BAz,BAe,BKz,BKe,BΦZ,BΦE,Gz,Ge,∂Az/∂t (finite diff.),∂Ae/∂t (finite diff.),∂Kz/∂t (finite diff.),∂Ke/∂t (finite diff.),RGz,RKz,RGe,RKe
incipient,507685.7213469163,287320.33847717266,2976409.3137393147,252377.1640464081,2.401451809780002,0.6700937851393985,-2.5820651608867267,5.548530266329713,-3.160499122369969,9.965722956308088,-12.683843920848233,-7.8211764426702555,153.71114187017042,139.8162427373935,1.4453649430746105,-1.402488209625151,0.15025798157478643,-4.17513943806424,-4.150239196439028,1.1126369607367939,6.382302698864156,8.71421807551593,-9.262425913182014,0.8032179761906106
intensification,214061.65726980372,199038.66200193527,1573820.216391716,310566.67847365787,-0.8803775178930947,0.7341882773096302,-7.757404872249925,2.134184611316277,0.12582182798726077,-1.5996565664663267,-6.012671448121572,-5.818441635130994,83.10697923688868,57.996613720469036,-0.6761885171197936,0.816289668732242,-1.9956391454618674,-1.0685058825034905,-9.812578436387286,1.3313684031486839,-2.267650214032592,4.837875401877303,1.9311470179694832,-2.7417794452865247
mature,253503.40953590418,136682.13479590364,1626227.3324629166,335033.0946684731,-1.2391712252728047,1.1630910185589018,-9.594690193363347,1.3961262283379496,1.389505394057375,-2.3206251541958687,-23.891853789007193,-12.04432794403731,94.41636160093637,89.50488589896972,-0.332896263197754,-0.7361391776314373,4.8649397696613494,0.11908510978693143,3.378677363472762,-2.6993073067394295,3.3993541688900724,38.10439257111611,2.6727454737618475,-1.645795784403417
decay,436489.89802478446,215849.57158827194,1493167.625355603,370334.1137750136,1.2396242682218217,1.4547410660500626,-8.26652615553228,3.037720630066466,4.148662512426229,-2.0418008282242703,-14.55081534615215,-8.204652727733425,34.12012869920306,24.463350739956542,-0.47876140235054265,1.092286653142358,-0.8867048489777871,-0.08363873780115602,1.891116810086911,-0.5621491339068145,-2.3410020271321335,23.468834043549517,3.541141654439518,-3.661743191772136
