,Az,Ae,Kz,Ke,Cz,Ca,Ck,Ce,BAz,BAe,BKz,BKe,BΦZ,BΦE,Gz,Ge,∂Az/∂t (finite diff.),∂Ae/∂t (finite diff.),∂Kz/∂t (finite diff.),∂Ke/∂t (finite diff.),RGz,RKz,RGe,RKe
incipient,610025.2603136464,75457.71036609268,3096843.6404581177,190373.99801991627,8.483153389474703,0.05475738051729068,-1.0755749027248738,2.169976770443318,3.780473879916111,1.2293344008715752,-28.631449886351522,-0.8069590423868189,89.39719395857846,44.801453478835434,6.531434365106957,0.8530610015937568,1.981788892405695,-0.17937349856710727,9.854641440219446,0.35514880325704823,6.7392257824815776,31.078512839821144,0.706511490487345,-2.083443827524325
intensification,624297.0427373099,84546.46650338823,3557120.863499189,247542.1809798272,6.279410332096777,0.20371053305430528,-2.4940751295167076,2.8432921835892766,-1.7122480196101773,1.1354315683396659,-33.453332398511215,-1.6517868328680414,67.27670014992167,8.19031158770158,4.827997752621815,1.4391432015463888,-1.1059713475428976,0.15680829954718686,-0.42929934997483826,0.062333566141737094,7.089397537218363,29.238697845956306,1.6609583817424918,-3.6232469140962054
mature,579070.3129472062,69980.51139417775,3388755.9947283654,208803.13082660604,4.269138436325767,0.5875471711931297,-2.6130473361633175,3.8673429537707826,1.3725489548837435,-1.2450133831534609,-20.02302033316521,-0.900188162707921,74.68028120625131,59.73447912506583,1.9364546797331348,1.9960106839568557,-0.7174747245242287,-0.7285260289257943,-3.4807959112875237,-1.1988188372046737,2.7666619281109246,14.886133321715235,3.7962831368053194,-6.7790209644308534
decay,513347.8979813914,48982.22205187188,2973648.210995132,143311.06245017817,6.325787782148372,0.34619807011812237,-1.014163509332056,1.1477450979391912,1.087384603942456,-0.5994013137801653,-1.7356341056262474,-0.059793717910454625,7.902332456579776,12.915073261198527,1.523773573317776,0.5484519266893707,-1.8174474982203301,-0.063651722653076,-9.67410904119956,-0.8589993888200576,3.767153750103708,-13.250099208389626,1.337296618948158,-2.9611142781808497
