,Az,Ae,Kz,Ke,Cz,Ca,Ck,Ce,BAz,BAe,BKz,BKe,BΦZ,BΦE,Gz,Ge,∂Az/∂t (finite diff.),∂Ae/∂t (finite diff.),∂Kz/∂t (finite diff.),∂Ke/∂t (finite diff.),RGz,RKz,RGe,RKe
incipient,489915.0029839006,88208.36464021291,1519016.7210212736,250249.38592369438,11.653086223098612,0.548447074937376,-4.619777192191128,6.167064809230821,4.009340120281791,-0.23932408943281866,-13.172825611378547,-2.003007794299624,5.437565477706852,11.60225741063709,12.09843586055737,2.8346147507014425,0.6019829914179085,1.7756672334985089,-3.5343437812665934,2.3423866200466046,8.794176169172106,2.60517279920447,7.633609057224772,-6.44144758707572
intensification,487217.0113542966,258918.19461564143,3010595.8685500342,479443.51412380894,-4.207792592855979,1.4897241686758034,-6.4501729142752895,10.329862161889979,1.001089777956907,5.035533071579374,-11.376535283826623,2.7976617588469694,171.68574170630873,158.20413009577112,-1.0440334699250553,5.560162249463083,-1.057549760601306,0.8678251454569027,6.457299686364468,5.007108563791024,-4.7767079627383895,28.491800477322354,4.672430067091706,-14.570588271221217
mature,160757.16842734814,238768.22031070586,2978553.3478559167,1747212.5515415077,-3.234742065619315,1.8461206851570413,-10.13878898964055,5.037543187519052,1.0434212538257595,-3.187932479115708,-47.45151670684819,4.83105718694424,282.2022243914906,230.57889688903228,-0.8484292286875453,-1.2047400950498282,-2.0220223794126317,-2.7233089392655487,3.8519361877309164,-0.9551310295671598,-4.454065013700664,64.67698394983897,3.6560460422121692,-20.962520393671
decay,128431.51704848815,100053.00932158936,3046342.7797325393,752741.6976018122,-1.9911055408035176,0.8785192159042133,-5.487529926744731,1.3883700043212122,0.32174294156510136,-1.9465363730610998,-43.23055088272133,-9.718795801347508,256.5677811196106,198.07394393550945,0.26122274253820615,0.31491874053480046,-0.5655475530181164,-1.339781883252799,-13.047189698428896,-10.183557686967205,-1.9998768194825218,37.66199665184068,1.1166052782252998,-7.34066181668564
