,Az,Ae,Kz,Ke,Cz,Ca,Ck,Ce,BAz,BAe,BKz,BKe,BΦZ,BΦE,Gz,Ge,∂Az/∂t (finite diff.),∂Ae/∂t (finite diff.),∂Kz/∂t (finite diff.),∂Ke/∂t (finite diff.),RGz,RKz,RGe,RKe
incipient,372617.5403154759,110389.1287733046,3178302.6585230264,199849.4941265759,-4.270946657397096,0.1413585858557979,0.6661138301745787,1.7357798810638685,1.498412055774394,1.7340097942751385,28.548227791286934,-2.483502475226237,127.6046045452913,142.57087388783674,-4.389960565383112,-6.434329338073304,2.303817762585817,0.0652581569206692,24.49391634563769,-0.1030179229833824,-3.324182364729875,-0.4494786184267241,-0.0743303421463987,1.3108185013535647
intensification,423328.2732960149,131731.27761675944,3663150.1924114376,179248.7390602564,-2.729129771886432,0.6829136694388781,-1.110225961016835,2.1153154444925493,2.001196935303446,1.69162215417116,6.1127938572196525,0.9216616010359084,225.36497933495295,223.2069775658721,-1.2234150564542,-0.024441148041995247,1.0823761064652293,0.31843067729731866,8.110271944872666,-0.6913480713547054,-2.965036931285771,5.836833820556279,0.0592102981798294,-4.838551077899997
mature,474377.9586783729,122578.15328537938,3919872.018974419,151915.33121792067,-1.500781247283574,0.804525402568057,-3.7553599663796824,3.1439145323721185,3.286923671218368,-0.33833198613837684,-13.571382096956157,-1.7378727783664751,279.61426296047244,247.8533877184452,-1.3531442256109367,0.3278849558954808,2.165314622888551,-0.8058791849200507,5.35956567039309,-0.530684017261233,-1.8178648930453334,24.187088981012508,1.8718419310223873,-5.692085737646559
decay,475804.0071224943,90204.90339285255,4118683.2403003145,109088.09704518082,-0.35518586711662176,0.3914366429436099,-1.5077277034043726,0.9362794669811851,6.485271217773238,-2.7172008059458523,-3.4994983296949136,-0.8651629450521874,157.98432517649306,101.00616390100356,-1.6881899744142557,1.16592913360853,-3.4829130356241014,0.36168672682097935,-7.57168106916533,0.24495863158874476,-9.931933477570352,-2.209269168949419,3.623730356804406,-1.333885593744625
