,Az,Ae,Kz,Ke,Cz,Ca,Ck,Ce,BAz,BAe,BKz,BKe,BΦZ,BΦE,Gz,Ge,∂Az/∂t (finite diff.),∂Ae/∂t (finite diff.),∂Kz/∂t (finite diff.),∂Ke/∂t (finite diff.),RGz,RKz,RGe,RKe
incipient,458427.93548914714,109018.48995548656,2861613.108800314,413149.4901905408,-1.727567741368523,-0.8646215881735015,11.169383189196402,4.433717435765272,2.526463698129205,2.8805108647696356,-10.687802422729433,2.992639070903837,78.78738808088966,88.85217945838741,-1.8387655560635199,0.7373594659080634,3.029008252675376,-0.5450925018927544,-5.7011422564625995,-1.3670088053899732,-2.089644774995854,-4.455155281561045,1.872735657276385,2.3760178771373193
intensification,628767.0277309126,120202.19696559796,3194081.821038948,285025.1807849865,1.0769743369965825,-0.7708276794056035,4.263570624932967,3.191257768471418,4.191213286423399,2.1856796632670323,-1.3029169059257377,-1.301493365061368,108.89097424728324,108.3434463906621,-1.7973706052027525,1.5873521280086198,2.801078637939147,0.11112618033596995,12.64686511716357,-2.68219933007806,-1.0839879908932741,8.609237061159757,1.887531964945959,-0.308393108555143
mature,709694.4475418164,118396.14312334685,3830728.7937929905,195382.49127219955,1.3595098196623314,-0.6718328414605454,3.5418932253467252,3.23246124023855,3.800921188960377,3.2547926225155384,7.769297184906833,1.6499283716580395,143.19054527039117,144.55300447061833,-0.6836734855839746,1.6684697524552623,3.185132757941834,0.04903587200090512,11.412237368711956,-1.5112282541601738,0.07188854718324245,-1.2584628612039352,0.698537331184462,-2.8517246407100383
decay,778246.802540563,109104.55751642308,4025566.0033597136,161747.28040030066,6.494506056833538,-0.7746564491215264,3.209655565621498,1.214006860786611,3.28683378555768,3.138066504054479,-6.982564051877869,0.39764627587132756,167.489923116113,178.5724938746605,3.3201299399853204,0.5821188583187134,2.1526143972880254,-0.2929331524444731,17.414954887168996,-1.1672212039799033,4.585630219442359,14.693357316591829,-1.4423363465908143,0.4307812249836558
residual,821569.5176517158,92163.40110959322,5124967.767101824,122452.05160273648,-0.9509571614104596,-0.3412272578729462,0.6128195914197033,2.217027412303408,-7.317902636999668,2.932672171618123,-6.606952264493872,0.16946429361996282,276.71740753500745,348.43447660263854,1.2219036540727055,1.3284854210840333,0.6285316810488897,-0.6479736996371088,22.988890952516037,0.4681312665103658,6.654249898765154,29.933980787000664,-1.0223912010788763,-1.3055408479933028
