,Az,Ae,Kz,Ke,Cz,Ca,Ck,Ce,BAz,BAe,BKz,BKe,BΦZ,BΦE,Gz,Ge,∂Az/∂t (finite diff.),∂Ae/∂t (finite diff.),∂Kz/∂t (finite diff.),∂Ke/∂t (finite diff.),RGz,RKz,RGe,RKe
incipient,1151924.8915124557,159057.52190386163,3563749.9025816466,215206.03872478008,-14.2352606484588,0.0028588547544334078,-1.1588129785539156,0.9502759281058123,-7.721465368742016,2.5402489030118067,41.40535789947032,3.308273229501373,-2.0753032601062134,-18.513371412478637,-3.9973003847392676,-4.2468434144490095,24.02062256629542,-4.001656921846643,17.487589619126677,-1.2916647788836746,17.509686141333066,-8.523694653330926,-5.594488751507072,-6.7090269150447766
decay,1040632.7778266226,46543.11653127629,4387728.985372222,117753.36982277423,3.5920840672021495,-0.0022800118803094007,-1.3736775951933975,0.12773834747403254,-2.353852143115475,0.14764222938064353,2.9811535065610424,-1.3118125421537241,-15.149975382190359,-46.25549369544417,-0.9178080649424009,0.39431433723077447,-6.133848017055553,-0.6156392758638289,6.9703155334656515,-1.1154602480133224,-0.1901918186182373,1.7707555548958587,-0.6332631458901304,-1.3050636485270284
