,Az,Ae,Kz,Ke,Cz,Ca,Ck,Ce,BAz,BAe,BKz,BKe,BΦZ,BΦE,Gz,Ge,∂Az/∂t (finite diff.),∂Ae/∂t (finite diff.),∂Kz/∂t (finite diff.),∂Ke/∂t (finite diff.),RGz,RKz,RGe,RKe
incipient,278176.902457884,75730.26557929564,2374707.3406732697,206345.93990268922,0.20452466878112885,-0.27218593187801404,-0.0309823071981795,0.7934505862202931,2.481474357660157,0.32556469375243574,22.722682431246994,-0.22015675256903114,-148.16339822251734,-124.53509458604798,0.8354762012705514,-0.7949348327462011,3.689421953734758,0.7316638385988056,13.692354721103436,-1.1228750112091304,1.1402863329777162,-9.203870071726508,1.471735662944677,-1.7271511520585716
intensification,381691.0744337733,73733.31766286849,2467713.3716263254,152889.07748119158,3.479955537425956,0.005949440116058799,-1.5128608781936388,1.541808313991363,4.36273722569988,-0.16722512941670584,4.469268506951065,-1.834006061518127,-114.94232563737869,-123.2314326879881,0.6374981959759408,0.5209997828829073,1.7870751303167216,-0.3288722849059504,-1.6520440052861503,-0.9603486698217004,0.9102428821588558,-8.088407171469532,1.3742117183860592,-2.1810118004885752
mature,459579.4023319471,52735.350576367404,2745884.268383268,142292.8368775456,6.003947287566325,-0.24853620957241673,-2.061953373031178,-0.43056002183548425,5.32517639068937,-0.02903066840849985,-6.237892937308896,-1.1528059900844707,-95.95988581557918,-124.00822415946226,0.5979296822309956,-0.2945713905188919,1.5249244258880545,-0.44311732170485657,17.811942855018593,0.6587574206703999,1.9551591131925932,20.107841877792346,-0.5961104655594243,0.1801700595591772
decay,453895.61565507314,57337.76628615838,2651919.834666464,127528.04322658545,3.9531438961400496,-0.0451917394037377,-2.079399193973759,0.2648575057486358,4.564491875935013,1.093206263838259,-8.157756965863257,-1.325087927420226,-50.970488346207134,-90.84174868096551,0.8885508191694523,0.8113524094396527,0.7273162357992492,0.6066292308715341,-4.434435574190451,-0.3626948573559082,0.07077651660054822,1.8495766895065138,-0.1765277878143513,-1.381863629658077
