,Az,Ae,Kz,Ke,Cz,Ca,Ck,Ce,BAz,BAe,BKz,BKe,BΦZ,BΦE,Gz,Ge,∂Az/∂t (finite diff.),∂Ae/∂t (finite diff.),∂Kz/∂t (finite diff.),∂Ke/∂t (finite diff.),RGz,RKz,RGe,RKe
incipient,585065.9466100713,80989.83196924644,4364479.035022025,220651.75688389267,-0.11919121417538317,-0.25130704223469735,0.9324860788492243,0.5200475425074711,6.115833117806679,1.674008671032064,75.7920338128842,6.02044313174435,-55.37618695446896,-0.6994972549918663,-0.13841059294663033,-0.545781180657549,-3.1530956486291553,0.07299361435611124,-13.610166820621382,1.0649852034147662,-9.639427022845917,-90.21549549817942,-0.8296604719337844,-4.543019391987832
intensification,681693.7546205347,310364.43603769847,2899920.6133466274,832453.7074586909,0.8519016980142804,2.885487552012975,-9.799799826049377,3.941978606432321,9.008684221960923,-0.6870878311639858,0.594223515874249,7.654011264957879,19.552489744525545,-7.191808116083892,-2.4609225878121217,-1.7325751785518004,0.5763430256309734,0.9470003591211944,-0.2947653272213109,1.4687163867673478,-4.694951946302696,8.058909284939546,2.690579244704528,-19.927073310672235
mature,469820.96143683215,462092.7957576064,3711865.965568909,1033132.0227954179,4.616183277953547,6.731911126754722,-39.135915684159556,9.028650459516253,23.96669871172023,-9.322570670655196,-34.693965190470976,-19.644943795205453,286.2376656734903,214.10999979296946,1.2471684864390646,-5.863665778562585,-1.1573601294319598,0.15548234230858243,14.461806006806574,-0.033870371069470995,-13.775964436443925,83.67550360348356,11.77479234572531,-28.553492719539825
decay,385492.3579458733,299207.2792401932,4093375.1106763035,570208.9983463461,0.7893638395400288,2.674049871112985,-20.62393156582819,5.5869737744726375,4.16795209054659,-3.6947525746097534,-60.40445020678031,-8.422956898505944,306.7226571773048,289.3893961697505,1.4378234974729531,0.29147275672521783,-0.5020015721112973,-3.294602043321736,-10.33507661144842,-5.159889094359494,-1.2065399520048743,69.90394132162007,3.3130744346476697,-22.947837536154374
residual,521909.4181643471,211696.4539030151,3437665.348713067,644678.3123483243,3.522049735976254,3.273492381875854,-19.525574006467256,7.498739578963882,9.77273473683375,-6.02015480237736,-33.914088121808966,-7.805081219465247,133.10124763183535,113.00187309264072,1.282707698662755,2.2813449906025887,1.3662446644902937,0.41864638837800944,3.882245212577492,1.411636349283955,-1.610947954491346,53.79985760487744,10.664048387843396,-17.80759601668194
