,Az,Ae,Kz,Ke,Cz,Ca,Ck,Ce,BAz,BAe,BKz,BKe,BΦZ,BΦE,Gz,Ge,∂Az/∂t (finite diff.),∂Ae/∂t (finite diff.),∂Kz/∂t (finite diff.),∂Ke/∂t (finite diff.),RGz,RKz,RGe,RKe
intensification,1421981.707209764,91277.5716890956,3348631.1239073267,162796.4897391574,4.308226867941686,0.26784152004135897,-2.5019265502114685,1.140678990355721,11.590969931431411,-0.46663418682407215,-7.2591630907098885,-2.4177271146583252,-68.28958808406561,-108.78750323663374,-2.950443574139965,0.27059549722148607,14.844027355469597,0.08424528213657013,15.547562921984426,0.23154947557064362,7.82912581202123,21.000425694964097,1.4237169392750046,-0.9933289503382208
decay,1620177.4160280174,72352.67485114117,5121795.576782109,189798.01385127264,10.88401580839219,0.6275538147793822,-2.773062034370717,2.058103671793481,25.15428606012105,-1.0950022441502085,-20.82018626804109,0.4187324899566725,-100.51142477509096,-174.41392222463728,0.9997913915472673,1.6348916115622412,-0.8690155690103573,-0.22312929024347938,26.450289633510714,0.9551671416897536,-14.511732005959832,39.15952212753033,2.302422810920828,-4.294731054431116
