,Az,Ae,Kz,Ke,Cz,Ca,Ck,Ce,BAz,BAe,BKz,BKe,BΦZ,BΦE,Gz,Ge,∂Az/∂t (finite diff.),∂Ae/∂t (finite diff.),∂Kz/∂t (finite diff.),∂Ke/∂t (finite diff.),RGz,RKz,RGe,RKe
incipient,772908.2573822638,184162.5367838274,3357712.494401328,246620.33672948746,-0.10980455864823344,-0.3710877336211173,0.17117260678507826,6.650787297025113,1.733773932519389,5.721423448996006,-1.8938294142307315,-1.3190182186662847,146.300992549061,160.1237821293348,-1.110993656600066,4.037743716950954,-1.045412736472674,-1.3717595014831636,14.476806612392696,1.7657972506295765,-3.260078961261413,16.309267978486584,-0.07130791983293897,-3.3947992209441744
intensification,1185418.4744827042,106723.58920077981,5751363.9274692545,414656.17077044345,-3.5512453064174254,0.9368924233361883,-3.3530397509070307,4.791547761205186,2.496822905196326,3.2876415929134346,24.541440692655357,-3.48147621068622,-65.74324831650677,-134.43544233883102,0.9961395339875746,1.6836642736472403,1.6831110730864316,-0.21371829086176053,16.037827539632964,2.8813122898477466,-3.428064715191134,-1.5993280956979368,0.3532954540938051,-1.7817990115782518
mature,722464.3457657576,125757.25175606534,5892924.183565559,1018281.1979372682,2.4478428540601196,-0.5921900861075875,27.293996370884752,0.15383328738836832,-3.5833786007700397,3.210916171495066,67.0744486795317,20.077769261175337,-298.51912072994844,-279.51032268526467,2.731013764557254,3.343603499352839,-9.758989021510926,0.6836058487714939,-29.48106371970538,4.2185994502018005,-4.319957652788356,-126.29735162418197,-1.781286949227617,11.280993272522842
decay,552197.6364538573,298617.55782195023,4510693.131968996,1015428.6900710186,-6.200338364390983,-5.604606796617377,41.66920501748806,-6.325305921357632,-23.09359417313316,22.071655764063422,32.07102525605937,32.602238634258015,-302.225285785621,-309.45520071587094,1.4083484384133795,-1.0409877564056993,0.8132082935140392,3.937851164344381,-8.419750765131417,0.184822061721577,12.101857305638838,-75.95964267428788,-18.854503724459295,15.57709436630925
